GC_spacer,GC_target,GC_target_5p_context,GC_target_PAM_distal,GC_target_PAM_proximal,GC_target_PAM,GC_target_3p_context,Tm_spacer,Tm_target,Tm_target_5p_context,Tm_target_PAM_distal,Tm_target_PAM_proximal,Tm_target_PAM,Tm_target_3p_context,MFE_spacer,MFE_sgRNA
1.655299976272274,1.2301708997425453,-0.10594933274632051,1.4339675403257983,0.4994379384655024,-1.8336157918007132,0.11266053886548553,1.9695292492333993,-1.5826259331264512,0.6163963410253902,1.0156273361906685,0.7019025592633957,2.351732570814029,0.05544604575783767,2.2705826957525663,5.84161760137174
1.655299976272274,1.2301708997425453,-0.10594933274632051,1.4339675403257983,0.4994379384655024,-1.8336157918007132,0.11266053886548553,1.9398121648531825,-1.6338974826481798,0.6264844352132329,1.0093345280114692,0.7019025592633957,2.3478963015879275,0.04687871457555258,2.2904399327722538,5.8417485208810795
1.6761888245304588,1.2903851871990177,-0.09488217703231391,1.42695456587227,0.45322559485900826,-1.8310910757191137,0.20383924225349018,1.8788551397461892,-1.7488217262388022,0.6485617958453346,1.0637965669512761,0.9864838041889462,2.236771093874808,0.13222766886897486,2.2578916215813214,5.892563502369782
1.5873758413730477,1.2301708997425453,-0.10594933274632051,1.4339675403257983,0.22716664961602465,-1.9668836877370837,0.11266053886548553,1.621300325021301,-1.7673251394204368,0.5719994601012584,-0.31382708050691316,0.5884159653909313,2.281537410201797,0.054517414327852835,2.1079808147689385,6.290712387084487
1.655299976272274,1.2301708997425453,-0.10594933274632051,1.4339675403257983,0.22716664961602465,-1.9141490519195206,0.11266053886548553,1.7715957177656572,-1.6591664950256144,0.6455195384042667,0.4424729563727775,0.7032926604698561,2.340506334377454,0.054517414327852835,2.1230571435873995,5.8262084670452685
1.6761888245304588,1.2903851871990177,-0.09488217703231391,1.42695456587227,0.45322559485900826,-1.8310910757191137,0.20383924225349018,1.8788551397461892,-1.7488217262388022,0.6485617958453346,1.0637965669512761,0.9864838041889462,2.236771093874808,0.13222766886897486,2.2578916215813214,5.892563502369782
1.655299976272274,1.289565636499374,-0.10594933274632051,1.42695456587227,0.4994725040220785,-1.8310910757191137,0.11765322588446425,1.8630862361876046,-1.8164538612817356,0.6357842433915437,0.9651809314819398,0.690398509724128,2.2384793214492964,0.04960178345190218,2.2806362266877067,5.898023416610757
1.6761888245304588,1.2903851871990177,-0.09488217703231391,1.467627199860225,0.45322559485900826,-1.8310910757191137,0.20383924225349018,1.9542558110499795,-1.7668016027956759,0.6542440838277218,1.0342016652355197,1.0108404837193086,2.2352791082700985,0.13113891542260914,2.261148693376157,5.895482348520884
1.655299976272274,1.2301708997425453,-0.10594933274632051,1.4339675403257983,0.22716664961602465,-1.9141490519195206,0.11266053886548553,1.7715957177656572,-1.6591664950256144,0.6455195384042667,0.4424729563727775,0.7032926604698561,2.340506334377454,0.054517414327852835,2.1230571435873995,5.8262084670452685
1.5873758413730477,1.2301708997425453,-0.10594933274632051,1.4339675403257983,0.22716664961602465,-1.9668836877370837,0.11266053886548553,1.6510174094015178,-1.714156820264044,0.5719994601012584,-0.31382708050691316,0.5884159653909313,2.2853736794278987,0.06308474551013799,2.1079808147689385,6.290581467575148
1.655299976272274,1.2301708997425453,-0.10594933274632051,1.4339675403257983,0.5033832646257405,-1.8336157918007132,0.11266053886548553,1.9398121648531825,-1.6591664950256144,0.6455195384042667,1.0455361222208108,0.7032926604698561,2.340506334377454,0.054517414327852835,2.262085960804949,5.8262084670452685
1.6761888245304588,1.2903851871990177,-0.09488217703231391,1.42695456587227,0.45322559485900826,-1.8310910757191137,0.20383924225349018,1.8788551397461892,-1.7488217262388022,0.6542440838277218,1.1047105496571719,1.0145714482465014,2.236771093874808,0.13113891542260914,2.2616632874200615,5.895518261185484
1.5873758413730477,1.2301708997425453,-0.10594933274632051,1.4339675403257983,0.22716664961602465,-1.9668836877370837,0.11266053886548553,1.6510174094015178,-1.714156820264044,0.5719994601012584,-0.31382708050691316,0.5884159653909313,2.2853736794278987,0.06308474551013799,2.1079808147689385,6.290581467575148
1.655299976272274,1.2301708997425453,-0.10594933274632051,1.4339675403257983,0.5033832646257405,-1.8336157918007132,0.11266053886548553,1.9398121648531825,-1.6591664950256144,0.6455195384042667,1.0455361222208108,0.7032926604698561,2.340506334377454,0.054517414327852835,2.262085960804949,5.8262084670452685
1.6761888245304588,1.2903851871990177,-0.09488217703231391,1.42695456587227,0.45322559485900826,-1.8310910757191137,0.20383924225349018,1.8788551397461892,-1.7488217262388022,0.6542440838277218,1.1047105496571719,1.0145714482465014,2.236771093874808,0.13113891542260914,2.2616632874200615,5.895518261185484
1.5873758413730477,1.2301708997425453,-0.10594933274632051,1.4339675403257983,0.22716664961602465,-1.9668836877370837,0.11266053886548553,1.6510174094015178,-1.714156820264044,0.5719994601012584,-0.31382708050691316,0.5884159653909313,2.2853736794278987,0.06308474551013799,2.1079808147689385,6.290581467575148
1.655299976272274,1.2301708997425453,-0.10594933274632051,1.4339675403257983,0.5033832646257405,-1.8336157918007132,0.11266053886548553,1.9398121648531825,-1.6591664950256144,0.6455195384042667,1.0455361222208108,0.7032926604698561,2.340506334377454,0.054517414327852835,2.262085960804949,5.8262084670452685
1.6761888245304588,1.2903851871990177,-0.09488217703231391,1.42695456587227,0.45322559485900826,-1.8310910757191137,0.20383924225349018,1.8788551397461892,-1.7488217262388022,0.6542440838277218,1.1047105496571719,1.0145714482465014,2.236771093874808,0.13113891542260914,2.2616632874200615,5.895518261185484
1.6761888245304588,1.2903851871990177,-0.09488217703231391,1.42695456587227,0.45322559485900826,-1.8310910757191137,0.20383924225349018,1.9452381323721732,-1.7668016027956759,0.6485617958453346,0.9866815570860744,1.0032550965613314,2.2352791082700985,0.13222766886897486,2.2578916215813214,5.892563502369782
1.669239166687459,1.2903851871990177,-0.09488217703231391,1.42695456587227,0.45322559485900826,-1.8310910757191137,0.20383924225349018,1.8788551397461892,-1.7488217262388022,0.6485617958453346,1.0647211863614572,0.9864838041889462,2.236771093874808,0.13222766886897486,2.2800728731752766,5.932663893504199
1.6761888245304588,1.290413777959212,-0.09488217703231391,1.467627199860225,0.45322559485900826,-1.8310910757191137,0.20383924225349018,1.9477087228530754,-1.9102715537615766,0.6542440838277218,1.0342016652355197,1.0108404837193086,2.2352791082700985,0.13113891542260914,2.2604785655780653,5.944725310357758
0.8764464646311378,1.2666955726179812,-0.09457524449951901,1.5238596721548012,-2.603497740078291,-1.7244331527603003,0.24330797869548187,1.3530428785404354,-1.5693534055571585,0.8612579426673697,1.446237745269901,1.0240364582402515,2.3010744806950107,0.29888668163572946,2.4545215688940103,5.912334417397228
1.6781069931287271,1.3071910385325094,-0.09488217703231391,1.42695456587227,0.34046389357395734,-1.8310910757191137,0.24038916581149017,1.8794243852005494,-1.7685769423544746,0.8099336462668602,1.2662296087265663,0.9779929526968815,2.2688979039129227,0.1398696661449551,2.4233001155265197,5.9062353380868435
1.6781069931287271,1.3071910385325094,-0.09488217703231391,1.42695456587227,0.40363269185932077,-1.8310910757191137,0.24038916581149017,1.8794243852005494,-1.7685769423544746,0.8107166346433071,1.2662296087265663,1.0792428106156848,2.3356513896973246,0.1644342371806912,2.4154540117958208,5.892796156362515
1.7229713884547107,1.2097756298063411,-0.09488217703231391,0.726779291646222,1.553102047205746,-1.8928415435374708,0.2127871570474092,2.5119731707350983,-1.9395507634618643,0.7755926010522017,0.389136733880431,-1.9460106774667296,2.15811620905404,0.017325408893535343,1.9384229373655528,5.780522543292896
1.7507281079655992,1.2097756298063411,-0.09488217703231391,0.7697387959651586,1.6076321289848696,-1.9111277305776284,0.2127871570474092,2.583067726937344,-1.8845331290190452,0.7847429750192628,0.4471776323154511,-0.57958281892056,2.1579724490766834,0.10161478569271247,1.905701807979288,5.811411587082236
1.5252110498293925,1.3124452339810793,-0.09457524449951901,1.4920052285911083,0.850555052945147,-1.8079482028638247,0.2608756067424199,1.867338421582024,-1.7588329563228828,0.8742638287995731,1.3073541792069474,1.5125279463712091,2.4854215372770603,0.18755789158245054,2.57465213976735,5.8915288404411035
1.7617481024793267,1.2097165457536438,-0.09488217703231391,0.8313825578927219,1.6247619041982047,-1.9111277305776284,0.2127871570474092,2.573592988489057,-1.8772159820174938,0.7847429750192628,0.4622083006284226,-0.23928464954527806,2.162161223347743,0.10161478569271247,1.7971457776174053,5.811411587082236
1.7507281079655992,1.2097756298063411,-0.09488217703231391,0.726779291646222,1.610724722851446,-1.8928415435374708,0.2127871570474092,2.479802353134799,-1.9395507634618643,0.7755926010522017,0.4471776323154511,-1.4791932253888578,2.1579724490766834,0.10161478569271247,1.9384229373655528,5.780713583888934
1.5252110498293925,1.3213865043485415,-0.09457524449951901,1.4920052285911083,0.8505559198030939,-1.8079482028638247,0.2608756067424199,1.867338421582024,-1.6769798312117055,0.818578455591588,1.3907501221094662,1.5275393949574387,2.5102952641494523,0.1858105439855103,2.578882610287326,5.866297127099292
1.7507281079655992,1.2097756298063411,-0.09488217703231391,0.7697387959651586,1.6076321289848696,-1.9111277305776284,0.2127871570474092,2.583067726937344,-1.8845331290190452,0.7847429750192628,0.4471776323154511,-0.57958281892056,2.1579724490766834,0.10161478569271247,1.905701807979288,5.811411587082236
0.7647511001866046,1.2872344485194778,-0.07794894215562964,1.6469035465837443,-2.4794449697228287,-1.7061362310173698,0.20505155298252953,1.2660475295268379,-1.1778430422413153,0.7827509763069065,1.9950966753469819,3.700696295126283,2.349105866032359,0.33172334087613764,2.556906165765026,5.730830325112773
0.7905894795185723,1.2673551950558708,-0.07794894215562964,1.621741204985562,-2.917955338812948,-1.726526175117318,0.20638714352455476,1.3242982184415408,-1.3562034970309744,0.7882835469787592,1.6867374176427106,1.9662302188072476,2.3036320506348544,0.2607656839015737,2.497674184954286,5.795338791864912
1.6781069931287271,1.3071910385325094,-0.09488217703231391,1.42695456587227,0.40363269185932077,-1.8310910757191137,0.24038916581149017,1.8794243852005494,-1.7685769423544746,0.8107166346433071,1.2662296087265663,1.0792428106156848,2.3356513896973246,0.1644342371806912,2.4154540117958208,5.892796156362515
2.076727923513243,1.192868116645867,-0.09488217703231391,0.564322333420258,1.9197690862132557,-1.9040043354017782,0.1720320203279082,2.5707815590655407,-2.098826716271266,0.7969673199673796,0.3530085418170765,-3.8649947741446224,2.147464088623457,0.009237613025894426,1.830567102332865,5.8351391371493895
0.885099684770567,1.2673551950558708,-0.07794894215562964,1.621741204985562,-2.9276796377723797,-1.726526175117318,0.24330797869548187,1.2901237581329117,-1.3488876326553498,0.7785358399749953,1.676686340686964,2.040349012532912,2.299757005702135,0.2521983527192886,2.497674184954286,5.795469711374252
0.8981858179210462,1.266868282005529,-0.07794894215562964,1.5238596721548012,-2.603497740078291,-1.7244331527603003,0.24330797869548187,1.332806459203486,-1.4219415750513011,0.8285187703368122,1.436463291154872,1.167044940211613,2.3009942593540873,0.3002457637671797,2.44745470183688,5.919390575158628
1.5674805626224186,1.3224181255982232,-0.09488217703231391,1.060761036562354,0.18331590377623525,-1.8707493617403503,0.19404001273722804,2.121392363298686,-1.9280898289193764,0.7143391494969512,0.8269576787077616,-0.7591484133424083,2.162161223347743,0.1012623533868308,2.232795829886014,5.831977637290985
0.9698990988522209,1.2637872894336468,-0.09457524449951901,1.5238596721548012,-3.0271987606125066,-1.7244331527603003,0.2871130174157936,1.4606339010335674,-1.5621880259035352,0.7975367729211682,1.3492108631059867,0.5832098395972292,2.3010744806950107,0.27576302723396995,2.4546924191246178,5.912334417397228
0.8764464646311378,1.2666955726179812,-0.09457524449951901,1.5238596721548012,-2.603497740078291,-1.7244331527603003,0.24330797869548187,1.3530428785404354,-1.5693534055571585,0.8612579426673697,1.446237745269901,1.0240364582402515,2.3010744806950107,0.29888668163572946,2.4545215688940103,5.912334417397228
1.6276027045757178,1.3224181255982232,-0.09488217703231391,1.060761036562354,0.3250499367679322,-1.860571830676451,0.20383924225349018,1.9744967454465254,-1.8945309636556693,0.7121663658052152,0.9237913539234505,-0.4618745074587952,2.1636532089524527,0.1533546488136088,2.1887114533677914,5.834001765349004
0.9724642135410916,1.355872579979138,-0.047465574987043076,1.7298225355868608,-2.665988903349943,2.505096072168146,0.08217894494575093,0.13007625816489504,-0.24489935682582373,-1.3914274222884224,0.02902957798766819,4.3913070908374685,0.46380323029263537,0.8012691020326075,-0.8867129440834607,-2.278896532490638
0.6036047843007561,1.3060705306346396,-0.007356812149271039,1.704978344118467,-2.534146383573872,2.505096072168146,0.08217894494575093,-0.005467432507669109,-1.5550552044900772,-1.4788480191621032,0.04389966520417833,4.708175796974721,0.46212580090759126,1.009601087533182,-1.114520702244033,-2.445139427981422
0.7533198965061838,1.3016784280257971,-0.009522664021385156,1.704978344118467,-2.534146383573872,2.505096072168146,0.08217894494575093,0.03382327158162042,-1.0468269889016473,-1.4521623755100441,0.09317063209184252,4.618704455827327,0.4714809265667038,1.0110888583502244,-0.9260129805149382,-2.3361274612269636
1.1846313884804986,0.8896053771479557,-0.03444345942706588,-0.3237498221554586,-2.7599800219228685,2.8090738747523862,0.072457107063561,0.4309906805033865,0.6449392812310629,-1.078896498753619,0.44362551545809686,3.899885699560523,0.48242353717638375,0.7596676173750981,-0.9606967659034551,-2.572448248794255
1.1846313884804986,0.8896053771479557,-0.03444345942706588,-0.3237498221554586,-2.7599800219228685,2.8090738747523862,0.072457107063561,0.4309906805033865,0.6449392812310629,-1.078896498753619,0.44362551545809686,3.899885699560523,0.48242353717638375,0.7596676173750981,-0.9606967659034551,-2.572448248794255
1.1266255203518176,1.355872579979138,-0.047465574987043076,1.7298225355868608,-2.7276310745976886,2.7839779141035437,0.08217894494575093,0.25163317633624166,-0.21884705934889273,-1.088407061166622,-0.21486063019871307,4.386524997991356,0.454776186461449,0.810939547068724,-0.8924957191464251,-2.2939901139137473
1.1266255203518176,1.355872579979138,-0.047465574987043076,1.7298225355868608,-2.7276310745976886,2.7839779141035437,0.08217894494575093,0.25163317633624166,-0.21884705934889273,-1.088407061166622,-0.21486063019871307,4.386524997991356,0.454776186461449,0.810939547068724,-0.8924957191464251,-2.2939901139137473
0.5981000624101211,1.3060705306346396,-0.007356812149271039,1.704978344118467,-2.473918881664713,2.505096072168146,0.08217894494575093,0.011222844107725949,-1.4533556605135876,-1.4520763921872986,0.23960375802779554,4.679438652649663,0.46041757333310296,1.0019591527092648,-1.0792808027956187,-2.534591328081231
1.220226361917872,0.9252076856201603,-0.03444345942706588,-0.2930524905902066,-2.803736008173394,2.8090738747523862,0.072457107063561,0.43656904068310554,0.6923854336028309,-1.078896498753619,0.5525989956429388,3.838099246242124,0.4773666654335883,0.7577687585271479,-0.9667243976472866,-2.5708015313729393
1.220226361917872,0.9252162266913988,-0.03444345942706588,-0.2930524905902066,-2.7599800219228685,2.8090738747523862,0.072457107063561,0.4011575497830613,0.6923854336028309,-1.078896498753619,0.44362551545809686,3.864458751367186,0.4771308661131006,0.7596676173750981,-0.9666995210905236,-2.572448248794255
0.9724642135410916,1.3489026564522824,-0.047465574987043076,1.7298225355868608,-2.6672925682032806,2.505096072168146,0.08217894494575093,0.12833346215529567,-0.5211381694027453,-1.422364542529208,-0.04082913396381428,4.36769682370367,0.47089299077506985,0.8388257972141184,-0.8918857911658533,-2.3228288969739253
1.220226361917872,0.9435037133080479,-0.03444345942706588,-0.29249135967783546,-2.78418815712123,2.8090738747523862,0.072457107063561,0.4483586706332128,0.6923854336028309,-1.0956293903554728,0.5483983853055707,3.7642543925646867,0.4773666654335883,0.7523072408545287,-0.966434409173033,-2.5622454120770364
1.220226361917872,0.9435037133080479,-0.03444345942706588,-0.29249135967783546,-2.78418815712123,2.8090738747523862,0.072457107063561,0.4483586706332128,0.6923854336028309,-1.0956293903554728,0.5483983853055707,3.7642543925646867,0.4773666654335883,0.7523072408545287,-0.966434409173033,-2.5622454120770364
1.1266255203518176,1.355872579979138,-0.047465574987043076,1.7298225355868608,-2.7276310745976886,2.7839779141035437,0.08217894494575093,0.25163317633624166,-0.21884705934889273,-1.088407061166622,-0.21486063019871307,4.386524997991356,0.454776186461449,0.810939547068724,-0.8924957191464251,-2.2939901139137473
1.1846313884804986,0.8896053771479557,-0.03444345942706588,-0.3237498221554586,-2.803736008173394,2.8090738747523862,0.072457107063561,0.4426726909713323,0.6449392812310629,-1.078896498753619,0.5050779866497058,3.873526194435461,0.4826593364968714,0.7596676173750981,-0.9606967659034551,-2.572448248794255
1.1266255203518176,1.355872579979138,-0.047465574987043076,1.7298225355868608,-2.7276310745976886,2.7839779141035437,0.08217894494575093,0.2729589221111404,-0.22763039099578306,-1.088407061166622,-0.20564038155432937,4.3444937301080895,0.43699906667252675,0.810939547068724,-0.8924957191464251,-2.2939901139137473
0.5981000624101211,1.3060705306346396,-0.007356812149271039,1.704978344118467,-2.473918881664713,2.505096072168146,0.08217894494575093,-0.02806785998156358,-1.5550552044900772,-1.473899153900576,0.26776229598634316,4.8453558640561,0.46041757333310296,1.0032196847300492,-1.123679347492245,-2.5324303501049976
0.7473484951190921,1.3060705306346396,-0.007356812149271039,1.704978344118467,-2.473918881664713,2.505096072168146,0.08217894494575093,0.011222844107725949,-1.0468269889016473,-1.4520763921872986,0.3077866972862139,4.679438652649663,0.45956866794238155,1.0019591527092648,-0.9247425629660229,-2.4012111753042773
1.220226361917872,0.9252076856201603,-0.03444345942706588,-0.2930524905902066,-2.803736008173394,2.8090738747523862,0.072457107063561,0.43656904068310554,0.6923854336028309,-1.078896498753619,0.5525989956429388,3.838099246242124,0.4773666654335883,0.7577687585271479,-0.9667243976472866,-2.5708015313729393
1.220226361917872,0.9435037133080479,-0.03444345942706588,-0.29249135967783546,-2.800328990066407,2.8090738747523862,0.07002998144338325,0.580922575325614,0.6923854336028309,-1.0956293903554728,0.5073499133211212,3.713328210324332,0.4773666654335883,0.7523072408545287,-0.966434409173033,-2.5622454120770364
1.1835406411530913,1.405518271846254,-0.047465574987043076,1.7298225355868608,-2.736579110750358,2.7839779141035437,0.08217894494575093,0.2729589221111404,0.38785868523881784,-1.0781258790631012,-0.20564038155432937,4.493317870099376,0.42996352291710205,0.7893714962980624,-0.8924957191464251,-2.293940100234638
1.220226361917872,0.962155236746029,-0.03444345942706588,-0.29249135967783546,-2.800328990066407,2.8090738747523862,0.07002998144338325,0.580922575325614,0.6923854336028309,-1.0956293903554728,0.44425689872801216,3.713328210324332,0.4773666654335883,0.7523072408545287,-0.966434409173033,-2.6001194917976673
1.252105897381314,1.2932979834568896,-0.03444345942706588,-0.10394530071853539,-2.7606899766914426,2.8398129167072903,0.07505826373466382,0.6138389872975428,1.0377042908922918,-1.1082133100241793,0.42830156279986564,3.5755704853462182,0.4940737377547323,0.7906554990079847,-0.9745539304008097,-2.6001194917976673
1.0768880821377353,1.4233761106467167,-0.03444345942706588,1.7266115876606378,-2.7273938654352436,2.7839779141035437,0.08217894494575093,0.4885321527051494,0.8496081278115525,-1.0781258790631012,0.5411830326788872,4.29298108196323,0.44525251641366015,0.7640041288181008,-0.847126085029785,-2.3238914546479794
1.1266255203518176,1.355872579979138,-0.047465574987043076,1.7298225355868608,-2.7276310745976886,2.7839779141035437,0.08217894494575093,0.2729589221111404,-0.22763039099578306,-1.088407061166622,-0.20564038155432937,4.3444937301080895,0.43699906667252675,0.810939547068724,-0.8924957191464251,-2.2939901139137473
0.7533198965061838,1.5909476809665377,-0.047465574987043076,1.704978344118467,-2.534146383573872,2.505096072168146,0.08217894494575093,0.08038166133505233,-0.8471669239411882,-1.4255702953170912,-0.021162548342841776,4.438073531431017,0.4714809265667038,1.0110888583502244,-0.9205732253301611,-2.3361274612269636
1.2005557935877453,0.9927440345695162,-0.047465574987043076,1.7267558718007296,-2.3744396276919937,2.7839779141035437,0.08850048084439129,0.20483455107862486,0.6079943446692067,-0.8809553306292514,-0.29277857147269315,4.953418911215742,0.47677703435331087,0.7824367665276843,-0.8234396908542625,-2.1060503095616934
1.1335993819716585,1.1622071324566883,-0.047465574987043076,1.7126416113203482,-2.8317622955967545,2.7839779141035437,0.08572028347411455,-0.030852375220817643,-0.2790897330610459,-1.0964214088199404,-0.4631950216779052,3.599539738413355,0.4121980132991015,0.8023192907194259,-0.8985522693442518,-2.390178710662895
1.2000844577958316,1.4790128694236857,-0.047465574987043076,1.7266115876606378,-2.686244960650484,2.7839779141035437,0.08217894494575093,0.21593927087690773,0.7795490375130321,-1.0917587686861039,-0.22243122860719486,4.788381741414138,0.4561163320022261,0.7743206747273489,-0.9001404350436788,-2.3242769747416765
1.3045145315507798,1.3989042018061542,-0.047465574987043076,1.6870475397736617,-1.206908996515857,2.829516136236368,0.06312518220994809,-0.28029606276924646,-0.8094281207773187,-1.0649338449488464,-0.857173973918468,2.692341035986883,0.43260096452811647,0.8799156704667618,-0.9849475576021978,-2.272462278015299
1.1266255203518176,1.312650499412445,-0.047465574987043076,1.712754207538402,-2.7410684516375987,2.7839779141035437,0.08217894494575093,0.25163317633624166,-0.21884705934889273,-1.088407061166622,-0.21486063019871307,4.33706042606847,0.454776186461449,0.810939547068724,-0.8985522693442518,-2.2939901139137473
1.133464320630961,1.37020247555816,-0.047465574987043076,1.5237255231087112,-1.3453480339368986,2.9716341666576045,0.08464786994827471,-0.733561367260383,-1.081062027065821,-1.0608262589930406,-1.090144038973921,0.9852011901608677,0.4331973278720592,0.8826005731517634,-0.9793705613264843,-2.362491767226101
1.2005557935877453,0.9927440345695162,-0.047465574987043076,1.7267558718007296,-2.3744396276919937,2.7839779141035437,0.08850048084439129,0.20483455107862486,0.6079943446692067,-0.8809553306292514,-0.29277857147269315,4.953418911215742,0.47677703435331087,0.7824367665276843,-0.8234396908542625,-2.1060503095616934
1.2361507670251188,1.0283548841129595,-0.07301355834746973,1.7575572135409139,-2.3775521557365877,2.7839779141035437,0.08850048084439129,0.17614986010404937,0.7217522950402178,-0.8385613579361392,-0.29277857147269315,5.087458220632414,0.5519336780247353,0.744452122196958,-0.868049088995313,-2.081520307468503
1.1335993819716585,1.1622071324566883,-0.047465574987043076,1.7126416113203482,-2.8317622955967545,2.7839779141035437,0.08572028347411455,-0.030852375220817643,-0.2790897330610459,-1.0964214088199404,-0.4631950216779052,3.599539738413355,0.4121980132991015,0.8023192907194259,-0.8985522693442518,-2.390178710662895
1.2000844577958316,1.4790128694236857,-0.047465574987043076,1.7266115876606378,-2.686244960650484,2.7839779141035437,0.08217894494575093,0.21593927087690773,0.7795490375130321,-1.0917587686861039,-0.22243122860719486,4.788381741414138,0.4561163320022261,0.7743206747273489,-0.9001404350436788,-2.3242769747416765
1.133464320630961,1.0809332226174195,-0.009522664021385156,1.5237255231087112,-1.3453480339368986,2.9716341666576045,0.08464786994827471,-0.7801197570138151,-1.2776702795702841,-1.079429722800826,-0.9442210581555727,1.1658321145571775,0.4331973278720592,0.8826005731517634,-0.9793705613264843,-2.362491767226101
1.3045145315507798,1.3989042018061542,-0.047465574987043076,1.6870475397736617,-1.206908996515857,2.829516136236368,0.06312518220994809,-0.28029606276924646,-0.8094281207773187,-1.0649338449488464,-0.857173973918468,2.692341035986883,0.43260096452811647,0.8799156704667618,-0.9849475576021978,-2.272462278015299
1.1266255203518176,1.312650499412445,-0.047465574987043076,1.712754207538402,-2.7410684516375987,2.7839779141035437,0.08217894494575093,0.25163317633624166,-0.21884705934889273,-1.088407061166622,-0.21486063019871307,4.33706042606847,0.454776186461449,0.810939547068724,-0.8985522693442518,-2.2939901139137473
1.133464320630961,1.37020247555816,-0.047465574987043076,1.5237255231087112,-1.3453480339368986,2.9716341666576045,0.08464786994827471,-0.733561367260383,-1.081062027065821,-1.0608262589930406,-1.090144038973921,0.9852011901608677,0.4331973278720592,0.8826005731517634,-0.9793705613264843,-2.362491767226101
1.3045145315507798,1.3989042018061542,-0.047465574987043076,1.6870475397736617,-1.206908996515857,2.829516136236368,0.06312518220994809,-0.28029606276924646,-0.8094281207773187,-1.0649338449488464,-0.857173973918468,2.692341035986883,0.43260096452811647,0.8799156704667618,-0.9849475576021978,-2.272462278015299
1.2361507670251188,1.0283548841129595,-0.07301355834746973,1.7575572135409139,-2.3775521557365877,2.7839779141035437,0.08850048084439129,0.17614986010404937,0.7217522950402178,-0.8385613579361392,-0.29277857147269315,5.087458220632414,0.5519336780247353,0.744452122196958,-0.868049088995313,-2.081520307468503
1.1335993819716585,1.1622071324566883,-0.047465574987043076,1.7126416113203482,-2.8317622955967545,2.7839779141035437,0.08572028347411455,-0.030852375220817643,-0.2790897330610459,-1.0964214088199404,-0.4631950216779052,3.599539738413355,0.4121980132991015,0.8023192907194259,-0.8985522693442518,-2.390178710662895
1.2000844577958316,1.4790128694236857,-0.047465574987043076,1.7266115876606378,-2.686244960650484,2.7839779141035437,0.08217894494575093,0.21593927087690773,0.7795490375130321,-1.0917587686861039,-0.22243122860719486,4.788381741414138,0.4561163320022261,0.7743206747273489,-0.9001404350436788,-2.3242769747416765
1.3045145315507798,1.3989042018061542,-0.047465574987043076,1.6870475397736617,-1.206908996515857,2.829516136236368,0.06312518220994809,-0.28029606276924646,-0.8094281207773187,-1.0649338449488464,-0.857173973918468,2.692341035986883,0.43260096452811647,0.8799156704667618,-0.9849475576021978,-2.272462278015299
1.1375082752671075,1.3989042018061542,-0.047465574987043076,1.7180377671518303,-0.9470145588617126,2.7839779141035437,0.07003442094906202,-0.3675940589854202,-0.7729012184081867,-1.1669168173647448,-0.5867339555824022,4.067648918763572,0.44254256959273686,0.9889857613350201,-0.8210425067116691,-2.3754036562029275
1.3014739205594428,1.2367314806150977,-0.12309806445268766,0.6825133306753031,0.06927297760573681,-1.9198120648676364,0.11266053886548553,1.1516561474690776,-0.8597816913507198,0.5959170487134661,-0.4011153311797105,0.14366765418864394,2.3102611413570724,0.05579600694964876,2.0027083483212067,6.254053660225093
1.546075085012509,1.2622038381417509,-0.10594933274632051,1.0677740110158822,0.2295282473827292,-1.8732740778219499,0.1028613093492234,2.2445920385342526,-1.5121530987499157,0.6821736946770068,0.6934116521663322,-0.7755715709837143,2.274778416665572,0.01591339909340854,2.2233056524633037,5.738149133409212
1.6761888245304588,1.2903851871990177,-0.09488217703231391,1.42695456587227,0.45322559485900826,-1.8310910757191137,0.20383924225349018,1.9452381323721732,-1.7668016027956759,0.6542440838277218,1.02759553979197,1.031342740618886,2.2352791082700985,0.13113891542260914,2.2616632874200615,5.895518261185484
0.6388224201499256,1.2679135685902057,-0.09280805524941554,1.6500811811065308,-3.1904343584171935,-1.8127224481842412,0.20638714352455476,0.844568684189781,-0.9660971164496532,0.7583557265939097,0.13241397328061452,1.6293941137685886,2.2765297936362154,0.3186220148247274,2.31019288363944,6.085409369961104
1.6345523624187175,1.3224181255982232,-0.09488217703231391,1.060761036562354,0.3250499367679322,-1.860571830676451,0.20383924225349018,1.9744967454465254,-1.8945309636556693,0.7121663658052152,0.9228667345132694,-0.4618745074587952,2.1636532089524527,0.1533546488136088,2.166530201773836,5.793901374214587
0.7975391373615721,1.3211618409491483,-0.07794894215562964,1.6554008645199887,-2.892360019862717,-1.7240014590357184,0.21137983054353346,1.2280700796319506,-1.591928194820923,0.8031788396118194,1.6309450883416008,1.9440091713226877,2.2041157875785764,0.2538326681492725,2.4640656766705016,5.762772299309962
1.6729582791845512,1.2885013454727843,-0.09488217703231391,1.467627199860225,0.583097704836818,-1.8310910757191137,0.20383924225349018,1.8415098630190863,-1.8379498228977562,0.680132097601033,0.38849705582811117,1.0472126531824766,2.2352791082700985,0.13925293025445462,2.048033441339128,6.066537383746896
1.2108748567858383,1.214161046907933,-0.10927880129219655,0.6831271524850251,0.06017075622293502,-1.9198120648676364,0.11266053886548553,0.6316205553236123,-0.8950513955756222,0.6558679041619074,-0.5803025650316184,-0.16769188685330363,2.3326579202217292,0.03370778636840693,1.920080950788561,6.071745376179799
1.6111293438316623,1.223226757593757,-0.1029892043581134,1.4339675403257983,0.17200412134162363,-1.929890511899955,0.23539647879251147,1.6057953803127805,-1.4291275370391734,0.7469610619072751,-0.20056418070931295,0.8735656077214903,2.424113038002625,0.200105285469483,2.1302371766748402,6.161620297546065
1.2128163112583623,1.227897960598987,-0.10927880129219655,0.6825133306753031,0.05678729870013205,-1.9198120648676364,0.11266053886548553,0.5392517434665047,-0.9827419360435138,0.5698616573407279,-0.534351520549571,-0.19072238576658798,2.332779691769108,0.04815256345507972,1.91074745297194,6.113887675879317
0.6809081757171841,1.2877928220538126,-0.09280805524941554,1.675243522704713,-2.5248578040252494,-1.6960577839850512,0.20505155298252953,1.0022783453326876,-0.8080143314110597,0.924447322410356,1.5154162847386397,3.249132677113207,2.3636320208692023,0.3171499732299392,2.4576321528975726,5.588960054156487
1.5321607076723922,1.3124452339810793,-0.09457524449951901,1.4920052285911083,0.850555052945147,-1.8079482028638247,0.2608756067424199,1.867338421582024,-1.7588329563228828,0.8799461167819603,1.347343542502662,1.540615590428764,2.4854215372770603,0.18646913813608484,2.556242554012135,5.854383208122388
0.9051354757640461,1.266868282005529,-0.09457524449951901,1.516846697701273,-2.603497740078291,-1.7244331527603003,0.24330797869548187,1.24835991824883,-1.692550606441939,0.8205546656200831,1.4862271085656156,1.0685073094344548,2.302208917173168,0.29779792818936374,2.4256581251741065,5.871983374608305
1.7245146349375065,1.2035533269443615,-0.10594933274632051,0.726779291646222,1.627859433182666,-1.8928415435374708,0.2127871570474092,2.500292289777587,-1.826840923614554,0.767767148387991,0.2324194675352222,-1.8892457458033425,2.1858237007936654,0.026133576421567474,1.8976521573463339,5.593545789402356
1.2128163112583623,1.227897960598987,-0.10927880129219655,0.6825133306753031,0.05691442319013901,-1.9198120648676364,0.11266053886548553,0.5200003919164266,-0.9827419360435138,0.5698616573407279,-0.5486407042180107,-0.1374257552958201,2.3326579202217292,0.04815256345507972,1.91074745297194,6.113887675879317
1.6840783945158189,1.2471620897772522,-0.10594933274632051,1.4339675403257983,0.460706415256944,-1.8336157918007132,0.23539647879251147,1.941836029221265,-1.6112895760983534,0.8204811402102832,1.0525284877912264,1.0829548998844218,2.43938663019997,0.17808932811947767,2.389367560261266,5.767389843298694
1.4781509501132826,1.2622038381417509,-0.10594933274632051,1.0677740110158822,-0.0427430414667486,-2.0065419737583206,0.1028613093492234,1.9260801987023708,-1.6436839858875085,0.637776813752875,-0.6360427645312496,-0.8890581648561788,2.2084195252794414,0.023552098845708865,2.0607037714796768,6.187112999612619
0.8893090850315342,1.3227457032959016,-0.10564240021352561,1.55219964827577,-2.4944266841957377,-1.677361529890853,0.24330797869548187,1.2394623379389176,-0.9102535224734807,0.8904357132550673,1.2396109157449149,1.0326829368487347,2.332106494479211,0.31654343407266156,2.3698365013718847,5.740696167909608
0.8251652339874963,1.3229184126834495,-0.10564240021352561,1.55219964827577,-2.7706432992054535,-1.8106294258272235,0.24330797869548187,0.9037656398391538,-0.9169188073594775,0.8165231356977163,-0.11975228698280835,0.9583726479886517,2.277808492922474,0.31654343407266156,2.175541526262107,6.214608713366336
1.6292136210412786,1.2033679882431463,-0.10594933274632051,0.726779291646222,1.8896244361344376,-1.9852357832091119,0.12660114067838327,2.328991762442071,-1.617551446619331,0.6814403070769387,-0.3431165093967414,-1.8001156105689362,2.1360011837419806,-0.06523176905834092,1.9090513405194034,6.074087464787811
1.7049672427740037,1.3073763772337246,-0.09488217703231391,1.467627199860225,0.4105487454902119,-1.8310910757191137,0.32657518218051607,1.8987206623958215,-2.0084680221466282,0.8292056856337385,1.0455154908149693,1.1009593848556611,2.334159404092615,0.254710829214234,2.388430292832474,5.75534943550211
1.7229713884547107,1.2097756298063411,-0.09488217703231391,0.726779291646222,1.553102047205746,-1.8928415435374708,0.2127871570474092,2.5119731707350983,-1.9395507634618643,0.7755926010522017,0.389136733880431,-1.9460106774667296,2.15811620905404,0.017325408893535343,1.9384229373655528,5.780522543292896
1.5744302204654184,1.3224467163584175,-0.09488217703231391,1.1014336705503092,0.18331590377623525,-1.8707493617403503,0.19404001273722804,2.1238629537795877,-2.0715597798852765,0.7218767294707694,0.7906198278924707,-0.834496365738986,2.162161223347743,0.07531570273426282,2.2672441230948084,5.843092808735063
0.8981858179210462,1.266868282005529,-0.07794894215562964,1.516846697701273,-2.603497740078291,-1.7244331527603003,0.24330797869548187,1.2560805305379081,-1.5451387759360817,0.7821332053071384,1.436463291154872,1.167044940211613,2.3021286958322444,0.3002457637671797,2.4370008438721915,5.919390575158628
1.0166773358085206,1.2619904520700638,-0.09488217703231391,1.4517960349824346,-3.1829639105478775,-1.7475760256155892,0.30721992255148717,1.3461087128994218,-1.7601628598278303,0.6320489548833982,1.264185528892665,0.43897639849923015,2.118680679705254,0.25294580379517423,2.253461427990142,5.881816609637629
1.5252110498293925,1.3124452339810793,-0.09457524449951901,1.4920052285911083,0.850555052945147,-1.8079482028638247,0.2608756067424199,1.867338421582024,-1.7588329563228828,0.8742638287995731,1.3073541792069474,1.5125279463712091,2.4854215372770603,0.18755789158245054,2.57465213976735,5.8915288404411035
1.7617481024793267,1.2097165457536438,-0.09488217703231391,0.8313825578927219,1.6247619041982047,-1.9111277305776284,0.2127871570474092,2.573592988489057,-1.8772159820174938,0.7847429750192628,0.4622083006284226,-0.23928464954527806,2.162161223347743,0.10161478569271247,1.7971457776174053,5.811411587082236
1.6276027045757178,1.3224181255982232,-0.09488217703231391,1.060761036562354,0.3250499367679322,-1.860571830676451,0.20383924225349018,1.9744967454465254,-1.8945309636556693,0.7121663658052152,0.9237913539234505,-0.4618745074587952,2.1636532089524527,0.1533546488136088,2.1887114533677914,5.834001765349004
0.7905894795185723,1.2673551950558708,-0.07794894215562964,1.621741204985562,-2.917955338812948,-1.726526175117318,0.20638714352455476,1.3285713362643328,-1.3848818408429824,0.7882835469787592,1.6867374176427106,1.9105018868475534,2.3036320506348544,0.30538316514792035,2.565720551712451,5.765967149853025
0.7543562335528188,1.3494998622136893,-0.07794894215562964,1.669847366873231,-5.080650349356544,-1.6960577839850512,0.20845084464178146,0.7461256984509664,-0.6792482157528943,0.7474586541912641,2.1131300764610956,3.5919306843670165,2.3205545891018557,0.2995128138102967,2.5342817859348794,5.71000708314555
0.8981858179210462,1.266868282005529,-0.07794894215562964,1.5238596721548012,-2.590179938798721,-1.7244331527603003,0.24330797869548187,1.3778242486812602,-1.3488876326553498,0.8004890455386091,1.5413533000893662,1.5579719869392783,2.3005196881296337,0.24991349731401638,2.4977866809173843,5.919390575158628
1.0188664941190513,1.3051627797179566,-0.03444345942706588,1.7298225355868608,-2.718445829282574,2.7839779141035437,0.08217894494575093,0.4633524075087677,-0.16992946925764005,-1.088407061166622,0.5487536310873691,4.1443634569935845,0.45228806016908485,0.8006230011594758,-0.8552577282077372,-2.316842992596305
0.8901393508353564,1.660160612206826,-0.04529972311492896,1.7051226282585588,-2.1975839121105234,2.505096072168146,0.08850048084439129,0.0326346332317561,-0.5805520984490514,-1.3055076331861155,-0.10256761491130456,5.3368550241602355,0.48363177736465585,1.0039839166180906,-0.8635528155639653,-2.2287430050189574
0.6036047843007561,1.2628484500679462,-0.007356812149271039,1.687910016070008,-2.547583760613782,2.505096072168146,0.08217894494575093,-0.005467432507669109,-1.5550552044900772,-1.4788480191621032,0.04389966520417833,4.658711225051835,0.46212580090759126,1.009601087533182,-1.1205772524418598,-2.445139427981422
1.0405533815733514,1.3972892532897765,-0.047465574987043076,1.6870475397736617,-1.0860929176152767,2.55063429430097,0.06312518220994809,-0.43648715118215653,-1.0646761891214325,-1.3599398584173283,-0.6127394664349524,2.696216082261246,0.4416280083593028,0.8799156704667618,-0.9791647825392329,-2.2812830250300373
1.2005557935877453,0.9927440345695162,-0.047465574987043076,1.7267558718007296,-2.3744396276919937,2.7839779141035437,0.08850048084439129,0.20483455107862486,0.6079943446692067,-0.8809553306292514,-0.29277857147269315,4.953418911215742,0.47677703435331087,0.7824367665276843,-0.8234396908542625,-2.1060503095616934
0.7473484951190921,1.3060705306346396,-0.007356812149271039,1.704978344118467,-2.473918881664713,2.505096072168146,0.08217894494575093,0.011222844107725949,-1.0468269889016473,-1.4520763921872986,0.3077866972862139,4.679438652649663,0.45956866794238155,1.0019591527092648,-0.9247425629660229,-2.4012111753042773
0.9724642135410916,1.355872579979138,-0.047465574987043076,1.7298225355868608,-2.665988903349943,2.505096072168146,0.08217894494575093,0.13007625816489504,-0.24489935682582373,-1.3914914808016998,0.011688810909072972,4.3913070908374685,0.46380323029263537,0.8393990084090934,-0.8867129440834607,-2.2895239039034525
1.1448828405578322,0.8029053195770673,-0.023910238218245207,-1.378350622610365,-2.8505118002870606,3.0982852016127143,0.07203482509882633,0.6824206474697488,0.7371603377763764,-1.0709437917710127,-0.6718612709579449,2.175602309384352,0.5822781030916643,0.7849616905848371,-1.0442598969118402,-2.6519080779935487
0.707324169545395,1.2475660829978656,-0.007356812149271039,1.6671420081858184,-1.1442224661441391,2.4796875716690767,0.018095159277365946,-1.2646176143426588,-3.669313227563851,-1.4391781199971867,-0.9894352865033715,3.1390164765130244,0.5405551935340301,0.9039114127462703,-1.4480780352387275,-3.016400894259664
1.3736313256246877,1.276639150169197,-0.03444345942706588,-0.36652481796865766,-1.194505861825634,2.8546120968852104,0.05340334432775816,0.2665957737206849,0.6173633203990809,-1.1097363309180928,0.24239818065663046,2.4269248134235126,0.4668168209066569,0.6566093852198355,-1.0540219678545624,-2.5585529550038366
1.0405533815733514,1.108020000349036,-0.009522664021385156,1.6870475397736617,-1.0835412864167926,2.55063429430097,0.06312518220994809,-0.48304554093558844,-1.2368698754939698,-1.3989461314089258,-0.5366751975680866,2.875775064891585,0.44871776884173725,0.9180455768432477,-0.9846345726672503,-2.3252153895133247
1.3072884924488815,0.8668926277843175,-0.03444345942706588,-0.10402433129836852,-2.403212594924631,2.8228622722351115,0.08380692525348192,0.3703049351150736,1.1441201382561021,-0.9663833075561734,0.5581044677348065,4.3853129974365785,0.5975940059275543,0.8301043646965247,-0.9067330757313479,-2.3375990785864014
1.2675432468066434,1.0252088433800897,-0.03444345942706588,-0.29249135967783546,-2.733854007021357,2.8090738747523862,0.072457107063561,0.4034866753583831,0.71042420655552,-1.121846199647182,0.5324430493774241,3.9366078621302485,0.48574235472979,0.7906554990079847,-0.9822107682482388,-2.585483810853291
1.0768880821377353,1.4233761106467167,-0.03444345942706588,1.7266115876606378,-2.7273938654352436,2.7839779141035437,0.08217894494575093,0.4885321527051494,0.8496081278115525,-1.0781258790631012,0.5411830326788872,4.29298108196323,0.44525251641366015,0.7640041288181008,-0.847126085029785,-2.3238914546479794
1.252105897381314,1.2738445244305663,-0.03444345942706588,-0.10463236524281153,-2.7606899766914426,2.937890275237506,0.07505826373466382,0.6233572520194511,1.0377042908922918,-1.0884255376329994,-0.398939846753532,3.5855608667988137,0.5091085100484972,0.7731239920294494,-1.1199836051078507,-2.6269003692668274
1.1266255203518176,1.355872579979138,-0.047465574987043076,1.7298225355868608,-2.7276310745976886,2.7839779141035437,0.08217894494575093,0.2729589221111404,-0.22763039099578306,-1.088407061166622,-0.20564038155432937,4.3444937301080895,0.43699906667252675,0.810939547068724,-0.8924957191464251,-2.2939901139137473
1.133464320630961,1.37020247555816,-0.047465574987043076,1.5237255231087112,-1.3453480339368986,2.9716341666576045,0.08464786994827471,-0.7122356214854842,-1.0898453587127117,-1.0608262589930406,-1.0809237903295372,0.9431699222776022,0.41542020808313707,0.8826005731517634,-0.9793705613264843,-2.362491767226101
1.220405476919764,1.277452317682238,-0.03444345942706588,-0.334973459678118,-0.9492709834261277,2.8090738747523862,0.057885457446694356,0.5068672272273808,0.6400325749736764,-1.1310996940736013,0.3338211987034159,3.5171263227014475,0.4767584259712774,0.7367669705148147,-0.9532428514216642,-2.6949466079617634
1.2543593698528865,1.1313475825800592,-0.03444345942706588,-0.5266358867073849,-1.4080769838184546,2.996730127306447,0.07492603206608478,-0.0013287012234207973,-0.4358517119614151,-1.1239242747191263,0.15756577083891102,0.9049969684686667,0.468119181715413,0.688141574058046,-1.0565517382000382,-2.6199008268650155
1.2543593698528865,1.1313475825800592,-0.03444345942706588,-0.5266358867073849,-1.4080769838184546,2.996730127306447,0.07492603206608478,-0.0013287012234207973,-0.4358517119614151,-1.1239242747191263,0.15756577083891102,0.9049969684686667,0.468119181715413,0.688141574058046,-1.0565517382000382,-2.6199008268650155
0.707324169545395,1.2475660829978656,-0.007356812149271039,1.6671420081858184,-1.1442224661441391,2.4796875716690767,0.018095159277365946,-1.2646176143426588,-3.669313227563851,-1.434315238058405,-0.961276748544824,3.2145573201628057,0.5405551935340301,0.9051719447670546,-1.4570618141473357,-2.9963331054005855
1.220405476919764,1.181254589868805,-0.03444345942706588,-0.3317625117518951,-0.9492709834261277,2.8090738747523862,0.057885457446694356,0.4810413650758346,0.4269598922098021,-1.1310996940736013,0.39691421329652493,3.5171263227014475,0.4767584259712774,0.7367669705148147,-0.9534931120132639,-2.6570725282411325
1.3123809578715706,1.154167812137189,-0.03444345942706588,-0.5260747557950137,-1.4213444752301465,2.996730127306447,0.07249890644590704,0.3602963324165839,0.37348655272259274,-1.1025921608971898,0.24126539246068665,0.9140449983213178,0.4692999245113001,0.6303817823315583,-1.048405243696195,-2.6141513414271427
1.133464320630961,1.37020247555816,-0.047465574987043076,1.5237255231087112,-1.3453480339368986,2.9716341666576045,0.08464786994827471,-0.7122356214854842,-1.0898453587127117,-1.0608262589930406,-1.0809237903295372,0.9431699222776022,0.41542020808313707,0.8826005731517634,-0.9793705613264843,-2.362491767226101
1.220226361917872,0.9002816327413548,-0.03444345942706588,-0.3095596877262944,-2.813766367106317,2.8090738747523862,0.07002998144338325,0.580922575325614,0.6923854336028309,-1.0956293903554728,0.5073499133211212,3.6638636384014465,0.4773666654335883,0.7523072408545287,-0.9724909593708597,-2.5622454120770364
1.133464320630961,1.37020247555816,-0.047465574987043076,1.5237255231087112,-1.3453480339368986,2.9716341666576045,0.08464786994827471,-0.7122356214854842,-1.0898453587127117,-1.0608262589930406,-1.0809237903295372,0.9431699222776022,0.41542020808313707,0.8826005731517634,-0.9793705613264843,-2.362491767226101
1.1266255203518176,1.3558540623430213,-0.047465574987043076,1.7298225355868608,-2.7276310745976886,2.7839779141035437,0.08217894494575093,0.3409045775955701,-0.22763039099578306,-1.088407061166622,-0.11877783130965704,4.3444937301080895,0.43699906667252675,0.810939547068724,-0.8925677706432438,-2.293744911200449
1.2551865276694425,1.2279946579363248,-0.059991442787492515,-0.078642778517349,-2.3822076075276484,2.8228622722351115,0.08723952842545822,0.6554086039010073,1.4526335496410332,-0.8103247638416236,0.6485576725526648,4.377245867079926,0.7076809726842799,0.8570770998443313,-0.9168302055518394,-2.361072818540122
1.220226361917872,0.962155236746029,-0.03444345942706588,-0.29249135967783546,-2.800328990066407,2.8090738747523862,0.07002998144338325,0.580922575325614,0.6923854336028309,-1.0956293903554728,0.44425689872801216,3.713328210324332,0.4773666654335883,0.7523072408545287,-0.966434409173033,-2.6001194917976673
0.8785570890982152,1.597489587998703,-0.047465574987043076,1.704978344118467,-2.508449491336271,2.505096072168146,0.08217894494575093,0.06621493275232622,-0.35552627011710164,-1.432193677506554,-0.05329664802364038,4.915122597493401,0.4731751060634051,1.005471687435133,-0.9417893395901435,-2.344787288437205
1.133464320630961,1.37020247555816,-0.047465574987043076,1.5237255231087112,-1.3453480339368986,2.9716341666576045,0.08464786994827471,-0.8120033983083749,-1.034280197702558,-1.055695042051706,-1.090144038973921,0.9190042848563669,0.4331973278720592,0.8826005731517634,-0.9825595749562823,-2.38681491239187
1.133464320630961,1.0809332226174195,-0.009522664021385156,1.5237255231087112,-1.3453480339368986,2.9716341666576045,0.08464786994827471,-0.7801197570138151,-1.2776702795702841,-1.079429722800826,-0.9442210581555727,1.1658321145571775,0.4331973278720592,0.8826005731517634,-0.9793705613264843,-2.362491767226101
1.268627394708023,1.3989042018061542,-0.047465574987043076,1.6816227489231166,-1.3622479088897417,2.832412371696759,0.06312518220994809,-0.26805427799295933,-0.8262745922694789,-1.0649338449488464,-0.857173973918468,2.435669996983635,0.4365320507196728,0.8799156704667618,-0.9849475576021978,-2.2729901217913207
0.8893090850315342,1.3228497221718436,-0.10564240021352561,1.5238596721548012,-2.4983720103559754,-1.677361529890853,0.24330797869548187,1.3020973909723341,-1.1121263180379752,0.8618997450272875,1.1860751640515437,1.0312928356422744,2.3394964616896843,0.3229313958317907,2.408113433520379,5.745190612311408
1.768010842634108,1.321930977595724,-0.07794894215562964,1.5898867614218688,1.2445128397421943,-1.8100412252208424,0.22395477157149274,2.027857300268157,-1.5169982418419141,0.8248794749628798,1.620274098116348,3.145653626510368,2.508977789156576,0.19382598584251842,2.6136097312468456,5.709332029941899
1.655299976272274,1.2357589906060964,-0.10594933274632051,1.42695456587227,0.4994379384655024,-1.8336157918007132,0.11266053886548553,1.8630862361876046,-1.7570946835329604,0.5800988701835587,1.0513757086330264,0.7026225412361169,2.33529375175763,0.04687871457555258,2.2848666972076828,5.893539283691731
1.6920116710693625,1.1256260101663738,-0.1029892043581134,0.8574256736571466,1.9649902028245096,-1.9877604992907114,0.12160845365940455,2.2305900624407733,-1.4793735207425065,0.6990302653081255,-0.01371655415508356,-1.6307339115768384,2.249892403601126,-0.07555686315074654,1.7860289094972104,6.058221054432393
1.6493285748851823,1.236393202604525,-0.09488217703231391,1.42695456587227,0.44627497567154095,-1.8336157918007132,0.11266053886548553,1.877400520832467,-1.7570946835329604,0.5800696596293053,1.3454320203072374,0.7118046027131074,2.3335855241831416,0.03813925451271682,2.29240288285948,5.947130647190064
1.6136635141605327,1.2301708997425453,-0.10594933274632051,1.2823171185589082,0.4399669878554148,-1.8630965467580505,0.11266053886548553,2.0063638945780116,-1.5290359233144661,0.6651567716861456,0.85926544783637,0.037099814278340845,2.3418278737253986,0.07018792426083466,2.2374143225300664,5.769989606982285
1.2595537989366272,1.285499191133657,-0.1029892043581134,0.6825133306753031,-0.04905834895402784,-1.9198120648676364,0.23539647879251147,0.7946763626709129,-1.0214137776647318,0.7562915303732387,-0.16647362433004217,0.1263290174855702,2.360235579188303,0.1462949212422758,2.0860649852327238,6.149797619968444
1.6161542596165925,1.2471620897772522,-0.10594933274632051,1.4339675403257983,0.18448980024722833,-1.9668836877370837,0.23539647879251147,1.6530412737696,-1.666279901336783,0.7469610619072751,-0.3068347149364977,0.9680782048054973,2.384253975250415,0.1866566593017628,2.2352624142252555,6.231762843828573
1.5823509255881174,1.2062355675590501,-0.1029892043581134,1.4339675403257983,0.2146809707104199,-1.929890511899955,0.11266053886548553,1.6037715159446981,-1.4770044559664344,0.5719994601012584,-0.2075565462797284,0.4939033683069236,2.3252327421801087,0.07653337167785791,2.002955577218523,6.22043892129264
1.4781509501132826,1.2622038381417509,-0.10594933274632051,1.0677740110158822,-0.0427430414667486,-2.0065419737583206,0.1028613093492234,1.9260801987023708,-1.6436839858875085,0.637776813752875,-0.6360427645312496,-0.8890581648561788,2.2084195252794414,0.023552098845708865,2.0607037714796768,6.187112999612619
0.754414672382514,1.2872274286737893,-0.07794894215562964,1.6821800247402172,-5.065678506977446,-1.7431294068544985,0.20845084464178146,0.6755326685983514,-1.2046525440951297,0.7430274853312407,2.111256774713767,3.658688429294773,2.2975778219901257,0.24837855807362832,2.4784755105955374,5.72354160750506
1.6136635141605327,1.2283051214467455,-0.10594933274632051,1.060761036562354,0.3494312016238499,-1.8630965467580505,0.11266053886548553,2.0677295104508433,-1.7270107572387612,0.6744205912321546,0.6607308924475974,-0.5087440468480796,2.250130766298994,0.06975304211712688,2.184394184480104,5.725940579330511
1.6136635141605327,1.236393202604525,-0.09488217703231391,1.060761036562354,0.3712622803744262,-1.8630965467580505,0.11266053886548553,2.0677295104508433,-1.6522331241992467,0.6187352180241695,0.8669511001595535,-0.49826455322411617,2.2612675068629318,0.06690816928126805,2.2010414630519946,5.849165499995249
0.2721273788206592,0.9491807749703391,-0.0874300063380381,0.7906798449751238,-3.3261542187876185,-1.8127224481842412,0.24330797869548187,-0.6398372126478519,0.22507497114049335,0.787629989928078,-0.6137808221896232,0.708369347329112,2.2933512601888557,0.45075276316586693,2.062187165131645,5.961826411719982
1.2415947295019072,1.2448891506336937,-0.10927880129219655,0.6825133306753031,-0.04893122446402088,-1.9198120648676364,0.23539647879251147,0.4270692596721785,-0.8898820621828029,0.7440402707702977,-0.5496505419596942,0.13298442288784454,2.3647847302598435,0.1471599062109685,2.0458751561589557,6.097597545231467
1.338024341264837,1.2633124652855883,-0.1029892043581134,0.8660765523669915,-0.0021070150893085253,-1.9492928198249737,0.11266053886548553,1.5243244264385438,-1.147756793800665,0.6270781700422602,-0.33328413886727504,-0.6651346879995915,2.2496075184201407,0.08244121994245046,1.9273210805812908,6.072697468079638
1.8079310540174407,1.1712759657912435,-0.10594933274632051,0.8313825578927219,1.888273832687336,-1.9102530980209427,0.14423430535023948,2.611756763056018,-1.5847631163436686,0.7369697535360021,0.43223801671974027,0.06809804857835906,2.1708000956525795,0.011106542882767566,1.7060048197370905,5.678276102488703
0.6071225581046986,1.2679135685902057,-0.09280805524941554,1.6500811811065308,-3.1904343584171935,-1.8127224481842412,0.20638714352455476,0.8871732202430586,-0.9672195639638581,0.8495700384777428,0.10946739520549321,1.5969000660807644,2.276491017929598,0.3105289734809313,2.31019288363944,6.085681585011438
0.7128575059992257,1.2679135685902057,-0.09280805524941554,1.6500811811065308,-2.9142177434074776,-1.6794545522478708,0.20638714352455476,1.1630805240216624,-0.8566265171552908,0.8318758048969176,1.4930617160565705,1.747569181279957,2.335498717811872,0.3186220148247274,2.4642980296754495,5.616428962489668
1.656278232728182,1.2901998484978026,-0.09488217703231391,1.42695456587227,0.4463095412281171,-1.8310910757191137,0.11765322588446425,1.877400520832467,-1.8164538612817356,0.6414373208196776,1.2992266064518656,0.7276682152586732,2.236771093874808,0.03977356994270071,2.2697628265842886,5.914469147790374
0.7626457253070362,1.2872344485194778,-0.07794894215562964,1.6469035465837443,-2.4995443364308936,-1.7061362310173698,0.20505155298252953,1.2797503608195555,-1.1665241763044398,0.7795855154239042,1.98839999557928,3.765679832245868,2.349105866032359,0.33172334087613764,2.515314408785777,5.735379881242307
0.885099684770567,1.2673551950558708,-0.07794894215562964,1.621741204985562,-2.9276796377723797,-1.726526175117318,0.24330797869548187,1.2901237581329117,-1.3488876326553498,0.7797129475321491,1.676686340686964,2.0233396453514567,2.299757005702135,0.24991349731401638,2.497674184954286,5.795469711374252
1.6781069931287271,1.3071910385325094,-0.09488217703231391,1.42695456587227,0.40363269185932077,-1.8310910757191137,0.24038916581149017,1.8794243852005494,-1.7685769423544746,0.8107166346433071,1.2662296087265663,1.0792428106156848,2.3356513896973246,0.1644342371806912,2.4154540117958208,5.892796156362515
0.5364090199662747,1.2475590631521771,-0.007356812149271039,1.6857231052789765,-2.409488336257258,2.4341493495362534,0.040690260541532415,-0.8115285031788293,-3.1705152430527965,-1.5264255792079582,-0.2187596518870885,4.21512680275908,0.5212866787831724,0.9992654149608499,-1.3802507677552072,-3.1034337738633724
0.8578056664105658,0.5205013774316134,-0.023910238218245207,-1.8776846738281763,-3.2420673627297365,3.123863095318225,0.10900987838873878,0.5450260870832595,0.5146633311170644,-1.303247811769614,-1.391824302293525,1.4565302820070347,0.5623885933540852,0.7818922446281549,-1.0548438005027436,-2.6163507187138615
1.043163084958573,1.0340249104782946,-0.023910238218245207,-1.0989965992284774,-3.1078585499743454,3.0982852016127143,0.08588814753329174,0.22803993353174953,0.8963247582057502,-1.2336616670035117,-0.8530576992190823,1.8312133403366622,0.5762330691021047,0.7520725429424822,-1.07427825963599,-2.625880347622263
1.3793769836281724,1.277452317682238,-0.03444345942706588,-0.3659636870562865,-1.1906630656428459,2.8546120968852104,0.050976218707580415,0.5935356301975335,0.8291701273582212,-1.0580233760540034,0.09835747820467736,2.326148873374431,0.4668168209066569,0.6276968796465564,-1.0537319793803088,-2.4808093265053484
1.1846313884804986,0.8463747555100241,-0.03444345942706588,-0.34081815020391754,-2.8171733852133043,2.8090738747523862,0.072457107063561,0.46640217140343077,0.6449392812310629,-1.078896498753619,0.5525989956429388,3.8240616225125756,0.4826593364968714,0.7577687585271479,-0.9667781926580448,-2.5708015313729393
0.8908382693679235,1.108020000349036,-0.009522664021385156,1.6870475397736617,-1.0860929176152767,2.55063429430097,0.06312518220994809,-0.48304554093558844,-1.6678131132378347,-1.3786073807383912,-0.4841572526951994,2.8768470066575564,0.4424769137500242,0.9180455768432477,-1.1335281560292252,-2.3179318382371514
0.7632525240408783,1.6002667420911676,-0.04529972311492896,1.704978344118467,-2.389048081774278,2.505096072168146,0.08217894494575093,-0.0030924167945578784,-0.6436752427208439,-1.4471058180025158,0.09368077720944838,4.979731840590101,0.46126284743908286,1.0019591527092648,-0.940693788380832,-2.5375746417861835
1.1335993819716585,1.1552372089298324,-0.047465574987043076,1.7126416113203482,-2.8356175916485764,2.7839779141035437,0.08572028347411455,-0.011269425455518262,-0.5885264434167828,-1.106955719876914,-0.4539747730335215,3.5349701451622626,0.3944208935101792,0.8017460795244509,-0.898255326298627,-2.390178710662895
0.6772266334238711,1.220116667818684,-0.015531752488038952,1.5609284492061295,0.4519867205759428,2.9092233050999416,0.027964864317616397,-1.9691807806326709,-4.069396576155299,-1.1597636618322922,-1.0481514973216761,1.2451717601991767,0.5228925195459314,0.7796478890409017,-1.3977716987130249,-2.821068460966532
0.5403179132617234,1.188284832413465,-0.007356812149271039,1.6911192611104586,-0.7904436680816018,2.4341493495362534,0.025004398016479887,-1.3145686304713773,-3.738496925049049,-1.6747353886286198,-0.5371574452350881,4.930863079071205,0.6598268996787344,1.0234806007120356,-1.3118271504250023,-3.121015281874604
1.1796221925855717,1.3458299062712644,-0.03444345942706588,1.7298225355868608,-2.7273938654352436,2.7839779141035437,0.08217894494575093,0.42126097226360537,0.6536746143136835,-1.0781258790631012,0.3175810745935175,4.321482036237086,0.44525251641366015,0.7721995533380197,-0.8473763456213848,-2.3236219463332413
0.555763386166905,1.167569334456474,-0.007356812149271039,1.4137225559628017,0.5091438872473869,2.618570830443565,0.027964864317616397,-2.1000393175159795,-4.254197791607692,-1.6268687311593555,-1.2149795033016568,1.6518983639341278,0.6664215076433685,0.8775354477731916,-1.4461774304529922,-3.067814748997524
0.9972290157663829,1.3982513403903396,-0.047465574987043076,1.7298225355868608,-2.5801166705718104,2.505096072168146,0.08217894494575093,0.0710462789635782,-0.001350529734475761,-1.4202343574808096,-0.04082913396381428,5.536666094517913,0.4932478726228558,0.8490694534452099,-0.8894781589311258,-2.2989023470657193
1.3614691944966166,1.1880907864326393,-0.03444345942706588,-0.34982599561084476,-0.9168136457844009,2.8546120968852104,0.05340334432775816,0.2495449122241552,0.1738106739797872,-1.1114554577656057,0.24996877906511225,2.6135410020719525,0.46781471669155383,0.8022983484294688,-1.0692865313320756,-2.5521389486707453
1.3736313256246877,1.181254589868805,-0.03444345942706588,-0.3627527391300636,-1.1745222326976694,2.8546120968852104,0.05340334432775816,0.43514586335358607,0.40429063763520645,-1.130678828458625,0.20249896478223586,2.3770750556147857,0.4668168209066569,0.6276968796465564,-1.0539822399719085,-2.5495815939239708
1.709268733601269,1.1055338328933546,-0.023910238218245207,-0.9951997544624362,-1.4192778220336166,3.1074190989483945,0.06007069840471415,0.5865356765664825,0.7198932429731504,-0.7067838355559712,0.5538229957418601,1.0327795195594258,0.44984427391648807,0.47271416758070656,-1.1261647352350939,-2.5647448030796953
1.2005557935877453,0.9927440345695162,-0.07301355834746973,1.7267558718007296,-2.3744396276919937,2.7839779141035437,0.08850048084439129,0.22616029685352362,0.5992110130223164,-0.8385613579361392,-0.28355832282830945,4.9111779079720375,0.4778116172071415,0.7824367665276843,-0.8234396908542625,-2.1001262320526406
1.1335993819716585,1.3101429057050342,-0.047465574987043076,1.7126416113203482,-2.7410684516375987,2.7839779141035437,0.08217894494575093,0.2729589221111404,-0.22763039099578306,-1.088407061166622,-0.20564038155432937,4.201655243440598,0.43699906667252675,0.8121509647472618,-0.8985522693442518,-2.2939901139137473
1.0746802532198179,0.7655192778281004,-0.04945822157867185,-1.0991764370451715,-2.4712424993656783,3.123863095318225,0.08131568221449227,0.5585732733700776,0.5204068291030933,-1.1373693489521954,-0.35223531170648764,2.711075655019765,0.6098580854920719,0.9714609253666944,-0.9636895748878791,-2.485288674985131
0.6456071222958212,1.2204793052662495,-0.007356812149271039,1.5038199915208679,-1.3418354112180146,2.6218056020903138,0.03961784701569257,-1.6841538386126107,-3.862940463145222,-1.435070534041381,-1.1547667115975406,1.2507601867756633,0.541151556877973,0.8187837140441974,-1.4624843347397323,-2.975157344049965
1.1444383960977513,1.3090637251241832,-0.047465574987043076,1.7126416113203482,-2.7771316937751163,2.7839779141035437,0.08572028347411455,-0.05712169447374435,-0.8511320595341969,-1.0053936130759917,-0.5523395312705072,3.4904869566720853,0.4121980132991015,0.9683919697454657,-0.879004408247327,-2.363724034715317
1.2361507670251188,1.0283548841129595,-0.07301355834746973,1.7575572135409139,-2.3775521557365877,2.7839779141035437,0.08850048084439129,0.17614986010404937,0.7217522950402178,-0.8385613579361392,-0.29277857147269315,5.087458220632414,0.5519336780247353,0.744452122196958,-0.868049088995313,-2.081520307468503
1.2739247134458713,0.5486096764620939,-0.07301355834746973,1.9288598665148817,-3.3055301490882285,2.823344205291779,0.06924725954959669,0.21146352791690964,1.1512013976510291,-0.7030117795921839,-0.08318474768397507,4.124060787517014,0.40884174822619956,0.9281415458048695,-1.0341566502775599,-2.1211437885616946
1.1335993819716585,1.3090637251241832,-0.047465574987043076,1.7126416113203482,-2.848168626824168,2.7839779141035437,0.08572028347411455,-0.08200499770457709,-0.8372744117396604,-1.106955719876914,-0.4631950216779052,3.5852781016352817,0.4121980132991015,0.9683919697454657,-0.8974384201178345,-2.3591744785857833
1.1375082752671075,1.3989042018061542,-0.047465574987043076,1.7180377671518303,-0.9470145588617126,2.7839779141035437,0.07003442094906202,-0.3573649786083931,-0.7400003141485575,-1.1519186935460375,-0.5867339555824022,4.067648918763572,0.44254256959273686,0.9833685904199286,-0.8210425067116691,-2.3789730563517644
1.5898082805354867,1.272110701791076,-0.1938102604020187,0.5242488960854946,0.37572296690130186,-10.521174890771652,0.11119941173807903,1.3237691259877087,-1.3030732389739026,0.48605172915344913,0.9248492364674713,0.6453846327741263,-4.108541454334626,0.09879044074341604,1.9092228744306963,4.1583428784854854
1.5966994995487915,1.272110701791076,-0.1938102604020187,0.5242488960854946,0.427685733829656,-10.511096443739333,0.11119941173807903,1.1958124518708406,-1.1060406050257017,0.48605172915344913,0.9834234328775501,0.6268882631949552,-4.1067414687891715,-0.010355359835704733,1.9162521421560985,4.108837105081917
1.6270945854981507,1.119096162532741,-0.1724813728878617,0.4892411749207203,0.2338213782060303,-10.350340499977019,0.2121348257938859,1.1003459596060878,-1.4682086918631592,0.5018412526599012,0.9226804429953742,0.7036547128185986,-4.2030988612099325,1.2638611662855974,1.9190443061859515,4.174691542101989
1.5768488207664098,1.272006682915134,-0.1938102604020187,0.5525888722064634,0.427685733829656,-10.511096443739333,0.11119941173807903,1.1692618032513018,-0.7600955721741313,0.48507200074800955,1.0181183050289115,0.6510714622771486,-4.102907532509243,0.07593195462587764,1.8132970770771824,4.150400484795486
1.6270945854981507,1.119096162532741,-0.1724813728878617,0.49625414937424855,0.2338213782060303,-10.350340499977019,0.2121348257938859,1.177071888271666,-1.3450114909783795,0.5482268176895753,0.9226804429953742,0.7036547128185986,-4.20423329768809,1.2638611662855974,1.9294981641506403,4.174691542101989
1.5898082805354867,1.205880896092681,-0.1938102604020187,0.5289970485600318,0.3959044730075809,-10.558168066608781,0.11119941173807903,1.052552930606166,-1.524885526922445,0.4753510431599419,0.9370580034549726,0.5695907908559533,-2.908484075600545,0.055856510504275786,1.9161271298529547,4.198352574557392
1.5898082805354867,1.205880896092681,-0.1938102604020187,0.5289970485600318,0.3959044730075809,-10.558168066608781,0.11119941173807903,1.027240699550433,-1.5449291482969159,0.4753510431599419,0.9259900969668399,0.5695907908559533,-2.908484075600545,-0.04445746546873598,1.9244294589146087,4.1811059184094335
1.6219753186707366,1.224111150263386,-0.18231573766005243,0.49684589414381414,0.27169616756990855,-10.098549844460578,0.05878164876174241,0.8227859408703895,-1.2725736222097188,0.4298899429052041,0.7410637116308338,0.8496276789524253,-2.8042223850576735,1.0988304801728064,1.824715036132089,4.406324691345307
1.6470051773004275,1.211473741532285,-0.1724813728878617,0.4939893273952574,0.26740360977527494,-10.376588345008576,0.3455524768694945,0.848870825069096,-1.5137586254635305,0.5703333888759304,0.6627341989464217,0.8535340034959241,-2.9368456426634624,1.3728516759506775,1.9007575229582305,4.211338349045177
1.599537711905922,1.2225318985697649,-0.1938102604020187,0.656933437796811,0.39253868486196436,-10.558168066608781,0.11119941173807903,1.179304141068226,-1.697617768200113,0.5713516220213934,0.9253562505920953,0.6664247718087151,-4.230523099803708,0.03430257656365242,1.8722345859373688,4.206778009478951
1.5768488207664098,1.272006682915134,-0.1938102604020187,0.5525888722064634,0.427685733829656,-10.511096443739333,0.11119941173807903,1.1692618032513018,-0.7600955721741313,0.48507200074800955,1.0181183050289115,0.6510714622771486,-4.102907532509243,0.07593195462587764,1.8132970770771824,4.150400484795486
1.5768488207664098,1.21635378800722,-0.20982227609959342,0.5525888722064634,0.427685733829656,-10.511096443739333,0.11119941173807903,1.1447335395148903,-0.6437583238583147,0.4992686317721498,1.0552362603133736,0.6747957176424043,-4.102907532509243,0.0016764451242109023,1.8151283806259473,4.168590280287528
1.5768488207664098,1.272006682915134,-0.1938102604020187,0.5525888722064634,0.427685733829656,-10.511096443739333,0.11119941173807903,1.1692618032513018,-0.7600955721741313,0.48507200074800955,1.0181183050289115,0.6510714622771486,-4.102907532509243,0.07593195462587764,1.8132970770771824,4.150400484795486
1.6020647268684598,1.1242352631555705,-0.18231573766005243,0.492097741669277,0.21628285725008764,-10.09736263146099,-0.081825238058017,1.0742610754073816,-1.3018013216488624,0.41708317989715993,0.9159846214664641,0.6899888766238574,-4.060242288855809,0.985954788292195,1.8387713488398343,4.405872136661285
1.5898082805354867,1.205880896092681,-0.1938102604020187,0.6639464122503392,0.39253868486196436,-10.558168066608781,0.11119941173807903,1.2524080875462142,-1.5449291482969159,0.4753510431599419,0.9259900969668399,0.6882446952949763,-3.5287422606207826,-0.0838655148209262,1.9244294589146087,4.1811059184094335
1.6219753186707366,1.224111150263386,-0.18231573766005243,0.6317952578341218,0.27210125021286236,-10.098549844460578,0.05878164876174241,1.1044028003934658,-1.2725736222097188,0.4298899429052041,0.7410637116308338,1.064905044728799,-3.368868434642237,1.1150345662562897,1.824715036132089,4.406324691345307
1.6470051773004275,1.211473741532285,-0.1724813728878617,0.6289386910855651,0.26780869241822874,-10.376588345008576,0.3455524768694945,1.1304876845921723,-1.5137586254635305,0.5703333888759304,0.6627341989464217,1.0688113692722978,-3.5014916922480257,1.3890557620341613,1.9007575229582305,4.211338349045177
1.5898082805354867,1.2097342493752337,-0.1938102604020187,0.5242488960854946,0.37572296690130186,-10.558168066608781,0.11119941173807903,1.2739138468136233,-1.5623905414760242,0.4753510431599419,0.9248492364674713,0.6097298423432206,-4.146987936571846,0.04882747797168634,1.9220839033964727,4.186880781752338
1.5898082805354867,1.2097342493752337,-0.1938102604020187,0.5242488960854946,0.37572296690130186,-10.558168066608781,0.11119941173807903,1.2486016157578903,-1.5824341628504954,0.4753510431599419,0.9137813299793386,0.6097298423432206,-4.146987936571846,-0.051486498001325445,1.9303862324581267,4.16963412560438
1.6470051773004275,1.2153270948148378,-0.1724813728878617,0.4892411749207203,0.2407719973934977,-10.376588345008576,0.3455524768694945,1.1018005785198104,-1.4599357345690014,0.5703333888759304,0.6419696090495939,0.9783339142944377,-4.115738967791448,1.350593164765458,1.9067142965017476,4.199866556240123
1.5898082805354867,1.2097342493752337,-0.1938102604020187,0.5242488960854946,0.37572296690130186,-10.558168066608781,0.11119941173807903,1.2739138468136233,-1.5623905414760242,0.4753510431599419,0.9248492364674713,0.6097298423432206,-4.146987936571846,0.04882747797168634,1.9220839033964727,4.186880781752338
1.6270945854981507,1.2151417561136226,-0.1724813728878617,0.4892411749207203,0.2338559437626065,-10.376588345008576,0.2593664605004686,1.1003459596060878,-1.5275678696119348,0.5575266258678863,0.8364856658442876,0.6914306813066099,-4.115738967791448,1.259227819285549,1.9148138356659754,4.218817442845014
1.5898082805354867,1.2097342493752337,-0.1938102604020187,0.5242488960854946,0.37572296690130186,-10.558168066608781,0.11119941173807903,1.2739138468136233,-1.5623905414760242,0.4753510431599419,0.9248492364674713,0.6097298423432206,-4.146987936571846,0.04882747797168634,1.9220839033964727,4.186880781752338
1.5898082805354867,1.2097342493752337,-0.1938102604020187,0.5242488960854946,0.37572296690130186,-10.558168066608781,0.11119941173807903,1.2486016157578903,-1.5824341628504954,0.4753510431599419,0.9137813299793386,0.6097298423432206,-4.146987936571846,-0.051486498001325445,1.9303862324581267,4.16963412560438
1.6270945854981507,1.2151417561136226,-0.1724813728878617,0.4892411749207203,0.2338559437626065,-10.376588345008576,0.2593664605004686,1.1003459596060878,-1.5275678696119348,0.5575266258678863,0.8364856658442876,0.6914306813066099,-4.115738967791448,1.259227819285549,1.9148138356659754,4.218817442845014
1.6271590817448136,1.2766299114210051,-0.1938102604020187,1.4472892146861671,0.4359498117999246,-0.8237154550446197,0.13302731616765157,1.6064755704398614,-1.8693359990383185,0.6884059159280899,1.0456736243294076,0.8053725327489828,2.594953306827469,0.024965446359037746,2.215751560116051,5.20582374189132
1.6271590817448136,1.2766299114210051,-0.1938102604020187,1.4472892146861671,0.4359498117999246,-0.8237154550446197,0.13302731616765157,1.5811633393841287,-1.8893796204127897,0.6884059159280899,1.0346057178412749,0.8053725327489828,2.594953306827469,-0.07534852961397409,2.224053889177705,5.188577085743361
1.659326119880063,1.2410535196984327,-0.18231573766005243,1.422151034723478,0.3186574611201046,-0.4629439289046648,-0.02070511375431183,1.5098839808969582,-1.4344677156920365,0.6336450074950407,0.935874109656356,1.131021426532915,2.9588919982311346,1.2292133541818364,2.0938281038292623,5.409311725760208
1.6843559785097544,1.2284161109673315,-0.1724813728878617,1.4192944679749213,0.314364903325471,-0.7409824294526605,0.2660657143534402,1.5359688650956647,-1.675652718945848,0.7740884534657674,0.857544596971944,1.1349277510764137,2.8262687406253453,1.5032345499597084,2.169870590655403,5.214325383460079
1.6045215072530383,1.1998985037210035,-0.08338765429034764,1.409247140076167,0.32820435053961844,-4.762320983978436,-0.08618617413991844,1.7347484022583588,-1.4271350287586557,0.7158269413573929,1.1379645447464415,1.1466568203559209,-3.2832379368563194,1.0354416014252694,2.0855692888368482,5.75142602975002
1.6295513658827296,1.1219896533133387,-0.0735532895181569,1.4063905733276103,0.32391179274498483,-5.822451360906618,0.14580891618669287,1.8722410316398306,-1.3569872335967177,0.6347030131185488,1.0556009290554416,1.161123119619776,-3.3083669251027734,1.4169570665624753,2.1499156652500715,5.612563002814975
1.5898082805354867,1.2097342493752337,-0.1938102604020187,0.5172359216319663,0.37572296690130186,-10.558168066608781,0.11119941173807903,1.1971879181480451,-1.6855877423608048,0.42896547813026853,0.9248492364674713,0.6097298423432206,-4.145853500093689,0.04882747797168634,1.911630045431784,4.186880781752338
1.6219753186707366,1.2279645035459388,-0.18231573766005243,0.492097741669277,0.24506455518813122,-10.098549844460578,0.05878164876174241,1.0712784718126778,-1.3100786367632984,0.4298899429052041,0.7288549446433326,0.8995441792856206,-4.057955724681605,1.0765719689875866,1.830671809675607,4.394852898540253
1.5898082805354867,1.2097342493752337,-0.1938102604020187,0.5242488960854946,0.37572296690130186,-10.558168066608781,0.11119941173807903,1.2739138468136233,-1.5623905414760242,0.4753510431599419,0.9248492364674713,0.6097298423432206,-4.146987936571846,0.04882747797168634,1.9220839033964727,4.186880781752338
1.5898082805354867,1.2097342493752337,-0.1938102604020187,0.5242488960854946,0.37572296690130186,-10.558168066608781,0.11119941173807903,1.2486016157578903,-1.5824341628504954,0.4753510431599419,0.9137813299793386,0.6097298423432206,-4.146987936571846,-0.051486498001325445,1.9303862324581267,4.16963412560438
1.6219753186707366,1.2279645035459388,-0.18231573766005243,0.492097741669277,0.24506455518813122,-10.098549844460578,0.05878164876174241,1.0712784718126778,-1.3100786367632984,0.4298899429052041,0.7288549446433326,0.8995441792856206,-4.057955724681605,1.0765719689875866,1.830671809675607,4.394852898540253
1.6270945854981507,1.2151417561136226,-0.1724813728878617,0.4892411749207203,0.2338559437626065,-10.376588345008576,0.2593664605004686,1.1003459596060878,-1.5275678696119348,0.5575266258678863,0.8364856658442876,0.6914306813066099,-4.115738967791448,1.259227819285549,1.9148138356659754,4.218817442845014
1.5809577483325568,1.3769348602961418,-0.08912088075981048,1.3929758271865211,0.41188294457048763,-3.2890697589503297,0.3253055632156073,1.8759679855483848,-1.5501105221854288,0.5638558357281275,1.1965105212019378,1.0073792004945985,-8.232043810797418,0.2728787693565328,2.149422930869836,5.528789318622371
1.5330576170597836,1.1141889891075647,-0.08339745359792673,1.3678376472238318,0.3300465672015636,-2.487808126263924,-0.08618617413991844,1.7807764025327841,-1.4247682328727997,0.6888430540711322,1.1970563486358592,1.1056976254140412,-8.313085157062185,1.086409856017293,2.199542963320219,5.612663519989569
1.5861213637292664,1.300602435447521,-0.06792880706716971,1.42695456587227,0.44279828881593264,-1.8741067150300097,0.18909145727697516,1.9329462476042991,-1.6944538510178535,0.4911086551395143,1.1458182407421418,0.8897332434359524,-7.493161669621204,0.050360433587446116,2.1846753125236,6.092507506203695
1.5983778100622394,1.2648692957839276,-0.056434284325203435,1.4018163859095811,0.3185898845052215,-1.5133351888900546,-0.05082698901401414,1.795260839999302,-1.4001868366687784,0.42354098369842097,1.1622051953280619,1.0008985953839324,-6.889384761358882,1.2832476104334065,2.070181267602946,6.364569237692815
1.6270945854981507,1.119096162532741,-0.1724813728878617,0.49625414937424855,0.2338213782060303,-10.350340499977019,0.2121348257938859,1.177071888271666,-1.3450114909783795,0.5482268176895753,0.9226804429953742,0.7036547128185986,-4.20423329768809,1.2638611662855974,1.9294981641506403,4.174691542101989
1.574907366293886,1.2164289475170678,-0.20982227609959342,0.5525888722064634,0.43665456626410887,-10.511096443739333,0.11119941173807903,1.1572835209346675,-0.5620826284872972,0.597303693107241,1.0486664400147279,0.6714973452099606,-4.102907532509243,0.06783891328208154,1.8132970770771824,4.158068401202556
1.5768488207664098,1.21635378800722,-0.20982227609959342,0.5525888722064634,0.427685733829656,-10.511096443739333,0.11119941173807903,1.1447335395148903,-0.6437583238583147,0.4992686317721498,1.0552362603133736,0.6747957176424043,-4.102907532509243,0.0016764451242109023,1.8151283806259473,4.168590280287528
1.6270945854981507,1.119096162532741,-0.1724813728878617,0.49625414937424855,0.2338213782060303,-10.350340499977019,0.2121348257938859,1.198718562287492,-1.299297288888826,0.5482268176895753,0.9226804429953742,0.724960868821025,-4.183127327791042,1.2206485985463689,2.0239124637448636,4.133683014350174
1.5898082805354867,1.2097342493752337,-0.1938102604020187,0.5242488960854946,0.37572296690130186,-10.521174890771652,0.11119941173807903,1.3438231949314354,-1.336912393069123,0.4753510431599419,0.9137813299793386,0.6314123909894978,-4.108541454334626,-0.001523535229595795,1.9175252034923502,4.141096222337526
1.6270945854981507,1.2151417561136226,-0.1724813728878617,0.4892411749207203,0.2338559437626065,-10.376588345008576,0.2593664605004686,1.1003459596060878,-1.5275678696119348,0.5575266258678863,0.8364856658442876,0.6914306813066099,-4.115738967791448,1.259227819285549,1.9148138356659754,4.218817442845014
1.6020647268684598,1.2277791648447236,-0.18231573766005243,0.492097741669277,0.23814850155724007,-10.098549844460578,-0.027404367607283493,1.0742610754073816,-1.2863828663581236,0.41708317989715993,0.9148151785286992,0.687524356763111,-3.9831157101856616,0.9852066235076783,1.8387713488398343,4.413803785145143
1.6270945854981507,1.2151417561136226,-0.1724813728878617,0.4892411749207203,0.2338559437626065,-10.376588345008576,0.2593664605004686,1.1003459596060878,-1.5275678696119348,0.5575266258678863,0.8364856658442876,0.6914306813066099,-4.115738967791448,1.259227819285549,1.9148138356659754,4.218817442845014
1.5768488207664098,1.272006682915134,-0.1938102604020187,0.5525888722064634,0.427685733829656,-10.511096443739333,0.11119941173807903,1.1692618032513018,-0.7600955721741313,0.48507200074800955,1.0181183050289115,0.6510714622771486,-4.102907532509243,0.07593195462587764,1.8132970770771824,4.150400484795486
1.5768488207664098,1.21635378800722,-0.20982227609959342,0.5525888722064634,0.427685733829656,-10.511096443739333,0.11119941173807903,1.1447335395148903,-0.6437583238583147,0.4992686317721498,1.0552362603133736,0.6747957176424043,-4.102907532509243,0.0016764451242109023,1.8151283806259473,4.168590280287528
1.6020647268684598,1.1261010414513704,-0.18231573766005243,0.4991107161228052,0.23811393600066388,-10.09736263146099,-0.081825238058017,1.1509870040729595,-1.1038264877245678,0.4077833717188488,1.0010099556797858,0.6997483882750999,-4.036502998461574,0.9842074406952545,1.8534556773244995,4.423714931017038
1.6270945854981507,1.119096162532741,-0.1724813728878617,0.49625414937424855,0.2338213782060303,-10.350340499977019,0.2121348257938859,1.177071888271666,-1.3450114909783795,0.5482268176895753,0.9226804429953742,0.7036547128185986,-4.20423329768809,1.2638611662855974,1.9294981641506403,4.174691542101989
1.5768488207664098,1.272006682915134,-0.1938102604020187,0.5525888722064634,0.427685733829656,-10.511096443739333,0.11119941173807903,1.1692618032513018,-0.7600955721741313,0.48507200074800955,1.0181183050289115,0.6510714622771486,-4.102907532509243,0.07593195462587764,1.8132970770771824,4.150400484795486
1.5966994995487915,1.272110701791076,-0.1938102604020187,0.5242488960854946,0.427685733829656,-10.511096443739333,0.11119941173807903,1.1958124518708406,-1.1060406050257017,0.48605172915344913,0.9834234328775501,0.6268882631949552,-4.1067414687891715,-0.010355359835704733,1.9162521421560985,4.108837105081917
1.6020647268684598,1.1261010414513704,-0.18231573766005243,0.492097741669277,0.23811393600066388,-10.09736263146099,-0.081825238058017,1.0742610754073816,-1.227023688609348,0.36139780668917476,1.0010099556797858,0.6997483882750999,-4.035368561983417,0.9842074406952545,1.8430018193598103,4.423714931017038
1.6270945854981507,1.119096162532741,-0.1724813728878617,0.49625414937424855,0.2338213782060303,-10.350340499977019,0.2121348257938859,1.177071888271666,-1.3450114909783795,0.5482268176895753,0.9226804429953742,0.7036547128185986,-4.20423329768809,1.2638611662855974,1.9294981641506403,4.174691542101989
1.599537711905922,1.2225318985697649,-0.1938102604020187,0.6639464122503392,0.39253868486196436,-10.558168066608781,0.11119941173807903,1.256030069733804,-1.5744205673153324,0.6177371870510671,0.9253562505920953,0.6664247718087151,-4.2316575362818645,0.03430257656365242,1.8826884439020575,4.206778009478951
1.599537711905922,1.2225318985697649,-0.1938102604020187,0.6639464122503392,0.39253868486196436,-10.558168066608781,0.11119941173807903,1.2307178386780713,-1.5944641886898032,0.6177371870510671,0.9142883441039625,0.6664247718087151,-4.2316575362818645,-0.06601139940935938,1.8909907729637114,4.189531353330992
1.6567346086708628,1.2281247440093688,-0.1724813728878617,0.6289386910855651,0.26780869241822874,-10.376588345008576,0.3455524768694945,1.1087974357240293,-1.5632936658564178,0.7127195327670556,0.6510324460835444,1.0469914457860363,-4.204406967909107,1.4069098774457278,1.867318837007333,4.219763783966736
1.6317047500411719,1.2407621527404702,-0.18231573766005243,0.6317952578341218,0.27210125021286236,-10.098549844460578,0.05878164876174241,1.0827125515253229,-1.3221086626026062,0.5722760867963289,0.7293619587679567,1.0430851212425376,-4.071783710303321,1.1328886816678565,1.7912763501811917,4.414750126266865
1.6567346086708628,1.2281247440093688,-0.1724813728878617,0.6289386910855651,0.26780869241822874,-10.376588345008576,0.3455524768694945,1.1132346582324555,-1.4719657604083096,0.7127195327670556,0.6424766231742178,1.1218748562513547,-4.129566953413165,1.4069098774457278,1.867318837007333,4.219763783966736
1.5898082805354867,1.2097342493752337,-0.1938102604020187,0.5242488960854946,0.37572296690130186,-10.558168066608781,0.11119941173807903,1.2739138468136233,-1.5623905414760242,0.4753510431599419,0.9248492364674713,0.6097298423432206,-4.146987936571846,0.04882747797168634,1.9220839033964727,4.186880781752338
1.6219753186707366,1.2279645035459388,-0.18231573766005243,0.492097741669277,0.24506455518813122,-10.098549844460578,0.05878164876174241,1.075715694321104,-1.2187507313151897,0.4298899429052041,0.7202991217340058,0.974427589750939,-3.9831157101856616,1.0765719689875866,1.830671809675607,4.394852898540253
1.6270945854981507,1.2151417561136226,-0.1724813728878617,0.4892411749207203,0.2338559437626065,-10.376588345008576,0.2593664605004686,1.1003459596060878,-1.5275678696119348,0.5575266258678863,0.8364856658442876,0.6914306813066099,-4.115738967791448,1.259227819285549,1.9148138356659754,4.218817442845014
1.5898082805354867,1.2097342493752337,-0.1938102604020187,0.5242488960854946,0.37572296690130186,-10.558168066608781,0.11119941173807903,1.2739138468136233,-1.5623905414760242,0.4753510431599419,0.9248492364674713,0.6097298423432206,-4.146987936571846,0.04882747797168634,1.9220839033964727,4.186880781752338
1.5898082805354867,1.2097342493752337,-0.1938102604020187,0.5242488960854946,0.37572296690130186,-10.558168066608781,0.11119941173807903,1.2486016157578903,-1.5824341628504954,0.4753510431599419,0.9137813299793386,0.6097298423432206,-4.146987936571846,-0.051486498001325445,1.9303862324581267,4.16963412560438
1.6219753186707366,1.2279645035459388,-0.18231573766005243,0.492097741669277,0.24506455518813122,-10.098549844460578,0.05878164876174241,1.0712784718126778,-1.3100786367632984,0.4298899429052041,0.7288549446433326,0.8995441792856206,-4.057955724681605,1.0765719689875866,1.830671809675607,4.394852898540253
1.6270945854981507,1.2151417561136226,-0.1724813728878617,0.4892411749207203,0.2338559437626065,-10.376588345008576,0.2593664605004686,1.1003459596060878,-1.5275678696119348,0.5575266258678863,0.8364856658442876,0.6914306813066099,-4.115738967791448,1.259227819285549,1.9148138356659754,4.218817442845014
1.6493285748851823,1.2901998484978026,-0.09488217703231391,1.42695456587227,0.4463095412281171,-1.8310910757191137,0.11765322588446425,1.8520882897767341,-1.8364974826562068,0.6357550328372904,1.2481693366680182,0.6995805712011185,2.236771093874808,-0.05945165258394539,2.2964747414011577,5.934368123961131
1.6814956130204322,1.2546234567752301,-0.08338765429034764,1.4018163859095811,0.32715703756846204,-1.4703195495791583,-0.03607920403749912,1.7928716952845065,-1.3274175956800534,0.5796162588478188,1.0678009987151584,1.1063241931023975,2.611791856214389,1.1828442732565458,2.166518040956587,5.956483049030552
1.5880914798303134,1.3769348602961418,-0.08912088075981048,1.3929758271865211,0.41188294457048763,-3.2170775641225475,0.3253055632156073,1.9423509781743689,-1.5680903987423025,0.5638558357281275,1.119395511336736,1.029089399637424,-6.7576944287282394,0.2728787693565328,2.149422930869836,5.528789318622371
1.5401913485575403,1.1141889891075647,-0.08339745359792673,1.3678376472238318,0.3300465672015636,-2.415815931436142,-0.08618617413991844,1.7807764025327841,-1.4247682328727997,0.6888430540711322,1.1970563486358592,1.1106365321844818,-6.8372437893883,1.086409856017293,2.199542963320219,5.612663519989569
1.6253777847929776,1.0362801386998999,-0.06779199324565345,1.364981080475275,0.32575400940693,-3.1478768687434675,0.14580891618669287,1.9032583863399726,-1.3546204377108617,0.6354836741712414,1.1172267178646391,1.125102831448337,-7.048888415993582,1.2814096827956691,2.108766071997316,5.476398396789744
1.5898082805354867,1.2097342493752337,-0.1938102604020187,0.5242488960854946,0.37572296690130186,-10.558168066608781,0.11119941173807903,1.2486016157578903,-1.5824341628504954,0.4753510431599419,0.9137813299793386,0.6097298423432206,-4.146987936571846,-0.051486498001325445,1.9303862324581267,4.16963412560438
1.5898082805354867,1.2097342493752337,-0.1938102604020187,0.5242488960854946,0.37572296690130186,-10.521174890771652,0.11119941173807903,1.3691354259871684,-1.3168687716946514,0.4753510431599419,0.9248492364674713,0.6314123909894978,-4.108541454334626,0.09879044074341604,1.9092228744306963,4.1583428784854854
1.5898082805354867,1.2097342493752337,-0.1938102604020187,0.5242488960854946,0.37572296690130186,-10.558168066608781,0.11119941173807903,1.2486016157578903,-1.5824341628504954,0.4753510431599419,0.9137813299793386,0.6097298423432206,-4.146987936571846,-0.051486498001325445,1.9303862324581267,4.16963412560438
1.6219753186707366,1.2279645035459388,-0.18231573766005243,0.492097741669277,0.24506455518813122,-10.098549844460578,0.05878164876174241,1.075715694321104,-1.2187507313151897,0.4298899429052041,0.7202991217340058,0.974427589750939,-3.9831157101856616,1.0765719689875866,1.830671809675607,4.394852898540253
1.6270945854981507,1.2151417561136226,-0.1724813728878617,0.4892411749207203,0.2338559437626065,-10.376588345008576,0.2593664605004686,1.1003459596060878,-1.5275678696119348,0.5575266258678863,0.8364856658442876,0.6914306813066099,-4.115738967791448,1.259227819285549,1.9148138356659754,4.218817442845014
1.5681808880280366,1.3767495215949266,-0.08912088075981048,1.3929758271865211,0.4049668909395964,-3.2170775641225475,0.23911954684658135,1.8745133666346625,-1.6177426572283617,0.5510490727200833,1.3910265779966315,0.7254148742772113,-6.75620244312353,0.18151342387662442,2.157522470034063,5.547740205227261
1.5681808880280366,1.3767495215949266,-0.08912088075981048,1.3929758271865211,0.4049668909395964,-3.2170775641225475,0.23911954684658135,1.8492011355789297,-1.637786278602833,0.5510490727200833,1.3799586715084988,0.7254148742772113,-6.75620244312353,0.0811994479036126,2.165824799095717,5.530493549079303
1.5401913485575403,1.1141603983473705,-0.08339745359792673,1.3678376472238318,0.3300465672015636,-2.415815931436142,-0.08618617413991844,1.7873234907296882,-1.281298281906899,0.6888430540711322,1.1970563486358592,1.1106365321844818,-6.8372437893883,1.086409856017293,2.2002130911183104,5.5634205581526945
1.553188208051914,1.2985742304543533,-0.06792880706716971,1.42695456587227,0.4358822351850415,-1.7956927989263407,0.10290544090794923,1.9828293960168277,-1.8384256996385318,0.481952344951126,1.330218733821832,0.6285902371614026,-7.105096781568255,-0.01920793396037601,2.175679748331098,5.89672530853304
1.553188208051914,1.2985742304543533,-0.06792880706716971,1.42695456587227,0.4358822351850415,-1.7956927989263407,0.10290544090794923,1.957517164961095,-1.8584693210130026,0.481952344951126,1.3191508273336994,0.6285902371614026,-7.105096781568255,-0.11952190993338786,2.183982077392752,5.879478652385082
1.6103851048168547,1.2503604300006799,-0.046599919553012695,1.3989598191610244,0.3142973267105879,-1.7129597733343815,0.2359438390937379,1.905498112353776,-1.5249088171904757,0.567634882488803,1.073760118928646,1.0305651466407095,-6.531440819686622,1.6815680953684666,2.1297987788704495,5.9052269501018
1.599537711905922,1.2225318985697649,-0.1938102604020187,0.656933437796811,0.39253868486196436,-10.558168066608781,0.11119941173807903,1.179304141068226,-1.697617768200113,0.5713516220213934,0.9253562505920953,0.6664247718087151,-4.230523099803708,0.03430257656365242,1.8722345859373688,4.206778009478951
1.599537711905922,1.2225318985697649,-0.1938102604020187,0.6639464122503392,0.39253868486196436,-10.558168066608781,0.11119941173807903,1.2307178386780713,-1.5944641886898032,0.6177371870510671,0.9142883441039625,0.6664247718087151,-4.2316575362818645,-0.06601139940935938,1.8909907729637114,4.189531353330992
1.6317047500411719,1.2407621527404702,-0.18231573766005243,0.6317952578341218,0.27210125021286236,-10.098549844460578,0.05878164876174241,1.0827125515253229,-1.3221086626026062,0.5722760867963289,0.7293619587679567,1.0430851212425376,-4.071783710303321,1.1328886816678565,1.7912763501811917,4.414750126266865
1.5898082805354867,1.2097342493752337,-0.1938102604020187,0.5242488960854946,0.37572296690130186,-10.558168066608781,0.11119941173807903,1.2486016157578903,-1.5824341628504954,0.4753510431599419,0.9137813299793386,0.6097298423432206,-4.146987936571846,-0.051486498001325445,1.9303862324581267,4.16963412560438
1.6219753186707366,1.2279645035459388,-0.18231573766005243,0.492097741669277,0.24506455518813122,-10.098549844460578,0.05878164876174241,1.0712784718126778,-1.3100786367632984,0.4298899429052041,0.7288549446433326,0.8995441792856206,-4.057955724681605,1.0765719689875866,1.830671809675607,4.394852898540253
1.6493285748851823,1.4468211429352569,-0.09488217703231391,1.4343853200388559,0.41278373495367815,-4.605135756192711,0.26141181154827536,1.871484249438869,-1.701184461683938,0.5299375687401665,1.329400789187434,0.6639586461875924,-0.83832324825439,0.16012512120488218,2.199297428495265,5.867866497228414
1.6493285748851823,1.4468211429352569,-0.09488217703231391,1.4343853200388559,0.41278373495367815,-4.605135756192711,0.26141181154827536,1.8461720183831363,-1.7212280830584088,0.5299375687401665,1.3183328826993013,0.6639586461875924,-0.83832324825439,0.05981114523187041,2.207599757556919,5.850619841080456
1.6814956130204322,1.1969787368550375,-0.08338765429034764,1.409247140076167,0.2936312312940232,-3.685189654210022,-0.14193447596654352,1.7408522180445145,-1.36083099689627,0.4737987947506947,1.1379645447464415,1.0707022680888714,-1.225506097662528,0.7571703504522049,2.0897979190033076,5.869857234380019
1.7065254716501232,1.119098477207567,-0.0735532895181569,1.4063905733276103,0.2893386734993896,-4.47945915705689,0.19451372841276862,1.8717977592290822,-1.4341531527002327,0.6142422407214211,1.0556009290554416,1.0851685673527265,-0.9670816241698237,1.4222392773285695,2.1534164590346174,5.780237169281849
1.5880914798303134,1.449025832848039,-0.09488217703231391,1.4343853200388559,0.4542729078301648,-5.924511714846264,0.3253055632156073,1.8733821407633398,-1.5563864075374896,0.5330242401459938,1.1348847323927402,1.0268164314424697,-3.205472251502494,0.2699228888267555,2.119779015922527,5.649220407294183
1.5681808880280366,1.4488404941468238,-0.09488217703231391,1.4343853200388559,0.44735685419927357,-5.924511714846264,0.23911954684658135,1.8466152907938846,-1.6440621639548938,0.5202174771379496,1.3183328826993013,0.7399131984546421,-3.205472251502494,0.07824356737383523,2.1361808841484082,5.650924637751115
1.6253777847929776,1.1211178284191339,-0.0735532895181569,1.4063905733276103,0.32391179274498483,-5.822451360906618,0.14580891618669287,1.8722410316398306,-1.3569872335967177,0.6045221491192047,1.0556009290554416,1.161123119619776,-3.37300768121931,1.4036043454191256,2.082055842463125,5.612563002814975
1.5898082805354867,1.2097342493752337,-0.1938102604020187,0.5242488960854946,0.37572296690130186,-10.558168066608781,0.11119941173807903,1.2739138468136233,-1.5623905414760242,0.4753510431599419,0.9248492364674713,0.6097298423432206,-4.146987936571846,0.04882747797168634,1.9220839033964727,4.186880781752338
1.6020647268684598,1.2277791648447236,-0.18231573766005243,0.492097741669277,0.23814850155724007,-10.098549844460578,-0.027404367607283493,1.0742610754073816,-1.2863828663581236,0.41708317989715993,0.9148151785286992,0.687524356763111,-3.9831157101856616,0.9852066235076783,1.8387713488398343,4.413803785145143
1.6270945854981507,1.2151417561136226,-0.1724813728878617,0.4892411749207203,0.2338559437626065,-10.376588345008576,0.2593664605004686,1.1003459596060878,-1.5275678696119348,0.5575266258678863,0.8364856658442876,0.6914306813066099,-4.115738967791448,1.259227819285549,1.9148138356659754,4.218817442845014
1.5880914798303134,1.449025832848039,-0.09488217703231391,1.4343853200388559,0.4542729078301648,-5.924511714846264,0.3253055632156073,1.8733821407633398,-1.5563864075374896,0.5330242401459938,1.1348847323927402,1.0268164314424697,-3.205472251502494,0.2699228888267555,2.119779015922527,5.649220407294183
1.5880914798303134,1.449025832848039,-0.09488217703231391,1.4343853200388559,0.4542729078301648,-5.924511714846264,0.3253055632156073,1.848069909707607,-1.5764300289119608,0.5330242401459938,1.1238168259046075,1.0268164314424697,-3.205472251502494,0.16960891285374355,2.128081344984181,5.631973751146225
1.5401913485575403,1.1990266788267987,-0.08338765429034764,1.409247140076167,0.32820435053961844,-4.762320983978436,-0.08618617413991844,1.7347484022583588,-1.4271350287586557,0.6966363156211816,1.1379645447464415,1.1466568203559209,-3.2962836908667223,1.0736838823880535,2.2634215540402343,5.75142602975002
1.6253777847929776,1.1211464191793281,-0.0735532895181569,1.4063905733276103,0.32391179274498483,-5.822451360906618,0.14580891618669287,1.8656939434429265,-1.5004571845626185,0.6045221491192047,1.0556009290554416,1.161123119619776,-3.37300768121931,1.4036043454191256,2.0813857146650334,5.661805964651849
1.5880914798303134,1.449025832848039,-0.09488217703231391,1.4343853200388559,0.4542729078301648,-5.924511714846264,0.3253055632156073,1.8733821407633398,-1.5563864075374896,0.5330242401459938,1.1348847323927402,1.0268164314424697,-3.205472251502494,0.2699228888267555,2.119779015922527,5.649220407294183
1.5401913485575403,1.1989980880666045,-0.08338765429034764,1.409247140076167,0.32820435053961844,-4.762320983978436,-0.08618617413991844,1.7412954904552629,-1.283665077792755,0.6966363156211816,1.1379645447464415,1.1466568203559209,-3.2962836908667223,1.0736838823880535,2.264091681838326,5.702183067913145
1.6253777847929776,1.1211178284191339,-0.0735532895181569,1.4063905733276103,0.32391179274498483,-5.822451360906618,0.14580891618669287,1.8722410316398306,-1.3569872335967177,0.6045221491192047,1.0556009290554416,1.161123119619776,-3.37300768121931,1.4036043454191256,2.082055842463125,5.612563002814975
1.5730987998541908,1.2987595691555684,-0.06792880706716971,1.42695456587227,0.44279828881593264,-1.7956927989263407,0.18909145727697516,1.98428401493055,-1.7707935645955988,0.49475910795917,1.1357026770271383,0.9154934701492304,-7.105096781568255,0.07215741151953241,2.167580209166871,5.87777442192815
1.553188208051914,1.2985742304543533,-0.06792880706716971,1.42695456587227,0.4358822351850415,-1.7956927989263407,0.10290544090794923,1.957517164961095,-1.8584693210130026,0.481952344951126,1.3191508273336994,0.6285902371614026,-7.105096781568255,-0.11952190993338786,2.183982077392752,5.879478652385082
1.5853552461871638,1.2629978387317808,-0.056434284325203435,1.4018163859095811,0.3185898845052215,-1.4349212727863854,-0.05082698901401414,1.853145695522457,-1.3330565992806225,0.4271914365180767,1.1520896316130584,1.0266588220972108,-6.501319873305936,1.3050445883654929,2.0537562920443087,6.100593191580395
1.6103851048168547,1.2503604300006799,-0.046599919553012695,1.3989598191610244,0.3142973267105879,-1.7129597733343815,0.2359438390937379,1.905498112353776,-1.5249088171904757,0.567634882488803,1.073760118928646,1.0305651466407095,-6.531440819686622,1.6815680953684666,2.1297987788704495,5.9052269501018
1.5662107719269895,1.3004170967463058,-0.06792880706716971,1.42695456587227,0.4358822351850415,-1.8741067150300097,0.10290544090794923,1.9314916286905768,-1.762085986060787,0.4783018921314703,1.3403342975368355,0.6028300104481243,-7.493161669621204,-0.04100491189246228,2.192774851687827,6.1114583928085855
1.5983778100622394,1.2648692957839276,-0.056434284325203435,1.4018163859095811,0.3185898845052215,-1.5133351888900546,-0.05082698901401414,1.795260839999302,-1.4001868366687784,0.42354098369842097,1.1622051953280619,1.0008985953839324,-6.889384761358882,1.2832476104334065,2.070181267602946,6.364569237692815
1.6234076686919305,1.2522032962926324,-0.046599919553012695,1.3989598191610244,0.3142973267105879,-1.7913736894380505,0.2359438390937379,1.8541603450275248,-1.4485691036127308,0.5639844296691473,1.0838756826436495,1.0048049199274312,-6.91950570773957,1.6597711174363803,2.1468938822271784,6.119960034377345
1.6256860161086617,1.3498385606726042,-0.02917501605055471,1.4263960059664014,0.45864795426347554,1.8710282097459359,0.2525625293655977,1.015198476798028,-1.5019843869176777,0.4689879771698753,0.5901228519299373,1.1132515857158254,0.43607154611718,0.6104459886377916,2.457882032654713,5.44470980635716
1.6256860161086617,1.3498385606726042,-0.02917501605055471,1.4263960059664014,0.45864795426347554,1.8710282097459359,0.2525625293655977,0.9898862457422948,-1.522028008292149,0.4689879771698753,0.5790549454418046,1.1132515857158254,0.43607154611718,0.5101320126647796,2.466184361716367,5.427463150209202
1.5777858848358886,1.1665999242749099,-0.1394646089043622,1.4012578260037123,0.33257939697292926,1.450688981553075,-0.27702986309417565,0.8416650137540113,-1.5733633564301928,0.8370004034936133,0.6616253432575923,1.2163206822568917,-0.013562344585078132,0.10411265135483944,2.5969014098838317,5.508122217645389
1.6629723210713259,1.2325108553748787,-0.09331085216656576,1.3984012592551556,0.32828683917829565,1.7086804179196329,0.022514121750595324,0.9615378275240424,-1.4326393698592643,0.5404858861430856,0.6120851823852935,1.2307869815207468,0.24594631416486204,1.752154927680653,2.419142065994991,5.4231635035862285
1.618552284610905,1.2062008238645134,-0.023413719778051276,1.3849865131140664,0.4162579910037984,0.3910779352661369,0.2525625293655977,1.4702604723774735,-1.7183152900531007,0.5530654934126332,0.6517486407391349,1.023833485001458,-8.995327675635112,0.5372646314390342,2.48685581980393,5.245030664059031
1.618552284610905,1.2061722331043192,-0.023413719778051276,1.3849865131140664,0.4162579910037984,0.3910779352661369,0.2525625293655977,1.4514953295186446,-1.5948889604616707,0.5530654934126332,0.6406807342510021,1.023833485001458,-8.995327675635112,0.4369506554660221,2.4958282766636755,5.178541046074198
1.5706521533381317,1.0101868795392879,-0.13947440821194126,1.359848333151377,0.3344216136348744,0.20851125828244463,-0.27702986309417565,1.2720373669490799,-1.6145188550008165,0.8452971189435613,0.72071714714701,1.1053806175485157,-8.840938999876698,0.6349538606167581,2.5330228191638153,5.2603533654060985
1.655838589573569,1.076097810639257,-0.08754955589406231,1.3569917664028204,0.3301290558402408,0.3549163422427932,0.022514121750595324,1.404380136959911,-1.473794868429888,0.6246933318557469,0.6737109711944911,1.1198469168123708,-9.156006769406519,1.7084197086628092,2.445852295529181,5.177992555082158
1.5401913485575403,1.1141889891075647,-0.08339745359792673,1.3678376472238318,0.3300465672015636,-2.415815931436142,-0.08618617413991844,1.7807764025327841,-1.4247682328727997,0.6888430540711322,1.1970563486358592,1.1106365321844818,-6.8372437893883,1.086409856017293,2.199542963320219,5.612663519989569
1.6253777847929776,1.0363087294600941,-0.06779199324565345,1.364981080475275,0.32575400940693,-3.1478768687434675,0.14580891618669287,1.8967112981430685,-1.4980903886767625,0.6354836741712414,1.1172267178646391,1.125102831448337,-7.048888415993582,1.2814096827956691,2.108095944199224,5.525641358626618
1.5723544691177886,1.4497123190410286,-0.09488217703231391,1.4343853200388559,0.44735685419927357,-5.924511714846264,0.23911954684658135,1.8719275218496174,-1.6240185425804226,0.5503983411372938,1.329400789187434,0.7399131984546421,-3.140831495385957,0.19191026449019663,2.1957383778737007,5.668171293899073
1.5922650609200655,1.4498976577422438,-0.09488217703231391,1.4343853200388559,0.4542729078301648,-5.924511714846264,0.3253055632156073,1.914452902333591,-1.594409905468834,0.563205104145338,1.0467018160394057,1.0435877238148548,-3.142323480990666,0.18296163399709311,2.1959411677711276,5.631973751146225
1.6045215072530383,1.1998985037210035,-0.08338765429034764,1.409247140076167,0.32820435053961844,-4.762320983978436,-0.08618617413991844,1.7347484022583588,-1.4271350287586557,0.7158269413573929,1.1379645447464415,1.1466568203559209,-3.2832379368563194,1.0354416014252694,2.0855692888368482,5.75142602975002
1.6295513658827296,1.1219896533133387,-0.0735532895181569,1.4063905733276103,0.32391179274498483,-5.822451360906618,0.14580891618669287,1.8722410316398306,-1.3569872335967177,0.6347030131185488,1.0556009290554416,1.161123119619776,-3.3083669251027734,1.4169570665624753,2.1499156652500715,5.612563002814975
1.2025472853615515,1.2883581801965067,-0.11738965163895144,1.5475007691471638,0.41164523382180396,0.7940442694819082,0.19900423204908108,1.1042118736859547,-1.2589594925235519,0.303986619585066,0.9214764172462683,0.8110110800490502,-11.13979616130973,0.4770741355372861,2.670716166779533,5.6737422434452
1.2025472853615515,1.2883581801965067,-0.11738965163895144,1.5475007691471638,0.41164523382180396,0.7940442694819082,0.19900423204908108,1.078899642630222,-1.2790031138980231,0.303986619585066,0.9104085107581354,0.8110110800490502,-11.13979616130973,0.37676015956427417,2.679018495841187,5.656495587297242
1.1566073741783784,1.0923728266314754,-0.12473743859400084,1.5223625891844748,0.32980885645287994,0.7162660174039146,-0.1701608593515968,0.972858118788333,-1.3426387571857232,0.43280052040978967,0.981794994070991,0.9143185777010034,-10.837628178938026,0.4612331436768955,2.716471384321958,5.738307906629142
1.2417938104138158,1.1582837577314444,-0.09275948175797921,1.519506022435918,0.32551629865824633,0.8055853249119576,0.1451902570257177,1.0903421804028484,-1.2019147706147948,0.3756144580281794,0.9087422878778766,0.9287848769648583,-11.108526076980816,1.5788688632099805,2.6293623291897967,5.655947096305201
1.618552284610905,1.2062008238645134,-0.023413719778051276,1.3849865131140664,0.4162579910037984,0.3910779352661369,0.2525625293655977,1.4702604723774735,-1.7183152900531007,0.5530654934126332,0.6517486407391349,1.023833485001458,-8.995327675635112,0.5372646314390342,2.48685581980393,5.245030664059031
1.655838589573569,1.076097810639257,-0.08754955589406231,1.3569917664028204,0.3301290558402408,0.3549163422427932,0.022514121750595324,1.404380136959911,-1.473794868429888,0.6246933318557469,0.6737109711944911,1.1198469168123708,-9.156006769406519,1.7084197086628092,2.445852295529181,5.177992555082158
1.599537711905922,1.2225318985697649,-0.1938102604020187,0.6639464122503392,0.39253868486196436,-10.558168066608781,0.11119941173807903,1.2307178386780713,-1.5944641886898032,0.6177371870510671,0.9142883441039625,0.6664247718087151,-4.2316575362818645,-0.06601139940935938,1.8909907729637114,4.189531353330992
1.6317047500411719,1.2407621527404702,-0.18231573766005243,0.6317952578341218,0.27210125021286236,-10.098549844460578,0.05878164876174241,1.0827125515253229,-1.3221086626026062,0.5722760867963289,0.7293619587679567,1.0430851212425376,-4.071783710303321,1.1328886816678565,1.7912763501811917,4.414750126266865
1.6567346086708628,1.2281247440093688,-0.1724813728878617,0.6289386910855651,0.26780869241822874,-10.376588345008576,0.3455524768694945,1.1087974357240293,-1.5632936658564178,0.7127195327670556,0.6510324460835444,1.0469914457860363,-4.204406967909107,1.4069098774457278,1.867318837007333,4.219763783966736
1.5898082805354867,1.205880896092681,-0.1938102604020187,0.6639464122503392,0.39253868486196436,-10.558168066608781,0.11119941173807903,1.277720318601947,-1.524885526922445,0.4753510431599419,0.9370580034549726,0.6882446952949763,-3.5287422606207826,0.016448461152085585,1.9161271298529547,4.198352574557392
1.6219753186707366,1.224111150263386,-0.18231573766005243,0.6317952578341218,0.27210125021286236,-10.098549844460578,0.05878164876174241,1.1044028003934658,-1.2725736222097188,0.4298899429052041,0.7410637116308338,1.064905044728799,-3.368868434642237,1.1150345662562897,1.824715036132089,4.406324691345307
1.6493285748851823,1.4468211429352569,-0.09488217703231391,1.4343853200388559,0.41278373495367815,-5.099931656507666,0.23911954684658135,1.871484249438869,-1.701184461683938,0.4906473709126631,1.329400789187434,0.6639586461875924,-2.080710819126708,0.19883203433167146,2.199232568315266,5.750487386933841
1.6493285748851823,1.4468211429352569,-0.09488217703231391,1.4343853200388559,0.41278373495367815,-5.099931656507666,0.23911954684658135,1.8461720183831363,-1.7212280830584088,0.4906473709126631,1.3183328826993013,0.6639586461875924,-2.080710819126708,0.09851805835865962,2.2075348973769198,5.733240730785883
1.6814956130204322,1.1969787368550375,-0.08338765429034764,1.409247140076167,0.2936312312940232,-3.977668642077664,-0.08618617413991844,1.7408522180445145,-1.36083099689627,0.6088533356064517,1.1379645447464415,1.0707022680888714,-2.330702583410421,0.934778048453395,2.089733607076505,5.784499160947913
1.5681808880280366,1.4488404941468238,-0.09488217703231391,1.4343853200388559,0.44735685419927357,-5.924511714846264,0.23911954684658135,1.8466152907938846,-1.6440621639548938,0.5202174771379496,1.3183328826993013,0.7399131984546421,-3.205472251502494,0.07824356737383523,2.1361808841484082,5.650924637751115
1.6253777847929776,1.1211178284191339,-0.0735532895181569,1.4063905733276103,0.32391179274498483,-5.822451360906618,0.14580891618669287,1.8722410316398306,-1.3569872335967177,0.6045221491192047,1.0556009290554416,1.161123119619776,-3.37300768121931,1.4036043454191256,2.082055842463125,5.612563002814975
1.6020647268684598,1.2277791648447236,-0.18231573766005243,0.492097741669277,0.23814850155724007,-10.098549844460578,-0.027404367607283493,1.0742610754073816,-1.2863828663581236,0.41708317989715993,0.9148151785286992,0.687524356763111,-3.9831157101856616,0.9852066235076783,1.8387713488398343,4.413803785145143
1.5898082805354867,1.205880896092681,-0.1938102604020187,0.5289970485600318,0.3959044730075809,-10.558168066608781,0.11119941173807903,1.052552930606166,-1.524885526922445,0.4753510431599419,0.9370580034549726,0.5695907908559533,-2.908484075600545,0.055856510504275786,1.9161271298529547,4.198352574557392
1.6219753186707366,1.224111150263386,-0.18231573766005243,0.49684589414381414,0.27169616756990855,-10.098549844460578,0.05878164876174241,0.8227859408703895,-1.2725736222097188,0.4298899429052041,0.7410637116308338,0.8496276789524253,-2.8042223850576735,1.0988304801728064,1.824715036132089,4.406324691345307
1.6493285748851823,1.4468211429352569,-0.09488217703231391,1.4343853200388559,0.41278373495367815,-5.099931656507666,0.23911954684658135,1.871484249438869,-1.701184461683938,0.4906473709126631,1.329400789187434,0.6639586461875924,-2.080710819126708,0.19883203433167146,2.199232568315266,5.750487386933841
1.6493285748851823,1.4468211429352569,-0.09488217703231391,1.4343853200388559,0.41278373495367815,-5.099931656507666,0.23911954684658135,1.8461720183831363,-1.7212280830584088,0.4906473709126631,1.3183328826993013,0.6639586461875924,-2.080710819126708,0.09851805835865962,2.2075348973769198,5.733240730785883
1.6814956130204322,1.1969787368550375,-0.08338765429034764,1.409247140076167,0.2936312312940232,-3.977668642077664,-0.08618617413991844,1.7408522180445145,-1.36083099689627,0.6088533356064517,1.1379645447464415,1.0707022680888714,-2.330702583410421,0.934778048453395,2.089733607076505,5.784499160947913
1.6493285748851823,1.4468211429352569,-0.09488217703231391,1.4343853200388559,0.41278373495367815,-4.605135756192711,0.26141181154827536,1.871484249438869,-1.701184461683938,0.5299375687401665,1.329400789187434,0.6639586461875924,-0.83832324825439,0.16012512120488218,2.199297428495265,5.867866497228414
1.7065254716501232,1.119098477207567,-0.0735532895181569,1.4063905733276103,0.2893386734993896,-4.47945915705689,0.19451372841276862,1.8717977592290822,-1.4341531527002327,0.6142422407214211,1.0556009290554416,1.0851685673527265,-0.9670816241698237,1.4222392773285695,2.1534164590346174,5.780237169281849
1.5401913485575403,1.1141603983473705,-0.08339745359792673,1.3678376472238318,0.3300465672015636,-2.415815931436142,-0.08618617413991844,1.7873234907296882,-1.281298281906899,0.6888430540711322,1.1970563486358592,1.1106365321844818,-6.8372437893883,1.086409856017293,2.2002130911183104,5.5634205581526945
1.6253777847929776,1.0362801386998999,-0.06779199324565345,1.364981080475275,0.32575400940693,-3.1478768687434675,0.14580891618669287,1.9032583863399726,-1.3546204377108617,0.6354836741712414,1.1172267178646391,1.125102831448337,-7.048888415993582,1.2814096827956691,2.108766071997316,5.476398396789744
1.56104715653028,1.3767495215949266,-0.08912088075981048,1.3929758271865211,0.4049668909395964,-3.2890697589503297,0.23911954684658135,1.8745133666346625,-1.6177426572283617,0.5510490727200833,1.3910265779966315,0.7204759675067707,-8.232043810797418,0.18151342387662442,2.157522470034063,5.547740205227261
1.5330576170597836,1.1141889891075647,-0.08339745359792673,1.3678376472238318,0.3300465672015636,-2.487808126263924,-0.08618617413991844,1.7807764025327841,-1.4247682328727997,0.6888430540711322,1.1970563486358592,1.1056976254140412,-8.313085157062185,1.086409856017293,2.199542963320219,5.612663519989569
1.618244053295221,1.0362801386998999,-0.06779199324565345,1.364981080475275,0.32575400940693,-3.2198690635712497,0.14580891618669287,1.9032583863399726,-1.3546204377108617,0.6354836741712414,1.1172267178646391,1.120163924677896,-8.524729783667468,1.2814096827956691,2.108766071997316,5.476398396789744
1.6176117512543517,1.2977008301675896,-0.023413719778051276,1.4433930023191839,0.4162579910037984,1.8069522678894088,0.2525625293655977,1.067350119156042,-1.4257957277771098,0.5851040004793558,0.695243734663771,0.9899647497316648,0.6448668436631292,0.5890877413600747,2.46569739621369,5.59734642040437
1.6176117512543517,1.2977008301675896,-0.023413719778051276,1.4433930023191839,0.4162579910037984,1.8069522678894088,0.2525625293655977,1.0420378881003092,-1.4458393491515806,0.5851040004793558,0.6841758281756385,0.9899647497316648,0.6448668436631292,0.4887737653870625,2.473999725275344,5.580099764256412
1.5714571514656621,1.1017154766025585,-0.13947440821194126,1.418254822356495,0.3344216136348744,1.4447013092495817,-0.27702986309417565,0.9359963642584206,-1.5094749924392812,0.8454096913920622,0.7645995410162356,1.0715118822787224,0.2598054858936057,0.14732693700985688,2.5111942677754846,5.661912083588312
1.6566435877010994,1.1676264077025273,-0.08754955589406231,1.4153982556079383,0.3301290558402408,1.679688971525158,0.022514121750595324,1.0534804258729353,-1.3687510058683527,0.6567318389224696,0.7175933650637167,1.0859781815425775,0.4856799061022486,1.7617349747943727,2.4240237441408503,5.5795512732643715
1.2025472853615515,1.2883581801965067,-0.11738965163895144,1.5475007691471638,0.41164523382180396,0.7940442694819082,0.19900423204908108,1.078899642630222,-1.2790031138980231,0.303986619585066,0.9104085107581354,0.8110110800490502,-11.13979616130973,0.37676015956427417,2.679018495841187,5.656495587297242
1.1566073741783784,1.0923728266314754,-0.12473743859400084,1.5223625891844748,0.32980885645287994,0.7162660174039146,-0.1701608593515968,0.972858118788333,-1.3426387571857232,0.43280052040978967,0.981794994070991,0.9143185777010034,-10.837628178938026,0.4612331436768955,2.716471384321958,5.738307906629142
1.2417938104138158,1.1582837577314444,-0.09275948175797921,1.519506022435918,0.32551629865824633,0.8055853249119576,0.1451902570257177,1.0903421804028484,-1.2019147706147948,0.3756144580281794,0.9087422878778766,0.9287848769648583,-11.108526076980816,1.5788688632099805,2.6293623291897967,5.655947096305201
1.669239166687459,1.2903851871990177,-0.09488217703231391,1.42695456587227,0.45322559485900826,-1.8310910757191137,0.20383924225349018,1.9452381323721732,-1.7668016027956759,0.6485617958453346,0.9876061764962555,1.0032550965613314,2.2352791082700985,0.13222766886897486,2.2800728731752766,5.932663893504199
1.669239166687459,1.2903851871990177,-0.09488217703231391,1.42695456587227,0.45322559485900826,-1.8310910757191137,0.20383924225349018,1.8535429086904565,-1.7688653476132734,0.6485617958453346,1.0536532798733245,0.9864838041889462,2.236771093874808,0.03191369289596303,2.2883752022369306,5.915417237356241
1.6814956130204322,1.2546234567752301,-0.08338765429034764,1.4018163859095811,0.32715703756846204,-1.4703195495791583,-0.03607920403749912,1.7928716952845065,-1.3274175956800534,0.5796162588478188,1.0678009987151584,1.1063241931023975,2.611791856214389,1.1828442732565458,2.166518040956587,5.956483049030552
1.659326119880063,1.2410535196984327,-0.18231573766005243,1.422151034723478,0.3186574611201046,-0.4629439289046648,-0.02070511375431183,1.5098839808969582,-1.4344677156920365,0.6336450074950407,0.935874109656356,1.131021426532915,2.9588919982311346,1.2292133541818364,2.0938281038292623,5.409311725760208
1.6176117512543517,1.2977008301675896,-0.023413719778051276,1.4433930023191839,0.4162579910037984,1.8069522678894088,0.2525625293655977,1.067350119156042,-1.4257957277771098,0.5851040004793558,0.695243734663771,0.9899647497316648,0.6448668436631292,0.5890877413600747,2.46569739621369,5.59734642040437
1.5714571514656621,1.1017154766025585,-0.13947440821194126,1.418254822356495,0.3344216136348744,1.4447013092495817,-0.27702986309417565,0.9359963642584206,-1.5094749924392812,0.8454096913920622,0.7645995410162356,1.0715118822787224,0.2598054858936057,0.14732693700985688,2.5111942677754846,5.661912083588312
1.5777858848358886,1.1665999242749099,-0.1394646089043622,1.4012578260037123,0.33257939697292926,1.450688981553075,-0.27702986309417565,0.8416650137540113,-1.5733633564301928,0.8370004034936133,0.6616253432575923,1.2163206822568917,-0.013562344585078132,0.10411265135483944,2.5969014098838317,5.508122217645389
1.6629723210713259,1.2325108553748787,-0.09331085216656576,1.3984012592551556,0.32828683917829565,1.7086804179196329,0.022514121750595324,0.9615378275240424,-1.4326393698592643,0.5404858861430856,0.6120851823852935,1.2307869815207468,0.24594631416486204,1.752154927680653,2.419142065994991,5.4231635035862285
1.4270310558122956,-0.9034195095163704,0.05871983971649655,1.7960308735525266,-2.3925671681215106,-9.47973401785419,0.2818591540724579,-0.07789443767387434,1.1636992708491383,-1.1776043254146946,-0.23733087076836254,4.694946731054911,-2.9255967993788494,-0.8320290780949149,-0.7852638394158182,-2.149310311214183
1.4070014613371469,-0.9020920491136746,0.05871983971649655,1.7960308735525266,-2.3718086588203606,-9.47973401785419,0.2818591540724579,-0.07789443767387434,1.2470313660853276,-1.312721947510454,-0.23733087076836254,4.683456548511061,-2.9750509393125797,-0.8320290780949149,-0.7852638394158182,-2.149310311214183
1.403893498280569,0.3509263779014784,-0.16025674331349476,1.9145444311904016,-2.4952837891577206,-9.539948666630448,-0.06442455091612546,-0.10830055116696762,1.0859621720711916,-1.110676318088923,-0.1433697865421182,4.5789629279236745,-3.169250676225038,0.44257557863202335,-0.5620515738872078,-1.9921211862301973
1.4044539929350952,0.32071132215773457,-0.07427705952542583,1.8093077873714116,-2.499198022977159,-9.47973401785419,0.29324425067647986,-0.06296400486902023,0.8778451325750659,-1.2026695136552177,-0.19545196890434585,4.74427588184792,-1.816318430787386,-0.8065963466713459,-0.7964075749227775,-2.1394309640846934
1.4136465596449712,0.4817992874378506,-0.07427705952542583,1.9100277781315338,-2.4855211321945117,-9.47973401785419,0.29324425067647986,-0.06542393683153805,1.1483614351983056,-0.8089913258323772,-0.16906264560824302,4.631695762335504,-3.269748326017064,0.3412391942447265,-0.6188339520354063,-2.1350311318722084
1.293859528039137,0.5895494063118377,-0.16025674331349476,1.9479457658206198,-2.715023002789195,-9.453879646681992,-0.10375357086626916,-0.06916906904700414,1.0214493881304607,-1.4481724437791705,-0.3209860808351418,4.467250926482956,-3.4054269465517377,-2.3337510222675815,-0.5562449375938878,-1.030238451644779
1.4070014613371469,-0.9020920491136746,0.05871983971649655,1.7960308735525266,-2.3718086588203606,-9.47973401785419,0.2818591540724579,-0.07789443767387434,1.2470313660853276,-1.312721947510454,-0.23733087076836254,4.683456548511061,-2.9750509393125797,-0.8320290780949149,-0.7852638394158182,-2.149310311214183
1.4127962855282001,0.34055500702970065,-0.16025674331349476,1.9145444311904016,-2.4553174507905564,-9.539948666630448,-0.06442455091612546,-0.09503164356212056,1.2160271243415919,-1.1111429561415662,-0.1433697865421182,4.542840349892632,-3.169250676225038,0.44257557863202335,-0.5731917168491438,-2.0496360172118577
1.4070014613371469,-0.9020920491136746,0.05871983971649655,1.7960308735525266,-2.3718086588203606,-9.47973401785419,0.2818591540724579,-0.07789443767387434,1.2470313660853276,-1.312721947510454,-0.23733087076836254,4.683456548511061,-2.9750509393125797,-0.8320290780949149,-0.7852638394158182,-2.149310311214183
1.2649041445304314,0.30137844726281104,-0.16025674331349476,1.9145444311904016,-2.611158027273681,-9.466058612128531,-0.09303973103935498,-0.14448339893896037,1.0435299220086531,-1.2367300929058154,-0.13729453362153524,4.369319357524283,-3.0874892376960643,-2.3032467931555303,-0.5459736840517633,-0.9977227791561823
1.4044539929350952,0.32071132215773457,-0.07427705952542583,1.7788942633631477,-2.503543708846437,-9.47973401785419,0.29324425067647986,-0.07193305187093715,0.8778451325750659,-1.2026695136552177,-0.19545196890434585,4.739630322964636,-2.759804625661647,-0.8324162426226336,-0.7964075749227775,-2.1394309640846934
1.4052300757285943,0.3371550670452882,-0.07427705952542583,1.9100277781315338,-2.4855211321945117,-9.47973401785419,0.29324425067647986,-0.060855673758672325,1.0193968642407223,-0.773862400575664,-0.20098231260931826,4.586586129474496,-2.7544268055903065,0.37048922100668696,-0.6510323495345305,-2.149762652180583
1.2854430441227598,0.5731372221261474,-0.16025674331349476,1.9479457658206198,-2.715023002789195,-9.453879646681992,-0.10375357086626916,-0.06939112337822838,1.0872381105628535,-1.4130435185224568,-0.352905747836217,4.422141293621949,-2.695352132735004,-2.3045009955056197,-0.5884433350930118,-1.044969971953154
1.4044539929350952,0.3949173691682001,-0.07427705952542583,1.7840335522352875,-2.460480745907701,-9.47973401785419,0.29324425067647986,-0.1066015449078737,0.9646174930728916,-1.2026695136552177,-0.18761491934947827,4.710619131272889,-3.032326910366914,-0.8220552612139431,-0.7443564822750282,-2.138486815780442
1.4052300757285943,0.4113611140557535,-0.07427705952542583,1.9151670670036736,-2.4278362640846116,-9.47973401785419,0.29324425067647986,-0.09552416679560888,1.0676292898959137,-0.8810459536742017,-0.19314526305445068,4.557574937782749,-3.026949090295574,0.38085020241537754,-0.5723989603282595,-2.251315136250774
1.399364010028673,0.7332151251404398,-0.16025674331349476,1.9530850546927596,-2.5516298391937764,-9.527769701183908,-0.06573362133768425,-0.02681084550811348,1.1990254240079428,-1.0494087279837359,-0.1433697865421182,4.566625453958008,-3.208161668601312,0.4268944673217011,-0.5894395471339722,-1.9359275983484763
1.2603746562785352,0.7535139778456298,-0.16025674331349476,1.920288289584968,-2.6530886738429453,-9.453879646681992,-0.10050609488905897,-0.05660861228489776,1.218419907758783,-1.282646055899166,-0.13729453362153524,4.354790888299951,-3.126400230072338,-2.2826439620604937,-0.5467793607400067,-1.0546371147621185
1.399364010028673,0.8030619084842975,-0.16025674331349476,1.920288289584968,-2.5516298391937764,-9.527769701183908,-0.07189091476582947,-0.020425764512905106,1.2631081502585968,-1.0494087279837359,-0.1433697865421182,4.566625453958008,-3.208161668601312,0.4268944673217011,-0.5894395471339722,-1.946538889461692
1.4133567801827263,0.3845459982964221,-0.07427705952542583,1.7840335522352875,-2.420514407540536,-9.47973401785419,0.29324425067647986,-0.09333263730302668,1.0946824453432915,-1.203136151707861,-0.18761491934947827,4.674496553241845,-3.032326910366914,-0.8220552612139431,-0.7554966252369644,-2.196001646762102
1.4052300757285943,0.4113611140557535,-0.07427705952542583,1.9151670670036736,-2.4424581692557745,-9.47973401785419,0.29324425067647986,-0.09552416679560888,1.1061692247385473,-0.773862400575664,-0.19314526305445068,4.557574937782749,-3.026949090295574,0.38085020241537754,-0.5989812568867803,-2.1488185038763317
1.2949831540187275,0.5945530534754208,-0.16025674331349476,1.9530850546927596,-2.6530886738429453,-9.453879646681992,-0.10375357086626916,-0.1681099998537216,1.0255625602648302,-1.4120759029287548,-0.309011323507898,4.345928084792448,-3.126400230072338,-2.2826439620604937,-0.5466702649056079,-1.0440258236489033
1.328411986869553,0.7853373369003273,-0.07427705952542583,2.023817150376849,-2.5586342759588403,-0.8456570772040672,0.29265960177436323,-0.09710376589341682,1.124496463001147,-0.8123562789418097,-0.08049131739126161,4.238315596351331,4.17105148835477,-0.8408174716420858,-0.7425383552106799,-2.197456780240468
1.1538880069405746,0.8517575186279339,-0.16025674331349476,1.9654441541802168,-2.753610638000933,-0.8859308143999447,-0.10882272211881568,-0.157257177661079,0.651568370706923,-1.1554052377036228,-0.24345056841500026,4.078868910520926,4.079125317205033,-2.50301662860963,-0.5130058216475863,-1.2345022300578778
1.0548142676509535,0.774832837418386,-0.14306030463015085,1.9164268866766137,-2.7885865110582055,-7.067295805497213,-0.06175304980913388,-0.24240245371922176,0.5346592925653005,-1.3167898505342386,-0.18941848866650193,4.140992888426521,-3.672960815651082,-2.1849009457238178,-0.8334829320336941,-1.0361116850035257
1.4052300757285943,0.4113611140557535,-0.07427705952542583,1.9151670670036736,-2.4424581692557745,-9.47973401785419,0.29324425067647986,-0.09552416679560888,1.1061692247385473,-0.773862400575664,-0.19314526305445068,4.557574937782749,-3.026949090295574,0.38085020241537754,-0.5989812568867803,-2.1488185038763317
1.2949831540187275,0.5945530534754208,-0.16025674331349476,1.9530850546927596,-2.6530886738429453,-9.453879646681992,-0.10375357086626916,-0.1681099998537216,1.0255625602648302,-1.4120759029287548,-0.309011323507898,4.345928084792448,-3.126400230072338,-2.2826439620604937,-0.5466702649056079,-1.0440258236489033
1.4339725077688652,0.6441009841140882,-0.16025674331349476,1.9530850546927596,-2.5516298391937764,-9.527769701183908,-0.07513839074303966,-0.13192715208172884,1.070250802764644,-1.1788385750133248,-0.31508657642848087,4.557762650450505,-3.208161668601312,0.4268944673217011,-0.5893304512995734,-1.9359275983484763
1.4133567801827263,0.3845459982964221,-0.07427705952542583,1.7840335522352875,-2.420514407540536,-9.47973401785419,0.29324425067647986,-0.09333263730302668,1.0946824453432915,-1.203136151707861,-0.18761491934947827,4.674496553241845,-3.032326910366914,-0.8220552612139431,-0.7554966252369644,-2.196001646762102
1.2949831540187275,0.5945530534754208,-0.16025674331349476,1.9530850546927596,-2.6530886738429453,-9.453879646681992,-0.10375357086626916,-0.1681099998537216,1.0255625602648302,-1.4120759029287548,-0.309011323507898,4.345928084792448,-3.126400230072338,-2.2826439620604937,-0.5466702649056079,-1.0440258236489033
1.399364010028673,0.8030619084842975,-0.16025674331349476,1.920288289584968,-2.5516298391937764,-9.527769701183908,-0.07189091476582947,-0.020425764512905106,1.2631081502585968,-1.0494087279837359,-0.1433697865421182,4.566625453958008,-3.208161668601312,0.4268944673217011,-0.5894395471339722,-1.946538889461692
1.2191743955326075,0.6718452453528717,-0.08467980208436138,2.003129946923165,-2.519616246771505,-4.446707502686653,0.2131756375576809,-0.33643544254766433,1.0655588441075352,-1.3589629525151363,-0.2092024398505939,4.2178662904430935,-9.186850013604626,-0.8873748998438129,-1.041956404993047,-2.329551500617211
1.2104103684301388,0.6740166424606883,-0.08467980208436138,2.1342634616915515,-2.50456973423841,-4.446707502686653,0.2131756375576809,-0.27209441229976716,1.196313244276543,-1.0418546820910812,-0.25079015832901747,4.114213519894416,-9.170881746117301,0.2768044539828512,-0.8597208605859328,-2.442379821087542
1.0100419178634366,0.8069644410787491,-0.1706594858724303,1.9447569507265334,-2.744825862589996,-3.887955653617878,-0.06175304980913388,-0.3769091301823922,0.5883813302891289,-1.304136863003604,-0.2004449009879702,4.052834593551881,-8.900821589421255,-2.121481512040969,-0.7985655913341811,-1.0815217439457798
1.2881129596177638,0.9157487459878445,-0.0526255343025381,1.9963852786194543,-2.577143362928567,-2.124571515406474,0.25504885897689566,-0.17764492083776257,1.1762753491935694,-1.447797137339644,-0.04617534283806241,4.19490383581224,-8.16541661014237,-0.9349705630608895,-1.0101439585453902,-2.538143899858064
1.407777544130646,-0.8856483042261212,0.05871983971649655,1.9271643883209126,-2.3391641769972713,-9.47973401785419,0.2818591540724579,-0.06681705956160952,1.3500431629083498,-0.9910983875294378,-0.24286121447333495,4.530412355020922,-2.9696731192412393,0.3708763855344058,-0.6133063174690498,-2.262138631684514
1.407777544130646,-0.8856483042261212,0.05871983971649655,1.9271643883209126,-2.3391641769972713,-9.47973401785419,0.2818591540724579,-0.06681705956160952,1.3500431629083498,-0.9910983875294378,-0.24286121447333495,4.530412355020922,-2.9696731192412393,0.3708763855344058,-0.6133063174690498,-2.262138631684514
1.4133567801827263,0.3845459982964221,-0.07427705952542583,1.7840335522352875,-2.420514407540536,-9.47973401785419,0.29324425067647986,-0.09333263730302668,1.0822468224083222,-1.210520714470938,-0.18761491934947827,4.6832832540210605,-3.0233369442202402,-0.8220552612139431,-0.7554966252369644,-2.189187083110742
1.4141328629762253,0.40098974318397584,-0.07427705952542583,1.9151670670036736,-2.3878699257174465,-9.47973401785419,0.29324425067647986,-0.08225525919076186,1.1976942421663141,-0.8815125917268448,-0.19314526305445068,4.521452359751706,-3.026949090295574,0.38085020241537754,-0.5835391032901958,-2.3088299672324344
1.2603746562785352,0.782157676541137,-0.16025674331349476,1.920288289584968,-2.6530886738429453,-9.453879646681992,-0.10050609488905897,-0.05188627696437585,1.2391322650062222,-1.282646055899166,-0.13729453362153524,4.354790888299951,-3.198259783277756,-2.2826439620604937,-0.5467793607400067,-1.0546371147621185
1.399364010028673,0.8317056071798045,-0.16025674331349476,1.920288289584968,-2.5516298391937764,-9.527769701183908,-0.07189091476582947,-0.015703429192383253,1.2838205075060358,-1.0494087279837359,-0.1433697865421182,4.566625453958008,-3.2800212218067304,0.4268944673217011,-0.5894395471339722,-1.946538889461692
1.4070014613371469,-0.9020920491136746,0.05871983971649655,1.7960308735525266,-2.3718086588203606,-9.47973401785419,0.2818591540724579,-0.07789443767387434,1.2470313660853276,-1.312721947510454,-0.23733087076836254,4.683456548511061,-2.9750509393125797,-0.8320290780949149,-0.7852638394158182,-2.149310311214183
1.2649041445304314,0.30137844726281104,-0.16025674331349476,1.9145444311904016,-2.611158027273681,-9.466058612128531,-0.09303973103935498,-0.14448339893896037,1.0435299220086531,-1.2367300929058154,-0.13729453362153524,4.369319357524283,-3.0874892376960643,-2.3032467931555303,-0.5459736840517633,-0.9977227791561823
1.4136465596449712,0.4817992874378506,-0.07427705952542583,1.9100277781315338,-2.4855211321945117,-9.47973401785419,0.29324425067647986,-0.06542393683153805,1.1483614351983056,-0.8089913258323772,-0.16906264560824302,4.631695762335504,-3.269748326017064,0.3412391942447265,-0.6188339520354063,-2.1350311318722084
1.293859528039137,0.5895494063118377,-0.16025674331349476,1.9479457658206198,-2.715023002789195,-9.453879646681992,-0.10375357086626916,-0.06916906904700414,1.0214493881304607,-1.4481724437791705,-0.3209860808351418,4.467250926482956,-3.4054269465517377,-2.3337510222675815,-0.5562449375938878,-1.030238451644779
1.3033996379351047,0.6038217540915748,-0.16025674331349476,1.9479457658206198,-2.6974250334992007,-9.453879646681992,-0.10375357086626916,-0.12243272118263651,0.9937067847844753,-1.4472048281854686,-0.2849287060616907,4.414630217288058,-3.407063999193297,-2.2860715176905013,-0.5665229600542339,-1.030238451644779
1.4052300757285943,0.4113611140557535,-0.07427705952542583,1.9151670670036736,-2.4278362640846116,-9.47973401785419,0.29324425067647986,-0.09552416679560888,1.0676292898959137,-0.8810459536742017,-0.19314526305445068,4.557574937782749,-3.026949090295574,0.38085020241537754,-0.5723989603282595,-2.251315136250774
1.399364010028673,0.7332151251404398,-0.16025674331349476,1.9530850546927596,-2.5516298391937764,-9.527769701183908,-0.06573362133768425,-0.02681084550811348,1.1990254240079428,-1.0494087279837359,-0.1433697865421182,4.566625453958008,-3.208161668601312,0.4268944673217011,-0.5894395471339722,-1.9359275983484763
1.2949831540187275,0.5802807056956837,-0.16025674331349476,1.9530850546927596,-2.6706866431329397,-9.453879646681992,-0.10375357086626916,-0.1546570054283994,1.0108402663677374,-1.4120759029287548,-0.34070467627869266,4.382996002870104,-3.126400230072338,-2.2826439620604937,-0.5466702649056079,-1.0440258236489033
1.2704841389021668,0.8550951426818784,-0.057080620842081924,1.9963852786194543,-2.5736009736558265,-2.0815558760955777,0.2768615753600082,-0.14023241690136523,1.2333753371238108,-1.206904313321466,-0.06773040091855323,4.408564507772346,1.5630876502643263,-1.0222278661478361,-1.0314136216028464,-2.4987232675962794
1.0959601589731882,0.854892140196878,-0.14306030463015085,1.9380122824228225,-2.792867657382122,-2.1218296132914554,-0.12385545805246269,-0.2003858286690273,0.6713851953006932,-1.3593433276606024,-0.2306896519422921,4.239483318604687,1.4279789381789958,-2.638547514522083,-0.7949452661549792,-1.2196180781873858
1.2349495127233265,0.8985369471295154,-0.14306030463015085,1.9380122824228225,-2.6908893885207057,-2.1957196677933712,-0.09524027792923316,-0.1642029808970345,0.7433757934279742,-1.2286394196910393,-0.23676490486287496,4.452086408971823,1.5148787959424217,0.23374908744648532,-0.8375231694341634,-2.35252351474668
1.2773898872352258,0.6740166424606883,-0.08467980208436138,2.1342634616915515,-2.50456973423841,-4.399156473484228,0.2131756375576809,-0.27209441229976716,1.196313244276543,-1.0418546820910812,-0.25079015832901747,4.097632041767459,-7.716560763340809,0.2768044539828512,-0.8597208605859328,-2.442379821087542
1.2160107904186617,0.8506092480113865,-0.1706594858724303,1.9447569507265334,-2.6428475937285807,-4.2675402083419645,-0.03313786968590439,-0.3407262824103994,0.66037192841641,-1.173432955034041,-0.2065201539085531,4.248856205792062,-7.679298639484,0.43111719932493636,-0.841143494613366,-2.170957321104955
1.4044539929350952,0.3949173691682001,-0.07427705952542583,1.7840335522352875,-2.460480745907701,-9.47973401785419,0.29324425067647986,-0.1066015449078737,0.9646174930728916,-1.2026695136552177,-0.18761491934947827,4.710619131272889,-3.032326910366914,-0.8220552612139431,-0.7443564822750282,-2.138486815780442
1.2603746562785352,0.6836671945017724,-0.16025674331349476,1.9530850546927596,-2.6530886738429453,-9.453879646681992,-0.09434880146091375,-0.06299369328010627,1.1543371815081294,-1.282646055899166,-0.13729453362153524,4.354790888299951,-3.126400230072338,-2.2826439620604937,-0.5467793607400067,-1.0440258236489033
1.4133567801827263,0.3845459982964221,-0.07427705952542583,1.7840335522352875,-2.420514407540536,-9.47973401785419,0.29324425067647986,-0.09333263730302668,1.0822468224083222,-1.210520714470938,-0.18761491934947827,4.6832832540210605,-3.0233369442202402,-0.8220552612139431,-0.7554966252369644,-2.189187083110742
1.399364010028673,0.8317056071798045,-0.16025674331349476,1.920288289584968,-2.5516298391937764,-9.527769701183908,-0.07189091476582947,-0.015703429192383253,1.2838205075060358,-1.0494087279837359,-0.1433697865421182,4.566625453958008,-3.2800212218067304,0.4268944673217011,-0.5894395471339722,-1.946538889461692
1.251545416597502,0.7609593863792233,-0.08467980208436138,2.003129946923165,-2.519616246771505,-4.399156473484228,0.22258040696303633,-0.23131913597404913,1.1943334653508342,-1.2295331054855472,-0.037485649964231295,4.210147615823639,-7.732529030828132,-0.8873748998438129,-1.0420655008274458,-2.329551500617211
1.2160107904186617,0.8506092480113865,-0.1706594858724303,1.9447569507265334,-2.6428475937285807,-4.2675402083419645,-0.03313786968590439,-0.3407262824103994,0.66037192841641,-1.173432955034041,-0.2065201539085531,4.248856205792062,-7.679298639484,0.43111719932493636,-0.841143494613366,-2.170957321104955
1.2224896480591376,0.9173466445939195,-0.13860521809060705,1.9380122824228225,-2.6525434868192495,-2.105927835369708,-0.11032941725528848,-0.14415266639507346,0.49619212058524337,-1.3704555095401467,0.003374143681073716,4.172225347014998,-8.097505900159716,0.26391686839039324,-0.8337571587667763,-2.4383148840057873
1.4136465596449712,0.4817992874378506,-0.07427705952542583,1.9100277781315338,-2.470899227023348,-9.47973401785419,0.29324425067647986,-0.06542393683153805,1.109821500355672,-0.9161748789309149,-0.16906264560824302,4.631695762335504,-3.269748326017064,0.3412391942447265,-0.5922516554768855,-2.2375277642466505
1.40778049394505,0.8123306091004515,-0.16025674331349476,1.9151490007128282,-2.5959661988500318,-9.527769701183908,-0.07189091476582947,0.025251514158180124,1.2312523747782418,-1.0845376532404496,-0.11928716909591094,4.635327586453618,-3.4888254377222707,0.4234669116916943,-0.6092922422825982,-1.9327515174575682
1.4133567801827263,0.3845459982964221,-0.07427705952542583,1.7840335522352875,-2.420514407540536,-9.47973401785419,0.29324425067647986,-0.09333263730302668,1.0822468224083222,-1.210520714470938,-0.18761491934947827,4.6832832540210605,-3.0233369442202402,-0.8220552612139431,-0.7554966252369644,-2.189187083110742
1.2603746562785352,0.6836671945017724,-0.16025674331349476,1.9530850546927596,-2.6530886738429453,-9.453879646681992,-0.09434880146091375,-0.06299369328010627,1.1543371815081294,-1.282646055899166,-0.13729453362153524,4.354790888299951,-3.126400230072338,-2.2826439620604937,-0.5467793607400067,-1.0440258236489033
1.399364010028673,0.8317056071798045,-0.16025674331349476,1.920288289584968,-2.5516298391937764,-9.527769701183908,-0.07189091476582947,-0.015703429192383253,1.2838205075060358,-1.0494087279837359,-0.1433697865421182,4.566625453958008,-3.2800212218067304,0.4268944673217011,-0.5894395471339722,-1.946538889461692
1.2704841389021668,0.9723495924659799,-0.057080620842081924,1.9727004493307059,-2.524862295379226,-5.895360938388538,0.2797630671017655,-0.20002484518765368,1.3617722519526905,-1.0949534592296697,-0.02645923764276313,4.328056963804371,-1.5876539260198335,-0.9475033070887461,-1.06933830072915,-2.3940632228658805
1.2712602216956659,0.898980165892083,-0.057080620842081924,2.1038339640990924,-2.492217813556137,-5.895360938388538,0.2797630671017655,-0.19598269919453418,1.3700237055881612,-0.7768775732119113,-0.03198958134773543,4.171783484060795,-1.5755111439087641,0.26435555131499816,-0.8973807787823818,-2.506891543336211
1.1278396944366302,0.8892648067319258,-0.14306030463015085,1.9471242182418658,-2.7441289791055223,-5.582389146159819,-0.11479667288256008,-0.25759691468878354,0.6801193138513238,-1.259976393237513,-0.2053738245946485,4.078090125749132,-1.3413316267113402,-2.1418552531810175,-0.8328699452812818,-1.104346742343772
1.251545416597502,0.8097748645526247,-0.057080620842081924,2.0054972144384973,-2.5693198273319102,-7.357245183883058,0.22258040696303633,-0.212082172671885,1.1440955867601865,-1.2358234430708301,-0.02645923764276313,4.274647129400843,-3.9647548169355047,-0.8407270125954638,-1.083119283744072,-2.2504414879625463
1.0770214366685233,0.8095718620676243,-0.14306030463015085,1.9471242182418658,-2.7885865110582055,-7.067295805497213,-0.06175304980913388,-0.2722355844395469,0.5821054449370683,-1.3106236483998508,-0.18941848866650193,4.105565940233182,-3.7090214378413555,-2.1582624986603496,-0.8466509282962038,-1.0361116850035257
1.2603746562785352,0.782157676541137,-0.16025674331349476,1.920288289584968,-2.6530886738429453,-9.453879646681992,-0.10050609488905897,-0.05188627696437585,1.2391322650062222,-1.282646055899166,-0.13729453362153524,4.354790888299951,-3.198259783277756,-2.2826439620604937,-0.5467793607400067,-1.0546371147621185
1.399364010028673,0.8317056071798045,-0.16025674331349476,1.920288289584968,-2.5516298391937764,-9.527769701183908,-0.07189091476582947,-0.015703429192383253,1.2838205075060358,-1.0494087279837359,-0.1433697865421182,4.566625453958008,-3.2800212218067304,0.4268944673217011,-0.5894395471339722,-1.946538889461692
1.251545416597502,0.8097748645526247,-0.057080620842081924,2.0054972144384973,-2.5693198273319102,-7.357245183883058,0.22258040696303633,-0.212082172671885,1.1440955867601865,-1.2358234430708301,-0.02645923764276313,4.274647129400843,-3.9647548169355047,-0.8407270125954638,-1.083119283744072,-2.2504414879625463
1.2869299971311936,0.7371044684138265,-0.057080620842081924,2.136630729206884,-2.536675345508821,-7.357245183883058,0.2131756375576809,-0.30612110113323554,1.1183327623399097,-1.0471774040826625,-0.20370637123409802,4.109510846149765,-3.9504236020897396,0.37113184580828035,-0.9110526659629048,-2.363269808432877
1.0770214366685233,0.8095718620676243,-0.14306030463015085,1.9471242182418658,-2.7885865110582055,-7.067295805497213,-0.06175304980913388,-0.2722355844395469,0.5821054449370683,-1.3106236483998508,-0.18941848866650193,4.105565940233182,-3.7090214378413555,-2.1582624986603496,-0.8466509282962038,-1.0361116850035257
1.2160107904186617,0.8532166690002617,-0.14306030463015085,1.9471242182418658,-2.6866082421967903,-7.494431389423723,-0.03313786968590439,-0.236052736667554,0.6540960430643493,-1.1799197404302877,-0.19549374158708482,4.318169030600319,-3.8965800946171076,0.43957558876903774,-0.8892288315753889,-2.1042417351129483
1.251545416597502,0.8097748645526247,-0.057080620842081924,2.0054972144384973,-2.5693198273319102,-7.357245183883058,0.22258040696303633,-0.212082172671885,1.1440955867601865,-1.2358234430708301,-0.02645923764276313,4.274647129400843,-3.9647548169355047,-0.8407270125954638,-1.083119283744072,-2.2504414879625463
1.0770214366685233,0.8095718620676243,-0.14306030463015085,1.9471242182418658,-2.7885865110582055,-7.067295805497213,-0.06175304980913388,-0.2722355844395469,0.5821054449370683,-1.3106236483998508,-0.18941848866650193,4.105565940233182,-3.7090214378413555,-2.1582624986603496,-0.8466509282962038,-1.0361116850035257
1.2543691835225796,0.9941248161501737,-0.13860521809060705,1.9380122824228225,-2.6525434868192495,-2.105927835369708,-0.11032941725528848,-0.12815101101418766,0.5353723937451998,-1.3830394292088533,-0.012581192247072858,4.091339698127419,-8.097505900159716,0.30226512654384935,-0.8337571587667763,-2.4383148840057873
1.2013887887858758,0.9306098549523082,-0.027362754100526684,1.6267980402707756,-2.6752725953658723,2.6778294709892987,0.13407866416468084,0.18211078783602164,0.5827969754248196,-1.1729764360970756,-0.27884704690396195,4.369455620312113,0.3659967284768947,-0.6802093691199939,-1.0729371018312075,-2.5080612498186743
1.1344092699807886,0.8218252532612834,-0.05496193534280611,1.6244307727554432,-2.625569014805467,1.1962330148246738,0.13407866416468084,0.05685402943825131,0.5099360232552974,-1.135791561024025,-0.2898734592254302,4.265660685804268,-9.709207649332184,-0.8105465568565379,-1.0318833189145813,-2.5516846872197263
0.9206566477965927,1.305882135636987,-0.07506475622932252,1.7274552680715285,-2.7857252325891637,1.3436043456370688,0.05356376482252143,0.09019357016647854,-0.34414175415609033,-1.1817296462521707,-0.2198117895995986,4.076335765166472,-9.729813590532963,-2.1610542474020162,-0.801980850487388,-1.2357835474929664
1.0596460015467304,1.2816898039738747,-0.07506475622932252,1.7274552680715285,-2.683870426129479,1.3023814579389188,0.08217894494575093,0.12637641793847149,-0.2917080115184147,-1.0510257382826076,-0.22588704252018135,4.287980512930501,-9.591410529083303,0.7096200215965031,-0.8444103821844022,-2.325219124652141
1.2766138044417268,0.6575728975731346,-0.08467980208436138,2.003129946923165,-2.5372142160614986,-4.399156473484228,0.2131756375576809,-0.28317179041203194,1.0933014474535208,-1.3599305681088383,-0.24525981462404503,4.253905521511035,-7.730891978186572,-0.935054404420893,-1.0316783825327007,-2.329551500617211
1.2773898872352258,0.6740166424606883,-0.08467980208436138,2.1342634616915515,-2.50456973423841,-4.399156473484228,0.2131756375576809,-0.27209441229976716,1.196313244276543,-1.0418546820910812,-0.25079015832901747,4.097632041767459,-7.716560763340809,0.2768044539828512,-0.8597208605859328,-2.442379821087542
1.0770214366685233,0.8069644410787491,-0.1706594858724303,1.9447569507265334,-2.744825862589996,-3.840404624415454,-0.06175304980913388,-0.3769091301823922,0.5883813302891289,-1.304136863003604,-0.2004449009879702,4.036253115424924,-7.446500606644765,-2.121481512040969,-0.7985655913341811,-1.0815217439457798
1.2160107904186617,0.8506092480113865,-0.1706594858724303,1.9447569507265334,-2.6428475937285807,-4.2675402083419645,-0.03313786968590439,-0.3407262824103994,0.66037192841641,-1.173432955034041,-0.2065201539085531,4.248856205792062,-7.679298639484,0.43111719932493636,-0.841143494613366,-2.170957321104955
1.2649332210173054,0.9703066442521374,-0.057080620842081924,1.9727004493307059,-2.5693198273319102,-7.357245183883058,0.21642311353489105,-0.19866185955753118,1.3029386561983913,-1.2419896452052182,-0.02645923764276313,4.274647129400843,-3.9317984330738187,-0.8673654596589322,-1.0759540426686305,-2.261052779075762
1.0904092410883268,0.8104436869618291,-0.14306030463015085,1.9471242182418658,-2.7885865110582055,-7.067295805497213,-0.06175304980913388,-0.2722355844395469,0.5821054449370683,-1.3167898505342386,-0.18941848866650193,4.105565940233182,-3.678253486714365,-2.1849009457238178,-0.8394856872207626,-1.0361116850035257
1.238415075361064,0.8270079304543108,-0.09058028604764198,2.2229595698529967,-2.6265941182961625,1.3877441301344144,0.10269162931375142,-0.1673434628552279,0.6388936221140581,-1.4796951055945864,-0.37697965346222345,4.647595092824027,-11.28396180432872,-0.5236291218972582,-0.9158938598373727,-2.8726037157513837
1.2035961847171897,0.8070304730330174,-0.09058028604764198,2.3233957530561313,-2.593949636473073,1.3877441301344144,0.10269162931375142,-0.12643295402263813,0.6943829558749989,-1.173773176397104,-0.38107113325026826,4.546909241976359,-11.617706928757668,0.3348607261684889,-0.7379335827035369,-2.9882887389851507
1.1636518069270063,1.2860621284014984,-0.11068310693415839,2.3259840651690826,-2.6848955296201744,1.4850566625762631,0.012172247797665951,-0.09782107435500804,-0.16282672334996803,-1.401042390186538,-0.3115543728400471,4.690075600652832,-11.558153356714993,0.5030078632808201,-0.7284209231071945,-2.648994855947235
1.1344092699807886,0.8218252532612834,-0.05496193534280611,1.6244307727554432,-2.625569014805467,1.1962330148246738,0.13407866416468084,0.05685402943825131,0.5099360232552974,-1.135791561024025,-0.2898734592254302,4.265660685804268,-9.709207649332184,-0.8105465568565379,-1.0318833189145813,-2.5516846872197263
1.0596460015467304,1.2816898039738747,-0.07506475622932252,1.7274552680715285,-2.683870426129479,1.3023814579389188,0.08217894494575093,0.12637641793847149,-0.2917080115184147,-1.0510257382826076,-0.22588704252018135,4.287980512930501,-9.591410529083303,0.7096200215965031,-0.8444103821844022,-2.325219124652141
1.4128704768514722,0.4653555425502972,-0.07427705952542583,1.7788942633631477,-2.518165614017601,-9.47973401785419,0.29324425067647986,-0.07650131494380288,1.0453496383752834,-1.0506176246680279,-0.16353230190327062,4.778334738741826,-3.2244248706184817,-0.810964993914671,-0.7907914739821744,-2.0222028114018764
1.4136465596449712,0.4817992874378506,-0.07427705952542583,1.9100277781315338,-2.4855211321945117,-9.47973401785419,0.29324425067647986,-0.06542393683153805,1.1483614351983056,-0.8089913258323772,-0.16906264560824302,4.631695762335504,-3.269748326017064,0.3412391942447265,-0.6188339520354063,-2.1350311318722084
1.4423889916852421,0.6533696847302423,-0.16025674331349476,1.9479457658206198,-2.5959661988500318,-9.527769701183908,-0.07513839074303966,-0.08624987341064362,1.038395027284289,-1.2139675002700385,-0.29100395898227344,4.626464782946115,-3.4888254377222707,0.4234669116916943,-0.6091831464481994,-1.9221402263443526
1.4133567801827263,0.3103399512859567,-0.07427705952542583,1.7788942633631477,-2.463577370479273,-9.47973401785419,0.29324425067647986,-0.058664144266090144,1.0079100848454663,-1.203136151707861,-0.19545196890434585,4.703507744933593,-2.759804625661647,-0.8324162426226336,-0.8075477178847137,-2.196945795066353
1.2949831540187275,0.5731372221261474,-0.16025674331349476,1.9479457658206198,-2.715023002789195,-9.453879646681992,-0.10375357086626916,-0.10920178108853859,1.0447732133197751,-1.4120759029287548,-0.3485417258335605,4.406588502504706,-2.6969891853765633,-2.2568214909285396,-0.5987213575533579,-1.044969971953154
1.399364010028673,0.7260716415709038,-0.16025674331349476,1.9479457658206198,-2.5959661988500318,-9.527769701183908,-0.06573362133768425,0.01864437883174748,1.2329583709599805,-1.0494087279837359,-0.15120683609698607,4.590217953592611,-2.778750623905537,0.45271693845365485,-0.6414906397817222,-1.9368717466527274
1.3058687194358585,0.7400192415218737,-0.057080620842081924,2.136630729206884,-2.492217813556137,-6.455188335375825,0.2131756375576809,-0.30748408676335803,1.1771663580942082,-0.963338139602913,-0.20370637123409802,4.162920680553293,-2.697311917654624,0.34658162841601875,-0.8973365431279823,-2.4365872762270158
1.0959601589731882,0.8124866351756715,-0.14306030463015085,1.9471242182418658,-2.7441289791055223,-6.165238956989979,-0.06175304980913388,-0.2735985700696693,0.6409390406913672,-1.2267843839201025,-0.18941848866650193,4.158975774636712,-2.4559097534062397,-2.1828127160526107,-0.8329348054612808,-1.1094291527976636
1.2349495127233265,0.8561314421083089,-0.14306030463015085,1.9471242182418658,-2.642150710244107,-6.59237454091649,-0.03313786968590439,-0.2374157222976765,0.7129296388186485,-1.0960804759505394,-0.19549374158708482,4.371578865003848,-2.643468410181992,0.41502537137677614,-0.8755127087404662,-2.1775592029070863
1.2861539143376945,0.706388375746536,-0.057080620842081924,2.0054972144384973,-2.5869177966219037,-7.357245183883058,0.2131756375576809,-0.30374548482017816,1.000598671619794,-1.3652532901004195,-0.22986938029992032,4.302852243970996,-3.9647548169355047,-0.8407270125954638,-1.0830101879096732,-2.2504414879625463
1.4133567801827263,0.3845459982964221,-0.07427705952542583,1.7840335522352875,-2.420514407540536,-9.47973401785419,0.29324425067647986,-0.09333263730302668,1.0946824453432915,-1.203136151707861,-0.18761491934947827,4.674496553241845,-3.032326910366914,-0.8220552612139431,-0.7554966252369644,-2.196001646762102
1.4141328629762253,0.40098974318397584,-0.07427705952542583,1.9151670670036736,-2.3878699257174465,-9.47973401785419,0.29324425067647986,-0.08225525919076186,1.1976942421663141,-0.8815125917268448,-0.19314526305445068,4.521452359751706,-3.026949090295574,0.38085020241537754,-0.5835391032901958,-2.3088299672324344
1.2603746562785352,0.782157676541137,-0.16025674331349476,1.920288289584968,-2.6530886738429453,-9.453879646681992,-0.10050609488905897,-0.05188627696437585,1.2391322650062222,-1.282646055899166,-0.13729453362153524,4.354790888299951,-3.198259783277756,-2.2826439620604937,-0.5467793607400067,-1.0546371147621185
1.2949831540187275,0.5874095699058844,-0.16025674331349476,1.9783592898288838,-2.714519333864282,-9.453879646681992,-0.10375357086626916,-0.13275361867440166,1.059495507216868,-1.4120759029287548,-0.3168483730627658,4.378536919493368,-1.7938211106914792,-2.271319715166428,-0.5987213575533579,-1.044969971953154
1.399364010028673,0.7959184249147612,-0.16025674331349476,1.9455625247210921,-2.613060499215114,-9.527769701183908,-0.07189091476582947,0.014930616666415,1.2970410972106348,-1.0494087279837359,-0.15120683609698607,4.599234288658929,-1.8755825492204528,0.4382187142157667,-0.6414906397817222,-1.9474830377659431
1.2704841389021668,0.8126896376606719,-0.057080620842081924,2.0054972144384973,-2.524862295379226,-6.455188335375825,0.22258040696303633,-0.2134451583020075,1.2029291825144848,-1.1519841785910816,-0.02645923764276313,4.328056963804371,-2.7116431325003885,-0.8652772299877254,-1.0694031609091488,-2.323758955756685
1.3058687194358585,0.7400192415218737,-0.057080620842081924,2.136630729206884,-2.492217813556137,-6.455188335375825,0.2131756375576809,-0.30748408676335803,1.1771663580942082,-0.963338139602913,-0.20370637123409802,4.162920680553293,-2.697311917654624,0.34658162841601875,-0.8973365431279823,-2.4365872762270158
1.0959601589731882,0.8124866351756715,-0.14306030463015085,1.9471242182418658,-2.7441289791055223,-6.165238956989979,-0.06175304980913388,-0.2735985700696693,0.6409390406913672,-1.2267843839201025,-0.18941848866650193,4.158975774636712,-2.4559097534062397,-2.1828127160526107,-0.8329348054612808,-1.1094291527976636
1.2704841389021668,0.8126896376606719,-0.057080620842081924,2.0054972144384973,-2.524862295379226,-5.895360938388538,0.28592036052991077,-0.2134451583020075,1.2029291825144848,-1.0949534592296697,-0.02645923764276313,4.328056963804371,-1.5898423587545285,-0.9475033070887461,-1.06933830072915,-2.383451931752665
1.2712602216956659,0.898980165892083,-0.057080620842081924,2.1038339640990924,-2.492217813556137,-5.895360938388538,0.2797630671017655,-0.19598269919453418,1.3700237055881612,-0.7768775732119113,-0.03198958134773543,4.171783484060795,-1.5755111439087641,0.26435555131499816,-0.8973807787823818,-2.506891543336211
1.2668290481867686,0.9329096136645632,-0.14306030463015085,1.9471242182418658,-2.642150710244107,-6.00952473008633,-0.0861814927593306,-0.22141406691679075,0.7521099119786051,-1.1292724852679499,-0.21144907751523143,4.29069321611627,-1.638051213076433,0.3468219046590318,-0.8754478485604669,-2.237252178903066
1.2861539143376945,0.6718452453528717,-0.08467980208436138,2.003129946923165,-2.519616246771505,-4.399156473484228,0.2131756375576809,-0.33643544254766433,1.0655588441075352,-1.3589629525151363,-0.2092024398505939,4.201284812316136,-7.732529030828132,-0.8873748998438129,-1.041956404993047,-2.329551500617211
1.2869299971311936,0.6882889902404253,-0.08467980208436138,2.1342634616915515,-2.4869717649484158,-4.399156473484228,0.2131756375576809,-0.32535806443539955,1.1685706409305576,-1.0408870664973793,-0.2147327835555663,4.0450113325725585,-7.718197815982368,0.3244839585599313,-0.869998883046279,-2.442379821087542
1.0770214366685233,0.8069644410787491,-0.1706594858724303,1.9447569507265334,-2.744825862589996,-3.840404624415454,-0.06175304980913388,-0.3769091301823922,0.5883813302891289,-1.304136863003604,-0.2004449009879702,4.036253115424924,-7.446500606644765,-2.121481512040969,-0.7985655913341811,-1.0815217439457798
1.2160107904186617,0.8506092480113865,-0.1706594858724303,1.9447569507265334,-2.6428475937285807,-4.2675402083419645,-0.03313786968590439,-0.3407262824103994,0.66037192841641,-1.173432955034041,-0.2065201539085531,4.248856205792062,-7.679298639484,0.43111719932493636,-0.841143494613366,-2.170957321104955
0.9794722046457506,1.3804115969733262,-0.07506475622932252,1.733536104941905,-2.7857252325891637,2.6935853360959565,0.05356376482252143,0.10221233983576765,-0.17858125475905215,-1.1988818787291586,-0.1763166956749623,4.136136700219641,0.3064559301176107,-2.1032077596081935,-0.6024817907078663,-1.3211678621065757
1.2028201019236906,0.7913970809108677,-0.09058028604764198,2.192262238287745,-2.6265941182961625,1.3877441301344144,0.10269162931375142,-0.13751033213490294,0.5914474697422899,-1.4796951055945864,-0.37697965346222345,4.683022041017364,-11.278669133265437,-0.5236291218972582,-0.9098911046503042,-2.8726037157513837
1.031043577987301,1.3102544600646102,-0.11068310693415839,2.3259840651690826,-2.7867503360798582,1.5262795502744126,-0.016442932325563545,-0.13584759358140006,-0.24131276346457506,-1.5397606458094197,-0.2882455060240932,4.538999010438712,-11.043892144380703,-1.724672576969865,-0.6859913914101801,-1.5595592787880592
1.1636518069270063,1.2860621284014984,-0.11068310693415839,2.3259840651690826,-2.6848955296201744,1.4850566625762631,0.012172247797665951,-0.09782107435500804,-0.16282672334996803,-1.401042390186538,-0.3115543728400471,4.690075600652832,-11.558153356714993,0.5030078632808201,-0.7284209231071945,-2.648994855947235
1.2955525267463917,0.7517086538757897,-0.057080620842081924,1.9963852786194543,-2.591198942945821,-2.0815558760955777,0.2674568059546528,-0.19208507133934816,1.1323433192264976,-1.3373017759447572,-0.275504565578367,4.452322413459742,1.5647247029058853,-1.0699073707249163,-1.0210265033081014,-2.4987232675962794
1.328411986869553,0.9449972917056352,-0.07427705952542583,1.991020385269057,-2.5586342759588403,-0.8456570772040672,0.286502308346218,-0.083683452779063,1.2833395324393522,-0.8123562789418097,-0.08049131739126161,4.238315596351331,4.173239921089466,-0.8408174716420858,-0.7425383552106799,-2.2080680713536833
1.354256457507277,0.698394592981792,-0.07427705952542583,2.1549506651452353,-2.5435877634257453,-0.8456570772040672,0.28325483236900784,-0.137879042219135,1.1264762419268557,-0.701127442729451,-0.2937958257560474,4.135434525632407,4.127365085597746,0.26370721194023156,-0.5601937149691667,-2.3102851007107987
1.1538880069405746,0.8517575186279339,-0.16025674331349476,1.9654441541802168,-2.753610638000933,-0.8859308143999447,-0.10882272211881568,-0.157257177661079,0.651568370706923,-1.1554052377036228,-0.24345056841500026,4.078868910520926,4.079125317205033,-2.50301662860963,-0.5130058216475863,-1.2345022300578778
1.1184615583958883,1.3562192653102139,-0.07506475622932252,1.733536104941905,-2.683870426129479,2.652362448397807,0.08217894494575093,0.13839518760776037,-0.1261475121213765,-1.0681779707595955,-0.18239194859554506,4.347781447983668,0.44485899156726905,0.7674665093903251,-0.6449113224048808,-2.410603439265751
1.2013887887858758,0.9306098549523082,-0.027362754100526684,1.6267980402707756,-2.6752725953658723,2.6778294709892987,0.13407866416468084,0.18211078783602164,0.5827969754248196,-1.1729764360970756,-0.27884704690396195,4.369455620312113,0.3659967284768947,-0.6802093691199939,-1.0729371018312075,-2.5080612498186743
0.9876361666016797,1.3800649116422503,-0.047465574987043076,1.7298225355868608,-2.8294858810573733,2.825200801801693,0.05356376482252143,0.215450328564249,-0.27128080198656845,-1.219110969136185,-0.20878537727813032,4.174880250227328,0.316373125011791,-2.059734721929795,-0.8500661874494104,-1.2045545367545716
1.6493285748851823,1.2901998484978026,-0.09488217703231391,1.42695456587227,0.4463095412281171,-1.8310910757191137,0.11765322588446425,1.877400520832467,-1.8164538612817356,0.6357550328372904,1.259237243156151,0.6995805712011185,2.236771093874808,0.04086232338906639,2.2881724123395037,5.9516147801090895
1.1266255203518176,1.355872579979138,-0.047465574987043076,1.7298225355868608,-2.7276310745976886,2.7839779141035437,0.08217894494575093,0.25163317633624166,-0.21884705934889273,-1.088407061166622,-0.21486063019871307,4.386524997991356,0.454776186461449,0.810939547068724,-0.8924957191464251,-2.2939901139137473
1.377179492788916,-1.3668078801929417,-0.3070980212566179,-0.8253917270922628,2.3264966962720517,-0.5562112760704472,-0.3071733887321569,-3.476285682074651,0.7755066193376173,-0.8427634858174343,-0.2521349243157651,-0.19895719114211116,3.654820613136246,0.22386834322181648,-1.3067800013503397,-1.4142787408193074
2.014371875106238,0.7861592545543108,-0.35967420605538636,-0.5651867683794789,-0.2590679686186134,-0.5165472462404812,1.0021195273467256,0.7466544079539587,0.6221720739353443,-0.6762895118345413,0.45557190924789287,-3.071750317260028,3.588682845710152,1.6669146398159191,0.6943576249375432,-1.6137300409145516
-0.5038591432266941,-1.9333249058912234,-0.5158683486569453,0.24400384956665047,-2.416336410701387,2.1363085787335767,-0.012165915576929049,0.853796766188806,1.1938691446856944,1.666686515877948,0.07527028670777794,3.7328429185725023,0.007206998968698416,0.572799990793538,-0.37879699434749853,-0.8033231599997882
-0.6511213753265163,-2.3469667959998626,-0.58158388277676,-1.1162023155671188,0.16659882718555258,2.1801348645777208,0.055747229853260444,1.2256956560021137,0.35002798539190627,2.2167425371333227,-0.3110836845916674,0.3273953252988449,-0.2877330390489507,0.5317051878893688,0.5860441072824956,1.1597179909726125
-2.5854095797657655,0.36863392684498564,0.03948232611820574,-0.10449178726246146,-1.8173861970999412,2.572940569945143,0.09379089762217119,0.8069867989303784,0.6553430798092634,0.8954837089927848,-0.6491027311046352,5.1287146885350055,0.02296910001064958,0.53685091789984,2.588772623955451,-2.10249844170705
-1.5177985021023725,-1.4752139067524332,0.05723009855333679,0.5143952289532434,-2.4444345428999794,-1.2999140311199615,0.25643885880232076,2.000927610547105,1.1734162633635488,-1.2687796510342482,-0.7920609882943604,3.7879094963323143,4.118674423852151,-0.04264135234856334,-0.1953728716469198,6.462891681332658
-1.995477315673007,0.46544115817637366,0.292066021360169,-1.1927201458591705,-1.2174311803069233,-2.5252851471344613,-0.06808369676491828,-0.7742345869637495,0.6951906748667278,0.1312576148078261,-0.9870156638862353,0.4133685842063801,1.6970865075656747,0.07205280710113765,1.1387462132955595,-1.3044230645667025
-1.8696995967497982,-1.0131789126829325,-0.4315746182988277,0.2952355427115907,-2.5619926898780268,1.847214655916434,0.42140071409121865,1.3525836437189704,0.44684939021084763,1.5296283298907933,-0.7398341072486746,4.996933389493216,-0.3885427678496954,0.8398500190648577,1.213074636897668,-0.6080627082139932
2.540204928897471,0.5186719848874604,0.10495977482305294,0.43798147083534106,3.123846287274998,1.608599133674528,0.21540046842211666,4.583748393847837,-1.2913460054152883,1.1243673315623959,0.3881438325097314,-7.473537968357979,1.0159012736140092,0.3400302329105265,1.997459463024592,5.079445629379771
-0.7141203935974609,-1.1380229477266064,0.3016170235791061,-1.0021894560977864,-2.1537442815721515,-2.3979546356082535,0.2811134000986204,0.8078030809655715,2.2035414593908804,-0.4285795679475928,0.29599083269775683,3.5563535435380578,1.7058152650850784,0.2358747530856662,-0.8152785808587397,0.29228912068523666
-0.8315570087990873,-1.8539929331047098,-0.4230700199223333,-1.2154695861571176,-1.1062425321968683,-2.28983560335524,-0.08791068200801061,0.43174556643243145,1.2446053549280132,0.34882858316037685,-0.14814588819655475,0.9746620601969042,1.9134735369876699,1.6351912100167807,2.547928996673832,-0.31781717881231253
-1.5935042085336297,-3.72238859869622,-0.625597756960335,-0.7723503719273488,-1.603376767565017,2.605016928176049,-0.7269188162075335,1.7097013549151043,0.8088852434728222,1.9752424995373845,0.01942652920423627,-0.2714756854930018,0.5689298508983978,-0.873622181601964,1.0277921980988398,1.441425733600826
1.8066323306395757,1.0057856783705217,0.2940859562373922,-0.15042766602789032,2.1733290857416483,-2.1103098170379044,0.21353839157384516,1.374878532485901,-1.4564530122193537,2.6809300963157647,0.015047281675458522,-0.8061316938976585,1.9995513849915931,0.19746340979052177,1.2917743824249261,6.530539191316804
2.4535060020277677,1.1812032899476976,0.09299590371156878,1.3086098558224053,0.07040309983144294,-1.7011626799306152,0.06977354845930747,3.1232763591478276,-1.3431883017670063,1.3141488181548264,-0.49446916274051206,-0.6123506363193727,2.0707180685588424,0.28589144707354897,0.9295956221327304,7.258082481980186
2.018980871082101,1.3022856959104454,-0.3073565253515409,1.4429499767474765,0.3428426553052579,2.634455591195611,0.025113422453869313,1.093419116869281,-1.0584151884963262,0.3970173997612519,0.11123225935180887,-0.6975386100076737,0.8863961683568143,0.04369699176058886,1.6169839338509386,1.3471100005572176
2.369168399128168,1.025956995077353,-0.06762516825445743,0.7307702312806903,2.417380217658642,2.035959717019735,0.10786056893943004,4.832005289325255,-1.4506400080075148,0.9560719466234902,-0.0718595485171309,-3.3753958034552625,0.7076893390276958,0.37250892028115584,-2.7036685260098463,-0.60302987226377
-0.7510161965173165,0.3914762889125021,0.09772623014501017,-0.9275021125671598,-1.2895665250394108,2.6420110288254155,0.15891347076990162,0.4021733492589474,0.17232806310181198,1.0551592295548982,0.5616366235523389,0.12214902813145868,0.09738174614988351,0.7205042465747475,2.2683081947431134,0.2908594803278071
1.9082993254523275,0.7850128221735511,0.5232942776767074,-0.19191582108657773,0.3904572808353327,-1.075472517417202,0.2966775453631616,1.1357376962543322,-0.9941877502558913,0.1873491818920615,0.26189239629463934,1.1324331585497596,3.7264813888200417,0.4575969928387943,1.8307839683865346,5.651380078029255
1.5725052434566291,0.5992022801815234,0.3989801964911314,1.1322487918106654,0.3709053614028102,-0.7655975491218981,0.16154779640757747,0.13410462647508653,0.3370220256729852,1.0025728451344587,0.14902276160850195,-0.9286979240897644,3.5532491045361914,0.3247900388513837,1.7014285349685943,4.074302021808151
1.0825177591578974,0.7739571129761386,0.026675672591932553,-1.1348380486500076,0.7350418316048657,2.091076303713034,0.436739714831827,0.6842815106365139,-0.39580061353015805,1.3476138475011572,-0.1660612370167847,0.654340767874188,0.05769153346232975,0.7035737517913918,1.1745549284076813,5.327129058751865
2.8063807336160616,1.385179124467784,0.44669675254282837,1.2378855347211983,-0.8312918763887045,2.2912601684483165,0.07274298118077598,0.1784326604933319,-0.6821718251381809,-1.1575446256157298,0.44907398154019956,3.5366799694274778,0.5093985090120763,1.5614499079406008,-0.04093382370711042,6.462260412223483
1.8764195975787643,0.43712845997993643,0.06446939467280133,-0.28498510949570854,0.3399937318222231,2.1639720020510897,-0.02402755462455952,0.5433862227424032,0.32348451044732474,0.8597207320441153,0.30161055306565876,-2.5459877730202027,0.36106411606063865,0.49929533523947095,1.5491220535220396,3.980708395966201
1.3866417593700673,-0.4389056771493327,-0.2238208428522944,-0.13529252582678614,0.24025836525845837,1.7991061051335222,0.3427872923522466,0.2543051476832795,-0.6535910502554796,1.6072274741392203,0.22215882537874923,-0.9597100821471819,0.25671279328217966,1.5208565288750275,-0.14821656379700776,3.8392218827052242
1.8146789643082737,1.090873959113041,-0.022997906616355795,1.0698615455306761,0.0860899823159663,1.5791504415591793,-0.6238784745932642,1.2208831440703671,-1.79836593099692,2.734699260961609,-0.20121071593079995,0.7328016753138875,-0.024232442921507585,-0.2649320055819273,1.9281007100452272,6.838952228985838
1.4422014010659268,0.7656664731977861,-0.4187084950201248,1.33918632054775,-1.2601681217422396,2.6306633712344505,0.31942064140794457,0.5293329818238944,-1.3045245882456733,-0.2552176840196018,0.19928104383821546,1.5615558749471254,0.6417739588622229,-1.1303641323368068,1.3746654732985573,-2.8861380656060907
-1.251328837001104,0.8480232784074156,0.5892409170940218,-0.9743520158644976,-1.1918218328816204,2.51967771647168,0.10307681929106036,1.3602486423584372,-0.09862605961663345,1.481264376919745,0.5014750378487326,0.8028875388300779,0.15972467496336357,1.4022671978481394,1.8901736759962555,3.6195606058407273
1.6789448405969778,1.1148211501394736,0.399132992438336,0.8190325052524716,2.439963803678922,-2.1172144423868042,0.10364584332779553,0.6356277005206388,-1.2087355097563302,0.7957703663565052,0.0026593866929987883,-3.53377456401922,2.090195252226041,-0.15396123355067223,1.0858920348958008,3.5308851659743263
1.9073882349766698,0.2916409575339984,-0.35858024201251204,1.7054655225546047,-3.07528048760237,-1.6333612645486255,-0.09671825833962615,1.0323612171753775,0.4458048791264865,1.6913686083019859,2.113393968446221,4.190988566437337,1.9353061153353301,0.033405155228959565,1.241763697334052,-0.53069507926564
2.820652711596226,1.3538722376167127,0.42755367534886785,0.8509744336946502,1.3556473935267046,-1.7440901253525305,0.23349505563171047,5.6385442107667405,-1.4320041899277391,3.4461182475587298,0.8066652627400958,-2.8686531025899424,1.7814001834368018,-0.29765169480693554,-1.0757520082399898,2.944856126591555
1.233860181999615,0.7888818404476574,-0.08796991061581909,-0.9967351018679441,2.0970666099273494,-2.3488591034105335,-0.027286693077103966,0.175604226256457,0.4516080300915493,1.706324707071271,-0.38483326608075596,1.6144951707307935,2.0468885344734113,0.5411829636076544,0.015282833124132915,5.884405710448735
-1.430123560688756,0.9283987001218557,0.3130908352988037,-0.840368321898383,-0.19795388065119535,-2.4644337729102235,-0.05707560340849525,-0.8242259287416865,-1.3929364060725915,1.3181678201542568,-0.12238715247762005,-1.7935059470278285,2.2290342598192523,2.0813725479568013,2.1710008461504775,0.050342216807743985
1.813438297718898,0.5760295368781163,-0.5829486797449721,1.7783669995265807,-1.8237275931147556,-0.23428028216045693,-0.06928266158514018,0.8296596942713084,0.6438097168137499,2.3944996739401483,1.2449628933233172,2.12559794948371,2.7890865782861916,1.147043169826685,0.33972671948437017,-1.2169658744368104
-0.6639521893423368,1.0012769206453833,0.16560624157151818,1.6734890200991435,-2.3951095160867886,2.5742838917066226,-0.3086664806266171,1.2759242283095602,-0.089577238831156,-0.8708112325276703,0.1740240923593536,5.653824446764685,0.25997708166414907,1.8485652757933402,0.8442948125067892,-0.3955468333041349
-0.5319692611317481,1.1041270732171347,-0.044319569730769885,-1.231009257369585,-1.3429825342125432,2.866363170574204,0.29671679530163075,0.30579121371576,0.6065199534135711,1.7517668737151528,-0.020275169999420334,1.0233088778425052,0.25355119364847994,1.8947336269553492,-0.16021401006221245,0.31361091202912783
1.5020082209731267,0.6564655058118545,-0.14665034500908275,1.0948127390576994,-2.2212594219064203,1.6217059220336796,-0.8693630690821326,0.1880799427331598,-0.7884453903045323,2.57060195525242,0.2022514871640114,0.07519586972602745,0.02685435803908041,-0.23819191303269566,1.5687279997981092,4.463651817848564
2.9172371003268833,0.9905852229645667,0.32809817956687276,-0.09664919287426678,0.5400879567958417,2.6731505467012653,0.22597379541164736,-0.33428543142518125,-2.943917679900192,2.37716996182501,-0.003378497605156081,1.8473428948091273,0.45926282724322887,0.581991301343008,2.590005552233127,1.6301233075979653
2.376414786157892,0.05862408845782369,0.04466091211279144,0.9758708728767376,-2.213479842495072,-2.1571609184630227,0.0903175157056794,0.2871123681465164,0.4377036120928996,1.9430998638926007,0.1915282428754048,-0.15968580065873275,1.9939923690478945,-0.8669869360488028,1.462622027001577,6.398585781879864
1.5260936682402098,0.8343361517415729,-0.44232438621395964,1.4194996871057701,0.533740079452996,2.290244255719276,-0.029381486439625074,-0.3273792536180418,0.4419103083212254,0.5462214194914905,0.3881567879361859,0.42619773039740855,0.22220717448817096,0.5546110235595156,1.331742585503012,-0.6550017960367753
-0.6638917103406703,1.2045588625418207,-0.44256626540931765,-0.6588514276560491,-1.3577007845877849,2.6810268488543123,0.3385679807266889,2.175215300947957,1.187670199530893,2.2921931078668827,0.5694282348523625,0.8646629125009319,0.5271223427851708,1.2073453472307065,-0.6502394376192403,-1.6467752020156547
-1.0296381834263006,-2.6191262479835413,-0.43233638631581495,1.9099685136178826,-2.9694227535019655,1.8260878004519838,-0.0853634678864507,-0.09708241313461591,0.6949283201103527,2.902621316680068,-0.02189157775524469,5.092971705523182,0.3534576753960106,1.7023078298696208,-0.6361005217478064,0.3518057516393331
1.5918816250381536,1.3362388105924432,0.24253485596297295,-1.0332097968671,2.0659077513136364,2.888188197774691,-0.8598129833297339,1.24254273707627,-1.1187368566334779,-0.05660841640454911,0.029420554484792145,0.15225417115151815,0.6519840396678451,1.703708842695668,-0.2865035005169854,2.4220763391122295
3.1269115842745574,0.6140534365982694,-0.31438334776656074,0.008213525469233016,0.5908585870799692,-1.8442345390289185,0.10892084370283095,1.128504956235516,0.9183626602138745,2.8502236677249337,-0.12916385371557573,0.5762935867382163,2.1162379761222283,0.4768377684702101,2.2696827279848595,-0.32947999775672676
1.2540713602589475,0.39642744105835853,-0.39772155942599086,-0.34438537964586935,-0.9255605780439806,2.1203194805998016,0.3856391818489284,0.8621933161855708,0.10662946120388953,-1.7274095018223425,-0.09982498862265793,0.8784512868581235,-0.15878980801195103,1.691264756996364,1.5374756406702876,-1.698310224254
1.6241401381050682,-0.16173598107219117,-0.5231870953808576,1.4677291154539458,0.883720287758242,-0.7174131992131866,0.3832409752841906,0.3043543903613672,-0.5869066312971282,0.8802101104243303,0.559608689154481,1.2581881783358788,3.7378077815926813,1.744622249653694,0.024484009637941152,-1.3973565954772313
3.1431120746420116,0.9095461322089814,0.17724015839640445,0.9262674424018896,2.9223687200032833,-1.8221926105052118,0.3395248727544601,4.113447879886861,-2.1057915589152874,0.6028801445175809,0.310316460205041,-2.4963903566598935,1.8090236393758483,0.20851692622331958,1.4145096188418915,0.01533596405275011
0.7730575684928862,0.6350589313707535,-0.3179749520972669,-0.9872720327818708,0.7304638059672918,-0.8623249163386337,0.2208560453397496,0.4271666317366737,0.7227746828238593,0.21858131165753622,-0.2924478261461312,1.143862840666222,4.0423055685325044,1.0221913641237435,-0.6356835017693228,5.426983501887017
2.116094121820074,0.6554893182251653,-0.31428373958021905,0.8582859851538172,2.1646264956480405,-0.9833644505489885,-0.0435254987115276,1.7700586358722936,-0.26411866810149964,1.6283196266965148,-0.26811199609196573,-4.196057381100124,2.65391089286055,0.21096967975812111,1.367182246898351,3.5443201895797625
1.5459214973230837,0.5996298172444863,0.2176837547265168,0.03726927925931783,4.173582467587192,-0.5644412197326052,0.39272785655732184,3.787879222318249,-1.6264844937016811,2.6329018097399275,-0.6398654712326662,-4.598406755029783,2.5923395356568157,-0.09427484336633538,-0.6546759705746589,3.3023536654711214
-0.9221134547106715,-1.0539681980184075,0.18651250908866454,-1.4010571135048435,0.02938458979171908,-0.8979571258206692,0.2681494642569936,-0.23875106982259325,0.629473071424986,-0.6526887152500398,-0.33453106291972134,0.783062663487242,4.001385476262119,0.22436007219698154,1.6010862446193823,-0.6068850828010636
1.0125022107095227,0.710488228075199,0.0041917109828048665,1.561520524808355,1.016907507105341,-0.7953437829992556,0.014115660179917524,0.28540014920200213,-0.23341563484524702,1.8244570753286506,1.7848191011892953,1.403349170092845,3.430044543083055,0.2797545816126581,2.4774603162007214,0.6664309858906902
3.025394453166732,1.3128996969324858,-0.38667359676157953,0.6474441130221689,2.6472367387907325,-1.7657982331039104,-0.01160703705198839,5.834559352440241,-1.1947807218942195,-1.5263458853978078,0.5870408694895678,-3.5326599781128416,2.16778344742794,-0.18982706233816862,1.4044362753130033,5.3098793343683175
1.5980959126419314,1.3291323796961536,-0.18944603158138157,1.184392277192872,0.09677472164082364,-0.957216245722171,0.05553168759217703,0.21837238284163452,-0.5896234721725117,-0.21641074619282297,1.0689393742244815,0.7795807618862645,3.563983442917483,1.8008358084341254,1.3395389300870522,4.561249379205281
1.435729530039382,-2.0754140813013544,-0.48073958550757756,-0.2914122283085412,-1.1574250341376362,-1.8762106540353463,-0.0941190206191168,0.7762461179112556,0.9750603526817051,1.4266263576140692,0.39415920462020176,0.8637357656326758,2.1086715656167296,-0.008039797624047974,-0.510827048226511,-0.6961837927496649
1.1974491593225811,1.275156424356586,0.19025329603965996,0.7969514528597916,-0.5353702284002846,-0.7789341824872676,0.1149428861383886,4.424479401310427,-2.1016358531933785,1.8287088955706563,0.4783677536364358,-4.162172032386804,2.371222408497299,-0.17730411214874073,1.7806516681090538,3.661911638091448
3.052273547152259,0.4690409028103292,-0.416323236664325,-0.5389487701305579,4.378715233287028,-1.978106551800549,0.3302287963137949,-0.14565946818220007,0.1563854271811211,2.1843921791535403,0.4322578601786676,-0.4032535083473782,2.257487946638933,2.2725721793849476,0.0782005553797259,-0.09307922173492376
0.6728563900861196,1.328958203345148,-0.377010574581504,1.7912992488939026,-2.246246436792216,1.3790895141940354,0.06912967192886417,-2.1717200235519156,-1.173061438761837,2.486690149702302,1.1709420883754498,1.7509742598509856,0.30934827911035623,0.009674895587230151,-0.5505712200989241,0.8507658769273054
1.7669606035028484,-0.24785719519885432,-0.3674180932201585,0.0526740242754585,2.121244132585495,-0.7926557252540697,-0.18099090316988536,-0.019377934638435998,0.8113745768264949,-0.19716401706047323,0.2190024061842976,-2.0708023461605096,2.7050018865300927,0.5127648229559666,0.2939980538685445,5.479264522551051
-5.474748880393462,-6.753228643205195,-0.5057293712632016,-4.427967615750079,-2.8462840341262,-2.207575324655562,-0.32691104276940514,-1.212843026717864,2.5967635876158655,2.5638410315087388,-1.0901618756458282,3.6823009394028583,2.277085481177103,2.3275033602781874,-0.5981440028260432,-1.9560044140788813
-1.5860007918857701,-2.7313051176491436,-0.5210321753801785,-0.5761236220213992,-2.48637216839917,2.2590948484084747,0.019639643349666086,1.3209775670990926,1.293786710875961,0.47175081397607926,1.035850694944838,1.7161518681433692,0.23616005234291687,1.5342594590116128,1.9791564222367182,4.598212154213032
1.9756257294529291,0.056727452653352765,-0.2589492062373909,1.5197224614319131,-1.0376611398597144,-2.2648513838795714,0.21321507786009264,0.25083530481874405,0.3113987348403608,0.19865926108084014,0.49791078284052503,3.863661997846535,1.9238736026690022,0.250671273513312,2.267367311804539,-0.3181294000400049
3.3424554980209424,1.1709882752874927,0.15075572986316998,0.64244235334634,3.5687561195431727,1.4810473282431789,0.13934295418428863,5.504000039005834,-1.5583980750280615,1.3281493580955472,0.1135715589282143,-3.260410500260982,0.9818014828867524,2.2957318311889137,0.9641089782214252,3.5216056385223866
-2.5292405408939898,-1.8447594380390817,-0.4859154784063342,0.011121090735008984,-2.6375001660402897,1.8545076273886207,0.3563133141396567,0.32803734648129196,0.9755696397254292,2.132985290097172,0.25404346124844146,5.300407509178379,-0.299522347452664,0.5486110255487906,-0.5881040263109911,0.2996340974040324
1.372285110122147,-1.1878577507159869,0.16378085411293491,-1.2316335907651161,1.6121224534308365,-2.3969970544249306,-0.09330198479073504,0.23429422358108243,0.5610092790172181,1.9357426251738676,-0.43432523089070757,-2.2755839783132057,1.5554404166344702,-1.108484107929279,-1.0433498551568388,-0.9323576714070498
2.1411414730176554,1.332029945825812,0.4116660792725094,1.3126437842822156,-1.8333047556736524,2.105923111853559,0.14157949374030235,-0.5185234124521941,-1.03505637281277,0.9391384145213343,0.7962804184361576,0.36968864572795335,0.5111562385104813,1.017545767688257,1.2462469673977878,0.10493886800720455
-1.7951781362939492,-1.8039948125380416,-0.3877761804810106,-0.9309727134260661,1.6569185199372924,-2.3066862383055864,0.3097180997522571,-0.8895450755785277,0.555902387488565,2.411694333543128,-0.050799368705603046,-5.991837776103976,2.0613035645446454,1.0798441274520492,-0.32431589236669484,5.3042558774394575
1.571314496180472,0.9841079167175973,0.4365079967983574,1.0859924877333094,0.308591694954217,1.9510219729697504,-0.42673431178647087,-0.37841736486534705,-1.331168285166611,1.2292897353518857,-0.43952997416932804,-1.4912251583533027,0.23784872958946854,0.45571895784880656,2.7161058724932183,-1.8867455783757874
-0.8916293709263061,0.6910021706454489,0.270806493123224,1.9419893088455211,-2.817208797693668,2.609627536365267,0.08281106298801345,0.7483491821053282,0.43948513954121526,0.5603467539104112,0.08339414257380671,5.2600714222337706,0.6255884873822462,0.18372752058772526,-0.48687291370416547,-0.46591634652812686
-2.4023063097727517,-1.8388530164445838,-0.27701592522331175,1.6349206148373072,-2.5073918640652235,-1.0651431833480824,0.34970179331061113,1.4412950024653672,1.7643437272828766,0.20812250785038103,-0.21597464065329147,4.702114278406546,4.524272041287114,1.2967186927237295,-0.2235042999821401,5.615099736041673
2.927205830021339,1.083130739379966,-0.4264476388410301,0.46772997887673623,2.7787971228544124,1.5016000199246278,0.2423665203974173,4.730550205359527,-1.0687624624558427,2.016742174060876,0.11902080338374302,-6.536515676635677,0.8745797672195652,1.3151475712399172,0.14778294077782436,3.253930632067473
1.522808539805615,0.317392811032676,-0.11648824382007562,1.3667015301288772,-2.425009657156741,-0.9002348314446618,0.3366199420445148,1.0230208914164973,0.801671971673983,-0.0730473533714943,0.10847250942263251,3.4501584441372484,3.5166778412205604,-0.08078706403048416,2.063882143410933,3.108572934636873
3.035227939339434,-1.3324672788052694,-0.4835628283761565,0.02406191883507632,0.4168911699874965,-2.0244046792490065,-0.06768565018015757,1.6725875806068937,0.800732138645919,1.6859950584923271,-0.11957140225946711,1.2018082760037356,2.0222386719075867,0.0007983401876663423,2.089765599842548,-0.6152999396035881
0.6754763458223927,1.0321324655265296,-0.07815846723615073,1.055658127991441,0.23326011603746177,2.195387813877236,0.4185586833512159,1.1924903279874233,-1.1238268417009032,0.19197992440684866,-0.07434507310264192,-0.5377679364655511,0.3514235757007693,2.0099581527615085,-1.1909471864183148,3.623831108772964
-4.813350216734414,-3.8257590751696253,-0.40494161717804644,-2.21876446591858,-3.8851083636225128,2.621312885207163,0.19357160491350764,0.21132723452503363,1.6365409803387632,1.1026974002890855,-0.3599935398165883,3.74178235786496,0.6203816774447003,0.2057560509094757,-0.9870415450662402,-2.1537386681078927
2.049804212785718,1.261528347745822,-0.40287478441322566,1.2470956259699655,0.26800088117919013,1.575300133932731,-0.013707871984727327,1.064697177476895,-1.173681519949493,2.064668864578284,0.6939910979166497,-0.10009097685139502,0.2868040409142482,0.21863068829958557,-1.0366996347067692,4.589517767015204
1.3631842379798464,0.8476396913131413,-0.005691863925761986,1.1617206293420208,2.468241668769103,-0.006637975303301026,-0.1927302893822625,1.7334227129294384,-0.7108872545495847,0.4880761740021528,0.17468004065204132,-3.6700919888482093,3.7634225578674636,-1.4450800629018463,-0.9328541741764849,-0.6810646580141368
-2.169255933423531,-3.4869686925473022,-0.5338755771654525,-1.7761393372020369,-2.542457838311095,-1.053022960923146,0.05107419898726176,1.7112086649366223,1.389902174137618,2.253246388162721,-1.286389177790196,3.253264518990558,3.8395556106010424,0.5947212854994463,-0.5603775706547361,2.100274325471089
-1.2855379668559774,0.7629683346087661,0.057857096768540735,1.5981286621475141,-2.805417711397385,-2.0323744922361775,-0.397796902718701,-0.2910408214802298,0.027794663761820722,0.303730300540852,-0.13236650881668613,5.1105230949305085,2.1146195477426803,1.6495107190164349,1.969304178818135,0.6654738448370028
1.510622264578316,1.2804228066045045,-0.16255967122713322,1.1092095779263205,-0.09637511555928237,2.389568497243876,0.05306859763896545,1.3294503946729963,-0.9985900393860364,-1.48650128952961,0.9672859142574675,-0.32607020232557093,0.43504266053987545,-1.3464058816360263,0.31280224134336376,1.2897285818060489
1.8353489644890983,1.0800543473047945,0.38765214761065414,1.2208659421400783,-3.029397548757006,-0.9843326952187176,0.04742227703413024,0.02424102754712868,-1.2095142187465016,5.946762196688638,1.2518290484157821,3.159234299971136,3.232320967706147,2.129928400498613,0.5886329727125117,4.769364588888127
3.2155607906799886,0.9191030124296985,0.21850779832193473,-0.21320411661571886,0.7045450466169513,2.665234670925817,-0.026170270381669913,0.7041788686265565,0.44090784239706265,0.707814153162104,-0.23144096975053813,0.0644355778347624,0.3311997185789591,0.3714143555772776,2.4731623491462504,-0.7164512872218117
2.041169282048382,0.2975835344366222,-0.36569648022526335,1.7771563469200167,-1.4100128433584325,-0.627612562235559,0.28955458788153593,0.16348357137874422,0.599601692287196,1.40895802920021,0.40860965818181255,2.0720094596818006,3.2867554730365023,1.6690508103065282,1.1525966316008953,-0.30622298763655736
1.1246297082433636,1.3648377694914684,-0.14173259001144298,0.6099150192720141,3.8789858120496086,-0.8107513003335084,0.2331151648449373,4.033329277973026,-0.23765179632052522,-0.9541074063748338,-0.24907214263525046,-3.1252324243469554,2.91147343604364,-0.6208313769506861,-0.48435952379383573,4.831720602588019
-2.9642227627243596,-0.6361582554174784,0.216966200588019,-1.835831252876711,-1.292073621535895,2.400272306476473,-0.48458106568527937,-1.527446952242634,-0.44284911124997056,0.3161078424791772,-0.562137168118232,0.7967971494949571,-0.08180026954433196,-0.4427900965373167,-0.9600157274704378,0.8828978264903137
1.2086142929433557,1.1909851894498564,-0.3867224340745662,0.8767880720584774,2.1165869871158307,2.016945476628877,0.007299607518261881,0.736159804444398,-1.316267906783086,-0.24030891691380588,-0.1740168024548934,-0.10694986484100791,0.5035112162061126,0.49813598919443586,1.4608942963451337,6.14467563881491
2.1120945289921513,0.9978214450319893,0.010802951850387037,0.7162232820318051,1.6572919529751442,-0.8874944382954384,0.2163657708696521,2.0101377214833676,-1.4549536537108685,0.25268687466044637,0.4964319193188051,-2.7884583677744468,2.931051100144338,1.5955240315948784,1.42010150702999,3.205452618146301
1.8655366469762307,1.148770267240512,0.02670283100882395,-0.34178017765653756,1.776927967010016,2.6787742028785653,0.14688977093510533,-0.5933208357316234,-1.095544413934994,0.31491847191735134,-0.3745420195053402,-2.585419353247048,0.7585416022582178,0.28183703925037445,0.12323809517659397,5.7476359738539085
1.2895082069105723,1.4178946064251066,0.23813792690352475,0.1551686428725097,2.988214473022624,2.0732386920775396,0.021936058826627216,0.806855048517256,-1.4968437711913973,2.025828028872274,-0.31124729939184714,-3.994473441846681,0.3461165106715226,0.7433204380764893,0.7294074536749395,3.01374848407776
1.7165547193595616,-0.10215851894721521,-0.376123717975416,1.2283995493313116,-1.7845735331156143,-2.0823301935948835,0.09643062381927721,0.809329995824883,0.519761809347271,0.7319908226179956,-0.15274822754494688,0.40618635661234104,2.023506246645533,0.45079240185975644,1.3871528785099623,1.8656359885287308
-0.9566652362228698,-0.8205864826905994,-0.049528218168857,1.5663397083520807,-2.1847527506703432,-2.0616113241180356,0.26127143012699783,-0.5585713886716233,0.8863884227425028,-1.333113107777832,0.2397151361645763,4.690419298752563,1.714967634713954,0.4352204359432018,-0.19735507516009565,5.40812371015202
2.077093463371107,0.6428603890778688,0.14327553770835552,1.6077962081689798,-1.0978840811024488,-2.1395733649194586,0.13486909376493908,0.8353322051249207,1.1781544968054378,0.55971369636942,-0.1472813832422065,1.8379974958312901,1.8381053879946607,-0.1857174421811114,2.2602938756981956,0.9935211339992481
1.7109138977598195,0.6503526621318472,0.37230990155246557,-0.9614308228441153,1.5525156203408879,3.084666985248284,0.07323144760676167,-0.834884145692877,0.32013628788830983,-0.9672172744507633,-0.18517799483792816,-2.7130416153971164,0.9210844744374077,-0.17595740839159785,-0.4959658118031085,0.41721299444508925
2.4700185334569356,-2.9870969950920205,-0.43994322214336146,1.2978305260672174,-1.1274637813540211,-1.977544158200755,-0.04839606492739687,-1.1427748165872653,1.5826371311026022,4.6712629175766285,-0.3285380075386368,2.0718801954276267,2.2366314273998693,0.3080555598357445,1.1643776481312662,5.522277902877439
2.0195727144373734,0.0930134295087969,0.1531855164163694,-0.13151740362018777,0.5961069558284952,-0.9402390734347551,0.13556279464326332,-1.5080031862747851,0.29020055480762713,0.9569324734189499,0.12709394668973653,0.997143312990055,3.663473229371199,0.5466162538844935,1.625123825256233,1.773588276372255
1.6990404148339455,0.2328063924281169,-0.46352925184542704,-0.6795484330122399,0.4284785587953061,-0.21382991245040506,-0.04883492902851239,1.282581648718103,0.44366441899966513,-0.5296759699837248,0.3815707621959311,0.5768495436158649,3.7263138900436084,0.5398543535279301,-0.2581350863797804,0.18916517983528358
2.093040695013401,-1.2968154527938993,-0.08333576265795627,-0.8117464973417711,0.30046669748577903,-1.1966323729590498,0.007659966576636458,0.6364642554500093,0.6504682659920271,-0.47685571175457264,0.1745641994162193,0.2859463102501046,2.9957044101235297,0.83382964373073,2.156721357676059,4.479509251006489
-2.342950495634156,0.9948760467912591,-0.3845020777102174,-1.384409606533581,-1.343918717472153,2.117014298350509,-0.3598969082670614,0.9095265672483686,0.6715447587027112,0.8756099092438263,-0.28846164938305896,1.0649170335618126,1.026450651330926,0.19913578508261953,-0.5378450326725867,-0.010004807314376227
1.9675897268622438,1.070870102288913,0.4885015861260164,1.1967722305441777,0.07251523097148387,2.6690679809545217,0.09665321315748601,1.6759349051643926,-1.210923981328283,3.4388145231588365,-0.36017480865820334,-0.0033660771235174223,0.6505954594254089,1.8457039771223296,2.4376970723341,0.5397944439357029
1.4276640847925328,0.39855728624060804,-0.06910057814941704,1.603004605157716,-2.531264037239802,2.4427806639442267,0.2277507464708952,0.8986168810997777,0.5276526995892973,-0.7970429189983301,0.36527445395937913,5.059895561019887,0.46143277825824797,1.9472733226167336,-0.6225368490107765,1.0281543824739587
-0.22135013038366283,0.20371711713304125,-0.08675106386209516,-1.4229168666804952,0.4854909477440908,1.7541875305942927,0.06561404026208513,-0.22938838296147396,-0.018584745478479967,1.6654225606872108,0.29959415319756694,-1.0229481272541214,0.25671808082506714,0.7599000895435774,0.904644856794424,-1.4224575408822984
1.824618570582561,0.10298838962323419,-0.27741113929397665,1.9980655125654196,-2.96199232881622,-0.8176858019625043,-0.0110762368301538,-0.38257869622890783,0.543588212310578,-0.6186192249994793,1.8821034966620305,4.3664572807002315,3.809883132036252,0.27317239314473757,-0.6793553436650027,-0.5874576477622593
1.0177453846262567,-0.16825568254825868,-0.4445435847517957,-0.9663898918555193,0.14428193058979075,2.194585870603911,0.2803234396830369,0.8965614334910164,-1.4258633160230358,2.8241274359715405,0.043244382048684395,0.4132908926552299,0.10767634463342537,1.1698991678699748,-0.4868716423594366,1.0177800515466926
2.174356345104065,0.8613820573362425,-0.14311735607968856,1.100912462208263,0.5527134923473219,-0.5621655792011785,-0.10138609431736739,0.46443911009373656,-0.12121815141181419,-1.1353970743038355,-0.6379102151101266,-1.0128993322303341,3.6543157896349863,0.1949624147337084,0.8102224469225011,0.7191193040240297
2.0673911415375796,0.8056493147257989,-0.5437597899353231,1.1570078404661155,0.5726833144165263,1.616419285082436,0.057092820814307846,2.403494575937453,-0.6143253698856227,1.886827674051365,0.42211842428360313,-0.47928647412453673,0.3757322144948598,0.997142045221952,1.073337766783618,5.945609787910706
1.5183926703847688,0.8448502725209969,0.31501830248599183,-0.0005437231025374218,-1.9423811594349454,-2.1724873044678907,0.25908069170285475,0.8166249020109817,0.7127637913479447,1.1763429338634315,0.27935355525813477,-0.005056772262823242,2.3366725629438068,1.488831738843979,2.1251863648401326,-0.3692017258771251
2.6170810357509167,1.2714243449757345,-0.05525277874956643,0.7676238196974342,1.9000982435398026,-1.9731024495943295,0.06320101715710971,5.422522039652258,-1.5950712346014553,1.3786417995713092,0.8375574559584597,-3.3980644361181267,2.068628504639641,1.1778173817676707,2.7036922856429664,2.7383174003252004
-1.7822363958686152,0.761953078049531,0.19772005819245345,-1.518926330401696,0.017798313468946676,-0.49546137161218684,-0.11472010341105146,-0.40069550207423976,0.3375592744571318,-1.0137671854434531,0.3721106696908517,0.7018629258917406,3.4150725333644805,1.5712036594307541,-1.0041994054578622,-0.8090968507959871
3.1245324297757073,1.2140477802418146,-0.2791782133244457,0.6945590681530588,1.4479127693134983,-1.7781917116015822,0.027805870882939253,5.030548972524881,-1.2080545579012276,0.41490451219717484,0.5043650822609816,-2.612808325413499,2.2103005750108653,0.4072086054765553,2.1546406729500163,5.128143769503589
2.2369008305937705,1.2643463004734994,-0.4187987707112383,1.2808186545879556,1.266125158933449,1.6326312580998428,0.041921684388727724,0.18425727909263148,-0.5206051713664906,2.0504153704285564,0.8960212275958085,2.126234450920323,0.35191729202030725,1.0294850990896038,1.226653737434278,-0.561717806839301
2.3641939792170863,1.2883155257833319,0.30864630848442054,1.323685185166376,0.5049243495207119,-1.7645827017362479,0.03176579977199057,3.884467651101791,-1.1756315152967423,0.6636663866140959,3.1229705815166793,0.03700823815981955,2.1727997072577625,0.04353455068202879,1.9555455004663025,3.5146074651302377
1.2703151942818656,-2.01154290228051,-0.5761808889328984,-0.3078438693144053,-1.0363341981498206,-0.9934445294060305,0.24938413300124648,0.7095925452213085,1.4042767070194129,3.064900844467783,-0.7905182466554693,0.9179244156880313,3.4752461419214,0.5711851113115213,-0.35129950395671816,5.715785664918515
-2.155393981609851,-1.135826442115617,0.06586622061270957,1.8063500622686748,-1.9719898022399378,-2.474125983718207,-0.028621394700017323,0.06821951590360756,1.3315185818884152,-0.3746670701352845,-1.28795391545242,5.518623761100689,1.4783766271109207,0.18679079527736808,3.0063153728286975,0.45839277164459435
1.2090601207485479,1.2640815545244137,0.21044540677171475,0.7209805170445694,1.8971904137383262,1.8581624358780269,0.14878332936132604,1.651711234980612,-1.8015471018600164,0.8810382617039705,0.15252277043674634,-1.235736662364913,0.4666633961001037,0.7998850453574142,1.2423222125479312,6.96141483444339
-1.723113087915452,-4.289840000020442,-0.6521661177831882,-1.5764785298279316,-2.8522719554952474,-2.2811247265261168,-0.1126032452109136,0.6900440642433544,4.4348902723140595,0.5130311470012903,-0.8062561914275841,2.9820373179503847,2.04009077711402,1.6333093120683362,0.04564904641805085,-3.058342471495883
-0.6826863208811937,0.28786179482733976,-0.10953524789685797,1.909863063879742,-2.727945335969611,-1.2111912025677807,0.207394015677489,-0.39689330152101554,-0.09908257317533725,2.2379050118529142,0.0723345207427428,4.103381887290521,2.6698153139021223,0.18014956162423465,0.38096985975276,-2.4953811399226202
1.6776554141530966,1.333838710027891,-0.40724644033560475,-0.6272534699090563,1.5186333846502362,3.13144754471432,0.03989426959815592,-0.44266156151917935,-1.1417159096154808,0.6578395293005176,-0.26618336228537737,-2.044573942538511,0.723824720675096,0.1714838999685206,-0.1285841936935442,-0.0815393665456987
1.7011309757615483,0.06572526787381879,-0.5193451220012509,-0.5357476593752508,0.2873842729627656,-1.9372977013505457,-0.17371875130553946,-1.1275802275940812,0.5547561202361128,2.6159053444368556,0.7420926038444347,0.6756383052021292,1.951410977768711,0.03252638069884073,-0.6925317547196623,-1.6192231398310373
-4.334323076296398,-2.703661308663195,0.07819374444276764,-2.07277007164834,-3.884290685819431,2.716240719148928,0.006978900761456669,-0.7921575278485794,0.4087298887503959,1.0327410113881212,-0.18586959259056487,3.1025543531170965,-0.1227652906579329,0.5776296597746501,-0.8248952091975997,-3.535183565081171
2.128581989817206,-0.06088479283778132,0.00835108923802845,1.1598984542235982,0.4059202679040459,-1.7475304424083717,-0.028317557102547748,0.8567113701585648,0.44108717797795,2.16937419379585,0.839794690642399,-0.49246874986579964,2.1017624057583246,0.29960747293308565,1.143244696662399,4.867887436375403
-0.8225152900814533,0.682918888692201,0.25903640166203884,-1.5559321921492082,-0.03052799728945128,-0.6250775940631357,0.08527853336276524,-1.1431086459378454,0.45178585240920494,-1.1422446568095197,-0.47541694520023253,1.3517269892589487,3.8613259720241846,0.8904352612074933,-1.0528282928156938,1.4876350461761378
3.775702349862706,0.4954458505729502,0.004774794691478612,-0.7174058922484341,1.7103979540712893,2.5414414501086715,0.30670080818041445,0.6237645080312517,0.3963475596197469,-0.5726825405809832,0.521795679782492,-0.7859058570695022,0.4198185629337523,1.781865056184819,1.697481768398936,0.5177550338041532
1.5891515542429389,0.695983329314247,-0.0010552772989008735,0.6678460224408671,2.6755675869130804,-0.38446392908213256,0.17091924596199104,-0.12327755690654302,-0.4053954658835188,1.9020856462140647,-0.27469071993992955,-3.278009652988868,3.424851170354615,1.001485405895969,-0.753297681937091,0.9333552784848583
1.7881360926837613,1.1405046469386222,-0.34079515706927344,1.0923060347932136,0.3038934259044257,2.29590687373743,0.14728073848158746,0.7920279601901259,-1.142664478754376,-0.2072012891497942,0.1420211699746314,0.724767245271983,0.0009996514530183475,0.39727356001837155,0.8450131395379921,1.5720216862419871
2.8506325649973987,0.9806265667666827,0.6654208621696052,-0.41801963027337824,1.6242620619836325,-0.5961650378160057,0.36618278815987776,-1.4941385926065436,0.20311949788379258,1.725991377464623,0.6989998848803688,-1.9757215586522368,4.1276978427491,0.20211605843542718,0.07211557810006038,2.0969985093788255
2.062804848800939,1.1931501965842173,-0.37658386076200867,1.0210965615266667,1.5618684178434177,1.8873783020485118,0.0050392723254538176,0.28683598531462684,-0.49702744208153893,2.421949608535483,-0.26192344139671186,-1.809780980555707,0.3481744893519855,-0.19889320102934238,-2.7535789857588635,5.295737694664953
2.747455842820139,0.8335598085242688,0.1273117356481953,0.5373410542983977,3.079748861972149,-0.8828655030063135,0.10878770417274124,6.607670642369296,-1.213627914156108,0.7662666549757556,-0.309217118295029,-5.053826107455469,2.0215533889339405,-0.34867291480950824,-3.4412636014229108,3.1125074311393766
-1.4162209401563797,-1.9106740961503863,-0.5058818132498083,-0.8958141788082323,-2.306345478503729,-2.3270014709916427,-0.05905755966339549,2.315224641179735,1.5146564381756813,2.741337697074195,-0.27086289467872826,3.7848528723735457,1.9807185570608388,-0.029934480239899346,1.750891809062318,-1.449469872192908
1.9311473778619954,-2.140495398204802,-0.36164901340598177,1.308076882638648,-2.4453844769166038,-0.9916979243937336,-0.49642497496240007,-2.965527313402706,1.209885448062138,0.13068379499286464,0.3893583501477904,3.063621372508869,2.6262425967501186,-0.8595762249710873,1.2305286957997723,6.790187274292435
2.5627697113116805,1.2649056345472633,0.24348595997680425,1.5619674289203573,-0.1958603472348937,2.0136182589757037,0.08507303928733545,1.850413447174493,-2.0903475165139866,0.22554087054897165,-0.16472320003280874,0.12054636313699424,0.6523730162682819,0.7340973179377646,0.7148111075827069,-0.19361847155933834
-1.258339260630067,-1.5409049027828057,0.0017505682452342072,-1.3482296757323757,-2.4894553704773426,2.6587592429098916,0.12825667911041758,2.5843786954215773,1.262128389771687,1.8340764634776001,-0.17525106472910423,3.5650026772603085,0.6164837761542726,0.3451489184068656,0.7749837860346364,5.391146091029336
0.290158716825876,0.7298255573372954,0.484250149328744,-0.3672743043080756,1.6795954492532992,2.942914206005234,0.1311091122178657,-0.05246376815888365,0.14884509258617623,0.17107218372551217,-0.8523757052474488,-2.154617242239881,0.5523915735397285,0.15512642231131768,-0.15515937232405652,-0.37268966862094083
0.9000623947853673,1.0278056660200112,-0.12737744626785258,-0.3283712038662041,4.15727482804867,-0.12690685655846123,0.014123355792540496,2.231430311750396,-1.3330759803470733,-0.706381839252969,0.17961371523640265,-1.9984468754661933,3.8591243006091327,2.4234032885762,0.7436618196553944,0.5904406297008475
0.8397536084337163,1.3604545484448476,0.44862506682114955,1.1409828492193512,0.18908669297070987,2.0100698423761036,0.18062270205195696,3.619987930831701,-1.1702059446766715,1.1106590200106492,0.4252036256255778,-0.4101752973661474,0.7788053084416078,1.8651941842649693,3.048313077234754,0.3168487528495805
-1.8555030427527948,-0.7974670421761886,-0.08500430950250422,-0.8454063217465335,-1.303443048742793,-1.119237853978298,0.1941092316482472,1.8724156075309173,1.1611212080628894,1.8544530447313063,0.9687105569502514,0.09609676825778458,3.6977611716948524,1.582185187738783,-0.1189453947327197,6.991871070366077
1.6237691921490762,-1.923331251367614,-0.46101868946776703,-1.1571345631026526,2.241561586125139,-0.5312671603636264,-0.5311552317109428,-0.3027901742919638,0.6881647853734768,-0.4164808746497068,-0.5358535655772201,-1.078607056743215,3.2366459782864068,0.12374014086236226,-0.5300179986176617,-0.2942758633135582
1.4211622426151373,1.1222151920796468,-0.32351192139566837,-0.4040712755293575,-0.08960044704199656,2.793583401720204,0.34408954484826776,1.7296487726923913,-1.9194358797540418,2.8819728342945385,0.03707288834879213,-0.40930261726294126,0.2999842180570044,2.5623164103602436,0.1670168508369896,0.5312348515959695
1.0008426423204537,1.2322807033401317,0.63095919606233,0.9714606207395847,0.5077772705819554,-1.8972890146931436,0.24044896146151512,-1.2932772240533759,-1.1077260648156444,0.3205522716617197,1.1153354470852799,-0.7597822895945731,1.740244602002716,-0.3118791382098941,0.9772109891991836,3.7231647209847734
3.0578245223121363,0.5848318483152998,-0.01673150115714394,0.7770979309165668,3.7760580261994035,1.6375839463249462,0.4337573387264612,3.9095770057601666,-0.7681930620908263,1.0666356921961988,-0.3033993755441676,-6.205756375612486,0.65285525724298,2.3979989259460486,0.5821659577734121,3.808062954082372
-0.7191811337148267,-2.675234611630964,-0.5048315245887838,-1.3607332114717912,0.6449438707788215,2.2661377823499795,-0.37439204494549716,0.15212295452018346,0.7184257780857571,0.45763914743383094,-0.7235816012652224,-1.1058007809753,0.39916908771558557,1.5276092176842875,0.7563939786853199,-2.6496709795737603
1.020162750539829,1.1923006471071913,0.398313677788624,-0.24004253407754136,-1.349529729310448,2.2968311515731656,0.3844207410683632,0.9135418258327552,-1.48391738538625,2.1611985532788713,-0.35215949148569087,1.43920081197174,0.6221760772495928,1.2585014990263774,-0.21532935960435484,6.405310744187081
1.6887439725809053,-0.5001483162486939,0.021566939919441138,-0.618269242605827,3.3891668368479335,-2.4958398298845883,-0.31550275465476685,-0.694015081632938,-0.04488746607035578,-1.1589835346280177,-0.632787220237669,-5.959952746245144,1.4278139911478611,-0.5557287138949031,-0.507051793021885,0.5969016786753206
2.0482971854312213,-0.0213486514269212,0.6128838134838025,-0.9077884511046675,0.5358847540899722,-0.8153247590463132,0.2877926467940134,1.1401425018432412,0.3904156719792169,1.75846012845853,0.16458436577800284,0.9546880704264599,3.571277495661485,1.5613666888576516,1.928343260604548,1.345055819651838
-0.7151703543215568,-1.6662091371384755,-0.3827777756494716,-1.1106082242073598,-1.0236437802419431,-0.47362430006008305,0.1998592183227305,-0.22462703017276936,1.252646899639032,1.2979105319470665,-0.10913313202660559,1.5613468455756054,3.372594178867723,0.20262272041740506,-0.520041845753196,-1.5252248298980797
1.3555739043326713,0.6453508807891694,-0.43495949178047644,-0.3658030945061982,1.4354127020534049,2.0914334996609916,0.07603067683665492,0.29040783240714546,0.06630213033513584,0.07556505863096188,-0.26936504208923223,-1.4957123652553894,0.10705106297296783,-1.9119570908599104,0.5478657835673719,4.624590223153183
0.9533087529585162,0.3574062983044046,-0.17339539683945843,1.409834491782004,-3.3248463635627403,-1.592885582948162,-0.18656366825252588,-2.1535438308554946,0.04001235162963546,-0.5466396623076369,-0.12698894464001884,2.356975155433133,1.8591164513656095,0.5407916888071606,0.42257119801740833,0.5064720697321685
-1.2537762214907056,0.7730791285044293,0.15036243558722406,-1.506580145839573,0.11550348400366475,-2.126870074951222,-0.26190329528364614,-0.9168510090077897,-0.22944568452582922,-0.9698435037869938,-0.009204229540626023,0.4852507403750266,2.0715403162818546,1.7341542709395457,-1.2844090759957576,-0.6032872363812366
-0.8702788694279463,0.8121116926872535,-0.04484686526622752,-1.5397531445837265,-2.567375596022105,3.122840935902492,0.12140103931895754,-0.5402442204218835,1.1345520504393263,2.8535767143113566,-0.31923781973285165,3.002429507596089,0.9268680103216441,-2.3431182442626417,0.08435397698068103,0.5145893288133837
-0.8869627066451791,0.7661737492948735,-0.524562243562283,-0.8386678588203733,-1.3462586942231516,2.6050806311798986,0.25171998991407,0.9192543187347594,0.9481027682611523,2.462044514763922,0.012505250100882468,0.7600730977432457,0.5102315473235933,0.5068062865570497,-0.6932457182113774,-1.1308758734201652
2.006539925723168,0.6366438400453767,0.13350891512762955,1.3417657508373149,-0.7906320462706462,2.1601602479972746,0.29768628498792127,0.8176406940366232,-0.4597723263967845,1.0662607269788849,0.21901318613222626,3.5010880588468334,-0.10182202287575598,1.218027134211864,1.757363973470129,0.8242775296446523
1.767192985703288,1.1715846318933056,0.1884511083539871,0.8024427255688991,1.8462957777001339,-0.7840001421561353,0.12228189668367338,4.992795758394122,-1.6320773006627476,2.2147057200658464,0.3201951012432082,-2.03639066172022,2.2702087632422465,-0.01037591225086071,-0.1732468239388401,4.21661325069392
-2.330862050728731,-3.534834643879172,-0.509482128438238,-0.9824887710376351,-3.1145569710595105,2.5871914701579324,0.018120892733262367,0.7740359394974485,1.1940849052541422,-3.4510130849373377,-0.7857812323910528,4.316343495702913,0.6354914895013228,-0.08805274983979737,-0.8080390704511416,-2.141487936946206
1.567951896205479,0.5323484866582149,0.3082044724233162,-1.5338592008599508,0.32383937187912926,-0.37963483335959997,0.17842771112308892,-0.7826880464434526,0.48191994165087576,-0.7930895669063682,-0.7208363140953188,0.3806418578691271,3.9783657919654654,0.07160449691056676,-0.9266376701679121,0.7156620160458869
-0.2120499322939706,0.7984031434457224,0.1714915536399603,-0.18488957126489036,-1.6160081051265003,2.222905251620438,0.019276841136937846,0.4573813269855829,0.14430078890709094,-0.8840358506525761,-0.18282703769218905,0.7049536586268008,0.43242425449911387,-3.202443937762752,1.5286107694055262,0.2086834863071898
1.448498408505588,0.43499123169956594,-0.04098870976147032,1.4799313529373646,-2.098718099408013,2.451147753005265,0.2389789359227426,0.34208951792852427,0.1798912915519142,-0.40922274192928376,-0.2017064258722619,5.092526599249436,0.5475927181413455,1.5807198721753388,-0.8001883567996757,1.3505441776550424
1.870506701648387,0.9901313411447722,0.04184027748453232,-0.6384611664718285,0.272691662460555,-0.38534094912457945,0.06144848427488019,-0.1772858709778286,-0.7916148447144666,-0.7233354213066951,0.21375335886912408,-2.587300931037097,3.814224811630229,2.1449730090352808,-1.0775483028309192,-0.2086714533769419
-0.26097468210180724,-1.9032253949697848,-0.2193306538353915,-1.1450950920117502,-1.229180294448748,-0.7516498661506624,-0.07946843677420067,0.006282242151614648,1.2761616810846421,0.6745159117763999,-0.2581144885112852,0.8045388196052119,4.197416611189744,0.10405660433559064,1.031539164265222,-0.1701834913772883
2.425239090693175,1.1867012499716518,-0.08059575125044482,0.9585968665916427,0.3001707726925556,-2.0847640252135142,-0.0855248728783208,1.3087363743500728,0.7294380811993625,-0.7829344093089119,0.17900327101896812,0.6592195026829362,1.7503675716417242,-2.44215152312037,1.582738699083687,7.0792902721446485
2.8434655498017127,0.14923412080827092,-0.2968769673168914,1.3123327899474984,-2.7483622619025296,-1.8793461815841828,0.2897755094011461,0.581287750208477,0.13273024616448162,0.8727914669965524,0.41408140375897107,4.218608491100492,2.2150208533247677,1.50708465682734,0.05914951325061178,5.270332571815686
2.201481534680545,0.6975420273481094,-0.07829331632778144,1.043504946139366,-1.0387280828931462,-0.5121217143616145,-0.04573444101679032,0.7209922994896235,-0.7491771486453588,-0.4203967369914284,1.0081712452796876,1.8021065426000744,3.241331566076818,0.23804414994790765,-0.41675988823560023,3.1273290499782447
0.7121932615790999,-2.6709471228485246,-0.36920095645385664,-0.22406978835990832,-1.4209354717217424,-1.9409221814849962,-0.3476155847907864,-1.8003317831599568,1.1150819210559,-1.4645857582760096,-0.6324009619575391,0.004488590120589235,2.230801859352557,-1.3430405176078632,3.44106696446966,-0.5654472230762027
-1.279329371974394,-1.28269444402545,0.22570359926843772,-1.0958217064423343,-1.12588554049063,-0.5109486804735283,0.2924275015141535,-0.040623420646984654,1.948809182018934,-0.15509521607649943,0.5021141939494081,1.1376009634057256,4.099665968800152,0.25581653187008635,-0.7489233228778217,0.32667889797408745
-1.588598081003033,-1.530964924653166,-0.08508248818441048,-1.160090878036986,-1.1269791037995522,2.799093271815428,-0.0052784638331417125,1.1261106128105964,0.6853039631499728,0.7060481958033541,0.09247487693394307,1.3903069497510716,0.16699479365846914,0.7196201768116831,1.1964644414180927,-1.1929790334851373
1.8364027006839136,1.0853690018157403,-0.0523343545110128,0.9540574460332147,2.2398898273282026,-0.5737888079849788,0.2561396473379771,1.1882640106757827,-1.5350432893813348,0.990635613671791,-0.6076004077457217,-1.4435409447572565,4.196332016783491,0.09754423670542374,2.441059660800722,-0.44193890142278397
1.6900594060116791,0.7961793718880712,0.046231322300117145,-0.21314575489045431,3.535704041355686,-0.9765908224398859,0.1651452266413301,-0.16070628709891538,0.489165177608583,0.38913845744688996,-0.5878124641159618,-2.824447891612159,3.1204245304355043,-0.20606118986420324,-1.2935820036514878,5.176470046701861
1.9221975299148943,0.9519901076273398,0.00777912351224807,0.3682487131869294,-1.0437122707142923,-0.4506190803262993,-0.6215328995448506,2.1017556515102567,0.4526511003186371,-0.6092270687809765,0.45632124615245595,3.8845740904989374,4.210640179142158,0.9646791115751053,-1.1965455740030624,-0.0590972267951723
1.4909514992965789,-0.9630001089469857,-0.5316859686755199,-0.7697789710525089,0.31742320582843003,2.322724148368224,-0.255280166586057,1.5478625022490178,0.4291156051771276,2.105376917533406,0.04957560807558711,1.7041360667987933,-0.006341083310177714,-0.8634592421478801,-0.7884334960370587,-1.4083006396284312
1.3782385619441624,1.0832371764037974,-0.06348353052692352,-0.02576729067490399,3.4200942625659407,1.6422912802960579,-0.2876959498243593,1.8273989748728494,-0.7367029919897966,0.6141106826728093,-0.06701484991938628,-4.288769408322705,0.2619883784455591,0.7510352540033072,1.7330979906276098,-0.3390395661236828
-1.0600193974264256,0.3191805238575821,0.31677069971986244,-0.9127488278983338,-1.075249263658229,2.771635761745399,0.21884977710307096,1.1180712724926105,0.32623360201706575,-0.29839246513369716,0.7496502191447485,0.60861438647162,-0.013959614970580089,0.836524548743303,2.6012175832525335,0.6236172032486104
2.0704330822754873,0.6785505439250348,0.02165042463243741,1.385275964427253,-2.9570751920826983,2.141963854151901,0.19609507833084905,0.3892635401709442,-0.35981417692206047,1.1877927231476535,0.9932348073439686,3.6561732412414987,0.4420616128061779,0.7781346861405184,1.6346649988051871,1.6298149219103737
1.3934281968843196,0.9934815030266192,0.21557579169502747,0.9591450942655998,2.7367053348231796,2.282563326808326,0.1197735175089312,2.0119534964960253,-1.4589802445968287,0.3144957852998865,-0.15489845960357965,-2.0630345217066046,0.24837671747054707,-0.41019847154929256,2.57864804739967,-0.18889487837053398
1.8353867129298984,0.9757405440135353,-0.4354352481066881,-0.24343184981082316,2.2786498932794803,0.18163524330638195,-0.1204725212400611,1.6106093878519976,0.652600939616221,0.928396803634328,-0.00586309705364112,-1.8350723012631753,3.022500298149403,-0.41630345338013086,0.11857722734805451,0.6288156157493128
1.5946696329052956,0.12459781094928274,-0.16869760695967922,1.7194640378100154,-2.9165933102128534,-1.732398598848056,0.165310609360532,-0.42466265341194026,0.32875063400331767,3.2655984748331566,2.171857686000001,4.578097224970509,1.9050784988694216,0.5286040678506453,-0.14402690037069155,1.7561971999129777
1.6207154066389249,0.08337245009914473,-0.5612405572325402,1.7385460287663124,-3.2006394927447457,-0.49945985083903965,-0.07303860839569633,-0.19332015338750078,0.49544370500176765,0.03231442010904939,2.2662220350579667,4.008969492418345,3.547306934026545,1.365069973355138,-0.06706266959215106,-0.446370756116872
2.8231746458095426,1.3514913934481791,0.41962611076318396,0.4715635228265374,1.6254580167299568,1.5593876919208507,0.19235222342784664,4.860480655433222,-0.9416637724668777,1.4410386127393706,0.33813302762277475,-4.146026026572331,1.0688629265426977,1.7986867747496535,-0.3937643236722432,3.2500808327611272
1.2383857426201879,0.8873036608924713,0.3067697121939925,-0.12145508974430054,1.3326021296649508,2.239848125717634,-0.7165182661848275,0.16547771200549002,-1.1726537064817957,0.5967442420717275,-0.2530557474530586,-0.5900325794542126,0.2690712621635884,0.57729235983512,0.9123077170779553,-0.9432052303907548
1.7934409912602125,0.0037423126946300243,0.13037631902002128,-0.5348296348622172,2.4868061206335708,-0.4911444154990718,0.2346307827467266,-0.8078870792199228,0.5987530291805269,-0.2580979285197201,0.7913699267450952,-0.1672608724657847,3.7553138068666105,0.6140055260684195,-0.8346195124758836,-0.24721860512202148
2.2620277688760617,1.3972704723395337,-0.1664047336220607,1.0769071022236063,0.3600146041034248,2.0888241990614937,0.1384307710980217,0.6353018262222813,-1.259147971945882,2.78513447263537,-0.3791214129168512,0.7416516822951923,0.5010042548516099,0.5597102236341225,0.9455684975390047,4.564441724275547
0.5259189001000274,1.2339882015959687,0.15583576583994968,1.3680425117104809,-3.2201901055922426,-1.5376695814925294,0.06498032249619942,-0.5831089278300289,-1.5511575933537782,-0.18230763229230654,1.3365477469151372,0.32917170843533733,1.8438177727336136,0.581477329496769,-0.5893012940050136,3.40457532114527
0.8632856313750952,1.1082662742392533,-0.05918245063344799,-0.028569127772829054,-1.0440970684960824,2.4256113293080506,0.3618472014838237,0.4740491234745184,-2.2724643965993416,0.2891538348213451,-0.3623741865782592,2.3067405138718797,-0.25492758411967326,1.8790161959522105,3.2751835788466392,-2.3313338673717707
0.6557937176185785,0.8694447966040239,0.3279626414981274,-1.1112475871075156,0.39430524272184236,2.405453102826371,0.4265104704816668,0.09261290201518982,-2.3541729248684717,5.9774754988516206,0.15224729166325787,0.2105703506322745,0.1719757103646779,2.030357461725753,2.7872957048864078,2.6853578698945646
3.0127555185774395,1.1693165909036645,-0.105585978421437,1.0916404658911278,2.44917723121969,-2.1878251985298602,-0.04872790689379677,1.5337152927566458,-0.2508028193659236,-0.05335112218360108,0.23894642651280287,0.12894378176110158,1.5145089044728448,-2.13071554603103,0.1525690178257882,6.778539881926078
2.4697657962013415,1.0061221542500165,0.14800261984224566,-0.5303227829676795,1.1688982458356538,2.0840266900021955,-0.034844441873240456,-1.4689650167617392,-0.19402913211873937,1.5220090108876354,0.5937525097902249,-3.0265182682900504,0.2034576637616946,0.2644541951249649,2.420699017484149,-0.8512066304829571
-1.5314179122967544,-0.17936115784663428,0.27927012021011427,-1.4542992606565717,-3.146713626377388,2.2019343296078744,-0.5578557517910792,0.5570951717428944,-1.2028744769697968,0.3677594594908903,0.6776143561997546,1.5522289782843461,-0.16405633004048786,0.07400996178944842,-0.26139675608389545,7.226035564505467
1.4435393591779309,1.0704738424060667,-0.13362417009854416,0.06102837918441989,3.2348465915547147,-2.1720162717243623,-0.1504029907668942,0.1468488114737283,-1.270271820971586,1.172783674500078,0.1171065642130722,-1.3661388245044388,1.5931282177258128,0.24742050368763896,2.906635813333132,0.07063373702231661
-0.4487236250762643,-0.9705189456545975,-0.09806388409032737,-0.6991820796621651,-1.055359442257263,-1.1738999126798875,0.3047309243144379,0.9695330782473348,0.6091463523181413,-0.5619380862772195,0.14021207789476323,1.720950742717303,3.905769779020356,0.9087692716884935,-0.3499651154058657,6.393178193743806
1.8131763755332333,1.1262788077296049,-0.14259175522241846,0.06457949713701762,-1.2940222437094708,-1.0231971707393286,-0.38961314713399325,0.9055655214065358,0.705739431408598,-0.3497885408219518,0.07300172583477432,0.31146384696704793,4.086116484016314,0.9698971613169438,2.944024521182219,-0.5139019386239237
1.5086206193605944,0.9718288215543482,0.22616981350712467,0.13744383223255344,1.985195051207158,-1.9234351516513704,0.024555305362983726,-0.5025687496431706,-1.146606552973966,-0.27551300495655284,0.018408211472925314,-2.781901839986357,2.090949198508768,2.2198865995053096,-0.5941456468934063,7.2745009301967425
-1.8490851835204707,-1.6153015847738674,0.423816436243137,0.03869376296991271,-2.8458942086970893,-0.8567314622036486,0.12187477842056449,1.154689158621321,1.4052476972053016,0.7798463625606994,-0.8755630408985078,4.90557794704173,4.30379536862724,0.13428342487594255,-0.7352430161425109,-0.7669575502066053
-0.06133437127996042,1.1924618146216743,0.5076374343379829,-0.4963610802908732,-1.8352522203416033,2.715155709116953,0.38437248955580056,1.4205806967711723,-1.456390796299293,2.8433853846164987,0.5016346862530474,0.18626364390081912,0.8541553595258107,2.0738321645950544,-0.43918857136126654,-0.027029363477413387
-4.964381853727324,-5.105443805898985,-0.40915684114667833,-2.2396659969581174,-3.4827055569372476,-0.9323985250914526,-0.03229019604493666,-0.6449247408067045,3.257804182207479,0.03237397941239688,-0.9918644351044794,3.4870582497323026,3.7541990035909274,1.4145785582051884,-0.9414026071176238,-3.310054892736843
1.3073556046817034,1.1919917410123346,-0.13003818907017362,1.8151995693290435,-2.6286980074666975,-2.3259668545580943,-0.08088491408488684,0.7387971627693769,-0.5064933771427524,2.2053131315711503,-0.0757058273948208,3.6601362068629624,1.695116401341315,0.07563226971952716,0.28136866199848815,-0.3489290171972155
1.6078407670662958,0.5981316349356514,0.3081077993621594,-0.12826066205916958,-1.1718296869334615,-2.1876614254910662,-0.08001933377083925,0.019910625300153945,0.2705743828324765,1.5117182761059589,0.13198318642721252,1.831663600446743,1.6058213265785228,-0.06811880999448044,-0.048821227116086684,0.4069110457733534
1.4256358595315446,0.36635642745118296,0.6278696814014525,-0.6287925513192978,0.33297498670029296,-2.352640120629732,0.1901239971220612,-0.15859314290349336,0.7103011486256366,1.7208372065655617,0.41291246844676394,-1.7108315099296278,1.89017989683464,-0.6972779822007421,2.0109003496897913,5.1108971223426956
2.4132792176938893,1.191585048193226,0.154313644461438,1.9646167540366788,-1.8439645717023254,1.0527667649720625,0.047310354845642395,1.943081489468876,-1.951919075790062,7.236734020608824,0.651856104526284,1.9169944356068989,0.5684778334249986,0.7451949131314649,0.9264294065791403,0.5792111399405924
-0.6143875856450535,1.3205740912043231,0.34133680455384546,-0.8946873865805874,-1.4011688563815625,3.22734344391239,0.1254667473891978,0.8668199635574219,1.2410321399768922,-0.5407103364065214,0.252224763305772,1.2319694253447684,0.7077894205753584,0.6616764296701441,-1.044150377938082,-1.314895870807902
-1.6234810278058909,-2.296771478081329,0.15691140904267706,-1.876811933772913,-2.4599628062722774,-0.9282255758347137,0.33524511341785784,0.7314340060121917,1.977434309410885,-0.12330382626596334,0.007148867474403591,3.6090015661537422,4.184404807530397,1.3938500566118637,-1.1180564056713458,-1.4866891998936402
1.9371666045128464,1.3021159798931519,0.2307808910522811,1.0582286335003328,0.22438618127608959,1.447050281966422,0.22840676748178126,3.833719811624954,-1.363545905939868,4.028842567184873,-0.295301272946661,-0.03220278201498871,0.7244073331604372,1.8453905182056403,1.3554253456316616,4.223582322976711
1.646967545181466,0.09506796584597597,-0.06020319003932711,-0.34249460834459583,1.917622332308337,-0.6361681141998379,-0.013058584021304425,-0.2988723275904482,-1.9717865264275438,1.5224360007951596,-0.25350981718171567,-3.744835685896268,4.022251283910865,0.3970999048456535,-0.7424871798992794,1.1762907741906612
2.1213416472618163,0.7161898568437952,0.16871251158694514,-0.8951025846260401,0.7205909744866978,2.7393454670547297,0.1539288205936241,1.6432944533377893,0.8844920500762424,0.48526816168019915,0.16814364302146215,1.0691227082043313,0.49893695541053235,1.0479832948420431,3.055757013281519,-0.9042905456094189
-0.13942136526792082,-0.9043094380377754,0.12935932598761804,-0.8213710033668652,-1.8135239886260863,-0.7208957710304588,0.28004859579012636,-0.030103573541253432,0.7871126556898523,-0.5945936859241039,0.2573230479236631,-0.10256464682795702,4.05864322068286,0.5978450410899462,1.2625672500727088,-0.08125993825420694
2.0308735092242904,-0.20113040191205298,-0.4142022511606338,1.4168952108418884,-1.4062429339168916,2.051974583809304,0.25751627104375446,0.14386579832069726,0.5362005791606687,1.5310382995518146,0.5601071510864444,0.48981440780926283,0.22551345633926673,1.3832600549970282,1.3499883062164475,-0.5867048218662826
1.7317988863393297,0.9087377361766918,0.3417698545325616,-0.38312445820459307,3.601298146194106,-0.9971778741806001,-0.07924388327411519,0.8120674154324414,-1.7379398317904142,3.64980578948866,0.6575338045121799,-2.3210506967392925,3.8030060750828603,-0.3694221246445217,1.4347038163082377,0.6620265439860238
1.6296736994156964,-0.12156593039082352,0.4023891768601483,-0.5438575633780386,4.225531098421289,-2.404580986484342,-0.11600593040012427,-0.6463190507148159,0.5777758446931202,-0.2815726920971062,-0.40622377157683764,-5.2699362625502,1.7474345209714497,0.6577865533106019,-0.7045361732403888,-0.9790282844330466
3.0016738553518727,1.2882863653243157,-0.07168905483792935,1.0546693190182703,1.4688855411480055,1.648508392889704,0.3485787791121968,4.2338579421828495,-1.174472544841227,1.9445449099203298,0.5701874684876849,-0.615408111373418,0.6229609105088566,1.560406323758315,2.540057168155077,0.10165180258428422
-0.755838887647322,-2.1523517461011283,0.2128544811171722,-1.1350977997683591,-2.209485007425245,-0.9005159711601607,-0.17397060277153992,0.37306121002706116,2.000655341739558,-0.18323597898686164,0.18240645910928768,4.288772173300934,3.4922132520980527,0.9513736205909915,-0.7039577262761645,0.3822860106626419
1.3850196393591236,0.805794878026627,-0.3516968029191596,1.2548860716890373,0.3183535439093995,2.1365689432739243,0.139742941030292,0.19661517658062544,-0.8833920622280756,2.144533509360431,0.3519970649007238,0.632780116892956,0.4006938854062474,0.45415332338106185,0.07414228987169807,3.770589844005204
1.4581472079679703,0.8294027844285009,-0.3168063121669129,-0.14564072284675267,-1.1960777257103823,2.1353361418084154,-0.386855370653839,1.386215136899209,-0.06558206477208774,0.5425603125264395,-0.3834108691919727,0.48183836245465117,-0.3954800310855333,-0.1638551909878467,2.414705179237539,0.7501478800104426
1.5367202169635552,0.2978671697668091,-0.5177841725154011,1.7698318266858,-2.594051025538487,1.9660445732097465,0.03345259170437117,0.7293077644410193,0.5033523766431175,1.4854852208456866,-0.2534971580912316,3.798331283678198,0.27106417496428453,0.7184496842293069,1.1200123416916812,-0.8031937241159972
-2.4813362359469306,-0.9465917798936317,0.09310827734094625,-1.296926793186369,-4.195640894084127,2.9683088588184887,-0.10564534004949819,-0.7153544118476792,1.0262761801070526,2.627696723990165,-1.094837786474998,4.25283692897895,0.7054265789262764,0.4550323492811415,-0.346296798643104,-2.079254160006591
-0.6744871570216674,-1.905054864467465,-0.5389100869980942,-0.9303191773754336,-1.1531222964093373,2.5178108258568983,-0.0703294452733388,0.5482978576385953,0.8382288147729925,1.3987869679040779,0.13184364037560314,1.3793220231917473,0.37736604154823633,0.20625951879796472,-0.649798051286432,-0.3982079835421907
1.4984266587875594,0.9637244742803207,0.3585994248460086,-0.1972224047277571,1.3749693760910398,-1.6598245629632364,-0.2606067416324645,1.259201924966759,-1.6183881606400208,1.8739204388960533,-0.23888532096131143,-1.6305805118565286,2.1337789718255458,1.8249639987499013,2.3065077565226635,0.18556254125435911
-1.059088743649865,-0.783593866902946,-0.35262256260841374,-1.1534197053702708,-0.7137312651689256,-0.9096838912553145,0.1279287025109692,0.1932744968665143,1.0994659478302953,2.6902484485075937,0.1639581410309668,3.9307490230561504,3.7053643682079564,1.6015399679128017,-0.32018786897075024,-1.8128274708287972
1.7517303554156058,0.5352704362598693,0.20548241295206823,1.7854054281890543,-2.6027907770654295,-2.13534273751859,0.3439907029943969,1.396944303339992,1.0785280018797008,-0.331157002678495,0.16227165655866702,3.5917171397437926,1.769065744212784,1.178797533629881,0.9847624801339007,-0.7636913228689046
1.7312150774413906,1.066080343889086,0.07754442808415975,1.1393961289933414,2.2900041338531003,-2.037473140682769,-0.40863286008419253,2.008986598080354,-1.2048371760842875,2.713629472638728,0.24167692092404586,0.16857002232083276,2.2987161658395894,1.9415877892871591,2.817937747913412,4.778604908550528
0.10504966114298123,1.345607953019376,0.12726428594886902,1.367540999902668,-2.199375047601072,1.61787848027205,0.30030832072374547,0.7203898308756989,-1.0577659287087644,0.44510949304107833,1.1067317819676687,1.038168566074459,1.0716506563052046,0.8782612970403666,1.2054922754073483,5.649734803967143
-2.355544728893688,-1.7408112613173663,0.09350717496138594,-1.3780164830003103,0.14386130059894617,-0.5652480936554131,0.24788265907400414,-1.4219848933222075,1.6859654420186894,1.0295852074880483,0.3951408066224496,-1.963411371398119,3.5925049959700366,0.41141549560103596,-0.8780496890994306,-0.5865385774243491
0.2962699072802215,1.235632975083986,0.20595447957012591,1.1784208822538937,-2.8966017331805416,-1.6014351358097174,0.06498032249619942,-0.15108236240005243,-1.4991635525042302,-0.2246739620801033,1.502729213736386,0.03261283179158916,1.7536862123806987,0.2048876468732408,-1.8959857404327911,3.3621039937752624
-0.8562121456704535,1.0513150914061615,-0.0828265341812703,-0.07295019535820664,-2.826823299836416,2.9031210960938125,0.37538056807942316,0.051642758482452866,-1.1435768195144698,-1.0080675842608766,0.32591747380016595,3.920041348267853,0.34264997165408323,1.970499826408142,-0.9484343797859587,0.8017172074594312
-1.2217243957871016,1.0879255074343757,0.4644198234814038,-0.9122845466866623,-0.972156474425942,2.604136156446511,0.2505342951979833,1.1446881773846604,-0.9448504183473022,-0.595281774531051,0.15139552088206745,2.9524302448663007,0.4903368379347684,1.4805938959547778,-0.6336879416021686,8.261978665839036
1.2744233989305886,-0.9479302343231959,-0.464735963789192,0.1393751732958138,-0.7544829187120105,-1.9725536881402839,-0.0154605948102489,1.2922048212766881,0.5604815591929866,-0.3132966026721867,-0.7099738484103327,3.3798706865378283,1.9690448543784342,1.2650484278010836,-0.5399020880042497,8.708183893944296
0.9923818720740885,0.7802381150884233,-0.09071562853834846,-0.9875224490876533,0.5253980236522882,-1.2096346944122967,0.21378811744708112,-0.5756494385276154,0.28245881991642446,2.637827679473994,-0.13233683005823738,-1.0060356729332947,3.6073855013174487,-0.01490809652238819,1.8452062933810993,-2.564093388810706
1.8375858801596463,1.431981055156666,-0.014459624457478368,-0.9351894250786095,4.22939240802328,2.7388711639827545,0.09582314344457017,1.9972387966349967,-1.5110260179252895,-1.2698732509129178,-0.6116116384071472,-1.9989831927617603,0.4433552930460841,1.917186450942612,0.21460103742651343,-0.585915736698646
-4.920007070645915,-4.7728583371859745,-0.40915684114667833,-2.4247820143153698,-3.5600896214919806,-0.9323985250914526,-0.02796665783687942,0.5003278802588007,3.716335193519869,-0.10917392721945214,-0.7966436614131417,3.6476338843761553,3.5568800914253114,0.11906939818419991,-0.8247012927132744,-1.9149653317656012
1.2226351868046215,1.2754381010292837,0.018130902519280272,1.3231041142135316,0.7023934243738251,2.0538981187029637,0.2776341945047771,-0.5322744862351216,-1.9825326089628847,2.9135251094089725,0.3274879856561128,1.005966474816062,0.31062758152670467,0.40108659688174747,1.0373738086154165,0.6596521038263571
1.4621628954110348,0.5529481821979607,-0.4521706895861205,-0.48733637952456904,1.6980073624722096,2.4840539673278474,0.13853017632185194,-0.43935547287655385,0.5223878266329637,-0.40580178724204613,-0.6203318277302132,-2.1815932010589894,0.4792582703450946,0.211917068104983,0.17527629878458434,1.2175783946849061
-1.8248848198566043,0.610055983977828,0.2500862404155754,-1.2884397497617024,-2.60441624599095,-0.3584360703095453,-0.3935303248517447,0.4745801776732703,-0.4553971594255325,2.494618147744371,0.49073760744073164,3.6003895465245885,3.229688061454445,1.0412835778009806,-0.6619119623604006,-0.6049701739776537
1.3059500674505111,0.3616372027650331,0.431255807386425,-0.5802531524924256,1.6699224937943744,-2.4920669517387024,0.3309094913515569,0.32566232133177275,0.36510877669982306,0.045268791515394737,-0.18976449505356754,-1.8389571390485624,1.817807728275221,0.26038783567955487,2.8727476336219104,1.2310868360942895
2.4253603454368853,0.08635579476171142,-0.3362876293548588,1.2502036663888425,-0.559289151898564,-1.8782476387914875,0.0585860565731667,0.6121016409542445,0.31083235103533263,0.2767036098223886,0.6748160831595601,3.7487672742212372,2.143338661862032,0.096522682143789,1.5041956299558596,4.65955107478823
-2.8433205939892425,0.4957553471933799,0.3033349791106153,1.9513547089558627,-2.9923477400578484,-2.0577941382121603,-0.3415322000061399,-0.19260046989496818,-0.4803989937887676,0.18066828803462046,-0.07354631135455444,5.3093338831371115,1.809958313517406,1.4855229090619706,-0.7623069105470495,0.7146048385040138
1.7036845792387387,1.0503347084438426,0.13535668915091648,0.7750380456679049,0.43459224082651404,-1.93702968554518,-0.22392148889332564,1.1306702956607058,-1.4248388638131773,-0.7066508102454893,-0.054082952863726386,0.819216701420869,2.2766772542363705,1.1839876927247563,-0.21415298743343833,5.247825143857962
-2.385288928090963,0.21264257090445407,0.37670641069525623,0.025115437278207666,-2.9790400939233237,2.595629593792718,0.11519431566539787,-0.1089156819848935,1.0597951428206613,0.15577465987207978,-1.1459638672495374,4.265582190117968,-0.434417846995633,0.34766586522789156,-0.6313041291579401,-0.21027743631092546
1.6551204060659357,1.1476964460357415,-0.0855393328964338,0.5002042903199045,2.1135373347143345,-1.3458665458411303,-0.546047594836002,4.365812200445594,-0.9683904765078701,1.5042684097212304,-0.23073294082854556,-2.5024005198044676,2.1718724529145232,1.4891941392013097,1.3374255753400177,4.5857180623066816
1.667440898523857,1.037115516492321,-0.01694536031930595,0.027131223509127573,1.558792033731806,-1.2591837322610382,-0.07846145036874724,0.18574960716812844,0.18158966709429164,-0.3976388828701037,-0.24387386964773464,-3.1237092342644135,3.0746137705926655,0.37129173898008244,0.01292629859510306,8.51036372295827
1.5728765782591259,1.0159633521091482,0.007016706426742955,0.01694774063458292,0.816968704887142,2.338618465891831,0.035789674753297626,0.7864780420728369,-0.6266847290411575,0.9482285811479392,-0.01845142311130172,-0.7606265932417213,0.6961058552199261,0.5081200495471864,2.45108443545361,4.366696192459651
2.8496731173028134,1.3113599267560447,-0.4063960459713264,0.8611701328933555,1.400981432072405,1.5714435986481112,0.022831558674893993,3.3630855378487907,-1.72125282504893,-0.328863820593689,0.20966445679668083,-2.9170787039858044,0.6792915236331276,-0.021923837212154094,-0.47384669677115093,4.1874997135295695
-3.9694048507576745,-1.1552512893680995,0.45754028580112893,-2.362282512646856,-1.6986224692745873,3.1049978107369354,0.4381673612107462,1.8752221005312686,1.3494309713194517,2.42535251616947,0.05673091406553141,4.525987628797634,0.8388450918067523,2.576993049429076,-0.3938493422432463,1.2436581651407066
-1.0724367386504146,0.6309351263832961,-0.0006239194070986106,-0.6875221947442092,-0.382636300188732,2.345463426266432,0.09322185250044084,-0.5889523755073003,0.49053952592852135,-0.426541344624534,-0.3517930025443262,-1.7970720612082525,0.441245469832071,1.3137555161956103,-0.3919668576869933,5.6890989067398365
-2.0309872530304998,-0.5560761305408036,-0.31470588400513677,0.11837868171132396,-2.727247329008881,2.429346450435632,0.319720515259372,1.3850405706446556,-0.030385168783857584,-0.13149641275189292,-0.1156923539327082,4.7407746199720595,-0.3952068010216064,1.1175162890347785,-0.6779238710205743,-0.09842253898172912
1.5672469373308817,0.7311035033774502,0.08817660483906965,-0.9766844778541046,1.517670125749636,2.1750623773276643,0.021402738512334946,0.34438178691099103,0.2196553848588573,0.8005178259564356,-0.21853663305625579,-1.4036787900287475,0.45186264694585543,0.5243183244515437,-0.005131717969272868,4.654301722756326
1.2994216077414704,1.0110932631119212,0.38682923554673365,-0.13364400518688474,2.4803312589364124,2.5434328892014872,-0.1935383244672886,-0.1680238168497277,-0.9726787138155915,1.444557777606236,-0.3326643952642823,-2.47239895861527,0.4745156420797846,0.9476584569366917,0.6729621022209119,0.30219302083488214
1.8034001825789012,0.29669288965754825,-0.4368521903256466,1.567398339567703,0.8587082804529985,-0.39799678929361504,-0.443152236074158,0.6110648953314757,0.6645939011349117,-0.624506755551657,0.5642230718878696,1.4186293931878715,3.914855720782113,-0.7813660769034212,-0.5676391475848643,1.4875376248923062
1.9438678765254482,1.3495080228243879,0.16255802926865362,1.3628265793940006,0.09525058212123864,2.520898172557647,0.06753293574311765,1.969175822890224,-2.1832290761814206,0.3206003279616231,0.4982514996955273,-0.26591738863630726,0.8660065875560188,1.0522277945996599,1.2051432251740617,-1.7308018057569914
-2.7977316796714042,-5.969408979126909,-0.5340486417297771,-2.1980534210838973,-3.0184745776166695,-0.6224526552727468,0.06341831874718168,-0.11033940735934773,0.6074550819508536,1.9780199623061119,-0.4863613245446909,0.8614225383891414,3.655390422075643,-0.22598919024119687,-0.636598869161628,-0.4688369701134143
2.9549613230185416,0.5843634785595504,0.15234795832162243,0.8999434160738211,3.8522132570365346,-0.9608040357862316,0.33536532588654433,4.171479181959944,-1.0395550273406684,1.2396599240755695,-0.3400536314608499,-7.176480016670544,2.9272764679248002,2.1554040082789405,0.36698013215058295,0.24656381598077054
-1.1698332032933487,-0.8631031464698806,-0.5531296474403781,-1.1691807438093393,1.6145356651265024,2.229121407430461,0.13566905282877692,0.5040772652426402,0.21455133224233863,-0.5606538993819483,-0.7390706552304708,-3.857593365222936,0.5467746375968126,0.41440879010087295,1.3733235764081027,2.110188515080957
1.9246427707957912,0.8403119207284786,0.1520676137580566,0.3255396964937884,-0.8357317197227412,-0.8750531630914801,0.060609421408818046,1.1293273925494423,0.5678921821228781,-0.5210870933380665,0.06438420924894006,2.1578447590804535,3.6175861088168166,1.0987681608863464,1.7959704677267752,0.03899696994682
-0.5122655863885639,0.3862237039493611,-0.07647911225954086,-0.9949953664429728,-1.040967268066156,-1.4670037016969004,-0.07803299300309734,1.2271031053492032,1.1410645431451347,-0.1078338918246037,0.2838587668642272,1.3231847562651842,3.150971043519773,0.45921420073694386,2.2960212471767645,6.672218381749407
2.1232929609613342,1.2514102851288262,0.20227902603013279,-0.3321423974348611,0.0990561768935352,2.9640364938406627,-0.004537375507461458,1.1769078113656146,-1.4435957873875764,-0.2832003895602209,0.21860824710861756,0.5633243752599316,0.6621249893412428,0.905004690720293,-0.7081576723830235,0.8493646563757874
1.8487339050940244,-0.9901437683531289,-0.32626840485963315,0.056348539607636375,-1.5110448749857168,-1.914967168530703,0.20282294749966379,1.4012152116570693,1.09644420032634,3.113356026388282,-0.645957833365024,0.08887289156789048,2.002597405850303,0.5963299705560223,1.2751038679171056,1.2104842619742435
-0.08401696263348854,0.2640879426687181,-0.3054146372352564,1.6900984037715006,-3.0020395409353045,1.9472911584430237,0.43678769351311564,-3.7877969131613285,0.5484713278355257,2.2942740975321017,0.29550137756143185,3.428211710309127,0.3398897275682106,1.3112495705115894,-0.6845492542185919,0.21066517803256324
-1.7439799857906404,-1.2462718234086196,0.34320118781037406,-0.9359821062600271,-1.2509928597758095,-2.3064394549259752,0.12172502343267444,0.3574211915456874,1.5289158946198165,1.05823216205396,0.6621918696128755,0.7916007135474961,2.0195008949452387,-0.06076173896064912,-0.9025680652530224,-0.45584432749222736
2.949690522948655,1.1848190374192384,0.5604816279924402,-0.035167837590955854,3.1500161534828033,2.450843916284475,0.16846476631874777,-1.5394267114062348,-2.7903017020419116,1.98771217346679,0.6369254504383072,-2.8440821852885536,0.2399706824492145,2.1066943590871103,0.3350295625237896,4.559106966493137
0.6630938540695015,1.1109399698114595,0.31477345553892433,1.3511087262142558,-1.8176250347810896,2.3467167538933325,0.4815358656532195,-0.535229659153334,-1.1854045181683908,3.2547767385512127,1.2489900393571478,0.9048955930427715,0.2553887484648014,1.8547000520999697,0.7782650777797638,0.90503603660508
2.2024184253537684,1.2455635014242254,-0.3296020396427831,0.9905468345955256,1.1626243365961861,-0.9023283150457003,0.04454843657595563,1.533462236000447,-0.3996779192115826,3.2263725319734586,0.41929779476388707,-1.7273539408897378,2.271366269529859,-0.3311410449271527,-2.7463987065326196,2.8838827328426557
3.4831806678398243,0.49586348426105625,0.012751098376475322,0.031313094631399196,1.001702311372148,-1.0639010034282668,0.13235329786291555,1.3860873671991232,0.7571222909083969,1.1072320548344528,-0.14886125573885386,0.9543290000641463,4.043810770177797,0.5939819078812104,2.545955689567897,1.5359101397238546
1.5372856403548893,0.9976796735547048,0.11263394057834791,1.0788143178545881,0.14403139870765003,-0.7421957532809448,-0.08388617502770504,1.8484935135759406,-1.7459462998082456,0.6763502529670496,-0.292672663246521,-0.5345152313020627,3.863799892143848,0.16106856880483453,1.3004097768566774,-0.8427779646888842
-1.3191175158965696,-0.841917757195037,-0.00689154983620844,0.46910191891604336,-2.5410266309903196,2.491309903914665,-0.01712541457410927,0.883013200741876,0.24658604058781528,0.37457474191412643,0.17636862965512728,3.891662988249014,0.08803813587495798,-0.5664480276539234,3.0238780324675223,2.185193522888859
1.476202699963101,0.4871350764787432,-0.44615178675373457,0.05545490371739671,-1.3731358588224472,-1.8816745097322265,0.18446722763290052,0.6848379538871209,0.5038771159080611,3.240708819016378,0.33815292609465947,1.9760147127811327,2.238201904107696,1.4137132937780095,-0.47749183814715673,-0.49743821613308103
-2.0784446407195873,-3.3463210446676297,-0.6374343726919244,-1.320745346751465,0.21495666398743438,-0.9726074467253594,-0.10289077339771575,-0.23138994391048898,1.3646919937724502,1.9670345720742581,0.2604123286823577,0.22894519022793228,3.441669064254225,0.1934947732042615,1.0641545512396584,-1.081231935799249
1.6460411075299295,-1.4153562263960526,-0.4075247979705495,0.06891210219863667,0.8334855180037622,-2.0966569374208053,-0.04562780710756574,0.4876395512811085,0.5728985112393779,0.6533944723463881,0.5315943900236011,1.2163529432389775,2.118343668556314,-0.10116015553180238,0.5232545819730094,-0.3217698758975825
1.837274567829383,0.7327661127130956,-0.304136441399965,1.2763895034553272,0.08847951378486767,1.37039387013716,0.14901607977025824,1.3176622903788813,0.3664823920931058,1.1546212826766342,0.5742292369170904,-0.03963460275000494,0.5771684090091992,0.7718615972725718,0.6036508182771693,5.435959452580933
-0.5032597802626486,0.13593010534753233,0.5241089384111658,-0.40847982478393424,-2.385015313428736,2.9867497163667753,0.16105655154563372,-0.11577423259640574,0.0466976796799391,1.6519079795162854,-0.7969005217613566,-1.8848667300577049,0.1449537393512651,-0.6313625148540281,0.23362147407085485,-0.5901949463689514
2.0836904513087244,1.2126251714442209,-0.2625047660044269,1.5807731812078998,0.801169685285985,-0.5756523089769707,0.189840478484206,0.28630328496159313,0.44672244693541974,1.9630367646209286,0.649062259805385,1.9990441863938975,3.871027821210031,0.022871175805983406,0.8861120663026385,0.403402655549087
1.195089215792336,0.7304113026293542,0.10728977380254695,0.8772568629355032,2.5984819382211763,-2.0086629154462794,0.07737453970025743,4.277683353731483,-0.6778368288030003,0.6611453054070076,-0.5283873411557467,-5.40418269105254,2.0422700314649487,-1.368944722386386,-0.24230528855873562,7.871306013755242
-2.0216303083165927,0.6944753065403535,-0.35582625422333525,-1.2177765090179138,-1.347381896518428,2.095406671348577,-0.22908489212348823,1.1220592821951532,0.4593214923571695,2.128551543225485,-0.1689638804866237,1.338145405171777,0.6988458137417778,0.3976069365785154,-0.5918278437329256,0.36298463170418166
1.3221324559999188,0.9197387911246075,0.21319123080818167,-0.6003543923289846,1.8700041959146079,-2.3179634674730933,-0.07972087911844254,0.9154959772408443,0.4150382790173103,0.29890546239600074,0.16579513608120203,-2.894588628917619,2.0374624312471097,1.5459872894789324,2.525614886812412,-0.00919603296851469
-0.9838217745462482,-0.9256656905622006,-0.4280628540854715,-1.168710612025444,0.4686110097618118,-1.1411448909764674,0.40293863076190795,1.2600813271583142,1.7304622664218894,2.1207317046994456,-0.03089615760597572,0.26667202093194625,3.9447265072301105,1.5960534039368497,1.6454623672421127,1.5091491065728593
-0.7909705909356635,-0.9339487390152276,0.1873705305691405,2.075054335998821,-2.7589246195102657,-0.8972548720903663,0.2767172872803956,-0.7910921424035123,0.7437622774107094,-0.025928029630392455,0.14257121449204935,4.873434834045875,3.6809691355147756,-0.02250331759683498,-0.4213160456522797,0.710822876936787
1.781549084850762,-1.2514184778373159,-0.3852398160857744,-0.7190782517946299,-0.05687731343200141,-0.745193641396023,0.16734945235201773,1.28924322412181,0.5141276559919978,2.6487695126442956,-0.023910038765366425,0.2846992915273943,3.7476974678647728,0.6715451617769246,1.0314073113704172,1.2292919583527953
-2.4231308319434164,0.2338709652128736,-0.04716948972290921,-1.3361755903397972,-2.6930441038211526,-0.5538574868860713,-0.2621485161218365,0.9463513036535456,0.4081723643806634,1.6580451860945504,-0.813534718567167,3.957173896246048,4.385453661569925,0.3490700138854374,-0.7042670335222877,0.8656643547247656
1.8445270499651378,1.0150044894723649,0.5010366451285588,1.19581268320369,0.2872532476067986,2.3078336895867926,0.1935229921860128,1.0609137391948995,-1.4682039911794873,2.322935414173016,-0.02408382985546954,-0.7577075444461495,0.3751568021504975,0.7230900724946198,0.6088039790013396,4.698815946812058
1.953714747042353,1.1449159803380324,0.024968695334004032,1.073426999373337,1.8075524301409607,-1.9865760119745592,0.20545364766711496,1.9760761601734285,-1.1178559975993119,2.418715042115829,-0.3068767005646879,-2.211697245816017,2.0833986570369696,0.26371305122806604,2.203018571417282,-0.17252987655505142
1.4522202856718063,1.0852104251992571,0.40990931622078686,0.6873971810717854,2.181164160262706,2.166849217820936,0.13423214145087395,0.5339426167083923,-1.40314945739778,0.9758307480974134,-0.06381826638612352,-2.7568837446085763,0.4447631284109964,0.6002055447303637,1.072792094743667,3.5103456653076837
1.3874588385001263,1.1350038082948035,0.04666774633359959,-0.5747553483155481,1.7387185639817933,2.1742453477100856,-0.22522244900211483,1.0255509823266027,-0.7648058847353355,-1.0450022491193476,-0.6147019428318766,0.7789806589282287,0.1085295123298883,0.9552210209970026,2.2283084200154923,-1.422860960013032
2.0914706401045122,1.119756460768783,0.05354655821350766,1.1664297692610077,-3.1110043163908263,2.0346784240615996,0.3727646595710579,-0.06749124835700099,-0.7480138072076703,-0.25473851199893555,0.8501118776034168,3.3189088177309545,0.4202419539812491,1.5184768248586673,2.282465792738204,3.8083767664524695
2.4018561122485464,1.150005190209027,-0.17897972013159671,0.9701164810391749,1.720412417734565,1.7045487708654437,0.39337424223344003,2.1209763239573878,-1.1089100254758417,0.8816138737018614,0.24323989406809904,-0.06739781804356923,0.24261523718797992,0.46248277138466143,2.078133017856942,-1.3788943373550298
1.7149341019487252,-1.0971439953669218,-0.004812014818649089,0.3759318069165542,-0.5754429114294171,-2.151916345414645,-0.033606506656927215,0.986610399937135,0.595916905584905,0.8073374893955756,-0.1021962003933804,2.516942635984353,1.875654693632662,0.13539872390346758,2.382954745145755,-1.7696724884952737
-2.536634756986416,0.4741464292524568,0.6663291883751618,-0.829703190782749,0.05554969597562551,2.927686208509629,0.19345727035243993,0.10622460745265977,0.5359314961854414,1.1824253420573183,0.7252772572266069,-2.7649708529245958,0.3661451413349525,2.199141482292043,-0.647590817280952,0.9478260179286311
1.2217792019806717,-0.5145959615951459,-0.3209306801722376,1.096596716426286,0.08059670809056523,-1.0617956913008788,-0.3510051875988758,0.5335635639525667,0.6504131928594279,3.3666554412028304,0.38861741950243234,-1.0739393998606,2.2268720937331445,-0.9241601921749493,1.2043407216062112,3.596992621640108
0.09939575421403768,0.0833256151585719,0.3472452038277991,-0.3146813102002828,-1.1320771160254999,2.1036220612719148,0.10495007789382184,0.2026864775907733,0.18977949995749355,0.8312175648748008,-0.12646748443993472,0.9181055106409102,-0.04085288525392258,-0.13424130683345947,2.3598041331342787,0.6389158141312273
1.8645488949457492,0.9863112085929574,-0.14228007127754633,0.9315954014359322,1.758565443686701,-2.0173881181668807,0.04998879810947658,1.1001775859348795,-1.055582456426204,0.5215445691584101,-0.01728726371104006,-1.7683554328342355,2.0978481313210873,2.384908401996453,1.4872424731574572,3.179152813167669
-2.8239494862305428,-1.2701616131465672,-0.43671477214280097,-1.0462854879894399,-2.7244233853908693,-1.566003838269774,-0.026452742963617264,2.4568238551780817,1.459722951322538,0.34899538231772714,0.056251939774926214,5.023794763150873,2.0233441978255926,-0.8794434786257249,-0.3095448736940418,0.058904508193824034
2.9201789415122983,1.2803180357933601,0.029925306118926593,0.7600991765175337,1.455472575929486,1.6737449889822216,0.2784829289203427,4.132792731072269,-1.8293831560479294,-0.373074444708824,-0.2028174179038201,-3.4581713039207416,0.356518326925301,0.8012204994236442,0.6492583862699973,-0.8173831567090813
2.970703620224932,1.301980583382386,-0.22870717433517854,1.3432902375728335,0.20822630325717298,2.150295974043715,0.173167590476215,0.6368323172086289,-0.4720342574480789,3.113537717222472,0.27904851718800544,0.6419612990905784,0.21396791298043566,1.4074645497792002,0.129185922919988,0.5138862810008357
-1.710044420366645,0.24884644680891535,0.3850368576847834,0.22237983801575828,-2.6952831796810197,2.5756612643999883,0.15402719959827862,0.4902089542179654,0.39092592402652593,0.48248657567900827,-0.9283113249270282,2.4860640144902155,0.16150395780643773,0.216863093028839,2.432414889874347,-0.8747120800246555
1.7106437307824778,1.1527932372548753,0.07762835753996405,0.5807607698671718,2.1190319195540908,1.8901291699932805,0.2352053598744804,2.03801047318773,-1.5063933295475405,0.7804247069026019,-0.23428344808905846,-3.4033270251596566,0.7599006597412197,0.8091191112538866,1.3465887760180084,5.531203476720942
2.062049169704166,0.43657027113841895,0.21467872293496548,-0.6469373640805414,0.22793049231286625,-1.1913330853922888,0.20768329423836915,0.16078957460473128,0.9150207748897421,1.8438960553389805,0.10239918540706842,-2.6298182709339897,4.052327174806885,0.25534640153576954,2.0604670531825917,-0.6214676765889244
-1.7707778826623506,-1.906334547929571,-0.4738058244223885,0.3078387827573138,-2.686193493192303,2.0199796109696644,0.145088157140095,0.6121185804362328,1.0784538123797969,1.834999655558752,-0.12165074021862249,5.494170661871048,-0.14171831942639085,0.2732500529185735,1.5374199095409846,-1.4546419696386634
1.72407885768495,0.7809799091213903,0.1523092750316342,-0.33212960329730595,1.6924223837974535,2.671644567418908,0.36977334781221155,-0.5544960193970654,-1.0844604781339995,1.1940565913029075,-0.5910155006761681,-2.5496340897215215,0.5022960758379857,0.8489919125828508,0.2210438895434905,5.048003684981961
-0.4889811946794469,0.6381168654219757,0.40303287784538666,-1.0563751232979017,-0.9332506619218386,2.5137277986227216,0.3491289860488525,1.7779194576573276,-0.0702408416666411,0.9692141325298492,-0.5098379369434027,3.6755166021823684,0.1536306299043471,1.2362210915994645,-0.12085929275744615,-0.16852343376226903
1.0696540428079735,0.7837120388984028,-0.2470308356386512,1.3432390310463687,2.4431861669762682,-1.5030153291908888,-0.1818335693587874,2.0209394988745037,-0.3625702047808252,0.44352956291261936,0.08865344194847,-3.1686219218767584,1.9344518172260727,0.6250427150709983,-0.24887928765272843,1.6372816724856938
0.3922548342589583,-0.7127295805038087,-0.06109026262151029,0.3368639814620426,-2.369456029205123,-2.2141715312729344,0.30757215895221124,3.1224567413853257,0.8444448571409342,-0.19081661838214575,-0.47859160074277196,5.270484996576695,2.1328606349857617,0.12809334376372492,-0.3384092085466799,9.1304017252514
-0.12783417867773955,-2.2065045700548986,-0.9296836514808541,-0.7133936656782952,1.4443685242393707,2.3478294463344125,0.006822949666396355,-2.019242055580301,0.45324620735960647,1.9921038330609677,0.733759129308111,-5.2234374836533854,0.5028063060568597,0.722914549195721,1.6787250454495852,-0.09769532747463552
-0.8340456725619508,-2.2071384706149204,0.1750027309879578,0.35341663250649574,-2.6128835782763824,-2.1476092902769155,0.07893497528570012,0.25491750850437134,0.9334459349179166,-0.8023043200384623,0.28657232830393975,3.691466499929746,1.6353432777197998,-0.5950358362126243,-1.2179067118846036,-0.6174450462069366
1.7093336529432124,0.15928362267682206,-0.34383442810564235,1.1903721422325357,-1.0743465852572651,-1.9483328556795165,0.0433528946274871,-0.06112246796445196,0.7521508677834773,0.31140499299111896,0.20233241622112363,1.7461107284340183,2.00475329556171,0.5280914926818673,-0.09919862951783319,3.579395155023807
2.2810478850880016,1.0093791225604747,-0.5803925158372052,1.2619362667676557,-0.16924025530667453,1.386165185870716,-0.27176604394507353,-0.13717845370470652,-0.6183734603025046,0.20774266633441615,-0.5602235405006348,-0.59769364641295,0.40839904928773046,1.4408345009099182,-0.23578788627650693,-1.767964620544571
-1.6286793142938127,-1.7598995366508492,0.19376459940595395,0.18160479091004347,-2.6972488534166916,2.628292559480622,-0.13742528957142613,1.468456619619564,0.9138816056741299,0.8969562686383346,0.05332503625115408,4.849176702173213,0.6073011733971697,1.4141032149961839,-0.5084881568826358,-1.295859087892168
-1.536683854730676,-3.2399721577673466,-0.5524711436611833,-1.5257062643718495,-3.3612348744552474,2.212484195704983,0.19353538342094842,0.19165004928768278,1.098338350608637,0.877614458581727,-0.037039327887154035,3.063661275088319,0.268949856913655,0.4708712817699161,-0.5944981304434979,-1.755369350809695
2.364312385375683,0.8965582161243382,-0.29670249279242566,1.2483341150850351,0.38522167160420334,-1.800844450260076,0.13157614535167883,1.1697292686990515,-0.5900482398773881,2.8806830579952085,1.457191218953378,-0.5435643044679688,2.2425460794307113,0.6334921765576784,1.4996813878581414,-0.15107350036535572
1.3364290693991105,1.4205945852076054,0.5688842247747372,1.6868740413040573,-1.3146064481208115,2.7302722948930334,0.1648838804029799,0.74240225000365,-0.15733431941649823,1.6490226151409473,0.34223717002065707,1.0713732577335084,0.524548203444594,1.6781019295877182,-0.23846854930480205,1.5931003057015043
3.264942707903405,1.0744326475549413,0.05089867755585224,-0.2767997251708563,1.656797730969553,2.2315071393702257,-0.0039003577360776152,0.9096006113168584,-0.7634136775350658,-0.5104002741824393,0.44777956351047915,-3.069720368768227,0.4663291007475713,0.522005253937903,0.9446941573338715,6.060566442155688
1.714429036646309,-0.911695790861078,-0.5394595312940639,-0.7757424017539785,0.41186746314755407,-2.037990766498353,-0.12031218368992819,0.23630324524545915,0.7230413868958935,3.1194629106141387,0.06761169778446474,-1.274837356586654,1.8268972485639179,0.6051735360925999,-0.8342177740409319,-1.7969593220914053
-1.6366190268417342,-1.4312538173232805,0.3061320391094308,-1.1129931363458818,-1.1627273032163419,-2.373399975109586,0.30428613804021826,0.8266436238329922,1.3393569995089156,-0.32473447132592514,0.49917511093995215,1.1116356118972264,1.4852228142445174,0.1281021756902146,-1.3855352345027352,-1.5876893448147753
-1.4420103549186662,-2.1607196639231883,-0.1171727622205288,2.164533132779346,-2.094540227412712,-0.8015833531901445,-0.0008504180226125571,-0.5706087331110898,0.6111578395334865,0.5459431480803489,-0.28788112032073016,4.862854758338475,3.703358801056481,1.2145518991941255,-0.24451560750711587,1.040885473102264
2.751515622659863,0.30904481349452273,-0.5123844291616139,-0.4227994784316852,0.7142062240370963,2.0802873537957796,0.10302012630259416,1.404062334884932,0.34767732562352605,2.700921416392821,0.33005750800996075,0.8182732231377627,0.11144292656434901,0.6495814482531252,-0.04713828527700829,1.6327243760813435
1.3769827815415254,1.120091058074629,0.2104899067632281,-1.0614358295211312,-0.47934357080690565,1.9842030359389329,-0.44286466908772787,-1.12689868702029,-3.0847397433435693,2.1431423110703123,0.6418134030475225,-1.3723228729801114,-0.2525165538142533,-0.5279551282636363,0.40257657528827256,0.7237144248551859
0.9773527182460048,1.1055180221395773,-0.10648924395430891,0.603286750082311,1.9191203881329943,-1.8761290756926616,0.2694457764885692,1.037893984392698,-1.230712532168007,-2.259887283838727,0.747217417229541,-1.9349532644835405,1.9455320048724554,-0.7529757988681225,-0.18539049416222814,-0.41817694639824604
2.148302872047059,0.7575450791787656,-0.015268420969562886,-0.1721098354864725,0.5302561640588511,-1.127565931467737,-0.07226953559669855,0.2953399841355112,-1.3025745770887875,-0.4379966072295813,0.37747908676511127,0.7386755940189496,3.8472586407932496,0.2815542084477522,1.8461846725371953,0.6268152055766042
1.7058327733556782,1.0227571951152474,0.026675840965275997,-0.15167536284777025,0.4818349742095122,-1.9119073330036458,-0.3549314587429749,0.5817741533852876,-0.18063527663875345,1.1906297189425188,0.023140918432523572,-0.27657572683398945,1.983973131850367,1.2583149404434033,2.8070920382686513,1.0960189967769587
1.7687546731141546,-1.6357895203046586,-0.5089806530794394,-0.851045834271108,1.0794607578913724,2.0292393539747224,-0.12983439592370757,-0.24073696357736812,-0.08542138845318271,0.06557490141269955,-0.5391547126518885,-0.9771709657511939,-0.018675340126833164,0.7551752908463686,-0.22850920596247024,-2.7081320788115564
1.5697096611335524,0.7460405722886068,-0.32379474723304336,1.0815163483906691,0.19773586172726793,-0.7974541521720103,-0.03430831123401958,1.0969603568455517,-0.16317471074121176,3.626726220507346,0.49655105719427506,-0.8508793930529841,2.2798747285185947,0.5636938454306946,-0.6266632888246835,6.224524823353549
-1.2055650865626297,0.24537235653954712,0.2406670773356545,-1.325286111523223,0.11063741058195499,-2.2568743964361255,0.1695406623832141,-0.6502569958269924,0.2867419615821602,-0.12418141231276474,-0.03078851005329205,0.6887081992566244,2.402707604826242,2.4463704811376905,-1.1785590109988393,-0.8661576163677345
-4.111120408211728,-3.1510856548362827,0.08270487150178459,-2.648290727037343,-3.135545869572196,3.0251256436205485,0.04101224215496893,-0.7830525412063376,0.2716444040417586,-0.9367885937732192,-0.6083736637959316,2.9596241805209784,0.8622659749081618,0.4850924873834359,-1.0515753352563766,-3.2524416845005297
-0.06366934064957859,-0.9973002676671948,0.1298740445318657,-1.1034680757919868,-1.1979803218928484,-0.8635885055695481,0.2745989478055351,0.5482247636723607,0.7430075469815233,-0.22638412875158123,-0.0025505635792314584,1.2893826826830304,4.02288768340554,0.3989991185513935,1.2140458076740714,-0.9186011294953272
1.9467320414706548,1.170331098465486,-0.31130399309356926,0.7376500493267565,1.8305999714062673,-0.8490172010353431,0.05731299488251167,2.1417365162702384,-0.8736583086725642,2.18300254812031,0.07918324493390247,-2.391242718532611,2.3928599566587603,0.09248290268834844,-0.5382052313307604,4.506149078997131
2.8318320018023457,1.2293932703305221,-0.4733169460753983,-0.03317973111879566,-0.10501550670492665,1.9912078491410927,-0.20398510223231606,0.6379901127314409,0.2872346545046186,2.1981571744802184,0.3691867412444775,-0.3431687284923735,0.21090008389053652,0.8641463697748681,-0.47641559031086733,0.6374399277925403
-3.043294275535977,-4.153876276994691,-0.5503898723747507,-4.5999750698451995,0.3819031680934244,3.347965305045553,-0.8505796631881947,0.00035209498060878586,1.5296183534238859,-0.4218362848160188,-0.4966309158586965,-1.6995780682926633,0.7591724590645035,-1.1297951453722967,-1.556597690543787,-1.053821027313806
-0.4918076530741478,-1.1039373905285321,0.3548757467164971,0.4118778643607876,-2.6304964588626087,2.9039689053243523,0.16018546323959298,1.7119534161581385,1.3657442491697904,-0.08218537949869964,-0.5196415166340513,3.7303944572166103,0.8513736040908102,1.489196070615225,1.7290419649323756,-1.0926093486995712
1.72281660265698,0.34505467041657134,-0.6115554901447576,-1.0159645216811637,1.2789139637952545,2.1978446532048825,0.46641670235286703,0.5727037654627884,0.3634322974518511,2.2088300099350637,-0.4957832197144381,-1.9026246345929474,0.1913408734673048,1.8536294477063164,0.39152260737815525,-1.003680110934189
1.7015623810346354,0.9350070126448766,-0.4898728734821498,1.50930013874863,0.8653039108553198,2.518711337294462,0.25740339206570556,0.3384873263824427,0.5328874540241593,-0.904935072450154,0.1290806431347923,1.331955554761066,0.1507495842000598,0.5307419485513727,-1.022850963532255,0.38856269948714967
2.063693158433026,-2.3929847695592885,0.15373290678833135,-0.12529732411062347,-1.0302756409899094,-2.1760287472826247,-0.2881132629641125,1.4966767270995986,0.4199004858509629,0.7728662431735086,0.073126414486889,0.6213604401792092,2.2308643775827273,-0.7148166055782231,3.017607590248168,1.5102121447298773
0.3001575152315649,0.17036331228279228,0.22614549974754225,-0.39775751524566055,-2.1257810225544316,-2.009352698179706,0.2622379803318451,-0.09028207562089666,0.39815170498236524,-1.1213802985476093,0.5124049166716631,0.30713203752667895,1.3103638479837747,0.9885483185426485,-1.0055011088306036,-2.0482187593815104
-2.07652993748977,-2.6323553557979036,0.15043482930839794,-1.441936609017071,-2.4538936077665454,-0.7941342169350077,0.1015324898574289,0.5058445788187941,1.0536668845077,-0.029641428908362338,-0.9046672849939398,0.6826895226087113,4.002918620238316,1.8393654656170473,1.6352671542802348,0.36895204098383594
-0.9664879808579843,0.6622905092444185,0.32642928761357226,0.1703704883279728,-2.698034203156864,2.667313075914473,0.13195341467369376,1.2708503578304116,0.8883720172241548,1.513661151929228,-0.3704087343816703,4.328846147807371,0.2052350706845153,0.6450085268829949,-1.172287250173253,-2.257251137610894
-0.2657127519186566,-0.7949723040106161,-0.5032337829822446,0.41096891587399137,-2.757134550583702,2.185909556986007,0.1570420150203936,1.2591159633554039,0.5024187684652529,-2.5780085936435064,-0.5528567301716296,4.176756312355692,0.32339493939538533,0.2502178408436186,-0.5473160281936699,-1.2652580301881897
1.4096255114056462,0.5447671466575842,-0.4955496008199014,1.4461291273658845,0.7042556174869367,1.8296704838385216,0.38040782856650723,-0.20633514899161007,-0.400859954976252,1.203933640298964,0.26133383190192233,-1.036248754408785,0.4242998868830638,0.20269187806342726,1.9424135699775549,-1.0930798614442037
-0.5256438997697613,-1.8345253469440113,-0.4737781413255152,0.4167035740981326,-2.5339926424330605,-1.0051349059488093,-0.03400018524969252,0.5074309757740411,1.4027979389409526,0.2697111532830407,0.07983710850779062,3.9623936220146168,3.656543429610247,0.4752582149276762,0.3786719777179087,3.8939073025885684
2.592153592033323,-1.2266757787673215,-0.29402303962965476,1.8581553805023963,-2.495279369640357,-1.0165072411292455,-0.6009982270560676,0.10142000360708991,0.8859852208185957,1.0691573643642474,0.5524299542955237,3.342447857505833,2.554799213382207,-1.097299571135753,1.3157593171177684,-2.1013817188387343
1.9928477506080282,-0.007998530125188962,-0.31111220008134466,0.058083747663374694,3.876565490316304,-0.6114069107886713,-0.17721581497539401,2.2975623593885506,-0.2587416817720497,-0.4540212654688229,-1.8156930210322362,-5.672732885408442,2.4269035632426017,-0.7589780767937742,-0.31714946190567983,6.126483650831689
1.4241070398945337,0.05128153135607324,-0.4344093252047817,-0.43622201893378837,1.8515094707046476,-1.3207468939786897,0.007010535147678545,-0.08382613790434507,0.23227330879123131,1.6070387191475748,-0.3027290686793361,-2.0175503745341676,2.840046265850464,-0.05340878047918951,0.017389532102964324,6.731022360387862
1.5634451430471363,-0.9392224966566471,-0.5302797195129179,-0.6822259520880262,3.3208542897135054,-2.06114567075131,-0.005879424199443199,0.35520334569096784,0.3213654938956738,3.030495422494444,0.1941699200648007,-5.895943165309361,1.8622547834000251,1.838542585183052,1.1699221963405804,-0.48825534690518363
2.18077334966819,0.3498623287091229,-0.5345460856888281,1.6559674866328764,0.4741593071001691,-0.4289441041522505,-0.14316875097647064,1.0643302271013098,0.46615115185112643,1.3753252313581183,0.5060919197125318,0.01812704338204768,2.5341114169645826,1.219770747552148,-0.20370699877033965,0.47857072897836245
2.2197593792409953,-1.149608973603839,-0.11822802722088689,0.22694821286024094,-1.8083972122099001,-2.0237424126597485,0.3401438929112153,1.413768404568972,0.6222511107865298,-1.0380021919202567,-0.13440477280789415,-0.5242720801847792,2.041629578462053,-0.7525821169197136,3.0605765732559886,-1.128488657718786
-1.6509405141470934,0.7931123471645255,-0.01378843607161671,1.524270800702326,-2.486119098291905,2.1539039150284363,-0.36746568564481435,-0.09451762811951414,-0.4051690734728957,1.3364742985504232,-0.8664730706271917,5.394063412889732,0.30565914603210426,0.137510864890406,2.18338330437369,-0.7211156311899525
-0.8989518420266106,-0.4737225270292662,0.2926758047213144,-1.0466949569873394,-2.1374362537449754,2.844259780421735,0.2129154863040743,1.5388286086910845,0.7188254581159536,0.5168093630043492,0.2839146549549679,3.86998063348279,1.003741544546222,-0.18941994960496084,-0.6747012913627132,-1.03342917891891
2.2700199288123293,0.9024233372650493,-0.30281099100400255,1.030724442126029,2.1677115033646346,-0.07102040850450934,-0.03984856687480237,1.2134581348734927,-0.2620960521090213,-1.1199765537718227,0.20726766293829973,-2.591364264023781,3.932501776816282,0.3610443637439998,-0.3251743969822204,1.0685106623750613
-1.963796474544314,-4.074861032891249,-0.5362344532704242,-1.2386314594017935,-2.8739490801408856,2.5907680812102374,-0.49380202555579733,1.928434932897241,1.0256800411080564,1.3487434259105109,-0.5050429278694537,1.008709408227418,0.6316535707772225,-0.9898846961437294,1.8443024406076822,1.456111858521467
-2.7262993628571466,-1.9234439988470589,0.03855650206605111,0.27234585908504233,-3.9724189234762104,-0.5787366751115404,-0.5294483609188673,-0.30056317193285387,0.8606813845193836,-0.5512734843927797,-0.6940130787385561,4.429014756078034,3.89343166511372,1.3215324644059145,-0.989403642372416,-0.9409502950497279
1.8321402223891685,0.9869247677634492,0.3749822370295992,0.09321850902580338,1.412762536838258,1.8988144356488585,-0.45516118944364314,0.8334057982396056,-1.611848707894238,2.1360906865052915,-0.028444074771061326,-0.14883520404123304,0.004302179626033953,0.48425443450875,2.264928423526652,-0.3843480569097141
1.2837722836384007,-0.4591431867445241,0.33254942607093846,-0.4654276841431297,-1.453259236918471,2.678112613421638,0.0355971763233287,0.4791377787456221,-0.9276836212827492,0.7426116142058259,0.1279307395260358,0.3155275805432963,0.15262001470919367,0.6154400591585228,-0.18451782765844882,-0.4576384528534783
3.006601233770019,0.9768896986712929,-0.11247138530221328,-0.246691497843154,0.2450187300433168,1.4029895932561207,-0.46760184657790627,-0.6125110268481705,-2.484397326108185,0.8903544619675372,-0.13185475735319546,0.5272011073707682,0.10900440322781833,0.3743062635452093,0.15266241706185782,6.954113389679892
1.1368630810895044,0.7931791559052421,0.04363457309440718,0.3713245115190104,2.4858767977643885,1.5061507368071394,0.017529916988941605,3.066349046426532,-2.0207519707331305,1.1839615884942656,-1.1708078276868463,-6.864365994586478,0.8581992692513923,-1.4012790183295003,-11.512548872550473,4.442126494798254
2.002409834991495,1.1467639070146958,0.3978174628555934,0.007634303891337204,0.2516784645515395,-1.2320380551305643,-0.12589801600398715,0.5972730334092514,-1.280727146821781,-0.3709007077180354,-0.3928323681442998,-1.1240681885962156,4.038909629955676,0.2072701952206875,3.188520122620941,1.665673036558479
-2.2289981675768584,-2.6362549898286183,-0.5333995239762818,-0.802079064027222,-1.2742703308730674,2.3775073530854516,-0.01927337324061563,0.21694621493956687,1.0307249367375149,1.6208035967645655,0.2720919852856727,0.645695721967653,-0.11054645786124709,0.33160028967581495,-0.9252083197842208,-2.184795231616816
1.7028819274615077,1.097322498399531,0.2614501198026944,-0.7634772699071821,2.0815701337446386,3.2587402808295813,0.09354889814040146,0.3024197522615455,-1.3931791760551064,-0.1444420833131712,-0.4082382358995779,-0.6989771382002197,0.5109232322946976,0.6206197705251649,-0.4302283653664058,-0.336075053365024
2.945998852167421,1.176270721510556,0.06856607204759578,0.3729148974291604,2.636505746276918,-1.9267917970635449,0.009928345699164013,5.2440223741517,-1.4420725819857536,1.5759262187670973,0.36264444393135337,-6.5860276479609885,2.1747276119139594,0.29978368231194474,1.0084730870805538,4.2976328901968275
1.9411346421997295,0.7800685826462108,-0.10954611841241288,1.5153323570742587,0.3960921812213041,-0.8649454977119758,0.3504224178543782,0.12887924332393372,-0.1587456278258242,2.8954935442259644,0.530711859721072,-0.6207539361631982,3.2169262314212896,1.6619939498627208,0.16835550254891662,0.15989146341900132
1.4965826183852398,-1.5679676892996632,-0.39002100455502164,-0.5885146322088903,1.8179577361437318,-2.1931781144474494,-0.06495850623106617,-0.8074375596942286,0.5581886069758885,2.3371089068189734,0.4651824149949031,-1.8784966047020644,2.0489412656692902,0.10259045162728343,0.140714733846927,0.1105630940176687
-1.8784290883875678,-2.4152876390937434,0.08190484382272153,0.2144991845131824,-2.5589604732439097,-2.234323402460081,-0.023514984434992045,0.5403616858582334,1.7930760992902461,1.206319081362971,-0.12252122642594962,4.3588696155193025,1.868381396728057,1.3414724666171292,-0.9658354738811774,-0.7502696818089979
-1.9233951423295124,-1.5693050081056872,0.2251543792512721,-1.3046901409638956,0.4414031046074653,-0.5973166473757742,0.1734702893148248,-0.40951557103025227,1.5262210199783555,-0.2650611651779633,0.26875324211263424,-3.064065627444378,4.133621274635879,0.020917372345155616,-1.0137839666775972,-1.6923315650157098
-1.1369217182923586,-1.325085101476295,-0.05929840908966217,-0.8432108116587346,-2.097260139874452,-0.8976648243059655,0.13389090205411705,1.3149485934594278,1.350618034673738,1.339524780113629,0.13242299331995377,3.474802029294082,3.1572464633210595,0.4735222977636702,-0.6621146259709203,-2.1790197520362393
-0.6557211603131933,-2.7919718744144397,-0.5347521022482911,-1.0396829632527962,0.3919257985058124,-1.3237404908326353,-0.03000307976149717,0.6523551524815611,1.2363199356940953,1.6035247070596352,0.07364940022335498,0.3785596841531991,3.2980822412833932,0.6865436394722378,1.8178406186468792,4.2389416299642795
0.905204801852562,0.301407115288793,-0.4819472593870975,1.705866438445999,-2.749666871273853,1.9499652862765346,0.1374549847718513,0.7149922208853036,0.4948493068301362,2.363838590801666,0.2637942343679816,3.5970329863004804,0.2144229963860977,0.7836509460648591,0.12569433736902547,1.4418577728806508
-1.1338627473298837,-0.13946126399836348,-0.5225221029554422,-1.0014838877255725,-2.110598747688491,2.395594104051335,0.26142989390421756,4.352077223300741,1.567521979770225,1.7275828168608363,-0.5526373153996135,5.0820402818920005,0.5962602497945932,0.7585716655733749,0.585741451490774,6.701628488293062
1.944489903397997,0.7707139231651152,0.16749936457207046,-0.2623330186929404,1.9767635741534955,-1.01690789861087,0.07360441093957323,-0.2905206748572746,0.6082199596909741,0.9489575305536251,0.5449309186078071,-1.7295219107409936,3.91494008201005,0.08863678296068021,2.410109013276018,-0.3882071521277733
1.238289876310658,0.2528707142574961,0.12542302407792993,-0.2033754663282376,-1.3106883941173413,2.6626411904167933,-0.037997435221154174,1.1129520638902564,0.5225270518456322,0.9386003274817161,0.4024917291007823,0.681446843337854,0.30106666264024784,-0.46784522703169473,-1.134860963454831,0.3288461870198784
-1.1022599186261053,0.15624353982664357,0.4684184394675052,-0.9262411744100361,-2.593177141166419,3.0944823662624357,-0.03223665303320131,0.8011841487423284,0.6016755816870489,2.917426311801027,0.41569408159654214,3.956239325413033,0.5723687400356985,-0.6592820367530775,-0.3171613989299257,-0.9452555174576506
-1.16062873179668,-0.6646522245313533,0.7032480670079191,-1.3209016457132976,-2.232884199927587,-2.447128692324392,0.3499005897534707,2.475236898596554,0.9476393444988215,-0.7496920316990845,0.12740257173977654,5.218265450085909,1.4701150468824433,0.2745174028450795,-1.047507193158981,-0.21058026664683605
1.3429220655272758,0.8789089006962166,-0.5168852160432507,0.026535826590541562,-1.774035284508554,2.0745125064052075,0.18094144944036225,1.771708562660753,0.7014292847573672,3.0003665088012466,0.04251029714378758,-0.13735008957199665,0.2857850586828653,0.11113409275194469,0.7783505028915543,0.6361147518194948
1.444108651965569,-1.091970742693241,-0.5683422068569819,-1.3179598026833976,0.469097432121328,2.186303399212071,-0.009815326957737801,1.2654353166935641,0.41583054196643604,0.38515315422519825,-0.19118341939512198,1.2257740076770811,0.39340397327015314,0.38188891449249945,0.6304354995289033,-1.1581885081703136
2.176556833112001,1.0266224011344036,0.4037864236687188,1.1203048587541764,-1.641912995710549,-1.0093850976852474,0.06548648777904131,0.17308360070591558,-0.7899248751140864,-0.5174209130936092,0.7505376249680233,0.6088822220690429,3.4607551206887073,0.17086555624961836,1.331058111266549,1.508789499063379
0.7499601103397593,0.04730955254411482,0.21646941305662823,0.9224184878645206,0.24306724516696876,-0.4041881772566607,-0.21440411921630387,-1.6135149895960432,0.4765744553502291,0.6750052806582413,-0.047416617984137724,0.9259159755713904,3.5128158014209587,-1.0717863853097414,-1.501293310846339,2.568211664443823
1.172659108036205,1.0064159621972,-0.4008323927174192,-0.25283616223665145,1.8988404030241415,-0.6551370179895829,0.17736062466401148,-0.8506929341735671,-0.6023143238844013,2.9278035826108084,-0.1710976861394645,-3.455632538613226,3.4412601386995516,-0.33278678831297515,0.22653912521368097,-0.7745702643166286
1.8632876327015855,1.1281599803046665,0.15075834781616262,1.0527768195061706,2.1914797019951484,1.3718453599513876,0.10933966000871857,3.904504195510361,-2.493305156730518,1.7904519850109175,-0.33199209905973925,0.147545391139644,0.19281792598828473,0.4458003526832915,-0.06511942453110736,0.9846929505451075
-1.1005224970034826,0.6783385065700412,0.0611983993556974,1.9026140320025302,-2.2663962194495686,2.8274811242412983,0.13883930154721486,1.3323634826269721,-0.05288020380802151,1.6186998222130766,0.39712158145225823,5.738570468952691,0.3962270258804007,1.3580967901433636,-0.4177890216253934,0.6470108416802846
1.6019266731604893,0.6320855525487873,-0.17175623699546166,1.087529360065576,-1.5698451235434512,-0.8737035267345775,-0.30814235765126485,-0.5106374506168831,0.07983437806895889,1.5590778381654902,0.3029884887088657,1.1996438506857876,3.4062525156790637,0.7449494902306721,0.08229098026844806,4.555540915241098
2.3195349102853235,1.0908892648365296,0.006242561306990365,0.9672532051921027,-0.9580924214727328,2.235959950615811,0.05373335519644554,0.906083248589392,-0.8370473263461544,-0.9715507697378408,0.3683598182155493,1.967364151839154,0.361438685635343,0.9875802531650845,1.3614296404324278,4.281600298052683
1.8782608300038848,1.112884679171361,0.024857519649042977,-0.005400240643621517,2.3038203811050604,2.6483173035048724,0.13111588992314865,-0.7863078078887817,-0.8744174784287227,1.4288651386090243,0.327641170311157,-4.0117222147711615,0.531491719162828,0.05193409727354059,1.4068863951917974,0.6608063478820128
-0.8079538980448954,0.5567315925653842,-0.22218860694213513,1.5231299460559884,-3.070132683650039,1.8305256727128125,-0.28210694875076453,0.4002282716770143,0.35613777274005576,1.7401061850566322,0.1444406395721859,4.533000403668216,0.16731994174699194,0.5303861129812537,1.201612205488204,-0.01113222044575744
2.5356395420173414,1.215987993347053,0.20768243871354644,0.9063190037164947,1.7798505731579033,-1.5981248622364934,0.11508768412334745,5.547348412557248,-1.6057144357722193,2.1311253036088296,0.44923666903101467,-0.5252665993641001,1.8129940160258635,0.6206010792136586,0.9277546223654891,5.082390337505853
2.247378633102789,1.1621320065605958,0.44300305662348716,0.0357274713172015,4.357736361586676,-2.203583777373108,0.27889854780469303,1.9793003467724035,-1.8285375190358468,0.37157280432687834,0.20312573290953292,-4.559842065344546,1.571686329509777,0.08849682935690763,1.072843823305198,1.1494972619649155
1.2098431989124705,0.7745973778374852,0.18227530688115903,1.032518198214943,2.2022281347066888,-1.7829261248529928,0.06829964604893113,2.128616699209193,0.5824416743303525,0.3712892015315181,0.21217601902216782,-1.1254096567143905,2.1023311724072857,-1.027799127676267,2.078715511369415,0.040914318421456354
1.0195341280549255,-0.07495855715362007,0.09226457051655843,0.3756654599969357,-0.6822623695820662,-2.246344787631516,0.280757529232677,0.5066499658377831,0.6675168915373011,0.8871833652028029,-0.31232025598762136,1.9975748475370176,2.0217301347807255,0.5859824444985943,1.7018782365460243,4.463898052613489
1.0551618597010952,0.045972279246318803,-0.5792112299253741,-0.0564103666442591,2.381897251083384,-1.0185492958943874,0.2658619612667178,0.24402757406283831,0.6712181540104515,1.1511048535628285,-1.3895382792234536,-7.536278388865182,3.048653202767724,1.1820265510104966,1.2984752308604757,-0.13487090986010158
1.8433599519691923,1.1736616780096911,0.028292746130131694,0.03293471605205113,1.685377849885932,2.240323758151927,0.14991291122002207,0.6667169100134789,-1.1739800098135553,0.4475303595716094,0.13899587252086013,-1.7171678564233364,0.7583724874027971,0.9825278820054026,0.46675936482861147,2.5421598471637386
1.7414840634982998,0.6317234313036065,-0.2084132257818235,1.0121136427618327,-3.1741195596540877,1.9268356931032231,0.36061699604380004,0.4455931870175054,-0.3802081638818353,0.0333744724824064,0.37006570695357716,3.523112588228253,0.16521739080960815,1.0608227366596765,-0.11746444126621296,4.336412032555937
1.0713089421161388,1.2326113247148072,-0.03577923449747299,0.8302827210302015,1.367613981409194,1.9540131240608734,0.19972822141225766,2.3003640307422235,-1.1945984969828696,-0.27656924034294667,0.12323167865539544,-2.6359514440158693,0.44519652381964975,0.15216648309070727,1.1028731038656787,2.6150318805223085
2.416577954770065,1.2381225823382693,-0.12468346137137568,-0.13718082189329878,5.140820650681608,2.318324379265403,0.03833313684151631,3.048661592801731,-1.773222908909556,3.5414099649656663,0.032452404992302605,-1.4649448871998298,0.3164211591206364,0.1624846349148135,0.534551062482608,-0.18988855727641413
1.5921780468320401,0.916261085884713,-0.3847378050609692,-0.31097409141137794,1.6857443290794452,1.5910312275770528,0.33459661656947154,1.0917169866487333,-0.8966133627771923,-0.49641835302915266,-0.0855941780752674,-0.9507815520854394,0.37422381757517664,0.19891907365637196,-0.04084262780559857,0.2981822413750322
1.4717390582850969,-0.6126255031989425,-0.5158683486569453,0.2841850624449779,-0.6593942608161344,2.1746490073876363,0.11152860185099721,2.0907899582944354,0.9092116582644985,1.6213216507624564,-0.42861846024541045,3.0470142890244984,0.0130057822485517,0.3849731279252311,-0.5018208559838379,-0.7603746824632668
1.7767485406043395,0.643830076279128,0.13592612478424654,1.2793665020064386,0.0430809514968792,-2.222522885018026,0.30267278769167116,-0.1311294643559904,-0.8670125143766612,1.4382224940954484,0.3115977513328822,-0.8941556615708166,2.2939250961001516,1.9621202075185182,1.8133188609846163,-0.35540095297179103
1.5110495437138096,-2.479288021323442,-0.03446803485327871,1.9147710059962741,-2.5333725747230407,-2.0293470101231974,-0.38910833279245827,0.4928637145963436,0.6830144981033128,0.4131288518176047,-0.4109143107983724,4.3278249071448975,1.779082225011669,-1.5276698113901552,-1.037464492253117,-1.2659851830844946
1.0110506506205401,1.557285635522811,-0.07084770647535561,1.4575895462602522,-3.0338352979224363,2.60764999243166,0.0957682347669849,0.2851285043561877,-0.5403754108186135,1.6331516901606749,-0.05250608686953623,4.539183377241788,0.6860104297019273,0.5485554706043063,2.157716187354195,-1.390829732630651
2.0485202668378832,0.7748716947939851,0.5284011927083494,1.4311808128032328,-2.7065757777050825,-0.8654949162122778,0.3954008233903521,0.4181665250268912,-0.2846655770662014,0.864042880085572,0.9521403098285409,4.208279997322752,3.659189299852576,0.6406190093350903,2.1936055869747135,1.816476332038198
1.919598945523788,-0.19713085192244897,0.10690679989880483,0.10527566515207394,0.6328632571290039,-0.9788994972418384,-0.013835635792165492,0.607314651436033,0.7331617931303822,1.146403571854611,-0.5993255285739709,-1.4411950849032955,3.4625171769140666,0.13506054964725703,1.8041490454179738,4.648937803342595
-2.848833754543453,-3.2735053852437517,-0.3408330547179391,-1.9122223546010821,-3.2830827753965095,-2.1274943009719123,0.184526154448112,-0.545310614826748,1.9120108162436424,2.7225919129777654,-0.37232465327306763,0.8397774387088535,2.192633929570242,-0.25924912185949167,-0.657833883452308,-1.1272031667742026
1.5315202134436157,1.1518511540883034,0.6672688849620426,-0.2230930862668816,1.6736877942603063,2.943083482695536,0.32129715801906816,-3.0139812275020446,-3.2454323679246615,3.599057130522878,0.3346932366388317,-3.3084551428356876,0.7016204242497917,0.6867930629973916,-0.12042502419642344,3.1332749835396005
1.5450551936963877,-0.03168620932983691,-0.2632054066896738,1.2934788468200005,-1.9287103841639353,-1.1226327218278105,0.3535690117820762,-0.20541666036445627,0.37346839568610873,1.7627958186356525,-0.0923433980856909,0.13559512924360317,3.4744754185779936,1.4823349649316493,0.308991760650897,4.100185574416779
-2.115491391965986,-3.9467852905992253,-0.8109895969835972,-1.7570606907748025,-2.453936836231769,-2.2217336247179937,-0.004083491519132475,2.0307150808119028,3.7746248112384415,3.4095209029682647,-0.240868639837583,5.096387798663629,1.9979363316799097,0.22696037063684216,-0.1856434282831266,2.024944866017808
1.6081602735890121,-0.13655523528144545,-0.41106853549916955,-0.384957122253017,0.3413849613503901,2.248089471473133,0.06386483363860893,0.22082132251089825,-0.6155210746372403,-0.8102631930080553,0.05938977225496803,-0.8818522962787022,0.4150089499744216,0.17141561100999197,-0.3971317705599351,5.225073961118118
1.5569346081873348,1.1877836330592948,-0.11507454795089567,0.747967045869941,2.0509807951817565,-1.0242439302509068,0.15545382173479735,-0.1615932744351871,-1.9392658752404957,1.7300895322428647,-0.4528324571994831,-2.01034874171953,3.0464132468283824,0.8303564124700775,0.3956484348635364,5.338338746508426
1.1708469142895763,-2.0189265401486622,-0.5414317533910279,-0.6834177099229266,1.7834742915802235,-1.3931207212850147,-0.07563855813602781,-0.15779001820493524,0.6214729439716024,1.9249711469153,-0.3631022780798902,-4.294020766299896,3.2752367925061536,0.3796585635816365,0.2181352481651843,5.720244975125559
1.8903593236738094,0.9748200087244487,-0.044811323683062336,0.15299660231786782,2.273071426150615,2.556085937281768,0.05769123770771051,-1.494628861790963,-1.3721881516869865,-1.1644122463731719,0.018848569214905624,-3.440054178353584,0.618287513991656,0.6215447497343444,-1.1205125564283984,3.506166672473646
-0.8737851511896456,0.6326455248446009,-0.09306983853992684,-1.0209606652656091,-1.285638028932072,-2.3529045899086123,-0.08434003141689264,-0.43535574096744334,0.43082610564718643,-0.32137552807862874,0.736519630968489,0.8309978072021692,1.8950357407211693,1.308211607577986,-0.9768335774349101,1.265040534231217
-1.8048914013813093,-1.605606837072908,-0.1449436041625838,-1.7435739648432083,-3.043484127191124,-2.4264018257126287,-0.2238289994005855,1.8338236567592605,0.4598072571096549,-0.4064289959030545,-0.2897064465634028,4.340156504877846,2.378666785927751,1.0879068249450963,1.0891870898259413,-0.035691066603130345
1.658984106480916,0.9537008688746551,0.017900207472268517,-0.2679288670518259,1.3838183912443163,2.330374715494347,-0.8987954697096177,0.5054955904885894,-1.4980268247430006,0.6856355691151399,-0.3410563700265151,0.9284517336902496,0.05555970373122529,0.855066086315072,1.9263588907562734,-1.0801103305973507
-0.1386043719916039,0.11610525694491994,0.5568182687611873,1.9560753425128783,-4.758690867581062,-1.2914441368183103,-0.062155504839434134,-1.3330471220258349,0.47923425590382024,-0.16982450288724565,3.7666864868807393,3.4363392704475997,1.8728311827111266,-1.2061220680795732,-1.748036926713502,-0.10239624028224781
1.6288894849276634,1.2464847801762715,0.25261132652788426,-0.18719229652477612,1.3132950093877072,-0.3127169257562438,-0.44275610284350175,0.1895640060198161,-2.0772262918063453,0.9638747023658077,-0.21400843757596233,-3.529515084377283,3.783454754473105,1.3357083400466236,-0.9899022340001539,-0.434656489143138
2.821866694313226,1.1726158386169732,0.36485818077676374,-0.32751758782515955,1.325682019206177,2.197336627896688,0.1250565129566578,-1.0139662993746554,-2.595872536059121,1.6426740570516176,0.4396726541625845,-2.9490855686976682,0.26690697612446157,0.435167913807565,1.4776967863774095,4.615930559227185
0.41752438273866815,1.5750294861418188,0.4261635093196854,1.8335467386979294,-2.04431891082723,1.1238638219684525,0.4697382419768478,1.229031119570485,-0.5462100899083008,-0.04569878103371951,0.013334796014071181,1.7166318959793827,0.7039219560457882,1.0225271735762844,-1.1042726248797354,1.1179002673820224
1.3045569803539971,0.049900656370592725,-0.4282496414209097,-0.3965800037263143,1.8096677279870839,3.19762648903051,0.03146971714973606,-3.0168524126860863,-0.5443768847764036,0.01310757549625231,0.34960380340638736,-2.6820801821737676,0.21023351226455494,-0.5602589785475476,-0.6285937538723452,-0.008299503389408016
-1.679874023531194,0.30408492656871866,0.5220966130240874,-0.8122416928639967,-1.4915224750276073,-2.345598168606376,0.02136648168590647,-0.13399815883211214,1.00188933769109,1.4699807731974106,0.4121258616798583,0.1763542936558305,1.8998146864138175,0.7583389817316234,0.10114864026432827,6.578128874321106
1.726956944290726,0.8959773115427575,0.3252580447520811,-0.5207782195433655,2.3400312871267217,-0.32831288674734405,0.32537899040731616,0.5824115990455195,0.2517973784013462,1.0709650268091258,-0.7077910070616664,0.0836639562533831,4.053715999126441,2.0856786619957566,-0.2645706896709935,0.9307766344490473
1.4873806056751955,1.1036347079588442,0.24038707237730356,1.0995791692219592,2.179621636293124,-0.8042086465306701,0.34475096142257955,0.9500971949282324,-0.19536007478656364,0.8657392958997208,0.5011455482493551,0.07194282972148419,3.4546062480408297,0.9006664345043678,2.4670451718088633,0.5731493324308502
-1.3994562060528697,0.8792861872583255,-0.0043073996728865424,-0.7679571478733697,-2.2597297004611048,-1.4083653346433647,-0.06188908524064945,1.0564751781180872,0.20729459891833213,1.9933048129747686,-0.10954941766313049,3.4804535450948317,3.4548404844979443,1.0900872501126297,0.751553100363369,-0.1978382382156223
1.480195287679712,1.0998160233260956,0.26928743288157597,0.7073879469340817,1.7613436686419501,2.2068785331615253,0.19371615166009956,0.5114953976978546,-2.0670200593076413,2.6422274564879347,-0.011732104020451092,-1.6757197897491254,0.6507715153500118,0.6828168075849785,1.1153539013275193,0.7428150685927873
1.768954003614133,1.0225979982758433,-0.15082060878188808,0.053621776533267565,2.870831844103483,-1.0157500002991526,-0.11531527459030672,0.5088634803100438,-1.2309879511835389,1.4021699846540319,0.07621658157960272,-3.918739180056223,4.234725022647868,1.5914086270322803,3.3110377126427593,0.20681100801489158
2.099100764801481,0.058716665323270224,-0.3334227495852983,1.2000907484083922,-3.47356031397239,-2.0391450141800833,0.043438607282196375,-0.7686059886184088,0.28583971344989884,-0.0589746841629184,1.6995842759390618,3.5228662619092033,1.94295285065827,0.9197638244762701,1.3323309261611571,7.469223138609339
1.9119819895574164,0.6064242802070758,-0.4002028384260482,1.211819612400209,0.1867839540066545,-1.867136770886143,0.009252896937868451,0.4784423095230276,0.16680579056967101,2.3700096772135537,-0.3034698312838558,-1.4719177925626616,2.046792136475109,0.6696676916942381,1.3948579693300482,-1.1800452873677072
2.579368226808984,0.5900348966665858,-0.011173371656125343,0.4337651570009899,4.7625045431675845,-0.5122119490414759,0.15752327586264728,6.262803363981751,-1.3661739813584262,-0.9135319420943534,0.46313821196270777,-5.854460193801502,2.4131941763598754,2.4978942241164996,0.9488729037059996,0.7074202915733083
3.8987832371713713,1.262438608787647,-0.28069047709485095,0.7866671454098614,3.0237499514115913,-1.9003718690257474,0.16703675887732222,5.098210776528526,-1.2256855186010507,-0.37052783088076136,0.8734328736066808,-5.028371742396082,2.1779986573750296,0.4009002387492599,3.452982022794786,0.07400521982710762
-1.2109083743980984,-1.0731313220628604,0.09382473713998557,-2.2011027703974637,-3.195397964942292,1.9307399819232867,-0.6046427201271419,0.05517832371645309,0.06683775189759632,-1.1563643194354736,0.03524636143543458,3.0833453090159106,0.8078072628883152,-3.0784414137466136,-0.40278654385265134,-1.1595927793060952
1.2024791339684604,1.1850393519111335,0.31524833027203386,1.5471271443896308,-2.0141849875506876,2.1916613815798596,0.32785481266192174,1.7774774178484622,-1.9620385418377917,3.26162185826676,0.48708989759182597,1.8801263957312553,0.7931937630499672,1.4354066667449124,1.0959756772694653,-0.4922582067894751
-0.9601321266549981,-1.1281289966716554,0.37967393333871907,-1.0682024153811867,-1.043528988677201,-2.2815356429420817,0.4177455374727262,0.7533616702837087,1.3840515533706421,2.9620128223011366,0.42229551013836875,1.5831741663706966,1.8110030868836642,1.4475800104322307,0.014259095295809938,1.0707017925539903
1.2498980670919737,-1.044510299156106,-0.3847562379663274,1.903682742556782,-2.546825941191364,-0.9324216615663842,0.22896087856045133,1.1611396483775742,0.6621257347204035,2.9251493397183803,0.27239942626717645,4.361089623099301,3.3588816372886465,1.4604448724602181,0.3452133808951917,-0.992203031551356
2.0614556649218505,1.0244488242451097,0.04586832665206941,1.4207818985997704,-4.345017617510032,1.9319476498562618,-0.848211413133639,0.19264579707277535,-2.7544052799157557,6.195926197436285,1.1154779492046631,2.579073386434715,0.39335883201399147,1.4924460515037257,2.313327307021276,0.6669364099335287
-0.7225065381675366,-2.4029319470733514,-0.5513360875763713,-0.7881238279653303,-1.3646609962221765,-0.5779815635626951,-0.24054233483676918,-0.06366645327822762,1.1397129057420357,0.9518221775857884,0.3892360179558221,0.2547507690809841,3.3508189356423648,1.0564914212538843,-0.7054510448469817,-0.3345332191100485
1.893282745937557,0.3697479014883427,0.5740349108832173,0.32371480788799395,-0.8352313706280543,-0.33278910253743116,0.14859046440636803,1.0249433541777695,0.9861094495032685,0.38550210888620673,0.25166792468890653,2.2097305895144683,4.269727114981006,-0.26864186630655074,0.2761548829258796,1.5227913109758864
1.7077191624624162,0.004410966991577738,-0.3164255868861461,1.0007198562508393,-0.14850578973388467,-1.8930032913010217,-0.11689676359030762,1.5822207828981116,0.4132080925296373,2.971387464686,0.518088226794626,-3.9932992611668277,2.152254038030852,0.0024467061116193473,1.3900671197583616,3.8783609779247423
1.799238319195915,0.9419465263539688,-0.06880372149442394,-0.22809213795361977,0.5276213071864072,-2.246004830626816,0.09775759508355898,-0.28909177583613865,-0.6244622890899447,0.18764224395692902,0.25411595833083717,-1.076438410751938,2.1645778259096735,1.886699661030169,2.3317073799719448,-1.026963061924556
-1.494927516454874,-2.8453250321551837,-0.38472509754152673,-0.5617130558661685,-1.9957645954406986,-1.3843488518955525,0.13058047748790821,2.170067366282318,1.4539945765946336,1.6294929150694537,0.11585961970628997,3.546413239294543,3.5101157079349354,0.8221951839457708,-0.14414123484873276,5.051619432570322
2.035017799848557,1.242193364229901,0.6547752723967591,1.3587719170953456,-1.345859956605773,2.6222951645087442,0.10147180842165743,1.5084992710829146,-1.3181232496557795,2.918052606428629,0.22032771007527616,2.028337860246882,0.603154043445438,1.249662045444123,2.597668338343323,2.019336750126027
1.4890492962386588,1.1304841780018342,-0.10238654073553699,0.6879357345659224,2.5009554351844585,2.1697501216982564,0.10119637305843136,5.0114923760875065,-1.799678122193549,-1.0200159886685105,0.003666114954154122,-3.0211391863248123,0.46241797334440715,0.594582492902038,3.9075178268983564,-0.04914006351578601
2.7572312648639876,0.7486838739095201,-0.14466839876115184,1.1159723363248721,-1.6415044524217526,-0.9225209295234043,0.32851019904990403,-1.4866069825516537,0.5461598419566372,-0.7746302368097672,1.4382756447872174,0.5531877135830895,3.2150052335910724,0.2730651347463077,0.8336754297137298,3.2510704161915496
2.686031671606659,0.7822142499910736,-0.11165786862704806,0.9249685649046817,-1.486063548068017,-1.9596021648756803,0.2591767062714145,-1.2930827412206716,-0.937226498775192,-1.4021759185128864,1.514922350748297,0.9741763443623824,2.0151531603402564,0.0654237051143848,-1.427355307308863,2.339038260272135
-2.740267520713805,-4.481102209648281,-0.5607605587911237,-1.6211342464047978,-1.263141079904656,-0.6361477291651694,-0.3624407142417288,1.0966746534062408,3.2478877177381453,-2.452708591307521,-1.0438539156106987,0.5753202301018501,3.18835818328881,1.0418130925810727,-0.6512158693368331,2.2348839104489104
2.07778999885599,0.9568400115897443,-0.31388987354035275,1.9170961265143982,-1.282786024978895,-2.1720620341333747,0.19689591299358628,-2.787319666424839,0.5025139566572842,-0.2735508801528924,-0.1544778321229096,1.8098914534133725,1.4052699389451544,0.01731019816746325,-1.240720016257584,-0.5679853116957233
1.6461360530067601,0.5985705111041739,0.31385634102698157,-1.4446314801526208,4.6836604735840925,-2.3041630429988986,0.12595364768276998,-0.745096867553876,0.37630928938052705,-1.2562276785569604,0.3345935993726654,-1.7673221712713003,1.7305588277157298,3.1918270015586825,-0.5726867459475768,1.9676618803706993
1.6345792157152614,1.2391737657657989,0.6475784084296715,0.924845423992514,3.321689755190378,-1.92697088059947,0.15843775432729812,5.277850869922449,-1.1772159228929264,1.578963212189421,-0.013605565361984038,-5.530274043980492,1.9355908144668754,0.5337393963175295,1.584638362784688,-0.14695947671250986
1.8797555115214948,1.423206625827183,-0.06835903094838347,0.20421386642656966,5.105886960924831,-1.3490374044623297,0.15815135839987202,0.06432979527455968,0.680296002240623,-0.42591317156213987,0.14852902420038191,-4.911235370489855,3.4332542533579002,0.10544557494644258,0.17542394030919134,5.512624797696074
1.7449307746927258,0.9404182358488042,0.3247885737471892,-0.012973236485445901,2.9411609995011787,2.1880200670010916,0.0889422365317039,-0.05080451659609603,-2.6704113774596294,3.1974829084924994,0.13443706808066122,-2.1288479339646202,0.6406407888111474,0.08888746999248563,0.5059752395789612,0.008860582946716468
-1.009166891156218,-2.655738193773865,-0.5400755169019923,-1.1572886336401502,0.26844421357719533,-0.5684158650014547,-0.07682149565863569,-0.5428066652323088,1.1613801152154979,2.2692514033820914,0.1852676872264256,-1.9881587175988766,3.1210608620028837,-1.0067786665496352,-0.7841498491466965,-0.999194371032505
1.1046087803624425,-1.1562472607180272,-0.7099791330258503,-0.46494315789109275,2.7050433473727895,2.7404652348927145,0.05926940346407241,-3.0992344112341392,0.6183126787907564,2.4618840799327253,0.6621007121607261,-5.522062219307401,0.45776687554252504,0.5269149220180548,0.004575210382412723,-0.04215085791096075
1.321156821814207,1.1620166326381924,0.18183130379436088,1.0908125298963611,2.5089099664806143,-0.5420171615967548,0.2778547275542495,-0.4974583716568024,-0.5206304147421437,1.5514492223722356,0.4414847636275729,-2.376596095349269,4.165411410330392,0.7103367441171667,1.3659639535874288,0.4572733009222875
-0.0333850409705573,0.9375562406923491,0.7525201035989277,-0.24626584007281066,-1.439310861344106,-1.94230596790497,0.010944239582620797,1.1799236755736267,-1.0818602832523154,2.3916294777645333,0.2389691328936238,0.845598839552362,2.1139819862684015,1.9691477098166275,0.02222547758761494,6.119099142435257
1.9995101258414543,0.9348590184566206,-0.05311064117573452,-0.7826942469151973,0.06767720240699332,-0.7308614434498814,-0.014130935292348608,0.8806167750685097,0.2701815437722144,1.8608725213010702,0.2069028979991898,0.03782982334691542,3.8619135533707563,1.3058959318633376,1.8117057350034673,4.749970040459657
2.9160054218102665,0.8180106032132466,-0.31438327278299627,1.825929310846863,-0.7850896172847938,-1.1060434427172132,0.142973391005132,0.5378737442814516,1.0390897484277113,3.803881203684358,-0.4800926497793928,3.5807898647116265,3.2800957233835297,0.7781344164088588,0.11920842361795385,2.6260303988772558
1.7854904072123032,1.0334657719457574,-0.09655475597094178,-0.05973595750100621,3.612880246881892,1.9323658274350932,0.1680281875940405,0.100449390707011,-1.738974185025555,2.7848392084924884,0.26550884607376457,-2.888015937088243,0.3519601946633273,1.1077749572737077,0.2625493648455329,0.016650576213197654
-1.3327688017627786,0.7295523608256655,-0.1315674244395265,-1.3362956377104807,0.6216247938767477,-0.5630753495725758,0.009356637512987018,-1.5221954928134294,1.6775688724241842,-0.15159814694932983,0.24650233057049045,-0.9768265415336946,4.10766694362596,-0.14068794222675335,-0.9056662966013559,0.42880013377559484
1.5142764629392709,0.9309113393600716,0.16692214830796046,-0.6779803902666194,1.166121653752761,-0.5488345188778617,0.30958330423791885,-0.8116691536689614,0.3065002146508051,-1.5364536077060162,-0.03218783322393868,-3.2500612417659758,3.797444941967155,2.7082026548824083,-0.2628549606250814,-0.5603322373055045
1.467084078322774,0.9036951327719676,-0.290296567880718,-0.5850035473838879,-0.1180981435991773,2.9484571082148285,0.17050445975968576,0.2774764808941654,0.14498096049989428,-1.1463116629750245,0.3406789758578102,-0.6497677267497151,0.10394744929375306,-2.715015742587807,-1.2190272095025991,-0.6038258426285403
1.439533490830302,0.8856008479512251,-0.07816423942442444,0.21915570175846993,2.1967128218472505,-0.8230128822611317,0.2008813464360799,2.4634653881237067,-1.2097153287006623,2.4434143712140104,-0.2596895173465422,-3.0039206261135556,3.1991100383179987,1.038379019252219,1.8744967167241124,1.651999501749189
2.0049209186547063,0.832337583516344,-0.03782079571111241,1.1646973147169375,-1.283805751144202,2.2337364003025626,0.30129497747720013,-0.23559430705885437,-0.9169994591074813,-0.573770347945507,0.036416958167203806,1.1686848941790098,0.5931904697603069,-0.8620927406829056,-0.09435575988020996,5.3785891258554495
1.6708787185423581,1.0687608011054115,-0.33911325337281695,1.0171308500647809,0.4986484797069731,2.014450276909389,0.13553385970168294,0.5288769045789375,-0.8582848542234354,0.3535739280371202,0.12907712129036578,0.6667746260551576,0.34625891058536473,0.4340216750242888,1.678461531121677,4.6509311758980205
1.4297960563008894,1.0356743421184933,0.40250404570177845,0.9635945296825547,2.427432555213477,-2.2856851607740194,0.24027604710482703,-2.0560578437300427,-0.617770532506483,1.4256331866892307,-0.01450483876252424,0.791913480053379,2.4297375713382987,1.775732579842593,0.07005371190997091,0.02852942784553573
2.634632865683066,1.277896290411471,-0.15728293386155015,1.1982392114235427,1.3545431987682677,-1.0716009498663215,0.12401272129529138,3.588203333549455,-1.5086778808997794,1.3672268964773084,0.5766085158745267,-2.9958781935953445,2.2035473725709664,0.11392035315525278,-0.9764748170815923,-1.1367815765847151
-1.950307087676278,-1.8424633346694468,0.048174276789940046,-1.4863651212417273,-2.4751567560071313,-2.371060725095659,0.21003102899900356,1.1070779864698226,0.8523382421946534,0.7329028254509968,-0.46250247697836827,3.875763938020308,1.8069408836358107,0.6544384388409662,-1.319758344954617,1.2573410369935585
-2.6066111396409246,0.580641526208434,0.6213164045282256,-0.3016705343708367,-2.509402109640384,3.0060311156263024,0.04796627526937402,2.507076500597676,-0.13906779683269052,1.4851010891192566,-0.39284796999183486,5.102182638184541,0.3787950684850452,1.0525680611364725,0.1364095346555328,1.2306293003493405
-2.1602603993385956,-2.0383687173392175,-0.4000120996666481,0.051257657294390906,-2.650141440131525,2.5713497763391318,0.031527737090626416,0.5679141474617897,0.8943128581389358,-0.6256387679442278,-0.1123615262413452,5.025247031517865,0.09282514045300849,-0.5394462565668124,-0.9768327371813288,-0.8622079069400055
-2.217761480490956,-1.9824168525886676,-0.2204043389319398,-1.9223518056695765,-0.946676857474099,2.556216729279377,0.014856427980688203,0.4329464524708051,0.8868312042209436,1.5387607193950024,-0.3407094048973597,1.1407995941009896,-0.1976017872767733,0.3843808469054081,1.8865422271395107,-1.1042988664384261
-0.8723384605551893,-3.225218684244651,-0.7119638680001154,-1.1614903240647387,-0.9189566176493008,-0.5002779629407107,-0.037903497515878196,0.008794723927963363,2.1995058228831366,2.77106162723235,-0.00027470053285312074,1.7862696369071216,3.6432718342410184,0.2953593847935258,-0.737140586675999,-1.9326076176980007
1.8980482546019664,0.691015122604356,0.04009476016856542,-0.12496522077715555,0.1476015584222045,-0.36296413713912895,0.305968173594146,-0.2667093773306731,0.8421866043967271,-0.36643924208686596,0.3530596653706014,0.8862847329567664,4.268975407288693,1.7970362713275767,0.34281446723030223,0.08956156976980882
-1.1197367789253352,0.9434004774594732,0.0436712199381589,0.07988292183655873,-2.8771295867206352,1.8020037993753089,-0.7877277417734708,1.6569809257012533,-0.242090412287129,0.7446208302091282,-0.01784326118047675,4.1671411028266165,0.45612607666872446,-1.5586682460510952,0.8958992393268426,-0.7448535960047736
2.419954794011939,1.2220098038381852,-0.16674202907739802,1.126222429415709,1.9644249017270672,-1.118604682113815,0.10931826167869389,0.5977536168572296,-0.4184378331942286,1.4810249484581384,0.20234965247003714,-1.5659783644553256,3.857755094597957,2.250144220838157,0.13161978541636943,2.755767593060952
1.1748385784440165,1.0620529979242197,-0.2973634486128912,1.6748486822890525,-2.9385037856862466,1.8738492926361787,-0.24944833343685874,0.8584456578199322,-0.6237386819896555,2.3693650460166014,-0.17096520099926146,3.715763109952536,0.2789074972149363,0.4626612571050412,-0.23652015988923686,-0.2456195175855919
-2.0930819561119263,-1.7384474088888924,-0.025297892945761694,-1.8231396811786198,-2.5114403053186534,2.84470467408562,0.20266036290026487,2.305341176732803,0.7786412790232164,1.1457799684368672,-0.1432148109319325,3.680821719733558,0.16767427140585994,0.8124565144480536,-0.6475927698068075,-0.5944361161169543
0.9280053082739692,0.7130502547689613,0.4772124783465577,0.5789465514851777,2.033689309587894,-0.3714300870893117,-0.04179521616294215,2.2246278185087696,-0.7443146655797873,0.5556804282206633,0.683656752598527,-2.666472904485975,2.8210698794508366,-0.959039884466548,-0.03565532535787226,1.1865243513813841
2.761031703837163,0.46005113594925995,-0.5282750425406257,0.22632070665784962,0.30162644980970355,1.9358007083397963,0.04168406459476228,0.19327781912773814,0.5123205064160858,1.8321826825035024,0.21589496817732587,-1.8472072776064627,-0.09704127176134708,0.4260822098978684,0.01740216311450154,6.506713921224614
1.8201016619114063,1.3181531296719258,0.38019903151925677,-0.2110551865414685,-0.8962183786581115,2.880696769666899,-0.01689065438351407,0.897892550955649,0.4871562450133409,2.9039616691515833,-0.10197498624985951,2.3923810035193562,0.4933621643674649,1.665513264037437,-0.08317814501316796,0.9154458606019908
-0.6279290570453012,-0.9449369915287882,-0.04252399395831734,0.4187659808553346,-2.481831825615687,-2.167206070592907,0.394319303718091,0.7231544300104575,0.8985566146179623,-0.3398727667468738,0.14191050626026844,5.282381378589616,1.8132969784328976,1.0765690575690314,-0.8137306066079181,0.6737289014790346
1.3321225088580186,0.5976872046172321,-0.2120187453482039,-0.14064748189314208,0.11224221408300859,-1.8150846890006709,0.08042302714030429,-1.3590005055896572,0.7025963125605709,1.8657914969863114,-0.313142791435692,-0.9347070520971512,1.8412045646893795,-3.351556636943016,-0.5799638458823337,6.568214622596627
-2.087711643302696,-3.6904617081484474,-1.118445676656156,0.29144108652228223,-2.310551783821846,-2.0836745328737543,-0.1856242072205647,1.3432157759024583,1.745751537648341,4.042347683147786,0.10441258509973358,5.428212884857912,2.094939858203089,0.7711876930899858,-0.8449999911768656,-0.15935649894998807
2.3164290572205757,1.257452385257976,-0.06575274816004086,0.8100223330129811,1.7436093710105236,1.5856888369566855,0.0323844387693404,4.179075994558935,-1.4071474813491727,1.04511019207994,0.31826273417671264,-2.538839038702619,0.7968492546442901,0.3169975279992973,2.311667262185369,4.906361558769434
1.6847260059940896,0.7082744770232903,-0.21834185183447294,1.4465308143542426,-3.279079371837549,-1.2119744810013402,0.16357903221491538,-0.04324171632066775,-0.24100710939605618,1.4932992252111248,1.5514090993807552,3.964701397139591,2.5281756999890126,0.298112432187609,1.5697691530408557,4.090118182859161
-1.861445728115848,-1.938281310614859,-0.4432999578621366,-1.0113390154856234,-1.7367712829671011,-2.1379421038339887,0.021274844847312815,0.21018170771811887,1.9752406223660313,2.49439522184546,0.5777789914572067,0.18668383994894286,1.9676823246577415,-1.0996534889091505,-0.8759059576236835,-0.20541085025981473
-1.0207267684330008,0.35458538058913863,0.3036170922380922,-1.2136667180281135,0.13106334886712986,-2.1051767080751396,0.05434635880018903,-0.5005367120080223,0.25143212496600414,-0.6265536643068225,-0.09642760498788076,0.39261745401861625,2.1588705678679285,2.408761544766565,-1.0612555383524527,-0.9176811459811045
1.0749504702095922,1.1370155733194873,0.3364992610089946,0.9768349039139179,0.2729275198347763,1.9185840626360258,0.4828298433826109,-0.842659143498149,-1.2765686166361112,0.4582139586428483,0.10402848256140088,0.5684266033866013,0.15699875905476696,1.8818108678388363,1.3844339596612785,3.881737379185059
-0.5917126689424328,-1.7518178763664387,-0.10572145415116996,2.17960914891151,-2.2550260232109207,-1.0263082894267914,-0.2259533443833989,0.6598638916440321,1.3175127196851697,1.32434027231662,0.35401340496432515,4.79549806722092,4.153230356445674,-0.6731035501420064,-0.3499635874537941,1.7156711956134765
1.563952083855302,-1.854160285863056,-0.5494030301045981,0.03930635949586832,-1.0342799411823835,-0.36894671942991636,-0.04160917375745163,1.0199687077742468,1.223943998559933,2.2833862913738696,-0.678904318445977,2.0710539056985575,3.900921463800014,0.7501018868573778,-0.3222628824383997,1.1096878323801533
1.755915033536028,1.036618133488821,0.001255410154239519,-0.05308278774077641,0.5225573532972151,2.271074609851762,0.02522729960189742,0.8868944778767027,-0.6920994389870085,0.290012125717307,-0.06611458730239497,-1.1788213546654662,0.7423871583811794,0.6240797261057122,2.127404988114651,3.920360921395304
-1.383703812039142,0.7397869580591482,0.21110448959442546,-1.2465986174530952,-0.9416294163097426,2.9522557295907297,0.06721957151631854,1.8483905127536522,0.37458817261503374,-0.22702942885714014,-0.10528177041866331,3.396787820494068,0.596797478369999,-2.739550441343709,0.8439455681696786,-0.20734274973211358
1.6935075285633299,1.2469161635477415,-0.053129780317970804,1.2733951834125692,-1.3947213598245416,2.185863842350726,0.3420828582058597,0.3466092694566942,-0.6869243670291502,1.5139402255849443,1.1566187518828122,1.81290336671433,0.20729105872481787,1.9105480958841818,-0.5955107302241134,-0.512488265594551
-0.9367602085557728,0.6426982383007217,-0.17560988602205457,-1.1261305072934225,-2.383613562594713,2.9666139560561007,0.18321534565319944,2.211309943328182,0.9194712541762833,0.2972562175282955,0.40633916089842737,4.013519602006497,0.3851934316667791,0.3438591885384987,-0.8649193238782066,-1.9505077403240088
-4.063540755968778,-3.8757273214650314,0.2118743994363054,-1.6130536173824777,-3.6830830920248996,-2.3632964729794854,0.23177708247447001,0.5304689645538143,1.6799082952086533,-0.05101398796240858,-0.11708694563259071,3.790026755552858,1.732973712435368,0.6925980467690607,-1.1169089523163807,-0.709004160905407
2.197720403933379,1.2006735026282318,0.09673598189591115,1.4936412807935207,-0.1573692335337634,1.905571825552687,0.37185128138116624,0.6825593440157773,-1.6514965345872186,0.8964820176409724,-0.703630618275144,-0.5701867149938518,0.7262175174180905,0.4278640593395404,-0.9292600571861255,-1.1858498317676878
1.7082356014832825,0.41401859402169094,0.2026048669096451,-0.05954113581943684,2.347277522192644,-1.927701977791091,-0.11830602077109181,1.7895460802901673,0.16098535480605733,2.1886143572129444,-0.5147524599126372,-3.669700509736286,1.7730287861074634,-0.45660257724243153,1.3733226088199757,2.5963244290731464
1.2568042635082004,-1.8091849663766646,-0.6053612712676107,-0.21668462813902956,-1.237224875843558,-1.8220333251280039,0.20501626448348984,0.6654496527922579,1.642985629175065,2.916744953454798,0.04459387896761678,0.4054124358265963,1.8589633168944093,-2.7690854898116397,-0.8831897466059214,-1.9321898173583008
-2.60451252267531,-2.3614289919042695,-0.6620114993071287,-1.36172932234262,0.007592122197081728,2.4334908516327394,-0.15368800740044358,0.09334012061530245,1.015267745963416,2.536479930722123,0.06410214609922113,-3.9605277111410913,-0.2508007905890005,0.17031572798115088,-0.6665455984638381,-2.052891076657757
1.5266434422973008,1.1643778772917077,0.14700964042309483,1.6124778999387768,-3.451727713204491,-1.7697726643291278,-0.02569770009171717,1.2850003137343393,-1.551902289348844,1.3574252736127845,2.40337305477204,3.9596355851334257,1.4646052063744852,0.31789985104333907,0.26934852502211715,-0.3148657001795301
-1.2950879009052094,0.5365646453930057,0.060884352225405586,-1.1833695917234817,-0.10725071302113967,3.2510834532343953,0.06495744380958944,-0.6462656882912656,-0.2510514174985277,1.5128681253918874,0.18776633935086204,0.9652234098226261,0.5711952803553474,1.157651540874027,-0.9541811793845992,0.33925724672801233
2.0905566790068173,1.0892826074530566,0.07637709055656812,1.1043375011958185,0.3229033615698338,2.324248714775647,0.11512587151935798,1.508683154794982,-1.271049165301579,1.110189378922204,0.04781575407435474,-1.0177486773041153,0.5212506361642592,0.5692238230427547,1.7691553470791013,5.998125308831685
2.781516978232911,1.1852680201666632,0.3654588148454443,0.9579287812451405,1.5389178961367092,1.4486502644316777,0.16731585389570697,5.324963399740236,-1.6664393608565768,1.4199970709061511,0.24653156457627082,-1.789060388589438,0.48946373461267306,0.17402571749452606,2.581371470966694,-0.442709866005951
1.4703104629216135,1.1710910765339326,-0.201756534798179,-0.4679531687682602,1.4067289115458463,2.586599299511744,0.4448463790505731,-3.630802526246372,0.30706989230982085,2.4102564186965223,-0.07379293782650614,-1.6258667953719717,0.24027292440767334,2.5444607571259965,-0.38030804174326205,-1.5217013457792603
1.31502284003597,0.3054329220316548,-0.5525859951380669,-0.5599686618046541,0.24295479180962146,2.285347793426566,-0.21694939220313092,0.05411354178035571,0.630315638388156,1.9462658484410627,0.585717071358381,0.6304016564465592,0.19277111921196577,0.09521095933747777,-0.4485101420486744,-2.4802093168339674
3.1901776945899853,0.9242803263305187,-0.08396954501126583,0.7384312688459168,2.826248111249736,-1.7763747747175422,0.2012491945715037,5.540326661285318,-1.1927890747549992,0.6402455898026493,0.4711733788745492,-5.768670219750765,2.039628857378826,0.2826712117812275,-2.5034720255353617,4.78316967675124
-2.253915919251789,-3.497739332052339,-0.10388788322612597,-2.952996764735998,-0.7747430678123788,-0.9421228032612438,-0.03269595051232654,0.9947949639390826,2.4282311338500087,0.8418019400077635,-0.527981913431287,3.3140996762066686,4.08568744113097,0.7169435635958346,-0.8283623069064066,0.17947637952583825
-0.773896472739062,-1.0662393612997898,-0.3810623921387132,-1.0418816282015426,-1.0919940905932861,-1.1983217026047581,0.22204139642934345,0.7648417771764575,0.830612179445401,0.47740955377232325,-0.13882796499761474,0.7288654295297833,3.9954385370432766,1.4149187926330766,2.9468460904743448,-1.4181343471844068
2.1628538013326937,1.093544828914948,-0.3464100108415692,1.222655822502595,0.1707447250011136,2.5117848307027337,0.19835053432322888,-0.1273013442225873,-0.15083042196582372,1.1486123094913618,0.32363843313682067,-0.7120719901856308,0.0639870098286824,-1.7581117681852645,1.1802095717070824,-0.5725021623739129
0.23826637493874003,0.4833424052360283,-0.5198261952282763,0.10224976425083684,-0.957195817411109,1.833253492070786,0.08934345245833403,1.3088843491164188,0.5780998273217348,0.831004083403372,0.18799797612084065,3.5530160225032996,0.25453111333844375,-4.318189063666284,-0.6619779215530042,5.155054528392823
1.943888612448582,0.08707818112281773,0.07344110368964993,1.0786119800106877,-0.8312933558999582,1.975919115066982,0.17550822319589637,0.18218698495417937,0.35363330687774314,1.1521359242022675,0.5537196652286229,2.9445783227453224,0.2937349883282073,0.6428828029717899,-0.23397159225174835,3.7994138433472
0.6832981819800366,0.8471166399409042,0.5303377190084025,-0.03622220966328472,-1.569252800310535,-2.319166933008754,-0.04249369949636173,0.7771667978563934,0.23372649369139042,-0.2480204056518449,-0.4099562687201271,0.24703586420238355,1.8480361520711166,0.7097298706212863,0.26563280908953457,3.7071450436626234
2.052117438588229,1.0629610444496012,-0.23559861572271348,1.1222866599037504,-1.5734275334589727,-0.43059998450339854,-0.3714503707525002,0.07011665627747,-0.6718802257026159,1.220094536685464,0.33302067535201263,2.103635476856688,2.948493714016894,0.3851235036389578,-0.363741856117545,3.4540658811005924
1.0277901262214089,0.7305622423179984,-0.3088015972214685,-1.0398100755595685,0.6107653693500713,1.9847322167862262,-0.1151130387293667,0.6987983448787695,0.32149563925192964,1.653568517524037,-0.3391263309436938,0.8023313896811646,-0.111770958998946,0.17494618234043122,-0.444873807818411,-0.39169659699277165
1.1840534885707235,0.9929693039031972,0.21461236650356724,-0.3308448058437201,1.9892415862288866,-0.9602998885757882,-0.08423657029309393,0.010607071225979092,-2.0285173106559435,3.433672563242766,-0.6350322879114344,-3.8338499628670504,3.8013123560927538,-0.3154991572208582,1.4760287428240513,-0.6795137754019995
2.680194799925627,1.3119964907411008,0.01786727306880464,1.0478189160286981,0.4511930211348345,-1.5988055112512944,0.25199322536915253,5.750936411783815,-1.2378412380871195,0.07599523202506962,0.0705797328614399,-0.5128232809370867,1.813691033263402,-0.046134237726642914,-1.111032088033011,6.611257336958104
1.9075374934975575,0.3590400599213539,-0.36538137833902407,1.2894832022532547,0.7452222528291732,-2.175086304618131,-0.07081888045370884,0.5367072532541193,0.9680094673792287,0.1344947762554119,0.4094525274443898,-1.0753646428947796,1.914226056668768,1.513383757401575,1.5229613803741586,1.4908254714330718
0.720203301462177,0.8411119376194759,-0.5303435432030156,1.6776772394264905,-2.6235891856968943,1.8733580421896434,0.3417520089928647,1.1781447466705663,0.7961289327512556,1.687871055116351,-0.8835118789434078,4.978559933977614,0.23813232982884966,1.0008079599695994,0.06665031159392241,4.15313895163788
0.22731786819883062,-0.8620252903366559,-0.13432627709995332,0.49772178040106274,-2.397848509342878,-1.1729364652103649,0.380903456162952,1.2839514591042565,1.43977560520988,-0.6994541480673625,0.0681637359473371,3.8075200267210185,3.690146863582767,1.82404493701865,1.3269248304553005,5.037743964705449
-2.7467351137813796,0.42777502270786616,0.571534433976186,-1.0226787648566393,-2.052769610938983,2.7177675758678865,0.3182093213697911,1.974861491117776,0.7505241759018172,2.7361321576380724,-0.4535188453157012,5.032435266635051,-0.19145321834743223,1.2326072709668003,2.142164136749198,1.4758069371589018
-2.5358421431661475,-1.348637859139914,-0.019322034495729994,-1.9927402716592548,-1.141032764105301,-0.6627944677750994,-0.10419182836105811,0.9691732288188281,1.5363228076763333,-1.326660543818309,-0.22749416207017512,1.125907299989663,4.4772183559919565,1.0404266121530963,-1.1519242283269584,1.337795104943093
-0.3444928076278452,-1.5937291546808636,-0.47276231863338425,0.2445742050315899,-2.5448733094887808,-1.154636833924346,-0.02767899201834246,1.5933738249481995,1.211572601622355,-0.16500432376372395,-0.19280236401271292,3.598987551810638,4.038417695093581,0.767182624209301,-0.5220112184481054,6.070894606904902
-0.7042926754715108,-0.8773105441910334,0.18463447103182629,-1.1458323888279038,0.52692079056059,-0.5042583159601052,0.04590906211219097,-0.2504007614523986,1.576689145608738,0.8069891824258856,-0.14510466917681317,1.1675762837409476,4.298987193609422,1.93429992828476,-0.8133857413263322,-0.1322092607924786
1.3032977325442519,0.3887304045231747,-0.13148552573889416,1.7678592555475512,-2.5626587901085474,2.2369055076707283,0.03878663513210695,0.4351140022948825,0.4567715206844197,1.0372056569562518,-0.4795800918315259,3.4842350833359657,0.41090024131667935,0.09130880041002819,0.784348914060073,-0.21611622606526418
1.5345804099910145,1.1780014912866643,0.23595250940066917,0.8417448603006381,2.045071816757171,2.273554199300609,0.1417048998318569,0.6400752966219332,-1.6407201523745132,0.06687048159066848,-0.05403027489995829,-4.21969242422713,0.5481191486343093,-0.866519430055939,2.5503316148969017,1.9939282729082994
1.4265776735912299,1.160274319677315,-0.12022475488328689,-0.4311337014305843,1.5765057437671905,2.014233690664636,-0.3791907306150502,0.1345196906894484,-1.2982576472818188,1.9201823046518058,0.2556292905665766,-2.6250558684698464,0.11581143327595225,-0.07118560044787535,0.05545894379983565,4.607409744983813
1.5093386229645405,1.4534871124365971,0.15685790784010822,-1.07462887881539,2.007777049291055,2.1391376842380883,-0.22416073720747065,-0.14230772051192153,0.2648623647470615,1.521962364151533,-0.04465905944055547,-0.5033175898458728,0.2410693203803884,-0.9427905280404363,-0.27548319287009504,0.8044558448458928
1.3315973366164633,0.8342464562252624,0.7173455368092521,-0.5479287781094957,3.909559365258295,-2.3804938241154128,0.3317138133531466,0.4110266698240026,-0.011297273668090423,1.1911916980853294,-0.5933510646112785,-4.875849980124732,1.684888529813081,-0.7902136753811626,2.6412714461580844,0.40846020906821845
1.6493650986557653,0.34928449832262887,-0.23710944953746918,-0.017254875074349692,0.9640071322792764,-0.9907604947016424,0.16522589711610708,0.9280272735722359,0.6151896633323193,2.101886654838911,0.08563286129199331,1.260544066089319,3.317581370167997,0.5149960295041562,1.5047558411001654,3.5459793718067085
1.5624200706224942,0.6936743165215083,-0.25349779663529753,-0.11182166464511022,2.0136937940647406,-2.2165442034644394,0.112337081511868,-0.7072359318242111,-0.5506612021093609,-0.7296352020567893,-0.41958163980654917,-3.350632127784313,2.113017587538493,1.7414298633169307,1.1953320709642843,5.624539453889907
1.3708763557548826,-0.24062016066011332,-0.33245418783641245,-0.4731912269955852,3.9686905876211003,-1.1296091331063087,0.18532205972107907,-1.496976429485469,0.054761567530430585,1.4027537868425044,-0.49467553480716003,-2.5305364819871325,3.3269237471532325,-0.11117009899638848,1.1852479521836394,-0.3799283068892147
-1.949916032858,-2.742374097949781,0.1400853098058781,-1.5930400932390154,0.18924060568900242,2.879893971305143,-0.7749002549031135,1.7790305357027318,0.9602589617205758,0.9456147080288948,-0.15666747129491196,0.32425692214539326,0.2661214513550524,-0.5566601543181303,-0.8099597131075579,0.7606470435226942
0.9567757377837469,0.8478600623096815,0.551317892071781,1.1149839297948898,0.19310111023725218,-0.8042332677363824,-0.09049185337251223,1.8122179218753434,-1.5432512346650857,0.8004593311094547,1.2301349884056352,-1.047823704549655,3.387807749005208,0.008824968604570629,2.9776967679679256,0.2850867977817803
2.2275490297850165,0.6032553679100364,0.6652355362761366,1.5264235260175136,-0.9632905122120278,-2.3338330267066563,0.3544099184027379,-0.5227023677547901,0.5193140214439875,0.6344559863437178,1.5171358043778538,1.969662896197698,1.4984859286100847,0.5993192007814339,2.807254858285569,1.5551379864633732
1.8312994919042904,0.8011368814555686,-0.31428373958021905,0.8218335877408689,1.9775305146492965,-0.7934045085732224,-0.0027703619920266295,1.4934884672835838,0.7968586643251044,1.1992395733210557,0.009260268634798079,-1.9770913453889125,3.0644078052764154,1.1293726746056116,1.7446527654209614,3.7171649439930503
1.9360168332843257,0.9210127532503397,0.08070105178513336,-0.5100684115854658,0.0035444023699672325,-0.25313736697060224,-0.33483288729447147,-0.30194377464341143,-0.31971719444512764,-0.38552412407549547,0.4086385686299147,-1.839203277942808,3.9336767625771327,2.3096306232226342,-0.38868678586681205,-0.1834819608117692
-0.298567017860304,0.5280697906102572,0.30922735922566424,0.30469520157634583,-2.39231404296206,2.7768451193728008,0.14662956405974856,2.262431404858247,0.3730756999305441,-0.008112325672675702,-0.47902009808849483,4.091912145750115,0.43843646421301274,0.8866356022142429,-0.6243428569945274,-0.3732051032427239
-0.9499439532425774,-0.7786616752955926,0.2112939399130684,0.17519746507754835,-2.519448122684344,-2.0853752102278986,0.10373438658190376,-0.37346481419841576,0.8540394620323338,0.8432563858944658,0.5241039202129949,4.00654854675652,1.7958405145136798,0.8037280255717009,-0.7879646468074892,-0.15002090472566879
2.1177394364401625,1.1450204151705552,0.04814521322041117,-0.3004944687510684,0.1544676475894983,2.4197022203912475,-0.46164882007416186,2.0398159357984,-1.291554551595888,-1.3159472732244324,-0.5507962202157765,-1.0616085277411196,0.36128263740697475,-0.05728454148401059,1.4658340091783206,0.422379324262017
3.101653921025942,1.0589035185500653,0.19048600003020252,0.4154545744622647,2.6212998659335542,-0.40575206335191316,0.049481013191335854,6.1953449035831385,-2.3658657677016524,1.3018205277193737,0.5306786638651708,-3.7273991233192825,2.789464164960876,0.4151079542902071,-0.4316901528103662,0.4914257243310286
1.8057538107495572,1.1317478429149217,0.7210529991977072,1.053638503131332,0.3878809615717067,2.1073313230947917,0.12164457487672453,1.4031190510254063,-1.514658102848983,3.3910016665364155,-0.28900841500952257,0.7534677679481738,0.6200439346899305,1.3232250058449035,1.8278006386743277,5.057596258483994
0.9832966997839584,1.0590281313496521,0.24412903459332286,-0.025617499839555295,2.7341974174800905,-0.7491928598550455,-0.001401701314372819,1.2928378845552582,-0.6793510924361246,1.961706030229745,-0.8013014557058382,-3.8213997210085107,3.6813983044622405,1.9326360864835612,1.5174341812820975,-0.15958772427439674
2.071238011340106,0.8140102257141594,-0.27101284961630256,1.176057937853845,-1.3258208516236583,1.8581846188111433,0.3601574540863148,0.675376631278948,-0.7562673751812365,-1.0641060150711377,-0.06422968822562705,0.7080941697126895,0.21175019594915917,1.5271448576509283,1.1106009647680715,4.937627954422688
2.514278268645016,0.7485352423964782,0.0591651180572484,1.517569475776873,-2.497845424761812,2.6061165351551825,0.2575630430595593,0.35778334419185437,-0.2526633505570415,2.8779951522988236,-0.7162644467752168,4.023409550667478,0.42609420764473416,0.3595483531098157,1.3079783965445237,0.49539748272057904
1.4018234908316902,0.7594484705593009,0.0035542039667112767,-0.7136413164463035,0.21481897762818844,2.561924095747933,0.048442842000944515,1.0341134672466747,-0.10693850570985311,-0.15988800577996146,0.18874997752130843,-1.2005137144608216,0.7238376052198082,0.716375763726384,0.2796173965561961,3.3184133503756557
-0.8126944574124872,-0.9691660797728571,-0.010591504720296997,0.09261543485719201,-3.0464032145582736,2.314758439622936,-0.0017549403465284452,0.9203202855489453,0.7177193813105954,0.49741877216728997,-0.4464795330319138,1.5459368421330475,-0.42130309164819724,0.5467862802366125,1.3020964608437822,-2.3250284504430105
1.9051232350295857,1.0421629899509082,-0.10960416426284364,0.9054376550789827,1.550817233794871,1.2001146798342306,-0.2667814077778715,0.7973038278945613,-1.10498349117717,4.4997462354142925,0.431689084460765,-1.2269077087297149,0.5151137631428538,-0.2980165460677347,1.795619991240086,-0.06636504440218441
3.3484567395123803,-1.2118134064532013,-0.5210276910658964,-0.34316586938635385,1.7628731491529477,-2.1148519219205126,-0.04168053635914841,0.7323140933187808,0.5722444257885295,1.8848325112907043,0.3513770494256034,-2.1739755234175493,2.288110121191259,0.7108808352300247,0.39176530920673425,4.730375378423654
-1.30930297765098,0.14149623556554258,0.5571821152082104,-1.2264939958361651,-1.0259167111039242,2.831660559574824,0.29431244915175353,1.50212456076976,0.46050092435910295,-0.4145850146954132,0.1530635374291365,1.1978136694517119,-0.2840236320047689,-0.2164469173250513,2.6759146891617096,0.6762223663538116
1.4320035734964371,0.9119852036922799,0.20364055831789737,0.05797277029413665,-0.827664798529136,-0.6314305181830762,0.1918192535515444,0.2712253860904468,0.6086711848343755,1.0565485932461933,0.3872882827638868,3.4646299105509577,3.5517771175340624,0.3097487817833494,-0.5682592390566407,-0.7684872802948609
1.677183188311315,0.14066419550545867,-0.2007636881651188,1.0613133997551982,-1.9663590401841362,-0.8868710373363256,0.22387872592204205,0.9440764863721887,0.3891076256499844,2.244153818273561,0.30647793475160834,0.4586442218711875,3.3427737183292567,0.835342704873368,1.122086938826344,4.055994405110346
-5.108268695882192,-7.722662197628237,-0.618707878972173,-4.111118248250974,-2.763660031044153,-2.207575324655562,-1.0431202110005218,-1.8601334261380853,2.1864819075326842,2.7257373170008616,-1.2366376999728605,2.4343073645632325,2.418550067327727,-1.1248612548230812,-0.5958845514347352,-1.269060376978478
-0.8505334813309157,0.40253500086186567,0.23303894992437582,-1.0412373019899532,-1.4179198272240958,-0.08536565467007441,-0.15009096712299366,1.2815017656794618,0.6072981563102332,1.140976391311894,0.16675913403819087,0.875354511962644,4.395607656637413,0.26547868932429725,-0.8392396294373777,1.0592719806243904
1.6676881756851227,1.2188559439499778,0.20425502063488227,1.1112393237209817,0.8470026823724219,-0.6963931916453028,0.2673959388583768,1.7713847432589693,-1.5531353171130429,2.2803284465696723,0.8363877024417172,1.4494004325143202,3.2302143811001525,0.1375191114571374,1.309339495325412,1.0758175497100322
-2.9623701761873016,0.6490043064199624,-0.4044923916576918,-1.04130212727177,-1.538335839843865,2.306621786015432,-0.06929619333957204,0.22834115787712947,0.8384223395779712,2.256049274759769,0.4737602702154751,0.5121647959951242,0.30432501220444863,0.638748830577657,-0.8103302740435099,-1.1065599591940518
2.2718958341801754,-0.5380525677132773,-0.015429737461455564,0.05934926563057443,0.6607574909514023,-2.491552247408843,0.255169200848075,0.4593580498017695,0.44058830466771565,-0.5283758494417664,-0.626205939323811,-1.2891224860142139,1.8586750676866601,1.287265909071983,2.5385227197796727,1.3973521989077446
2.150113365865586,1.123674642186078,0.4458928774829919,1.051577175972478,-0.39211294354797677,2.614743399170312,-0.020251442674638076,0.08496847209705621,-1.445154220320044,0.3426838349041198,-0.4262564825331623,-2.1669020101545864,0.8999082239349154,1.2658857325850903,0.994553301419016,-0.1873134850789152
1.639936180922331,0.3900243557447083,0.3386557323906526,-0.818087310701511,1.3170499074282105,-1.04185987510498,0.20376417510664915,0.2979505001814877,0.2628410445704956,1.5285176278193542,-0.1621148154422146,-1.6212833005480252,3.2203578573987452,1.6714764963406785,1.3746085244630515,0.5213025435110231
2.949429048751327,0.8962569134225631,0.28730862087878295,-0.1941825118774275,0.5540338183949692,2.79723547733205,0.033862478196710066,0.0894818981624238,-2.8646336270366297,1.2108324875592227,-0.3350988499687601,1.6909806610129268,0.09684502832410026,0.9368268352882938,2.4797368676401046,1.2797957668252022
0.9968113505450119,0.8803037013351549,-0.5309723866454863,1.6811713600348615,-1.5437659732635696,1.7874654886220271,0.06844188608744917,-1.3862813248773884,0.47180151681989346,2.282109883578729,1.4373236841130654,1.9764207924541857,0.2769239155028638,0.6681100165189988,-0.5843844296373103,0.6140396018372523
2.0754513245485198,0.7005962149799877,0.00062385539795759,-0.24979681894970185,3.27172991614549,-1.8669619080970041,0.3803135023220539,4.14415307024896,-1.8432927358623534,1.4783571302468654,-0.5378508802912215,-6.139975617825088,2.053079966700535,0.3149054702850914,0.2504973766807951,0.7542803424648614
1.6575063626419868,0.914109573663026,-0.21401913276739343,-0.5498093380489505,1.2970204237939293,-1.815471832406054,-0.22704824196382584,0.2713176383053206,-0.16824622692230168,-0.470855402586321,-0.11906159450953824,-2.055657363040114,2.0582865480664334,1.7231543904921693,-0.859799622914493,1.5374994737072978
-1.4853414686697273,-1.6253835029674961,0.24863185867131862,-1.7224371119576787,-2.4615049551724337,2.884536562094726,0.1497790576748243,2.2115089732246704,1.351265147622094,-0.004636649260708463,-0.18223697218455512,3.307909082557168,0.06057492643311951,0.8139333975491728,-0.7441720462382209,-2.1320524486109895
1.3260726855173712,0.5507480328665388,0.36288877879921766,-0.08673672072443762,-1.1642661207644347,2.5577761463131683,0.11180649396682849,0.6282876983410818,0.23940808688492654,0.45141825230074906,0.0587463268122377,0.9079274369463535,0.634488843622525,0.5515021897819453,1.681090170620737,0.6298452441834516
1.164432333801466,0.9757532182039473,0.25842069277708885,0.8278561849800379,0.5209598354783445,1.6688593521857844,-0.8784493014066531,-0.7551266107958752,-2.0224825948843397,2.1641268907493476,0.5015247609669632,0.18010882491557575,-0.34785357444973103,0.2434073020112199,1.003141430406063,3.544780522607537
2.8515923166592403,-3.0036566750873326,-0.7147091871680663,0.03660722017036947,0.3049731943395932,-0.38167122983849977,-0.3045309291253783,0.7962367769372819,1.753010356232791,3.146722717036489,0.3750700095420534,0.2673971413934311,3.1472092684324893,0.7981575396953678,-1.0117700214476824,-0.5888537802883059
-2.4863245235832574,-2.973338528828978,-0.34414510510356067,-0.9258934288407298,-2.459820298309363,-2.273209241773784,0.23244839722309055,2.828366908505244,1.4632562061948184,2.053409522425129,-0.20923158163968572,5.269897877407098,2.2469904739514224,0.6136752104376403,-0.23591659557307162,5.9638690207700025
2.1348178436275016,1.2078544037363512,0.09309587526733369,1.2298483613159474,0.41620205143681954,2.4420263952170354,0.26119537538295673,0.9465234174763948,-0.9019852315634523,1.538006781061699,0.12528837005549925,0.6648907320021508,0.5024330916688724,0.4772450789500163,1.402585830076117,0.3017795525003165
1.957436283849728,0.22057440162442024,-0.011365936407773228,-0.8761420990522745,0.09229864176834925,-2.4546730651128468,0.2551906810193333,0.48354310290114666,0.33935292483704965,-1.638417230364251,0.1228902282218131,-0.3424263145155201,1.5528386166851933,0.13424000109634912,1.3288978051610358,0.7291428052128155
-0.582150426206244,0.3884233196089662,0.24434090818022752,0.457060435673144,-2.476963091458743,-2.48588597288295,-0.1727291497967129,2.8997016695545086,0.14969051734663077,1.6192558044290069,-0.31755738702101627,5.2455334598022025,1.8015005707099117,1.3000196212914072,2.511146161076999,0.5225323695013597
-0.35471504613049165,0.6875627079225167,0.1608068500961916,1.5660436391984462,-2.6202169825414634,2.239997974162002,0.19045637186079456,0.0732836399720121,0.46485779993779885,3.529988281108788,1.1550607783363662,4.646314493350417,0.38607910459854483,1.366311135276496,1.6711094251934797,0.5942910001320009
1.1883707992548822,0.08958491622349855,0.5794601797123986,0.2822126051645028,-0.9346103018049392,-2.2879056856153217,0.3769874896725625,1.9761746522965145,0.8660439432995625,-0.13636581473050202,0.11848158616878655,1.2912487099675345,2.049245980293905,1.0869447768535825,1.8793340940711913,4.348336474033264
-1.2131317516304934,0.45240539516182343,0.4157033700055164,-1.2078384996378402,0.21666638408314293,2.7762793766100686,0.2468735336019263,0.4268482079806614,0.30369109927400456,0.07258200774491155,0.23495883880328305,1.0959453320538775,-0.18152017035267395,0.8356222023030682,2.2233773094518465,-0.18011281080159927
1.9814021038468852,-1.7443474180341154,-0.33208685311592234,1.4298130372277325,-1.1565817340031306,-1.8999301593284705,-0.006521007141749507,-1.063994399808161,0.5395220068008084,2.987122128207526,1.4717550565180801,1.176531164523866,2.1035722936158727,0.6927100764846919,1.212571811523681,5.09932827237083
0.3401797878185137,-1.1307179665564246,-0.21601979534015672,1.9712993530731437,-2.6604137284024847,-0.30194350456910846,0.19655334219582132,-1.6630808408280273,0.8865990554194261,2.8163952373895493,0.03677278515049932,2.645224010608449,3.8574828086696713,0.7494567968315322,-0.11578417227902701,1.6179988574334796
-2.07347264313677,-3.7096517058306735,-0.44407789763796934,-2.4786479560110113,-2.6417841455597193,-2.328928964059342,-0.06580467538963343,0.7248496545825042,1.717148314831845,-0.11144340704647925,-0.5303147039804111,2.092182338993538,1.847464077894696,0.6709039169968115,-1.4752672473367676,-2.2635885598956733
-6.251552890922286,-5.341192581124727,0.17060181512856776,-4.804112989766807,-3.187302168990732,-0.8778344243023398,0.1787432224754529,-0.14172885307497637,3.1409919352958844,0.8200055745469256,-0.5386293295163774,2.7554652757166913,2.9772460594198358,2.139986636753577,-0.6097022689853574,-1.4318680116790365
2.2328145706028364,0.7313530223841868,-0.17213380276272156,-0.2404891951364016,4.865461411100599,-1.6633621319666017,0.4820328245452511,4.259294920583946,-2.119747220488462,-0.6148165972900163,-0.741098765106226,-6.038967125161167,1.842059655331357,1.5456490390355302,-0.6821519057381062,-0.7299351252855057
2.5056216139990384,1.055273256859281,-0.24347554607852265,2.201431931284214,-4.234445423984035,0.28110724884747584,-1.2457254324277454,-0.015095959082728379,-2.0136682655511526,0.9474601945090237,2.8160063225187826,3.81166016144598,0.690278284418988,-3.1818141431656963,2.4687458162369045,-1.7201142453525893
1.1625500497959027,-3.359622052286721,-0.546755610656859,-0.16411389163888898,-1.3742528231516375,-2.001935785201659,0.003585820375997422,1.4290333889668012,1.7452279679861176,3.430124844552778,0.37740645884671303,0.5279299754008834,2.1777914996189103,0.37400895901448344,0.29219789332884616,3.5512264489539374
1.8428955688146895,1.1767486191491092,0.03285305896556452,1.324320601472919,0.9182905999541563,-2.0947139371791286,-0.19670101996616035,0.6148412974686331,0.6480962487913936,1.1388215805048938,0.2833914392370525,0.9567634302494524,2.206765050304459,0.8588930076578895,1.7320484535748926,-0.8201864486592231
-0.6137442952839701,0.6717693830314039,0.34608519952129396,-0.7544428286638262,-0.7808518349759278,-2.3572800877075912,-0.09866373728271574,2.1069776063534276,0.7884698113689012,1.1084375013172496,0.00854381633229728,3.4265372998268067,1.960078935109286,0.6310434104659509,0.8405159595769969,6.943489549081545
-2.990880723410845,-3.460263007468087,-0.5244825152955344,-1.6946423456393203,-1.2592594074867716,-0.5368125106813209,-0.008521736887002009,1.1945579630822785,1.1384320302419537,0.12176285595818406,0.34584545271153067,0.7789374948655802,4.173007777066917,0.935670633874756,-0.7609250527708166,1.0471113401835175
1.4104151404425729,0.45641774904232446,-0.14067534758035005,0.10069882961378492,2.6501251968833857,2.100145994905442,-0.5510528811122799,0.878313105293745,-1.567653202934712,0.03961615728599038,0.07386621404635113,-4.9207012362826195,0.6890657379097165,1.8947077527437457,1.196634522235505,0.5825680951326767
2.327631512029197,1.2622165801440355,0.013418925736411819,0.6337522981475576,1.549309854046083,-1.0407642506566195,0.013619782332795764,4.022447560471468,-2.029482179302749,0.8613965166739209,-2.070593132685657,-4.294716125252121,1.9911615698630216,-0.15518987933488942,0.4782156184941722,4.20001696108479
1.8277713631512682,1.0502507432710213,0.6295338435960817,-0.9451015121324725,0.19469122224457105,3.140485242066714,0.22021262074783426,1.14116261976485,0.34994882911483743,-1.2491473573281078,0.18552096344942656,-0.9978215922585197,0.43771079631887805,2.2258767739505454,-0.6172912438459394,1.9865599583764695
2.530476712314742,0.6655100587536227,-0.056514013234524936,1.3599023959889807,-3.293509396794785,-2.1587206016659035,-0.10753687087274141,0.9432641682704175,-0.32052511478281975,-1.052206421738809,1.2055461566429013,3.724412319933383,1.8699046938142063,0.4916778569333453,1.7354182758823005,1.1983564167903848
-1.0025556834107683,0.5392193795523791,0.13438982053833476,-1.180993793113655,0.6383106124625068,2.840655170221834,0.08515570710795745,0.7776533552592707,0.8104668246028587,1.1404041793097335,-0.1313955935717302,1.0959374501284227,0.3941291881261738,0.9138098950738035,-0.781849770272499,1.1057724624634548
2.1181938137808753,1.4870916175250237,0.32626718540114846,1.4756476955777262,0.2102753057468711,2.830654558066226,-0.0015823241218987948,1.1499250141640007,-0.9311654719694411,1.125586939646807,0.5927232384744516,0.33128615771770226,0.46925928246253157,-0.08892233012972986,-0.2904127897831586,-1.2160555923802707
-4.047748990239975,-5.292758159191398,0.3496840474001316,-2.494759280315123,-3.736884193419424,-2.432181821395777,0.17461991867217316,-0.6614122222120101,0.3959770940731096,-1.309649894354492,-0.6157351176203009,3.3150311948528213,1.7306654897078182,0.3328329535864791,-1.2872194765894804,-2.389317925562515
-0.9045757061915374,0.9475218820951554,0.1238023443231195,-0.2214057168344726,-2.9803738107324556,1.9059678885585185,-0.3432229898361444,2.2746890716009016,-0.13385108719522687,1.1585999599388632,-0.11700984331951038,3.7798913023128935,-0.11837127426715943,-0.10828661254231887,-0.4776939161294319,5.913317734159621
1.8039126784179103,1.2527746963161637,0.03803538422295143,0.9443165992066643,-0.035829607659441945,1.66088900366571,-0.21556319898236065,-0.6933058611571647,-1.553429700726234,2.9772131243308744,0.3504296536034438,-0.4132556511678963,0.16472252595994505,0.645521627728173,0.6028298146457357,6.177456503827931
2.0298838400968497,1.0974674133898952,0.04244203454335184,1.2461730297633566,0.910220503159626,2.5864107415905675,0.12242575099362596,-0.070774940939576,-0.7165396996583261,0.7974136322804939,0.6171077338648304,1.3922177231033916,0.6973403744472482,1.0456532190582135,1.7257489389866545,-0.3006532609000559
1.346267510958177,0.8879619357945336,0.4010028935453077,-0.08754814841904673,4.735688522719881,3.2553883844111873,0.09547610254372699,-0.3550338945286909,-0.43570895197546555,-0.02226896032788904,-0.12440336063602765,-2.5649196295119294,0.6288090854282035,0.8038005977782745,-0.1508362630113124,-1.5889355089329653
2.2801014345094694,1.0258164272921595,-0.02396479661497375,0.48689879675794684,3.092303533386906,-1.1165295299716966,0.1947607759272806,5.354883568276493,-1.1134128645904864,1.6501996771093865,0.10063380533485773,-3.9718401211236083,2.3770969466183116,1.8768890589776575,1.9669031729856152,4.229547527057617
-1.0966240658524475,-1.2698973422717073,-0.4524817965676531,-0.8058051721462386,-2.227134201164415,2.5871914701579324,-0.001991760125417791,1.1665760737352744,1.5756393474119372,2.884755093354312,0.2748478473744442,3.595218431937583,0.725049352207522,0.14900202578367303,-0.3626840455456599,-1.8064350317298032
1.9643597054300126,0.07020161071924802,-0.5083577695913173,1.7169763676187788,-1.1607004678348678,-1.026630328115777,0.2752140749577212,0.2577162528498093,0.3090515763843436,1.4588696828057697,0.9714640183591854,2.48630302916278,2.8588220782645806,0.24941238949106503,1.1827082497726462,-0.7280564959767527
1.352721369570104,1.090390543909451,-0.1991414281858997,0.6611766838661556,1.2494610716165164,0.02086309035057015,-0.08696261983757639,0.9557044629429339,-1.408082216892661,-1.126541077603818,0.31811975281894017,-1.2958070034046547,3.4302428467794965,1.9458070140068622,0.7099386496502338,6.219400287423466
1.770324071514606,1.1389897468245356,-0.07857554649206923,1.5949486963118935,0.31352857656970745,1.611881236137369,0.15209020780428095,-0.8922327463018125,-1.0723883556272622,3.3999684139034665,1.0367092627742305,0.44374966341589084,0.14442661071781104,-1.7818467079035483,-0.9297218448532188,-0.06729785124963614
-2.2472345004085015,-1.5850258286664622,-0.34138227473510474,-1.2900960886323822,0.6380298497092045,-2.364421100874278,0.17055608458301516,-0.04833025882177082,0.5624019626093825,0.23247852842282127,0.3364383131777847,-1.2892322594575334,1.9513384842363795,-0.1866577960145881,-0.7310361785743643,-0.8511055364523233
-0.11828582110984537,-3.4804918331870907,-0.5311484745780438,-0.9711651073568867,-0.8590133819281655,-1.54113361246925,-0.9582932770811069,2.153950511287947,0.8797193618885909,0.6630025348611842,-0.32075598284708734,1.4651774276391276,2.876147753877472,-1.255028527549647,1.3515510083055013,5.908093732821867
1.3077736584193482,0.9383503922650555,0.7236075769026433,-0.1087179594471461,-1.216921760770731,-2.1933551020612714,-0.05284479245948288,0.2525676481751301,0.16922251240145272,-1.5914148419864786,-0.00816570649705679,1.5692612701011557,1.741156392661814,0.5632254714534582,0.455843120182505,7.030043755069931
-0.9697036655213969,0.5375631443197134,0.5740349108832173,0.555315674472658,-2.4800169228148112,-0.8437769706505365,0.4332201495803476,0.1692093508353187,0.9016317298565278,-2.324544492871344,0.20709545788133335,4.641557191722388,4.394609602099465,0.6880794263289033,-0.6817717470554225,1.1071808985763862
1.8514550784599393,0.688694597692156,-0.31549353815570125,1.2154487297919192,0.17856277815476984,-0.1001278802724654,-0.06012851452315772,1.4698159208431223,-0.16915646862300485,2.0737462424258752,0.9473881420276944,-0.8995130291056794,2.8351322293146946,0.7606266453159413,0.32361332587981495,0.4444399912334468
2.3048666736381054,1.3538648048318591,-0.07399868093436425,0.9367566619520276,2.1315790626244806,1.1526738550936078,0.05336094875115356,2.866905111133112,-1.3535107821893078,0.005410220438028836,0.12377903049883865,-3.1286050856613907,0.9064400521388052,1.3916356434590655,-0.7398196163222089,-0.2334944874358054
2.352023425654511,0.6826842864404298,-0.6116021789718179,1.1244852001722343,1.3067671229589517,-0.6182850447753253,-0.12016293944504333,2.3567097224296303,0.45857796584258304,1.48779185773388,0.7638813053539484,-0.9248433675108273,2.792694686092238,1.370772919673144,1.3098234634641437,-0.3846357552507714
-0.712155930940382,-2.357049174915328,-0.6197604420695046,1.4985349858345263,-2.1048579808930308,1.9222774427234866,0.07704924782853713,1.3274945851101805,0.5011693931241411,1.9742698066978572,-1.5904996975591064,4.2930546277054,-0.07059312555638485,0.46541406720359474,-0.14547782937713322,3.4078036693454656
3.291951244905286,0.7853500152022682,0.018829306694579204,0.6341257925094558,3.4777047649152806,-1.8613220875330556,0.20350952976431178,5.816551051618677,-1.4000483000525124,1.5621130620988175,0.16108894666779164,-5.998059703986757,2.20221636527746,1.3331490622161062,0.9423396592282207,4.936913930571069
1.3266689818277173,0.6952480032110646,-0.21911475462266822,-0.3744782455223602,0.8025957210467756,-1.7884613965495408,-0.1427834283998618,0.7551347752253778,-0.8044006494280642,1.73986415138914,0.27551101023586816,1.1848912543461356,2.3868457113216106,1.0069289487039,-0.01583818267022781,5.423003469253457
2.6011535667123313,1.020230443735194,-0.1310836352640308,1.8108284053341477,-2.4044446405063766,-0.9338795611503977,-0.1250327799634226,-2.0688739875671693,0.40788837490602803,-1.2264286359027703,1.481895247815188,4.984181853002985,3.2661114480120035,0.4198567211418891,-0.7851655507697836,1.053354446000758
-1.6226624153545839,-1.4755233987173095,0.2263743730175683,-1.5313895464111014,-2.5720595610988597,-0.8356004707416488,0.16116269867311592,-0.0419163445368643,1.6253654506363564,-0.38305541445535557,-0.20497429019819022,2.9980075737618077,3.8358706576062818,1.7311261917683494,-0.6577505505906013,-0.16416592407450506
1.3076550949507593,-1.0758611928708548,-0.3877761804810106,-1.048159990211976,1.6424593119797437,-2.2368626343916933,0.15599452816175194,0.2493170636107015,0.3703833525620069,2.592068491949423,-0.3844552309873161,-3.2917241575135767,2.1897651705695074,0.45841984802025454,0.33270938916510673,5.400182032912083
0.9793112037849745,1.1832914648893464,-0.07128862813018433,0.852735178387509,2.5596182809588224,2.8577204345541953,0.049231689257629774,-2.1529693605639832,-1.396481310986037,-0.16059881169010945,0.1101573512786446,-3.062454053743438,0.8690049821060032,0.5567745924684481,-0.5757217900739002,0.4358632422379841
1.1740393403817717,1.1678522146321058,0.34063513758046277,1.361493811644904,-1.5406751818379842,-2.0446557203948994,0.33240566919355996,-0.8676367351336491,-0.9641783274150838,1.942478566172393,1.8666526384054425,1.1867511567676698,1.6205476020916352,0.4993396758929838,1.0482946361037395,0.07458073479183544
2.142811820333598,-0.9733682037167474,0.2350374179971701,0.4943224066421423,-0.5174513078159486,-2.30012066990505,-0.14748014910488522,1.673633823243071,0.6294824435384967,0.9169268503749595,0.2406031164650521,4.013498850329861,2.399011832232648,-1.1603907279973271,-0.8867565477932994,0.8120586905605681
1.0356141723935353,0.8338207409927748,0.19821037196125352,-0.04383426676628019,-1.18784186874289,1.723091249390189,-0.7150049107329244,0.4179186294216453,-2.4274423233604066,1.2609466734983874,-0.23787819372050442,1.706102872727622,0.008314141170067842,0.004172192543708677,2.611954289610115,5.712177671916504
2.1237983637084414,1.2826288761822648,-0.003645473086477162,1.292308980357539,0.24734440860177892,-1.7889510769127555,0.2195141477695618,1.981751219894873,-1.295426439646058,2.0756095722636303,1.281174944679194,-0.7698584308595912,2.044479208638694,1.3893711140538805,-0.4443519401506641,3.2277282952241966
-0.5752655783181684,-1.8154103089326146,-0.523089129590782,0.2924205081586966,-2.8147654053873765,2.499153825880989,-0.004934641794836378,1.7685058654422223,1.019968335488417,-2.7491154271016476,-0.4622593942919272,3.8543529436566977,0.3215755332267564,-0.15264840026574797,-0.8548288522037708,-1.8561940077582697
1.1334513586640778,1.2188297909285566,-0.16554468230214192,0.9852674861342162,0.1701882532352087,-0.646622830278465,-0.5059215801024349,4.172584390023319,-1.2527784817158387,1.2655159142896164,0.8040878678592812,-0.10635310705805531,2.652944540074506,1.2390331597711313,1.312443735760763,3.725415893769808
2.07551753949161,0.6322234613072031,-0.46703632381904303,1.3274288017697597,-1.2561521539011482,2.130957222175794,0.20297898899372674,-0.4455117373439523,-0.28305188895938116,2.277189429450334,1.2178558353435505,1.098372393196134,0.5250501924787014,0.5511898013871022,0.21670798500651886,0.8859581621812794
-0.5009473479934446,-2.0877842843610748,-0.5356965016300471,-1.161175919084806,-1.2199052707789073,-2.1365867223184747,-0.06193865131605296,0.8207248332225751,1.0086126389900636,2.3226603205618783,-0.33910163400281207,1.5779112665244281,2.126140778085477,-0.09122089229544073,1.471298792122634,-0.5109377312354939
2.5689965175547065,1.1063258511064897,0.2528304352809624,1.1513894568845344,0.5255479813511065,-0.9609736794183115,0.2625449964009258,0.6651523462999978,0.5710420025171171,0.8050912896988255,0.5795167653604918,0.888004760979933,4.298272396417022,0.801500690215577,2.5998129853963867,0.14382401530811617
1.4507853653623524,1.3435660217618157,-0.31214207326007204,1.200101559739149,-0.04033461111367174,1.9177671565920478,0.39020705808276934,-0.8492321164742326,-0.9763643222560159,2.3356230511154115,-0.404756375326111,-0.5953615126752438,0.27730432752750866,2.2640332867542683,-0.650395385104351,-1.0439796310603462
-2.5006053567287365,0.4990458086195427,0.19732718564361387,2.409695626490019,-3.7455043108933217,1.6007565431462298,-0.12340816215416157,0.0829838848300048,0.8438579391017433,1.3539660487393956,-1.3976794021298622,4.018217319870188,0.4491987283197656,-1.150836855882574,0.1487226782772463,-0.6179408624821635
2.5087724585190814,1.0068265776813496,-0.15702654600328955,0.4079716749877291,3.4869458668770434,-1.9765086821377182,0.012718267765433947,6.099733250892344,-1.2309415106053532,-0.6566069035389217,0.6519624789041152,-4.296521658347292,2.0448788029668505,0.18381098679357527,2.580725839290886,3.2874763473836293
-4.840027623511162,-6.133897536129274,-0.3404670580626208,-1.6009899065006834,-3.795407728136488,-1.0675715583890018,0.14875646518049349,-1.0618649525536281,0.9631591006703153,0.5775983265410874,-0.4491134941264151,3.4870376340713305,3.330678142220399,-0.1626531863999639,-0.8617229080069709,-3.2310579390270813
2.1201977768856044,1.124651394042156,-0.29827172388264434,0.9216331320781265,1.5391507395429191,-1.053869912219922,0.02021809808770425,2.600680264304223,-1.5363673814703056,1.5416594346810857,0.3945430240582033,-2.624703881732295,2.710539918752142,0.01631119682522331,2.3285774618385453,0.281218895010931
-0.6247140454097277,0.5405438722830702,-0.04696473526533054,-1.0688841755290055,-1.4780983656741873,-2.367889814864021,-0.10268374615672682,-0.16206224283885184,1.0782718378245566,-0.9206680392418822,-0.08570517978093149,0.7542043428525796,1.8456123353370852,0.8575403641876737,-0.8738810540522411,0.06292479924906705
1.2742975691479574,1.3321554248640184,-0.06842237706846088,1.7066576821994177,-4.275444231113584,-0.5161701409929735,-0.9038014219040157,-0.07240373800696485,-2.4941505087796445,3.0360359319865116,3.053919996005943,3.8004277869305847,3.637060279253142,0.5974868908670156,0.5178041755820424,0.7936897783579596
1.778796327561921,1.2632372224980255,-0.08677375602294866,1.1294316120260193,0.9779849781991504,-1.9850235134948058,0.05647330786887008,0.7810281853410935,-0.08127339727574047,0.4503906889698249,0.8880040468868027,1.7404631101291577,2.2900982274812276,1.7003402480907566,1.8885356177097157,6.28183171306978
1.9277991251661688,0.9728665032949494,-0.4634854042200993,0.9503125078998972,0.3925117273030228,2.1027902837182824,0.1026351885868219,0.08339508258817288,0.4329833368288336,-0.10699232730633529,-0.041355211794276786,0.898201971474548,0.45560057965179834,1.8920148594006478,1.9310923715733517,5.525910084495063
1.1945975677772267,-3.792720436232508,-0.4921051451974767,1.4764378650056853,-2.2893623019847515,-1.0609807695829643,-0.15773141179929923,1.250475112655688,1.2587861046538082,1.060094887998995,-0.4821482997519408,3.5754934945128154,2.82774123188182,0.6458289320505172,1.101598519737406,1.6846512061080092
1.6497825834547628,1.0095669161667182,-0.08282578718523156,-0.1095246908650587,2.049961453375597,-1.2344728803693494,-0.03800429005688725,-1.944496204627723,-1.2917812836755183,1.4802000003533284,-0.5153233116458964,0.05624470209842855,3.408280524232158,1.2958919187742635,1.84353381652232,-0.14667390097997954
1.527298849606562,-1.8831157700052723,-0.458329756151579,0.4069161169588884,-0.5023925409894273,-1.1497060671103567,-0.18740732246497782,1.6051406136824327,1.0617716916196105,-0.3213054850383385,-0.08887814741336408,3.317260491537365,3.3653062015990116,1.2204614334264643,2.635013840281955,0.1877253003335092
-2.5352234970550542,-5.290740400871252,-0.4240142095324215,0.19384134960791033,-3.236412453888567,-0.9926002218962744,-0.13909690622996954,-0.08643365041237003,1.2660492440818059,2.081260014269378,-0.09936341999745729,5.118236292828207,2.960856216930666,1.695351370745166,-0.896210571527815,-3.034791075657501
-0.7615984181510985,-1.867931009281056,-0.3827777756494716,0.27567530498245074,-2.3707902500535107,-0.8018165552387365,0.2074814559985732,0.5516819858152883,1.2806312497586951,2.414556547253036,0.2558715345088633,4.395521635809728,3.9757568341546645,0.22383924082635806,0.21035296124297317,-1.209245369261563
3.2018373022304853,1.2487589697119035,-0.09503416494356202,-0.023238507705778726,4.540084777884934,-1.8293265566207988,0.20055104190825399,2.5130006745943216,-0.7250262317763656,1.561264308830122,-0.4338482427234211,-3.0087605280938745,1.969127756317972,-0.2999649235298335,0.2184560867044479,2.445207806113957
0.8539181689632386,1.2202317240043894,0.43156037746309345,1.1042387267515992,0.10830405030911275,2.2245946606705713,0.03302116959171498,0.09228305731173925,-1.6313978517178649,1.5262661458371578,0.6032642171962747,-0.5442110553447354,0.25501250900379746,1.4839258646354474,2.159677976862056,-0.47236680490257144
-1.0595680827505634,0.7170974058284486,0.20638590911945204,1.1213901313654635,-3.1522290478751764,1.8821765639368793,0.02184868776587759,-0.29698359533956104,-0.7889654111280453,0.6050971429553751,0.25849730620690164,3.125042686844937,0.36595318472882243,-2.8717917824891703,2.666913814238794,3.5361489595655606
2.1718464361139747,1.1371485411070767,0.013301297280786807,1.1943622415483293,-3.660464370144156,2.254506950238331,0.04975334410285348,1.145439914533333,-1.0754994688711665,-0.07071492256977327,0.7210797956614945,2.156173772832232,0.6597765209903573,1.2947322124921272,1.8301885797228237,1.0107297935467583
2.0309629824290494,0.8650888983399054,0.08868042538691785,1.3788415434491876,-1.2042291149860949,2.73938375090089,0.220452892489728,0.2587884204425143,-1.2389551422744882,-0.3924756662217003,0.6004737835526889,1.5775863089717685,0.5519720229143417,1.0684550440597018,-0.8047761113868195,1.078805474857735
-0.2660796987413852,-0.0044972050690279845,-0.2120046437748165,-1.1373144338210497,0.5062354206060549,1.735055396641604,-0.04885537703630765,-0.48611997506249327,0.2651590181513245,1.5948878206113961,-0.1389305185733956,-1.140080076649968,0.2949206052827705,0.3678384379451698,3.6299095517010036,-1.863070375623467
-2.564569557525481,-0.961858309504723,-0.5202519255418425,-0.9398120457701495,-1.4960885055025515,2.2543795511254245,0.27563287133006104,0.7158879143114171,0.6546821462352093,2.645946747551272,-0.19883033605477005,0.4194691866877464,-0.24825407539493177,-2.88078538760282,1.331267152045527,-0.6213459654960912
-1.3441763820555432,-0.6988740826417257,-0.3735730636634168,-0.9970394503011573,-1.22015924029052,-1.962979037419234,0.15946765180576128,0.0055928203522818964,0.6246773373477882,3.7519691554363437,-0.14272529107150014,1.0634632870763376,1.9471224753880496,0.6822442784640876,-0.6799460310988058,0.60628356950996
-1.1144369173299613,-1.749641818639415,0.19592933254341066,-1.5290011912122523,-2.487084438458799,-2.541304461101059,0.3228275638653113,0.5043622623782934,1.8410201123088397,0.39792705980065984,-0.11070760493968444,4.216196488980486,2.1986245619553473,0.4516745559149178,2.4163458621838094,-0.8038444395389759
0.9867058784204508,1.0319625082592718,0.054599351453491415,-0.6971333912205399,-0.4388547934991542,2.005489395208948,-0.6539763946705529,-0.5499087937895805,-3.605388544878396,0.5325224164220467,0.5993637906363111,-1.1767204235752728,-0.09460987863551207,0.10547061209569186,-0.31089865320462823,5.164869585686038
1.4897373231277005,0.9162903842336694,-0.14652867023289673,-0.23523314130962916,-1.4114686734315154,-0.3213517594565217,-0.09288191631155612,-0.28097047826712185,0.2305903595531268,2.0260466313627203,0.13763992865026722,0.646608472719627,3.4122766290700945,-2.674030364437274,0.020198986982971793,0.33490627727694255
1.975450107508343,0.6668318825480125,0.4198724321712299,1.3520589040774718,-1.1218277467584323,-2.0812463217276482,0.1655895479230156,0.6148857664955277,-0.88598721367049,1.1081845008694202,1.4306190072700835,1.1305159484086642,2.012889751497182,1.3121869208469665,2.2654753757489097,0.46166451018514065
1.9329286582630931,1.059673701466624,0.2007290260653041,-0.8381813509225372,-0.06497400213756914,0.19082769590165313,-0.007553869144042651,0.03339349563887965,-0.2143232693795776,1.2852807536965278,0.4729587601963011,0.5558647186753081,3.9509541425353234,0.45739633805174484,-0.8412331477935777,-1.0657118044514808
1.3808482793483376,-3.5624025435667486,-0.4996164984301791,-0.0010748430297447121,-1.1071788481120692,-2.0013097587653252,0.10238981873664472,1.3070081305508927,0.8746587551706666,2.634176956246541,-0.2017569095901112,0.7685200871006751,2.2351714803569522,1.2431475938982175,1.0360995004938787,-0.0441604651147794
1.587934199307972,1.2215721015843297,0.1771489780557847,-0.29762928836732044,0.22791298448597513,-1.9400541620700018,-0.5921168410529325,1.4789429832031347,-1.3290771520048514,0.3040475876307723,0.6045415960375992,-0.5642069652026188,2.1602756382042148,2.8103722720590354,-0.6118890018592308,2.72582060539161
1.464980802396844,0.0033057384373151584,-0.3226095750611324,-0.12523488418416695,0.39589845792868744,-1.868283550380935,-0.02006522246825396,0.9238191784957853,0.07746924772802304,2.8064068976841585,-0.5463491011159446,-0.8935896845279079,1.9953996214591994,0.007839026030136836,1.3875646903894567,0.9218448360249394
0.8332825527255316,0.12095942410994967,-0.5261496479931566,-0.2971660190558234,2.7754380042561007,2.0221300843158025,0.146887417187584,0.25411155011579994,0.24587976116528534,3.676284975398088,0.6468493421827564,-4.795928160161627,0.42457499374638413,0.1942103831665803,0.5286170845383151,5.973201748226498
1.9405252860135984,1.0951980974247888,0.09839304043059974,-0.0008018405087441638,2.767753932514774,2.8782983592515916,-0.00966073780920133,0.8021718510568661,-1.7146857979554395,0.1539634311174077,0.10927921032174537,-1.255344364909612,0.7367684550907675,0.6720246292547277,1.6280523409692742,0.5987086058382202
-2.672285575589153,-2.9116549751659893,-0.5389448127498162,-1.0530050286381218,-2.451247035371385,-2.2183732519596364,-0.1695444359516148,2.323091849139354,1.6042504958886155,2.523245018959004,-0.5795509124360638,4.995525681994958,2.015088645040928,-0.3246058091591014,-0.5301222387549538,0.1442263885745375
2.0111711711200284,0.5211450851914429,0.13518091274870184,-0.9960718209178316,0.15855322444194833,-0.34874146481295193,0.2546242353868143,-0.03464523365796987,0.8972080336560107,-0.4302246319198079,0.21092151084983135,0.20056962594379263,4.263210087627006,0.35624770039826964,-0.988618028404802,-0.4385931885793763
2.8971093173880207,1.072925683486033,-0.26061132749897065,1.5587191154768831,-1.4779462800450176,-0.27524847916122025,-0.1939691953894975,0.203211260057768,0.33359061071000384,-0.21420555235900487,0.3127614383806182,0.9400258390892919,3.688458769389868,1.0030203651093426,-0.5041850587616247,0.25273916254628953
1.0983587695383827,1.096520935515873,0.0006064027783190071,1.0051645376895195,2.518682373849769,-0.5416360857347858,0.30146628061424996,0.7040914059172481,-0.4190184263297764,2.033618616294768,0.3332722419950747,-0.03560657919117076,3.5569765847474915,0.3792524490049506,0.199931395720892,0.5414025325318307
2.2796516319274103,0.9410134339337618,0.3126853259859668,0.6781075554040047,1.9974870137385548,-0.4377177481285572,-0.0071845641269146845,1.543379194982844,-1.4581949180594567,2.983701818145291,0.1891091066748178,-2.9365961058543824,3.157230997376067,1.6171281410351284,0.7522283750511332,4.573822576980202
1.9015649324741069,0.9958418053411245,-0.20564477798951625,1.3120590677185762,0.96393029015692,-0.4392729105256394,-0.03774868043399691,0.49361896173208086,0.8281035197779906,-0.003601506749392569,0.6456367579871874,1.4864278550921106,3.7633629642296382,-0.02513775383944905,0.5592367670936249,-0.8904173833786048
2.057935328590807,0.9502970175377596,0.1538184619041622,-0.5290675135118583,2.1388014305777023,-2.3054433314564955,0.21924175958015732,-0.411822229332581,0.4872489729367859,-0.2697998991565575,0.5873891613884967,-3.778221079238338,1.7148497888503385,-0.48099523897430413,-0.929414168898008,-0.7010843088774457
-1.4150921386273325,1.1136961787694215,-0.22276605218286652,-1.0471214826927104,-0.19992245637772485,2.156913663433981,-0.6307705393942237,-0.5847362069045428,0.027343113449787158,-1.8946065444206077,0.39856007593408715,-1.4240964418367006,-0.23650013978298962,-3.2746231527485743,-0.7230702947391968,-0.3468246304919375
1.0206125796816066,1.266694552866811,-0.08941634143292973,1.5133294006561668,-2.505988602401062,1.4735351532888745,0.26670177834257597,-1.7110324722005823,-1.3465123794091303,3.4870360248059757,1.0366075491501652,0.48491177756795073,0.27436618167530236,0.9202298201663834,-1.4198900129978649,0.23724362321506245
-0.5539976737055785,0.2509408067582588,0.3938336345946941,0.3829375132799272,-2.7823570012242014,2.3945137730774717,0.402119639111851,1.1243728599854312,0.19894162493813763,0.25541116269413466,-0.016854591786089213,4.729527572546281,0.11970483371553182,1.297948138275229,0.722393301157065,-0.7453277230858567
1.4637752124879442,0.3965840294207237,-0.42309355977466534,-0.28920884723029117,-1.3625830935591332,2.0914476830610584,0.318363901974278,1.7960556391475995,0.2670518471330738,1.9219988763615532,-0.1414931158502379,0.5602973317017643,0.24050882025058795,0.9722706281704092,1.3254471851130385,-0.09000049083056114
1.8305716083235712,0.17187191027506227,-0.5754421081653267,1.7766877203174356,-1.5703079592710372,-0.07902028097358026,-0.09031634606805305,0.37184252426950426,0.39989335038599055,0.16265658876383293,1.7122129962839532,2.0588878847866696,2.90803273246979,0.2899008010068394,-0.10930808288587465,-0.31743201203931476
1.643464821290249,-0.8339898855630392,-0.46825722534729275,0.17519084397480397,-1.0305054688532973,-1.7899820976503393,0.019888076533920614,1.2940039823103846,0.6824083576739451,2.6727251900371685,-0.05603349029069376,2.1169010440571263,1.9263204564782717,0.9221456860536011,-0.6234762488285799,1.5573754151973036
1.5272127752973303,0.8375099552678982,0.6636491613664179,-1.1075209602869387,0.1038169323601391,2.6922583085448455,0.08551845805419508,1.1592620774737166,0.43533533569758676,0.09611817814344814,-0.0448154246271003,0.6471303494962445,0.023919673947981678,-0.3328598951498769,2.8100018444757944,-0.442884598605003
-1.6364037998108714,0.2576493096268713,-0.027153113287741695,1.539716705042223,-2.1430715409013166,2.7287125293619763,0.015146800121383735,1.1586123587350312,0.31078488530915194,-0.39553575726253554,-1.2665652621552999,6.2922517091548515,0.8116283978761251,1.0581110961570368,3.0921006795377552,0.5911872983192299
2.9820094353822837,1.1350455104972836,0.13309374029553234,0.5804026738774506,1.7625191212278914,1.5636113791026631,0.36649265805379017,4.8095650285383815,-1.3232649593874508,0.04041464645220311,0.21644871598032223,-2.646460378072738,0.6334971995108905,2.2110634887170812,0.1377868487916652,0.010089033242232669
-1.3233011799873518,0.6144898828077886,-0.32939262265867075,2.005267746170341,-3.4550307086157757,2.3094588049695264,0.2181440240709266,0.30705135480350276,0.4724769616324683,-0.15739297897364932,-0.5326683790959093,5.06143294326709,0.307106136851751,0.4040567533009361,-1.1130097811690511,-1.489229252773281
2.141101569969334,1.282827570795957,0.021305205171484296,0.8723774996039724,1.7307298792248476,2.564804752087762,0.31136401798989993,0.16925606689252906,-1.114174146321719,0.42888641986767706,0.0656483360707671,-1.4706401216738387,0.9283411256697809,0.2373293201621032,0.07710177759334064,-0.14420321402758893
1.8506392939135339,0.8780859825319964,-0.23700396442995594,1.4487042623109068,-1.1994252839911992,-1.8528774899613205,0.12514488564277762,-0.029207426956247666,0.4889472027133005,0.7345883800183144,1.5212429266317897,2.1415015983510037,1.9707152487380366,0.4410069754908314,0.4314996715531058,5.9231895221337
1.4225423755735438,1.1748853787947597,-0.2926495864545317,-0.3907955027705034,1.8964339683673388,-0.17547345949686677,0.2451045760448053,1.941945974020498,0.40828118809551844,-0.6245948625814955,0.6242210743755293,-5.753590678985674,3.889630250914212,0.361113901136737,-0.06473316292353887,-0.5846183679831768
3.037976746187204,0.7084578513655733,-0.39877517796195494,0.7144596102861879,3.6324674998773383,1.567999103655582,0.0381934425716962,4.917609782646892,-1.1559557748998717,2.3708258943115843,-0.1857836467563855,-5.532411574833674,0.592190750006921,-0.33855631756322047,0.1523054487556673,4.019693790172942
1.439290964792766,-0.8575613559550569,-0.3782726823633801,0.04128847246493925,-1.041674709172759,-1.9290442445891591,0.16396747759145214,0.6131278645449739,0.4505376067530697,2.632599588095486,0.08107365144352956,1.6742130063233023,2.1723635852929064,1.5062829052044047,-0.46543804169340647,-0.3031712955352262
2.865049023505276,1.2796653264293094,-0.024478659474806874,1.7614443934554633,-0.9310567662127407,2.338740722968464,-0.7935797943719061,0.28681753806732624,-0.4017599668312164,-0.12203406893697255,0.06755510847227951,3.4018301894793854,-0.04421255561231354,0.706475196109023,0.052353338366580196,0.3043458759225311
1.2711077954911973,0.5526988184976144,-0.02657917191526336,-0.04190761733033228,4.522973916005978,-0.8055491448287179,0.030186808867897288,-1.5060179908154183,-1.0455096740894079,0.7674341889272285,0.49692939674509046,-6.05333501745905,3.777000862173888,2.3123202950618524,0.0851262360316577,0.4819008204331682
-0.1250959081195022,-0.8783425143345939,0.1429377068959774,-0.9353682006648832,-0.704157218447205,-0.8995848538345576,0.10703482761868884,0.5480637308265092,1.1361080657178542,1.2629098892444097,-0.623685272579343,3.627638883888555,3.6614645624115005,0.10460627789047884,-0.6228449990201571,-0.9489259913713864
1.5731567075153294,0.6478985749388426,-0.4777540932266102,-0.26962717403584924,1.6424747770649393,1.8988907938170192,0.06525494467082402,-0.21122667543979162,-0.45777245463084026,1.3037955614727217,-0.5114652766653223,-2.804891167334638,0.4947754836756505,-0.13227932727362607,0.9620680375947446,4.754040570251358
1.3601607104513764,0.8970719622685839,-0.23144108049046064,-0.17877559153912564,0.25572912369248835,-0.6597441871272707,0.21053533281014727,0.06564788374128969,-1.27585030309672,2.211268748118854,0.4908487314443584,0.9086412302663339,4.028065468461531,-0.13781778238377834,2.493190734293201,-2.7420705503173886
-2.1635421569767823,-1.5604995432434203,0.29538214975134414,-1.290616407660576,-3.2957410521759445,2.9658228727946367,0.1811287869749411,1.4708623761086952,1.7379967496627458,1.6923349966694539,-0.5943543240028224,4.360102499848665,0.017090362223472395,0.6976954626002396,-0.8937894569050842,-1.2854904402626715
2.8923775862629326,1.0724850650493358,-0.07058063372954743,0.7718559847745731,2.8290857141429324,-0.9324951558626443,0.28441303208079705,5.596314604687364,-2.026383381545278,1.3981887423448307,0.5620385659783956,-3.3257025011434997,2.4823905935028545,0.6887061967581937,2.0276824804503124,0.6970077345956677
1.8889455226929852,0.8635156942675779,-0.06596468838252861,1.1223285037137403,0.2749679322278215,-0.9733424734169888,0.21257892241350218,1.3061709249405495,-1.5410982187937854,3.0335775876544386,0.7415617907837009,-1.4525636470055259,2.917154975202468,0.1446570887257213,1.681407031747261,0.09821264513908602
2.5689515924607806,0.3967848561883075,-0.3922149154846791,1.0359595656165923,1.9285828385910067,-0.6703233718463723,-0.014366598831672017,4.530524970842054,-1.0276038007391914,0.9272914563562831,0.437155099577061,-4.6408617124595635,2.562087243911517,0.25113901202083894,1.3493979587214917,0.20115548603949504
1.7739664606116743,0.9883356369396081,0.01091606035176508,-0.8645390477460565,1.225911201296284,2.7260414496364356,0.002767470231991561,0.38342468132134866,-0.49837516152371836,0.6659540804356334,-0.43256270982033435,-2.15863904846083,0.673290743550907,0.5673171821085234,2.267095833883248,0.8696113567532053
-1.0730971552316024,-0.7905181915313817,0.10602588596924381,-0.8913872094475332,-2.363607935283314,-1.2699135821882759,0.29445295598742766,1.930431290674647,0.8331906770917683,1.1578273199016034,-0.0685018751440853,3.7903366969825885,4.106588451519791,0.5429486908209816,1.5800462896924365,-1.7091349397105966
-1.922925599911539,-2.4249837523363045,-0.4381973286158368,-1.33546793553328,-2.1599650481538646,-2.2921331760271824,0.1726889643743189,1.2496605635789606,1.0211353611109137,2.354580799098775,-0.09918340673108242,4.517152874521477,2.080132340619374,1.5418071655089571,2.0135658844902404,0.8584769303122527
1.9463758056594347,1.360392867026564,0.2640317018850123,1.4726182637211742,-3.2305686374827602,-0.7112259305680698,-0.329053841701655,0.21562166648613618,-0.40309240077816894,0.6928558368824681,1.2976386037331824,3.9667840270640067,2.8815621063647074,0.8920848690584152,-0.28570941048915754,1.1042699671837817
1.697532191121149,0.7956006257710692,-0.005347076507810772,1.3877599542649426,-0.11626684596560147,-1.5177913052399623,0.29365746058069775,0.8023968015694226,-0.6508130957381095,3.3674283951746538,1.0235475823067066,-0.2434428785135692,2.1388349116510037,2.1497259692080553,-0.5079273425434871,0.15799655998503864
-1.4072737248751959,-3.2740811053295116,-0.5350212035987352,-0.7295382972772673,-2.3812261004818396,-2.1717784483878884,-0.11218395107908878,0.9520749405127165,1.901499615686246,2.411968074196219,-0.004159774083414602,3.6443822866214486,2.0154781806579005,-0.14218748172681148,-0.6743433606715529,-0.13183507949458145
1.5595850274579337,-1.0484225210020521,-0.4536472264715511,-0.8345546577419051,1.7141081283001771,-0.5842211604109558,-0.09974718270576764,-0.2770948658084846,0.3998167345249064,1.5064315280780836,-0.1454820974778603,-1.9368453399974037,3.152005645087621,0.3779078445947452,-0.3248726513947423,-1.3501458192733768
1.1881117099260141,1.3157085108096835,0.26232244398129906,1.1401096246473927,2.6869894483864654,1.8344423664736826,0.2128805135123633,3.803205304158856,-1.7183702151984894,3.479482021353316,-0.2539901022174483,-2.8801378005062603,0.6864396875809267,0.8159160548313602,0.8733202460662361,5.253048707260721
-1.0818963826618253,0.41395966587185606,-0.15288667925051663,0.8348942714916961,-2.542759024306651,-2.3835647669756423,-0.1535933603162839,1.3063028823745886,1.1028304136641784,-1.9048063237755923,0.009675140348044283,3.888336900914928,1.619562400110805,0.5805450248912823,1.5221834960906857,0.09524543725426345
-2.760402881408219,-1.37260997405442,0.21616870146335487,-1.4884894489928508,0.3493656862582016,-2.2997995296430593,0.03112571287629911,-1.8257557421470685,2.174563068750275,-0.2677257582022771,0.38496137810481235,0.17158219232732477,1.791535319969704,-2.34014929045733,-0.8789769656296027,1.7551522069380006
-1.1172971439240458,0.2821492777264372,0.5906100558492506,-1.025792895444661,-2.303864387987729,2.741320818642799,0.22895700669570015,2.1634010823985856,0.6247453743589996,0.20388153051573815,0.02014461328704701,4.814749561033379,-0.11870826577303549,-0.149281992767785,1.3713733247398348,-0.245074510804842
1.9289219575715726,0.052815291966654396,-0.48232876862206076,1.8760074869865566,-4.01228247188765,-1.0953216479791807,-0.05009593915110699,0.3730295884734552,-0.3207950256019613,2.3512946213634303,2.2913319237765966,3.5272314615148344,2.147303715093579,0.725615946986133,0.7322363388039939,-0.21427205856687906
-2.466764307879522,-2.8577564125328383,-0.5033917534682968,-2.570527934968696,-2.6918393691729405,-1.6049178523074692,-0.058641149668018595,0.023803316357741827,1.1512775084292988,0.23160102676970393,-1.06894350773805,3.020680275463095,2.079468856182113,-0.9064156668465091,-0.6032483318825632,-0.40657764726629986
0.17579795879105528,1.4259421971689605,0.3267610356493197,-0.09889223209301601,-1.4851524186633318,2.0973732674106236,-0.729683554329796,1.367847160537819,-0.706442163111648,-0.5706677735975889,0.21000624032408952,0.9520195786915627,0.29490898090224554,0.9741328516968357,1.3367430422054172,1.566489541227034
1.8308440728209898,1.2668746203532384,0.2743250304906596,1.433313642358094,-0.25019493923440295,1.79191090113634,0.3790624170075107,-0.2179992887940461,-1.20967591347484,0.9523103888777312,0.5089374752232452,0.10127738033432689,0.2328619901701128,2.5375723923846407,-1.0424809366674543,-0.5522260696078654
2.20525101347685,1.0281351294904795,-0.18716519420786903,1.876032295237402,-1.8798936808547912,-0.6251017696471936,0.2270785223126543,1.5429212906822163,0.42924111390439573,1.5017822163587469,0.813603680630617,1.389369276712428,2.962735483528045,1.437620601552199,0.5385127068168477,2.1157159651516078
2.134634423389671,-0.359546602439169,0.10979461097575799,1.1684619581508107,-1.409529563524491,-2.0837071840654424,0.26047590736554405,1.071846391423645,-1.2489886438713427,0.5934378195074328,1.1163513295106666,1.0684445022559212,1.7913333616806593,0.5871416043732853,2.5639100882784396,3.542273980109323
-4.289038981538805,-5.246022111105924,0.2635610765883159,-2.351537606043207,-3.7920256930810288,-2.377354132121595,0.2014820639361999,-0.8089252235047414,3.6252481288699046,0.10239687461822362,-0.4461957850192323,3.182255405505594,1.9857322924159502,-0.10470495169969678,-0.9563927314066707,-2.605681573576832
-0.786386583588783,-1.1584559569066155,-0.4460085939211157,-1.224344522846922,0.2049297181260619,2.7616378018930465,0.007450062029925358,0.12325546350375724,0.0877740810392704,-0.4673239555737187,-0.1428214752406633,1.1733198832829492,0.3274030786553118,0.5333281221996768,-0.9041966494607864,-0.2760626763116838
-4.774909897150203,-5.167780252858251,-0.40915684114667833,-2.312647978741309,-3.5504614370133596,-1.063421248211763,-0.03229019604493666,-0.8298898468857309,3.1722053622838122,2.7303826563557405,-1.0690157832305305,3.3466935326157055,3.2799052238714754,-0.13317589928896298,-0.6260674416080452,-3.3766630112976848
1.3467768190134732,1.0274443727273013,0.29512812875652367,0.2661720344977477,2.84368475535509,-2.092386132448207,-0.09295885284835699,1.4031994534100027,-1.1712291321559207,2.1654412217477503,0.3060891690716923,-3.992230731844231,1.5883327379182623,-1.6493546332694964,1.0611048742998694,6.660603768438226
2.121476983108669,-0.06980539507843732,-0.39050206754170347,1.1965734508896844,-3.047105670778495,1.7388056236346354,-0.1921871640844208,-0.25453797098043857,0.5873785668310462,1.882295041170332,0.5901042192325024,3.178537470509596,0.5423801310057723,-0.7266158465166054,1.1866708056224562,4.72235951917077
1.8615707566183635,-1.1400706674437988,-0.1998658364854388,-0.7866623098728281,0.5608941738329746,-2.2228584655747627,-0.06713391547004566,0.6381831494800561,0.8612180863908744,1.1537422800281154,0.3032997856591442,-1.5930636755939371,1.7835023785055786,1.2135407405835925,-0.939492825342345,0.005187437579871393
2.4652192152633177,1.0900829017537454,-0.11151017422790348,1.3437781061025331,1.8228981358539798,0.5599310166313912,-0.2689216904025411,-0.03250717991495588,-1.3570272934448289,3.8018613797280794,0.27009506381281917,-0.3622100625409298,-0.04694870427482194,-1.7568953623998973,0.5160748780392564,-1.2398150931938383
-0.9266009958326022,0.6661512610762923,0.2766135541224254,-1.3795401531026736,-1.4453110272378713,-2.4478001599720187,0.024798005395479914,-0.943848152168312,0.2183627803993798,-1.7971879025048039,0.18884391438590234,1.1659388991478132,1.8158095833423973,1.9837643301853212,-1.2556645189265283,-0.4805867063146845
1.7881596543241507,0.3534618866136603,0.2937462521270242,0.520217330824632,-0.9683489789968956,-0.8994612012323195,0.17735144360688126,2.428462579653239,0.7153013386162738,1.2921986778437655,-0.631470037315612,2.5985862961586235,3.8212054566815294,1.174676128101953,1.922716858567127,0.7245938191019045
-1.5990504683006939,0.27637296143850265,-0.3702405167281745,-1.2314175516248047,0.4298765086332424,-0.2434042938544053,0.1112892991845345,0.011563114020379794,-0.12229983774390203,0.35597834287915264,-0.12109281002412921,-1.5946071267392647,4.17391891803646,0.8508294406891219,-1.0205306312942368,1.285363634506329
-0.1886103975494282,0.2169137572177347,0.2578593536291982,-0.2353406025818999,-1.0787426929749666,2.3063878495253127,0.011523746961709602,-3.8885060641773115,0.4437981142629965,0.7413576795383053,0.4272234663258809,1.6173418526330392,0.27700614659231015,0.17343879817351693,-1.1462425901733548,-2.3725218153105625
-0.051709195619037675,-0.10714217038527883,-0.4146609928572563,-0.4312297115184191,0.22542382626024343,-1.8647912318687823,-0.031023983526600258,0.24201263151777086,-0.32277841242166033,-1.0109692233884169,-0.689243281238506,-1.29694547768128,2.088301490240444,1.094218461712509,-0.8243837960054796,7.182299001378628
-0.5238152792901543,0.6502362184335442,-0.00380741733172881,-0.8435530109177892,-1.2379014074703418,2.6284644445958016,0.10721190223655035,0.356919370947796,0.11993596748983282,5.9707317559749935,0.31132472434321984,1.589412238286538,0.6371609556620419,-1.679347172192131,-0.20338339741114025,0.5437807408403288
-1.2807707745925307,0.9255165100511437,-0.07757121167955601,-0.6703862665868705,-1.45318403989792,-0.35813610037155935,0.08113222020155156,-0.9155460577746263,0.5305995896803636,8.00845502285663,0.465791343906338,0.8225991994944823,3.6987056872565356,2.019324115051926,-0.07942724030553301,1.0108131216117342
1.115371703894551,1.141843492510281,-0.20851071262749044,1.5800543337726856,-2.893686373907868,2.2416727183875844,-0.17328368213113898,1.001045334687932,-0.783524209620637,0.39277640104971456,0.011688580104121925,4.285804106236122,0.36602258653411174,0.9430789129782393,-0.4918881035097857,-0.7116934081492005
1.766503695171173,1.1574880004648307,-0.1407991534296032,0.5335447011116881,2.008415780840297,-0.9767123131750894,0.020278491011057005,-0.3549325533370592,-1.9187709593401583,1.5740022705658836,-0.07092519635818448,-2.849806827754196,3.4646285651558455,0.8510041030699412,1.5686543638979,2.7608890220454425
1.5161840143059058,-1.1024261421031112,-0.7238366064387807,-0.7756614305575125,0.041420725461596884,2.2123165395926265,0.11807099951044214,1.974149704771803,0.17553569399306185,3.286560247506446,0.014911609570864334,-2.2597106349697795,-0.017412414913239534,0.38894809186084933,-0.35406111280537045,2.414934788803351
-0.41065040214314075,0.8848371468541684,0.22277400865241298,0.2756647721083643,-2.6342765798134526,-0.8055217601497394,0.020873718726657064,-0.6730507413468445,0.826685305161983,-0.05879221561301999,0.37873455195917416,3.8766614932279797,3.799532930931394,0.18808466203378685,-0.8860044490717843,0.9882651483652228
2.1004953440166148,0.47236987172223177,-0.5337219961426938,-0.8895415894227304,0.33105613394668787,2.6305403004969325,0.10105051961111186,1.5926911092297318,0.3629121496747087,-0.19704631564130437,0.1658519118129366,0.5325375359391098,0.25751090994922776,1.0346193833838786,0.5283381628681193,0.35671247761969405
1.257271475205163,1.0591491445847983,0.4128870571690849,-1.2470147886771206,0.320329651175606,2.9179128121978937,0.11008511411110326,-0.29502983124366444,-0.5024681225824446,-0.1631843240702727,-0.07803817353660995,-1.5624308957939494,0.7820434159830688,0.09033437684494852,2.35619176516864,0.38993460973354005
0.4640806726076358,1.1304151658392998,0.2571014749667246,1.989276557757993,-2.4616421135860573,0.16704700597413438,0.322663562941068,2.845634293618864,-0.17404476481259953,1.1096120190458212,1.7981282721442051,1.6510477805071107,3.2845576526079663,0.3196665782873529,-0.10983843984516382,2.243843546507246
1.7767997820066668,0.26919767105151027,-0.4189069422867798,-0.89149048177193,0.5168235630566375,-2.3688205704310756,0.19444425954912006,0.20980556560718205,0.5237479136315256,0.6163958111274004,0.03186747785491859,-1.3396256351682232,1.7074054421003395,-0.09626222604568917,2.970881849229279,-1.062846395992281
1.8291467294393706,1.2306317818859307,0.01715323322922957,0.8850734629972047,-0.0421908331081223,-0.8095763255203995,-0.12501147225846282,0.9273117075538597,-1.3103965521927448,1.5898827249329865,0.37643570391603975,-2.7140874679879397,2.367132642455864,1.0624926014449159,-0.2624384917922339,5.9689990008213005
1.4420719045401862,1.0735965994139327,0.41614105667816004,1.033708979990082,2.303469832169568,2.583811112261041,0.1428838237006821,-0.5859863965148807,-1.7106113224600663,3.3658719920797724,-0.25270235580472894,-1.7016057225477217,0.5960775539182565,0.9145460244684769,0.6527119158476186,0.8399410950783219
2.571097911419521,-0.023668501570148465,-0.4543282248634405,0.6620090289211321,2.889362175110178,1.7804729709276235,0.03717839056313975,1.3962543151025821,0.12308667464820924,3.1216778860042904,-0.062465898478063775,-4.307099876837384,0.48181313154784655,0.046643802258426556,-0.07893175311189644,5.486004118259996
2.3204195586086405,0.9695324724409916,0.30617896736411504,1.2475363662327346,0.48033259847352905,-0.13239251643284186,0.201530116805331,0.48126143918878944,0.7315622431139869,1.3757767778512298,0.10342031909949209,0.9976924539004927,4.100175699371639,0.09423016836325096,0.6973335982604302,-0.028404358824886095
1.4396915761453055,0.23140352003362383,-0.3768590748379006,0.23017943339357586,2.199595954795391,-0.9541370280798865,-0.05139901487678512,-0.4583888625716429,0.9286148150633666,1.4297258761345413,0.29932853807256055,-4.04418285515142,3.380999696492888,1.3047697959501328,0.456355602479715,4.298903250795676
-0.7426275136028273,-2.823862750975539,-0.3980910787590818,1.9368149038086937,-3.274491962357254,-2.0330077166152627,-0.12111575871437665,-0.30019333168680706,1.2365638770586653,2.5298253824010173,-0.790403281462516,3.8478847170810435,2.1087510787125523,1.207292286650249,-0.6581558176609671,0.19916706915124832
-2.1057589566385606,-2.2032879489400177,-0.4432999578621366,-1.4918542890174797,0.5934769726241046,-2.1409917570875834,-0.04119009505116249,0.19691550634233587,1.6467655713073963,2.6022249051661004,0.3675124190283422,1.2056999648561426,2.2111980805792752,-0.1535742347262536,-0.7997376707993412,-0.29252343286016524
2.0716611324985585,0.9365389385223409,0.08024812174589,1.5372519494645553,-2.280685546833948,-0.698549100569006,0.04000331128219823,0.16449199199503947,0.5498330947711115,-0.9807386245342857,0.2684857658315147,-0.6542572712383775,4.102475109407678,1.9609649397204467,-0.2414271813182386,-0.14082143774074263
2.3142255120538677,1.0706905518039287,0.002275775925553551,0.8236649079986353,1.8687997181098708,-1.6172637169579462,0.20071559765212071,1.8210875595909966,-0.804462711189356,2.7576143569380807,0.7464358341804711,-1.797207474447326,1.9336324720897193,-1.3108226924835726,-0.7630476328875833,2.862337058651297
1.0794082992611964,1.3168212152428878,0.028591558525424454,1.2767968352438772,1.950527917000801,-1.4650130995206287,0.024534133354494066,6.317206138184967,-1.3154263952582865,-0.2042379462609819,0.6548692096382678,-2.065055169115177,1.565866424879517,-0.20884226008171608,-0.7792198628354459,3.0852224166674693
1.9911291955114776,1.244312094783231,-0.08442471070559282,0.6377543702301489,1.8668660048093766,-1.916585756000341,0.22430131566188327,4.491520939753063,-1.6599413650537207,-0.9305763334247414,0.8582203661230456,-2.5885199619861434,2.1114850538390284,-0.023416649399344985,1.4326476272997264,3.1386228459295897
1.745471289752105,-0.17570919841592755,-0.32712478090859864,1.6463098541338776,-3.241394095157103,-0.8494668734866457,0.07333020685502288,0.6532042561120484,0.431692256992104,3.3824994625410576,0.04659136492699191,4.295909609190283,3.5495681963584103,1.0098502139836452,0.34663390935115845,1.4149678440904792
-1.3176368581243794,-0.9151338487038939,-0.009069766764530186,-1.2413807245493103,-2.467801668956516,-2.3701118180089447,0.06760900549371329,2.004357267215893,0.7798068871712612,0.8877297875673328,-0.4935104811454793,3.814910289053119,2.0234729234390105,0.6712352210953512,0.13300239909185577,5.680674204539089
1.347914625272421,0.1421094328799345,-0.36435825823458357,1.8640950292428513,-2.7492254678277717,-2.090860310348136,0.23189387835961556,0.6019912150014937,0.39976512524120333,1.924776549061046,0.35123144501479014,3.9600063112553654,1.982495808763896,1.3290419992090554,1.6001260318022987,-0.5614032385388691
0.5104905554482339,1.1313490003065683,-0.019476534219867774,-0.20648300156926075,3.629235790436178,2.311836803251617,0.13485510027855033,0.43672563390225694,-2.448524576643495,-0.23813303290641635,0.13889168839471613,-1.9742672751353303,0.7511678390591866,0.3139672562741207,0.5361283312096167,0.46196036647068717
1.3405758907239966,1.089236767185172,0.3848784296938726,1.4045194451432643,0.29046860443858996,-0.23982173440226193,-0.0015693927782146383,0.06173052408159827,-1.3501060623722234,3.0685510778643703,1.126200578869375,0.8038608240811842,3.047241266124963,-1.0170637051092837,-0.32828830124638503,4.070800862340078
2.0080078546269275,1.0302212578237282,-0.045809473695536826,1.235072739894368,-1.366334641475662,-0.9158238358670246,-0.4049502834143919,0.4013719981473163,-0.7242640031034201,0.2728342815183807,-0.12994595615374502,1.1768561104558224,3.8979946535385115,1.6522926246895453,2.256274534335465,-0.5434481098800298
1.3372834847383384,0.4948115818030622,0.09018678487875284,0.030759147016941577,-0.7991234933255087,-2.088017590887708,0.12224002152646617,0.46565990536128793,0.7027336946781623,1.053147266256768,-0.07213888054930184,2.841613723915989,2.021004261710837,-0.12345809355311575,-0.3586570692331274,5.571924395788822
1.4965890695481194,-1.9769713349043578,-0.3029682090140471,-0.7103058059196857,1.7537897878510817,-1.0200359071685965,-0.23937682414132871,-0.31708244896111654,0.4973273367674488,0.075334031691981,-0.5360886722129045,-1.7969122646157933,2.6584911002829905,0.5074658911814577,1.5385987079941386,5.998990317180909
1.1265968686460426,1.1332116416461462,-0.08132412861850762,0.9530422552056634,0.1327791699171814,1.6517798111104476,0.15588052268808641,4.300133886112767,-1.1479305575114298,-0.19180489319017205,0.11664387558712785,-0.7263918656768891,0.38566471636094046,1.605530592983945,1.722208549404332,-0.7402998805414103
-1.2683452600170446,-1.3426679180660321,-0.5206686527643167,-0.9642135777800883,-2.2855577490220296,2.370620190365069,0.17026129333871617,3.1473828457770434,1.3564496019250347,2.490189041751875,-0.3727833620508686,3.683596704534136,0.06744394475493787,0.5019623608133513,-0.35341288200013565,0.7482724250117302
-3.905455355821579,-1.4151940038986992,0.6392936745309693,-1.6804963477820816,-3.626457659546048,2.9611602342218855,0.23111429130897773,2.3186980762208775,1.7992665604773714,3.1342578539529886,-0.13957319421820588,3.6596347918091396,0.7815287493326305,2.0849021063371183,-0.3110635030474436,0.8325730738767633
2.368147125830493,1.2472592079676814,-0.2826994748825463,0.65167722603791,1.7208179402075252,-1.8388067899925167,-4.14221535913902e-05,5.061995458324357,-1.3093883489554945,0.18227837575317024,0.45393435933475884,-5.4494930923470095,1.9134969785226312,-0.15134091041284606,2.433965092447262,5.199962264718011
2.864435674383796,1.0555539790715667,0.22528499164759885,1.7785858819110352,-1.3690190850614259,-0.47512959958059825,-0.11022323535789519,-0.6658355253937449,-0.5839452350896576,-0.13496116919630766,-0.8899166480259031,2.2787521383801717,3.994063745284463,-2.4722960042215556,0.09792568828879093,-0.8473113772016221
-0.5097692830107,-1.7036099202068715,-0.527228636573434,-0.5715697476459253,-0.7391784198039948,-1.2426908354590662,-0.027993721803807173,1.1585474268755822,1.105820509061065,0.37400303555177666,0.10416217304545065,3.639142762301405,3.6298189017062286,0.49026582858643375,-0.3355998269588298,7.686877541756639
1.4394810959473094,-1.7973839839787797,-0.4805548856586853,-0.05695809046924415,-0.9759384734869638,-1.9247259766462808,-0.08296300840630631,0.622057743859295,0.9732800396897544,3.4669175335605567,0.0928821406142535,2.068416819797661,2.0393034945178288,-0.09104714989279383,-0.7477038221907675,-0.9521042776625691
1.419801819228816,0.6067385498897152,-0.2521763173952061,-0.5031986930943924,1.364005825957597,-1.9957317150200886,-0.21130597853938896,-0.5897831768672198,-0.44644751243201813,2.8465148748062377,-0.4740128182899497,-2.6553407921592647,2.0062878392139756,0.7820419449840652,-0.49784480648328355,0.39155140592210896
1.736019897950528,0.7718318309952781,-0.09000006719872453,1.8618341020383269,-2.822577115070029,-2.189052080946385,0.2172519966383305,-0.0903402158058148,0.7987524300554595,0.3104641799155826,-0.40698987207088083,4.146922410930659,1.723562904825955,0.307679417179839,-0.7768091713265972,-1.2865723100437818
-2.3279059953136585,-1.7056163694441704,-0.37375776351230905,-0.8352280822786683,-1.2434642877015503,-2.016541593953593,0.25271673956829344,0.48082063551390375,0.9209727492939034,3.4281650482215262,-0.07042081822039055,0.5858366921884759,2.0460214052527466,0.7313361350374739,-0.7181157848409173,1.4925749295585073
2.0463859007785077,-1.9352272753301571,-0.6454537024400461,-0.9912041623668876,0.31364696216291954,-2.1725324828531343,0.21457214443322742,0.4667572957686746,1.119719708361553,3.692726300161915,-0.08956553084457684,-2.077704454170714,2.1606816503584954,0.16446469681532033,0.8800587585568609,-0.25761871867795605
2.4617996406287688,0.7942005573366127,0.09742734725299472,0.35207996608343783,2.897353808358339,1.1626672716587578,-0.8769645497959184,4.368393139800099,-0.8322248811904919,0.8947913887870246,0.09846459243681535,-4.018546137201935,0.8879489628588271,1.2108494644376484,2.4370413920719622,3.304141337362284
1.3288875196766603,0.16951447252158527,-0.4080959355043482,-0.5072538505403257,0.14704290513013532,2.8399524793498037,-0.10370177428870316,0.047519808182721654,0.3126560405289957,-0.873216770341802,0.5589780691698366,-0.7965130452110737,0.5656880123893065,0.24338666758784455,-1.0833969537232189,-1.8280998896482061
1.3937460970528428,0.6798608198103774,0.2768670039809812,-0.45672858174323533,1.3859787816448754,-2.1125444134805504,0.020310589666348102,0.1696237461910405,-0.9011907888388879,0.8929250694075879,0.23572278263973848,-2.5007363588327776,1.9848847494812523,0.7399101855871073,1.9530666562522225,0.7628241195879706
2.735214450958328,1.1446227340655761,0.14239969135851402,0.3720235065297573,1.7744608852481916,-1.4004856180663154,-0.546047594836002,4.863744011547068,-0.9302938949830295,1.015081373932036,0.33479248218581226,-3.7856848768935234,2.315834061040681,1.973405547645708,1.6992199617359938,3.578932344946795
1.3571090304418691,0.7664605190403176,0.0700585746577398,-0.18674986658337203,-1.3462731453230903,2.497827369739254,0.1398203260090708,1.252949713748849,0.79821232200954,0.6589400995377803,0.07269720644508121,0.44473945515750546,0.36337194758610036,0.9212885586533375,-0.8764375684887855,2.5848176261531113
2.2899457914565184,0.5865649080298422,0.013763080238594141,-0.14354028429081117,4.15306353459548,-1.3257978350931603,0.34136166720700695,2.030860505804923,-2.0058664901391468,1.6471889542277718,0.06873404034325055,-7.658487581781091,2.589234239368144,-0.14343423789851678,1.1880975552357431,3.877282380813144
1.8704155297301586,-1.5126034835851607,-0.40349436659115157,0.0783831495253538,0.6412967417167583,1.902572283675726,-0.20624162070404023,0.5316624156870812,0.6898061427426241,0.7143790861799535,0.14909330243406305,0.7475389869222457,0.5761144673108843,-0.3739641479201695,1.3215447030396845,6.419357629898351
-2.513817883568296,-0.8356998828505467,-0.36322465182537,-0.9871677725829372,0.26765434023528034,-1.8357118810274784,0.16850351910472725,1.3884589344263945,1.2435200538728937,3.3418832422808347,0.006680140744328499,0.263791224612869,2.447040154196837,0.49419216991525805,-0.13456303186038193,5.948734652461743
-0.023787065150735143,1.1748231916973115,-0.2161750321484834,-0.36238193368689275,-1.6699727571476342,1.2956862830817633,-0.5451174984875629,1.5198246906636506,-1.822761432227661,-0.947143825966803,0.14182298651063246,1.0864084987089022,-0.043131040443030386,0.26158842855951225,-0.11502300703992414,7.960431136935091
-0.4759803286685747,0.7113084427762272,0.22449970782018516,1.067199933517877,-3.3534213631155674,2.168378363306141,0.05539045113824495,0.332363008641423,-0.3767090543413277,0.7805031850380669,-0.39001894550004523,1.3318262128216802,0.6669267081047642,1.61998199106727,1.8806460803962848,3.126386222968343
3.3681336890556053,1.0449515528680153,0.8157437991643343,-0.24897029698845735,0.27209593490213035,2.893202417128249,0.2879289824277716,1.165196841441558,0.521652459231292,0.2908448257961347,0.11146381302764655,0.5514251082456056,0.5869306806585157,0.011696672241856224,-0.8365795963002707,1.9427529200714138
1.6252496578944526,-0.17345762317797395,-0.3657070409597907,0.006876561120888136,2.591960230068748,-2.294226771490311,-0.10640545824613555,-1.0533654750150006,-0.5031261269911769,-0.1454933755624092,0.15000318503977558,-4.30183403293351,1.9020841829990573,-0.06521629901464585,0.8172337988198258,0.6630246859178079
1.9192092109164114,0.01383969843994842,0.3303379794882682,-0.29812301641553446,0.5805468570367361,-2.2057791353153227,0.10816716523052398,0.22799899463183143,0.24901979206900485,-0.014347901159177176,-0.44946887737418656,-0.6513622023511211,1.991509395316986,-0.9273912819031173,-1.0450082177813154,2.0223018955535688
3.4458336701907766,-0.3154328970214806,-0.037217125741481186,-0.4089275947277535,0.49538256851091605,-2.2222665029529427,0.2866691275043765,-0.1170832773504202,-0.9460742032429357,-0.44844242401741713,-0.6066336593594284,-1.1776989437459544,1.7524754558439972,0.910056359954231,-0.9417475374701719,0.30927873086371477
1.6022904306456975,1.236374497285698,-0.3836513521663475,-0.11266760045885428,-0.9612751699332205,-0.15735352394409474,-0.4320708487243574,0.5513084221627109,0.5042621887084157,-0.3696004121644064,-0.6139876198591369,3.3449299475160155,3.5710550903609675,-0.02894312855565101,-0.7168434709001542,-0.19459030666780697
-0.6149554958502892,-1.073315712715056,-0.140633505437591,-1.2602909726645528,0.6824490661530221,-0.56317462465853,0.07914094873071931,-0.34600248860482263,1.2451913453400436,0.5481124527956123,-0.11707889835988251,-1.5477500345210615,4.155290814712252,0.6217748768528732,-0.6984579984383121,1.3920684617839987
1.7421707030679687,1.047127717327381,-0.007863702975135192,-0.22604799925305072,2.4545483206692924,2.3685513832942036,0.11683604179974631,0.8712966545486772,-0.7131087376357516,-0.10251742404370853,0.1444979787626236,-3.3065351928359443,0.4947312532896291,0.5222752065625967,1.2814755243812028,7.135959100720104
1.9718642520215848,1.1245086813518914,0.27156779737153997,-0.2751656577240388,1.9338890863632567,2.1802507822648893,0.19609299951869855,0.951463221402822,-0.8030438456239933,-0.7314853549309493,0.4044223916571679,-2.2396119129042327,0.1584546908567001,0.4768088460602897,2.306326837762519,-0.6479704693987086
-1.6901225253771446,0.6909011517609348,0.03111412193852132,-1.0442107676290557,-1.2621255061520678,3.0384914550533724,0.1383532612627038,2.6508435358137343,0.7529450262493952,-0.5227869245279739,0.5971219710271196,0.8427165502987195,0.351784199475278,2.018477686806144,-0.7640752497844315,0.4755586559148939
1.9506191122809697,1.1962781751900757,-0.013923469025456759,1.6692886772429278,0.9444153537783415,-0.6861305359195802,0.39085245773533905,0.0720626680051164,-1.1789052788472658,0.32737298676910104,1.7713337462357786,2.923926233696195,3.1274609209799706,-0.040102100298855484,1.1991335629330164,2.718576516845986
1.7047912273136818,0.8817432558258769,-0.105496236832917,0.9475548488128497,2.0988841763681902,-0.8133428915248654,0.2150861457840295,1.1335839054345382,0.6560516036256988,1.4304302240173628,0.04631805468754403,-1.4318079086875837,3.5635782479527465,0.030458340540871903,1.950980950303611,2.9345495954363088
2.7133923469849233,1.033323587494482,-0.34266949094435595,1.117812538049015,2.36408569112901,-0.39930964420599535,-0.04161334836693836,3.773430225184995,-2.800265114762149,0.5737653949112032,0.5081452926500398,0.4896775521822029,3.376356958509908,0.39438446693531004,0.6075891615146003,-1.2261211745936937
1.847686072254353,-1.1245957635236374,0.2948414972480149,1.5806841455585978,-2.5926995666540686,-2.119684310477105,0.1840794692741557,0.7693176639625684,0.5912244948235487,1.5409247332690854,-1.0790967889997458,1.858028651692788,1.8936982836533633,-0.3971763651171212,0.5691703506782293,-0.2996865755911866
-2.447872962413003,-2.1774452864961646,-0.3738712794000508,-1.5861062090953482,-1.242588547228708,-2.3081915266889275,0.26711489641176683,-1.6516361720620691,1.576552489144041,-0.3856952284515078,0.267162583046967,0.7836197618526612,2.1088175808138883,0.06440787083590441,-1.283307281890658,-0.3711226060131165
1.549631695103148,1.2724919312642435,-0.03587974875148468,1.4659209232684298,0.29551627880202574,1.7159544213856834,-0.21388611126431262,0.3614889827659571,-1.3924730042499092,0.4936255641029398,1.023291699017197,1.0329133233288226,1.0303900240499488,2.9848559599931184,0.7597542868845043,0.5131871229933435
1.7297420368557916,1.1006108614275478,-0.28814449316844026,1.6253584400394068,0.11247847837840118,-2.1907586820975378,0.21552080687722858,0.47660958975227474,0.4943641318862748,-1.1216877962776104,0.4735882246912742,-0.7345762355102442,1.4956765396957128,0.40334297873272856,-0.9698729484051554,1.3344372863357985
1.5837745947967279,0.3141092532947814,-0.06459005209085307,2.242856474462365,-2.7345391184535073,-2.1001143371994293,0.15688141379936468,1.330201709282524,0.6218279968933415,0.16893392222436682,0.14833557311304893,4.042101583117852,1.6313400717086717,1.0659608168820094,-0.3424427024160666,0.45396214377397237
1.9884010074221392,1.257691236756113,-0.191461841692105,1.2894819859382602,2.8513075191869492,-0.3041274395786509,0.1824081127422666,3.594592237655297,-0.5234374472047537,5.064975464882114,0.17119092101815522,-2.396195913424488,3.4160872939483604,-0.4132731613001744,1.747186028362576,1.525131118917535
1.603949669103452,0.7057197296774161,-0.5629295402070839,1.0807742547674903,2.18693324452779,1.4420332137059315,-0.020431482852073312,-0.21091658237907002,-0.6876217037467767,2.079959109678482,0.4707561266483056,-1.6770018354816079,0.7539988354569385,1.0789207628433473,-0.5341944607509745,-1.170003773449098
2.78073929391481,0.8152634576464837,-0.01627917321058503,1.0507203964270293,-1.2251927073654245,-2.0570143477518488,-0.08606866265086795,0.5721633099894265,0.17754152355118571,0.2588307353409479,-0.35274096486932105,0.9481766419038024,1.9851728005085403,0.9456154689917534,1.8547580156537362,6.34915942159557
1.5837134750968775,0.741512049527742,-0.4421740362750137,1.1241969362421744,0.45605965326257353,2.303582736347077,-0.028693700598210067,0.4363679897814331,-0.8624953827625423,-0.409957082767881,0.42078032004571386,-0.6917333256708215,0.3982603792370297,0.36630341874225464,1.1218755441896193,-0.1000835350058343
1.7661014622422646,0.9723970525640538,-0.3450498623271411,-0.4560035202508839,2.134972168147015,2.1257516878641005,0.1167481621341871,0.7750983488916067,-0.725997352045656,0.19810543280545553,-0.3605230512747034,-2.6650262874552975,0.47548939151635117,0.5513253602508164,0.5609579748885913,6.212158502505335
1.2031603867412368,1.1866991854168338,0.34063513758046277,1.6938997074241056,-1.465828721073653,-2.0572554415765305,0.35570911949686745,-1.0682927598352308,-1.3816388344947184,0.3561556565016987,1.9506165603644194,2.0731613382638727,1.7237252874768805,0.3690942024535042,1.5455360677687968,0.6665820491033301
1.5822648764855347,0.8628748547589925,-0.04405850528210472,0.12999789797602537,-0.7600708451233184,-2.0996039702202967,0.23329684641831708,0.12958812655464777,0.6879500982313138,0.9629074369681138,0.2017962959289955,2.6152142968671863,1.6641443670231417,-0.23522142599902168,-0.35278046791778056,-0.18634821961811157
1.1570484157540564,0.5581576935069775,0.1294627392435588,-0.28877923520098386,-1.5427731625290992,2.6391778289007806,0.12860728879935682,1.1598680618835366,0.20795756047535333,0.6354796789807508,-0.01752499243227589,0.4295091587595973,0.16059144851202933,-2.4821411157220514,-0.056420726624426744,-1.325419762265087
1.464275000566129,0.7209358198233092,0.08227778718519717,-1.0151348650135437,0.1391848515126631,2.971578349181842,0.17465421551735158,1.2445904037262132,0.7414221894243566,1.9186468859857118,0.25575110964043785,-0.038480967710986864,0.6350021307163574,2.4772455374166413,-0.23258815922745868,0.7492842232782977
-0.8989557470853525,-1.1835807621634,0.26847551800286745,-1.649989841096113,-0.5408046917181681,-1.4554107807036287,0.32809709035071405,0.7423701148765838,1.3326167010605332,-0.10059429092008969,-0.20179340694526435,2.9773779150989905,3.7325236024144255,0.8198822392809577,2.2645455721975076,-0.7442023157805849
-4.160584941822124,-1.1310530339439657,0.10374172780319428,-2.1748045636860827,-2.166256103694556,2.652230505756399,0.06969901464571379,-1.1227643627906554,0.28241300816097825,3.3678544696248673,0.20860307853363644,3.013259800027125,0.041690896995856715,0.49606027935857117,-0.25525134621346157,-2.7993305377194617
1.6499698755274386,0.2496537653114288,-0.6310105182953002,1.4002293917337771,0.496544266758868,1.7499331073064714,-0.2169196976665383,0.4579398076419935,0.3538918083415783,1.7459589136882627,0.5522300046286795,1.0402253027381896,0.35158565102345485,0.4140931249677193,-0.3520029184419928,-1.65471645077701
-1.0951953622351693,-2.258823813466691,0.23005091980051612,-1.3906964396156067,-0.5692427816260385,-2.3442616266690237,0.43606721621375455,-0.1384470677660064,1.2784306109602919,-0.1507258336877418,0.1807751195551028,3.65145831156062,1.8817139150147477,1.0721616909871956,-0.8808752254827299,0.809720989801616
1.376517003208853,0.8641060129531268,0.23888421142719635,-0.4045317084171211,-0.17697954476435476,-1.856152353470211,0.024806829897785463,2.1616055244969687,-0.9709667509958084,-0.13988828326983715,0.40209273084530833,-0.9893947179051358,1.8240354247606114,2.6953622931391963,-0.9502505210475066,-0.17653035587897067
1.5675232377355777,1.0421536570551382,0.44774265135736524,0.1595053517287773,4.252226418484672,-2.3986225935919614,-0.09120736579534183,1.4290161677921585,-1.318271720725817,3.881000991595701,-0.06979708941861754,-2.9866313925730825,1.685683927330063,0.06534719551894821,0.4229920051405923,0.6844738696973245
0.63268311146329,0.06777115946383587,0.23312895582478252,1.9871833939770789,-3.69567072443277,-1.9725252174523258,0.3933286275547156,-3.2132686175261735,0.1367774306340349,-0.6548804997461309,-0.15192859281841348,1.9667019480279169,1.4289650954952522,0.914383362101815,-0.9779333000847948,0.7042208429574882
3.4920880270902135,0.6783658245041609,-0.4896320517440014,0.9708122335760069,3.3667977260282753,1.6753197049063868,-0.012003002927105363,5.2962683707200995,-1.1328259230221267,1.0480418401699798,0.19300798120417564,-6.141429340642963,0.4996892604725914,0.3839115659436107,2.328917704222074,0.6880482245505338
-1.4371441256880966,-0.8346617851149598,0.03779762745285536,-1.0244423512904552,-2.6740481075033466,-2.430938927779691,0.048864073261543475,0.7458339105149255,1.4178146372148401,1.5498608995032161,-0.2666876073005521,3.8942833680682165,1.7322265996879997,0.6701116879808258,-0.9470276873288181,1.252781601295898
1.9327460350424364,1.1914282574542396,-0.11261852692364621,0.3535868560101321,2.7498838116993203,-0.9140869597034423,0.2008332451003994,5.0840488403321045,-1.8119794282361898,-0.6619712689517887,0.3792095566787757,-3.3928131465408886,2.2110379234751605,0.13817985133745145,0.7965054020495727,4.058411504311988
1.3522011965376375,1.1632229085279184,-0.006109259523798618,1.5092138108064022,0.26749337143956053,1.6109220704546474,0.4077996525485339,1.160160174341547,-1.3578014584684868,1.0392365085068977,0.4095768249133638,1.269003500171778,0.1408508625237591,2.068299501973085,0.9090306724772736,2.3723696671643246
2.5286482765121936,0.22572933059044617,0.10064527951743424,-0.340479561807334,0.30396515404930086,2.263179654817948,0.06386483363860893,1.0113902394722818,0.44764692867190625,1.3015802936433873,-0.16740929217067613,-1.0288275061935837,0.45178009515243844,1.951369177494551,-0.0279894398925018,5.792211341336688
1.7812989940205337,1.122661446202854,0.46926659152437555,-0.41469923550183646,-1.3540850838419392,-0.4043810060489677,-0.010553745238777152,0.20524692960841362,-1.0773140219641186,2.1087421671172195,-0.837340277937281,0.8530535972795658,4.161715649211976,1.4962783381770373,-0.02448505911227769,1.1436795574331513
1.181896065891048,-0.9985880683855914,-0.3827777756494716,2.0728027007023733,-2.470565124315316,-1.0116399734649841,0.22613250885356173,0.5048044216536827,0.7892485532616532,2.4259272621412324,0.3571164034114599,4.051587446167209,3.7154440658375734,0.15090184480740265,-0.14026154890633483,-2.0942831565292384
1.2060202216467917,0.530602570024594,-0.1433559657274302,-1.030328087242307,0.7686463459828731,-2.080821745712654,0.17179913604220293,-0.11298060501533108,0.23067804313133353,2.3422427920230415,-0.1304688627312809,-0.9632185238297821,1.9698761406358407,-0.26569229963808466,-0.37817896012335195,-0.9361771047567076
1.3514091446082521,-2.4777951512089684,-0.4341596257120405,-0.4280296430055937,3.2454761872549027,2.345935878315188,-0.23497967233566003,-0.27994413126743345,-0.252327318719614,1.369330357110649,-0.25770447683790493,-5.345329148072677,0.4202931672654696,-0.5817851221432997,0.41215015785349185,5.735957357396141
-2.066344310680855,-3.1975321175752045,-0.509482128438238,-0.7212001944730729,-2.8689771799256065,2.5871914701579324,-0.056337861193964514,0.6867037410884423,1.5435518267300896,1.6380293008076419,0.08552406498603787,4.084919065823777,0.7272465118400492,0.39340826374949106,-0.6679761604831679,-1.5704536515875671
1.5645982431071044,0.9692286542829314,-0.20774540953369103,1.1613950471165981,0.40106183269248197,-2.2596637894159297,0.15736739443332712,0.30599881786697913,-0.40879813773123924,-0.05780979187642043,0.16231000922492808,-0.9415440636148927,2.0787984120205008,1.8021053960922997,2.9411332900207183,0.47796110738784436
2.945541466130986,1.1258807296988147,0.046501538798879694,0.5654023848775489,3.3706134917127497,-1.6814024192253079,0.0893709363911224,5.101834044861479,-1.2303964690374793,1.413275991061803,0.6212020411319096,-4.4077184523438415,1.80820582283589,0.26705671525109426,-0.7690093446163762,-0.12426769601571447
2.3568237103857403,1.0728691455556096,0.09742734725299472,0.46602035842160106,1.7973718461208188,1.0438314680076188,-0.869310685687442,3.9259168567913125,-0.9512611054589863,5.623676627393775,0.08496240539433209,-1.7317897706027496,0.8986004222429191,1.0462542359831626,2.4614872746389684,3.464945571470742
1.2101295643026402,0.39770180294034946,-0.2667070463585852,-0.443618520877827,-1.5995889045460499,-1.8340838323677051,-0.1898315566290941,0.790458816416596,0.3218457463829331,-0.8741834128257447,-0.6610799685879968,0.44589494241440814,1.8366631899988342,0.588429490091385,-1.4583602106350881,0.4511794478922918
1.0767681842572145,1.1898495569630803,-0.02258701254702078,0.10882823863199735,2.9831446926898373,2.1620059250795616,0.09470810340252597,4.502107777315621,-1.2974232757694395,-0.5089573868094831,-0.5318438410146855,-4.977823021949334,0.6465255012352862,-0.18725902733445407,2.6591233619310333,3.59548071802893
1.6478935508427535,0.29504424577734506,-0.0645883963727567,1.9138455749401448,-2.4866569789219395,-0.29095083922891296,-0.15847778621131015,0.7404126977991963,0.25655869905330797,2.0957185682654984,0.16130647692735847,4.955079138861494,3.529673688095157,-0.6163041334725601,1.5102311493320904,-0.48710705187807996
2.112789701282497,0.39586410199851774,0.297468663333912,-0.9613733740196749,0.5515588148383179,-2.215220081315391,0.18213181699933853,-0.5743774762075763,0.4898407765843848,-0.18555242294719418,0.24510213360984315,-1.116567686820069,1.6626720997748108,0.7048785499371099,-1.0432235587872436,0.8989685181917056
-0.7362062142351241,-1.0191380632132612,-0.007912507739442826,-1.084480411324578,-1.289929331354769,-2.2446731175522046,0.1676269208477545,1.2061792744155857,1.0034352341966424,1.0926014339409325,0.057057115316717644,0.5245466303192802,1.9506358525525176,1.1967633245392382,0.8080470502133051,0.8284548678971052
1.7573740718856077,1.127850496858881,0.3185300197354014,1.4641894108789673,0.313457389268268,-0.624036569374606,0.21037623306769035,0.30466077105135386,-0.8936844421883795,1.8951228173579937,0.628071028646889,-1.451166845838234,4.139329391138036,-0.2813127069916,0.4809613151307599,-0.916379344417537
1.994064432158872,1.0447861389976796,-0.12309774461923877,-0.14039310827354878,2.071258358204229,-0.9113333727137226,-0.05140422627100606,2.7331271849169108,-1.7230161874364334,1.7558833766805244,-0.46202389460055154,-2.719418091960836,3.6347396221380146,-0.26908296818450356,2.0969162850740095,-0.6245474845004678
-2.652113632019351,-1.7969821070443686,-0.4978320510193026,-1.3137496448946187,0.1896687496388964,-0.5366293026432376,0.41759448951212397,0.006034093243093258,1.541877107647648,2.42411569737798,0.4503477401915541,0.11693140921355707,3.802124843342747,2.2220146199044617,-0.6329144187226144,-0.8561315340575736
-2.2966766802703944,-0.49174604752032997,-0.4337385484146883,-1.4228147071159962,0.14077370772604106,2.3883415672852846,0.228790926693665,-0.2488680085946444,1.325996297212889,1.7831011529803749,0.15577907486124926,0.020783206617862288,0.10024849632204696,0.7403004459308362,-0.6203483756718027,-0.4438268085446844
-0.42219261947872344,0.17342465112963518,-0.42588780870192866,-0.14683758817886491,-1.4072345497694512,1.5868822381439571,0.08315697761762676,0.2213717651154293,0.5739558095919389,0.6206303454035088,0.03248971364662989,0.5478706238071345,0.24253659098400968,0.9920169045439508,-0.07887150888887477,2.5501284271844895
1.401657892803237,1.050495719811815,-0.3366714230615395,1.0089762879742714,2.2228745204850306,2.1443960680241134,0.09443092845115542,-0.1947969754296377,-1.3236074337894332,-0.017266133273867196,0.14202114881823866,-2.0876894098960332,0.25445219575201183,2.3729926180987277,0.1831840183754821,0.7932484451848847
1.130998021183225,1.032156001959225,0.46793284210606495,-0.6334441674511501,1.7507367787156427,2.6308761969546004,0.12915498646891968,0.06086951239279276,-0.04623984179766003,1.4571621838483506,0.11506427022195691,-3.67178665688408,0.2981071735834641,-1.3850581067620893,2.5044406005106725,-1.5812828523916982
-0.1766440348410782,0.35702543295402434,-0.441606432372495,-0.6597867353084034,0.43967432711860116,1.6293263010532864,0.08709465146918718,-0.16792762750475038,0.2168343834184406,1.7119392270448783,-0.47623089974387967,-0.87543058457767,0.016730166835432096,0.2835090330044539,0.11421038381306362,3.5596489843082
1.9718917618922738,-1.209702569984147,0.0053439503018013835,0.12778419418288786,-1.0437759703108218,-1.0397548561856895,-0.008582661725070957,1.2169949585824873,0.8155882591523091,1.6272423309154984,0.018332643890366596,0.3430278291738208,3.6796333283849685,0.6550973711071143,2.7005475691805563,1.4803839084325743
-1.9700160903432693,-0.9744355788382214,0.31053415365774006,-0.8337197155345628,1.6751296096519366,3.541103414699189,0.05232883874417949,-0.35489844393632375,0.5366542311785568,0.21124732091646678,0.9648776127600642,-3.917063668447651,1.3869013902617928,0.16248737231451907,-0.6383438517521949,0.5402708122977055
2.0953304388438014,1.1322021878461213,-0.38354317382334857,0.6070881902606654,1.911071219400099,2.163991155611392,0.1103431748427854,1.4317850268455043,-1.124996494884134,-0.01594751969593743,0.20139506582806413,-2.5637635125861937,0.34537370496646497,-1.0543438398232599,2.1049223129149834,0.25038674098764346
-2.4036885058054698,-3.385401357740702,-0.44695977213166926,-2.5178138642246113,-2.721087482123427,-0.28444270666864724,-0.03382525051863004,0.16505360036645708,1.705880657048386,1.9977541019520073,-0.8141266850453175,2.0124230433612174,3.5683367141470366,0.23487938158705715,-1.181127537700476,-0.35390696536104427
-1.5158891255363411,-1.1810809070775188,0.2872867869020247,-1.6018964131640199,-2.6831710993752256,2.6780140862805433,0.1648397684416612,1.220238118716034,-0.2660671516224079,-0.11503130378938788,-0.3664682407034149,3.217537203120843,-0.12124492516440756,0.6067288974249331,1.0326044237369685,-1.6990106415647157
2.8038101193811995,1.2777469451435617,0.3308035833450248,1.471866679029248,-1.3350797053814538,2.888094017155706,0.1304162259484496,0.8659773744221674,-0.48180670978370643,-0.6090856636962535,0.11726377034219988,1.1801931577934797,0.40778527610703286,0.48617132829651244,-0.9789224403128549,-1.5349416588502736
3.1490006474095904,1.0953548468276697,-0.3445708658025417,1.2216919094438539,-1.3896670929634116,2.3513974779598867,0.039364425120257264,1.4407839946680832,-0.8742270847619782,0.11886930438464235,-0.00047605430764867027,0.962048253993199,0.48781800856344026,1.0678300831692207,0.07309277943003305,0.5571422459862273
2.632734270415549,0.9681521010028076,-0.09662524446303355,0.5719808715978056,2.3949305193561137,1.810626151031618,0.11657366213727761,5.024585875162451,-1.7175742113898027,-0.4539233928318299,0.06757404072498771,-3.031335916166436,0.22488713238683664,1.985463155583193,3.3791874852397608,0.04357269364343243
1.4266273755040801,0.9344917349124912,-0.05605915768907664,1.1153829536911266,-2.6942747726561724,-0.6944569922029206,-0.6006303243298983,-0.9222231999852437,-1.048531537486986,-0.3500952021682411,0.8635006227307572,-1.0715078212077553,2.9526086752481153,1.7164405946302408,2.0440751197092903,2.9416465552821465
-1.9500694986541525,-2.4313532487182083,-0.362900727370734,-0.9861484520213943,-2.5531203422581745,-1.376193683670963,-0.0048310994191943755,2.302517008418433,1.6822229234708113,1.1761879506865829,-0.026526280748360907,3.408065177649705,3.1113077689846156,1.5436085258042525,2.166362527278565,4.594241449555698
1.176083523773777,-0.1408104871791985,-0.11533640423932452,0.060490353175762575,3.6224170145107784,2.5461123722198145,-0.1969013720818289,1.3598914012176424,-1.3634615409806639,0.47127945311045755,0.7367948297480498,-7.351059126657511,0.71139965338881,-0.8137023064592811,-0.02022652116544107,-1.1570983651520381
1.8172603623426529,0.13344214959621062,-0.3753795688948036,1.5373410121499946,-2.1570118796258497,-2.0120997228921964,-0.08613359075641025,0.017400404913266214,0.37676664281491945,-1.1806196099979112,0.3379161154187917,0.08606172822311367,1.529095324544591,-0.1733252218715,-1.1566712413059859,-1.3539808399266382
-2.3743960646671973,-3.687390098538902,-0.6096057916777248,-1.4575017604551816,0.3872134788615119,-2.04477115777922,0.5140577677753215,0.12162613387448501,2.306258987160904,1.8609464290435063,0.1462660376428051,0.20776898955455436,2.6555481451185496,1.8849914652847475,-0.7524326621428702,-3.663150984024187
2.5293315080110355,0.9835297601891893,-0.5326876593425663,-0.5304246748795327,1.921207711445846,2.077132404524052,0.35141931955199934,-0.20346036661588468,-1.3717844423708272,1.950763222619217,0.11093081855971894,-0.6280411978686233,0.15071123349042853,1.6621311171297273,0.44460804910336543,4.379605705022394
1.2302230170410453,0.9502207960361319,0.2566744049146588,-0.5615913163168984,1.5415432058666372,1.3577029270438776,-0.48954785927954625,0.33786233560310985,-1.8024811445529072,6.621239435059894,0.30378257651257595,-2.948672517212341,-0.361944610402431,-1.766946042034305,0.24579611487638567,0.44170020957961165
-4.217853326753509,-3.439411627525986,-0.0879089030883111,-2.9015233013051303,-2.6200631510907644,-2.4051403712100647,0.3531511402029392,1.1201900442194013,2.1643601125855882,-0.45421784044014923,-0.716506777671805,2.606522496008865,1.9412459029899471,0.9253186269319904,-1.0104107541498109,1.1946855969331795
2.727241012775932,1.5107131059031484,0.2754250285699511,-0.1474226658734148,0.7435099870018551,2.8619248312670993,0.43519164288759354,0.8242763692813113,-1.093821287508023,-0.5406376490953276,-0.5546312920310152,1.6992915414674636,0.8327258340088225,2.0612468930566723,-0.8063966254836054,2.1607354830906425
-0.8724763378201211,1.1855737773154849,0.3852453912407282,-0.9357845751769663,-1.9593984696362898,1.7924340269892316,-0.629858830182134,-0.35911322899688347,-0.7301274256857471,2.240724484214686,0.4777140028453383,-0.14817160762481887,-0.0682003789026102,-0.3254745042381371,1.483667479858099,0.23640915983282185
1.2306905855032657,1.2234024485629809,0.8168569915986483,-0.20530165469340173,-1.220182044772856,2.55515789140355,0.10727944403954286,0.5027344494943276,-1.1678108050873992,-0.16050309071811342,0.07565230123079732,0.7166672323633235,0.8178534552654494,1.0589570123535899,-0.5409379572795806,4.266195998953037
1.3827475550083297,-2.0818857532998267,-0.37787288610654857,-0.45705766977039475,2.134186931323551,-1.3817540052524115,-0.10616286035899025,-0.7736857741559503,0.5323575878975605,-0.22815937554392712,-0.49300299490075167,-3.298640445818775,3.0790882260429377,-1.2379226630939735,0.10553931796060709,2.1579837301630533
-1.8698293941996016,-3.72486295010091,-0.4784828088673568,-2.4836372845915538,-2.5311144632469205,-1.0684293254709076,-0.49458491473428035,0.13568168483948265,3.55985245447172,1.877734066359656,-1.3567147980287555,4.388487934449574,2.9952938687473063,1.8048053688324708,-0.33758031810792705,-1.0621611617754212
0.4571167513856355,1.0051607024190712,-0.07329759597074653,1.1657216947315854,0.15229137401937484,-0.679824063710237,-0.006946532670741091,1.0622448556354105,-1.23459832330717,-0.7218552312947838,-0.6178706868680433,-0.9561985186522906,3.9741945648836343,2.1601174690573473,-3.091133862114918,0.5351897392319342
-1.6535457670425207,-2.7343241056215217,-0.4550505362499103,0.6176707347494049,-2.5371952678015295,-1.984964231420023,-0.07430443808190564,-0.1169386828802832,0.9826157736758779,1.6247512282351757,-0.10649685797273344,5.399329386397911,2.1512674226010944,0.3353218823878251,1.618018609055519,-0.34753645992663845
1.737596364701552,0.9464230603949645,-0.03223098720780582,-0.18350224595212095,1.2978002284343713,1.6073452729277287,-0.45861752576403486,1.5881027735760396,-0.9598530828226489,1.0803598807674621,-0.15960906195404162,-2.6670410381672958,0.448845886359487,0.4095540050406826,0.43655532584531853,7.8263944853240615
2.1129193593436435,0.43012786495314664,0.3964696437922354,-0.6598899725663174,1.7183943654435496,-0.6829583912988584,0.3115054233630396,-0.7053066217006347,0.5745679234402566,2.084482537508041,-0.04646699563744467,-2.5678571546343583,3.999588261555495,1.011826914030519,0.23217067919964693,0.9360565817025797
-0.8726543162322246,-0.901878360966257,-0.4305621329954341,-0.939328620139397,-0.7808460210460577,2.27885649251741,0.3835524406843535,1.3922784526483667,0.2957828849255882,2.374538493791832,-0.4160687921251566,3.5837085916334135,-0.2919862710800864,1.194373698239537,-0.3670323989768124,-2.0009738543673703
1.234122320831834,0.29108364597531017,0.026690905808652316,0.027426839520024057,4.632704578571315,-1.4993432522518437,-0.4703244480674202,3.735406060877808,-1.3365635304237589,3.3521735055388024,-0.7704715221268659,-5.555776376978934,2.34964169841717,1.175838385832411,0.09177869071243702,0.3479068897107426
1.2434466644644853,0.7453991187304627,-0.073276627977137,-0.7758011653596789,1.0852552570764853,2.566280073955503,0.03688526717307667,-0.7135769202004982,-0.670605673895469,-0.8214396206296384,-0.13581449032430545,-2.9485531370326195,-0.11257058812702514,-0.05031129213201298,2.2030056077389686,-3.588119055680795
1.638619033627063,0.6410161754613013,-0.03501506501261073,1.2760120515418225,0.6086702406311878,-2.357839440134002,0.32901957836520707,0.14706755390611342,-0.8687890688556247,1.4605559605301632,-0.08689006316438908,-1.1901429944589161,1.8651896116361972,-0.03737691106884981,2.887975646100436,0.5275391012591005
1.4227282327184048,0.8426334288443031,-0.37489621018251373,1.5518666374606072,-2.6480304144557225,1.9138448045506051,0.1218606469605431,-2.3395993537962796,0.38029316939664926,2.040188028279083,0.6222981188088645,4.765541402135216,0.45972522822181877,1.7478319805995992,1.770845875557423,-0.37992648285041003
0.9295210620132014,1.215324157699979,-0.07830650331277623,1.547023720535918,0.1526705024873122,-1.770530029333665,-0.02237474015859739,2.0772149988366353,-1.6390086619345356,-0.24377753876461591,1.694026061877051,0.8455411767397014,1.5726917772507825,0.4266474451218474,-1.6628143992520699,-0.48910607622544156
1.304115379018648,-1.1108656596137416,0.3364432880510128,2.123229042458689,-2.622120512882054,-2.1198899494052372,0.20479759413685636,0.22071686484035993,1.0789822938036522,-0.6992195869725695,0.2826839306145596,4.2131128930387804,1.5163636496039121,-1.3801963914371909,-1.120073784454104,-1.3426537274984487
3.0397694827340143,0.7433523232319366,-0.5092570715741321,-0.04271077596875744,0.48544673349955497,2.200232369358294,-0.019022444673353858,1.2562579947172625,0.9592050308212196,2.6591671755699924,0.4371667926355409,0.5921297321995579,0.37432343222633363,0.5083931943630362,2.398784175492623,-0.9587081469229695
-0.6295573296403402,-1.2419520293718593,-0.010380026198101485,-0.853087319596165,-2.0614782768185442,-1.2394604928176678,0.12904671992375044,0.3476772722977929,0.14981040491538128,1.1713735965532839,-0.041102080994649966,-1.207023888331925,3.5950710273895985,1.0183998898375146,1.8224007089732241,1.2938917491154784
2.9384675491951846,1.4639660126577556,-0.19030757518932379,0.11482694764294157,1.8402653018178647,-1.8380471158276737,0.1724431347143472,0.22554807765019003,0.9043304937576154,1.7522503619522205,-0.129507802689273,-0.6110280032489479,2.212685382982492,0.39552549846975554,0.7195317029348982,6.547998742172537
1.4080289545572533,1.2410693953574856,0.04225334542571173,0.698992822288159,2.4602940330050513,-1.8806141906258,0.09871988704348265,2.5467813998123146,-0.4449989359862073,1.079847121554027,0.05292029728573487,-3.119124097714152,2.2559353493114536,0.27115514740594043,-0.7483771489212074,6.106045938805395
-1.9599243399502049,-3.5822350331617754,0.09253262800262341,-1.8251928952782335,-2.5227051039588377,-0.9156808839724264,0.04827197315109758,2.2968614110356964,0.9703128753457857,1.010563272269592,-0.1223031135279401,3.032853119751521,4.277369807802669,0.8066078425210272,-0.634423511462612,1.7251546858314117
2.1607590290148635,1.097457960951093,-0.11963132046226148,-0.05167924943865756,2.207305562572632,-2.2376302368889163,-0.1497152049254792,-0.9666380693261968,-0.782710827145528,-1.1986220382020538,0.23650701024311666,-4.072432171080836,1.8848456568810805,0.03433862964823454,0.13878441034174294,-0.5300773618569469
1.251065815210918,1.3317326039887298,-0.03444345942706588,0.2850016514857931,-0.9589671659897376,2.787997835088745,0.09016534066355313,1.6467563205642162,-1.5736659570955114,2.585094960716963,-0.45457039409431677,3.371070422400014,0.6936573557014303,0.44156123861550894,2.3488259209793023,-1.0621657980185744
-1.1097096920985434,0.4729916153299017,-0.052182351754227745,-0.9713098961508969,-1.1674544759725942,-2.044125725898892,-0.37674858853545296,1.1558648424685873,0.30471229756728047,-0.5913644186962609,0.38247936143088646,0.8881757715592606,2.0203967654603585,1.163114039691917,2.4899776199436734,5.403843633503604
1.5134074563102522,0.12915669109314887,0.032649430718702036,-0.8162444009848129,0.4461541860907556,-1.085783918901986,0.13535096696837762,-0.48546163290941763,0.5906856038463861,1.8234284515935446,0.31064537390188973,-1.4396708903072644,3.3716676761658717,0.10951815731259222,-0.4831062179445089,7.071127285857379
2.073115067181496,1.1931285356595778,-0.014272899612179812,0.9220016153491317,0.5151098313053047,-2.004918261597888,0.13163627152542232,0.3647080726097004,-1.2342649534272792,2.2032795576337447,0.5371828086926648,0.6019958298386627,2.75016526766651,1.1750767587465722,0.5757579172184747,5.750289222223409
-1.9367429768841402,-3.516690234572349,-0.7315172089470521,-0.852275924311452,-2.5536682095515704,2.5870871661188644,-0.28197096878648087,1.6044996637652909,2.7684335583056088,3.5239114170246597,0.11817342522419923,4.84405738972195,0.7301554788528646,0.2817898260564178,-0.5632165803869663,-1.8298213349173684
1.46511668660936,-1.068631954904488,-0.5153968899035324,-0.857597938131368,0.558865118930924,-1.350714964497004,0.0094918362697216,1.5917975608335557,1.1961045293389214,1.3333593275908502,0.31906204627402807,1.0682626838227551,3.359163133815297,-0.4728242325301793,1.0874489781886694,4.223220349480787
2.019666531232314,1.0654102423609961,-0.23315329336351973,1.3397293990390338,-1.6361306381963898,-2.0137678288995313,-0.03261415133203759,0.662122185960838,0.015116592817533416,2.4622263524328805,-0.1998754906109462,1.1739545646489893,2.3061417046077723,1.101644160349338,1.168067014966259,1.0472375214939877
-0.5586707425661369,-1.9807790170396886,-0.013817777174266663,-1.4902744387922402,0.6163420297889247,-2.287053222388888,-0.5902786302413586,-0.6282049526564072,0.9682445596960442,-0.863706862313877,-0.6246614196527521,-1.3686622315317771,1.9592223787548415,-0.6162785580642306,-0.9702858541127143,0.6186187598732398
1.1803004919380795,0.9288234569280321,-0.08568550642596753,0.08094141567842823,-1.9669104788738734,2.088593313517778,-1.1220660679151353,0.9527661865372977,-2.145356300956973,-0.15797860561350097,-0.5883775106238566,-0.2583545395630005,-0.05700788902374987,-0.45008506191787834,0.5806337476790571,2.906836346482086
1.706378075719434,-1.2102418171031237,0.028823897396968775,-0.7866227303005824,0.3580449159016098,-2.067725901034134,0.23505493787143056,1.2034928417909168,0.6560721272426534,-0.6201692979410125,0.3007603960130672,0.5063421520321257,2.187766319406511,0.9805475950973818,0.5950341880983474,7.868540524304172
1.9921496094606133,0.6710606547137512,0.17861039797972697,-0.29905264490033734,0.45105821805027657,2.7173936444950093,0.14005869757739706,0.08910645445874384,-0.39861209145623533,0.6851756398205711,0.22155531963947095,0.7538685850168608,0.4527227256917139,0.8851994791353718,2.5164822445560127,-0.2212090541337618
3.259899302268881,0.5491891988491929,0.10634049572291489,0.7479333692427211,3.805869156643533,1.5887242036869622,0.1824676892042736,5.9287042186739916,-1.6375519713286173,0.944060982405047,0.20281951813011379,-5.804900953098571,0.4548788640974413,-0.7520504641549142,1.715153929677788,0.6542512764568009
-1.15650173957771,1.3838413310912567,0.6862305619868897,-0.9401181736496652,-1.0131914866004126,2.7685406225356255,-0.644779194261671,1.3669119703165122,0.4248021567406664,1.9764954650099618,0.9192391214593444,1.90044421236503,-0.46784376060596977,0.5096448090973179,0.5463789962793745,-0.37972007118083184
2.838861273230041,1.1039811153746988,-0.12468346137137568,1.1712724410249677,2.2787058329771472,2.402966991957876,0.21829283931380794,3.024117012303892,-1.8660819725605806,3.1472894983219457,0.20386870931218087,-2.2202473734994808,0.5012331133382384,-0.37155558310264575,0.5303356527982538,1.6048669086515777
-2.115399605521297,-2.633712301738633,0.0479717919767739,-1.4042673387602949,-2.2173960329313167,-0.8174895214125244,-0.06868248485685152,0.04834932740074202,1.5839821854127385,0.6661300216837167,-0.9309233299183267,3.7530936318759225,4.115098651567708,-0.020943374025907867,-0.9389735080867748,-2.2616439002725164
1.4827986012307965,0.9419586651869022,-0.37452113618551863,2.0784550456991844,-2.630561135490278,0.11189785617928073,0.5936541589220566,0.6344266995272763,0.4213813427391795,2.698073506774306,0.6059943396998052,2.742941409019952,2.987002358330657,1.2421964249549253,-0.41437654273916497,-0.015486706419454993
-1.7306904175846838,0.844873594831602,0.11133800282712561,-0.9097067868230939,-0.1440143486372551,2.9542911990822946,0.16749836044840696,-0.2052896500454856,0.5765517421871893,1.4663351711589547,-0.21473332709303866,-2.6157777765522603,0.513193335177254,1.2081937290253144,-0.7759069768506917,0.6105483874025429
1.5730921408301028,0.2033815286100615,-0.4008323927174192,-0.5754590008996755,2.292098129063297,-0.6372791107066373,0.11807609040307632,-0.5276864954119159,0.4238199586459314,3.20693255907927,0.2248506230821932,-0.027913331889437072,4.005410381719244,-0.4687148552483752,0.22678403457249996,-1.0622378717003493
-0.7618955762050199,-2.1052237019886464,-0.46825722534729275,0.3236649976760423,-2.448045146617409,-1.9868563432201307,0.01845852706505575,1.267954483012836,1.2528290955893118,3.4791382390765153,-0.695391677166882,4.18234554476184,2.2309861032688105,1.0679404938488306,0.23552461448119522,1.7790257649303276
1.9754442287655145,1.1059478382745591,0.2577601787551576,0.7840684346421133,1.9230841339111953,1.9023415548075344,0.1555102884460509,1.2008530980005057,-1.662179806923497,6.589851863600638,0.1927739894756309,-0.36980310577368536,0.4616905654779478,0.1683429517045837,1.336609970046415,5.41668242956732
-0.6545424212760738,0.6591032669564076,-0.5125457970434892,-1.111583448663551,-1.1954817269158318,2.3043264365214244,0.2423099318007641,0.10450126759253062,0.5976436490480075,1.443012184735657,-0.23528880168529748,0.5263208207972258,0.21966529653690933,0.5967065190470062,1.7955410691237585,-1.3114400634427221
2.1349478809371596,1.0034703428925713,-0.319546852246569,1.259019069824092,-2.9853901489521157,1.8698834821326429,0.16240534440225934,-0.9412897512335413,-0.0011761573396725199,2.467936754765535,1.6728700830727183,3.121873557429062,0.3639375843880397,0.4705798323759798,-1.2215948445138396,3.6506222444827063
-2.026292930352445,-1.061654261394053,0.1556224333806338,-0.9237388610640104,-1.9601590345039877,2.3815291642338545,0.5423048418631574,-0.3327428618161538,0.3824183401361539,0.29291505700316306,0.2616254952240248,-0.6646109353833793,-0.6417025573054944,0.5690526165040934,1.55077148867346,-0.35999330514834377
2.02263392997915,1.0920039071203256,0.09424837974193231,1.4147786468721268,-3.3909762286940923,1.9143984585104121,0.4388082774990424,-0.6373219662685226,-0.6045442016955949,0.7590938427477797,1.2067090506714024,3.7295637776088224,0.47972757963000107,1.6621473440181997,0.9055577894234685,0.18114467564093514
1.5444599967732786,0.7234251536706232,-0.45450167140756037,-0.6575171414879654,1.2795673763948625,2.3888930647142157,0.09998264776855559,0.2799469408861535,-0.36647411120069134,2.122081554353383,-0.5544271120069004,-1.6368684242479046,0.3252769619195916,1.2292694601653598,-0.4845677939854568,-0.669128932105121
0.08374259842599945,0.22700997593012015,0.4120503729441394,-1.0591691492471458,0.4395343853097932,2.5839025953514994,0.08006485521353254,-2.1554033028958024,0.5107615346648743,1.7309257137373284,-0.5358587016063486,-0.6462949811268145,0.646957840094846,0.3973625866797415,2.1784391700864445,-0.3181707814226062
-0.42278586615119224,-0.9977519946744162,0.0027346091249699197,0.562633978911168,-2.3546438246698917,-0.9371990112230446,0.2897208200669603,0.8389076089114248,0.8220272753986453,1.24819383754911,-0.2822853200866221,4.1933911982314145,3.8627106853952498,0.3220395966629569,3.090204457571061,-0.12186914219107396
0.6863567647919785,0.45124270154956003,0.3972303214991288,-0.3733934486818022,-1.1439514028709896,2.7244060080088954,0.12213163306554241,-1.4298299791956015,0.3356232505667627,0.2113274841652429,0.09138497085244454,1.887162033649468,0.5042106691938255,0.7988174430778674,-1.2841212447162678,-2.145376721423799
2.840137142266175,0.22889311479025104,-0.22419095203557352,1.3800588145760724,-1.2976099685111828,-0.8126538549692942,0.19165098601514685,0.8162226685082136,0.4605574799266974,1.8322971537390609,0.1306052966395725,1.3933729753609814,3.3943276477538906,0.5916213027889013,0.846969431437165,3.7801273790539915
1.775221596297253,0.9202940094890993,-0.21225050281978244,-0.2773607601690057,1.4379115414519135,-1.0153945136678315,0.18360074709910193,0.14469675007462807,0.4245423434193577,2.7034113609725328,0.22108499979222337,-2.656730625312986,3.17139040410628,1.554450892283497,1.9340049106989623,-0.89918802960328
-1.1073916196807985,0.2742946378149247,0.41527650961566004,-0.17021109780247673,-2.645624130275247,2.628973743791607,0.1396085121524358,-0.1260232179999194,0.5962623782977337,2.3190884137287626,0.18707783458866525,3.125243557659127,0.14559293279406538,0.5868429344357416,-0.43290390361900905,-0.04655856314835673
0.20505130333063587,1.2331359024238215,-0.006393763107650635,1.1925335759812818,0.9500951433397181,1.8820382199418504,0.21108912909308392,-0.2464862932964294,-1.2289158587596984,-1.1974675389516798,1.0066838065401749,1.5550122411370182,0.2343444580994513,0.2755118716576919,0.7457821570152684,5.3413529935142705
-0.562496079798697,0.7925556466858444,0.2986941380168436,0.28980265840143316,-2.4697481915218997,2.6542201967151153,0.15709907661401076,0.5340851481582312,0.5834661549898277,-0.023174477851336094,0.1842814910252277,4.563388904313523,0.2536342584112955,-0.2345290115664287,-0.7411798204443244,0.20537761537394544
1.341487769271918,0.052823466512736617,-0.41902192192185594,-0.06889701249689016,0.2414324913052411,1.9169952390983576,0.09976720291234252,0.031944712879235025,0.21776419545769637,1.1771274123310762,0.6260675352590862,0.4816306316918615,0.11444167613387798,1.1719821919812903,-0.15535018314741902,5.1207729101585855
1.352280306654729,1.306479781004585,-0.2735425679473536,1.3483897271350758,-1.197915103316435,2.5659585222393684,0.030040173101954767,0.35435253610572476,-1.0397488581223349,1.481802348167445,0.6293869220321797,1.234793874843906,0.254777057425756,0.1959625265532468,0.5196199618599142,0.042489816869713135
1.7623540974381176,0.7495566782173657,0.024927643000188026,0.4756185672061223,2.7838540982419,1.6806632285344558,0.21314013322930858,4.024235553609764,-1.372321099100401,1.2479359486130903,-0.026483371737611623,-6.519181554666695,0.8218004381908526,1.7905024115799968,-0.5356384911836465,4.192152880907025
-0.577934949342892,-2.2902397156933576,0.10499906149812369,0.10878117038377925,-2.649045776429567,2.4389649214602387,-0.29758597566662764,1.5217715147688056,0.5539262629951421,0.7815707923962623,-0.11666451576019332,3.8082289972092758,0.28707875133198935,-0.07037689608613718,-0.6413463425426866,1.6337212321800174
1.8412138574875914,1.087808711389958,0.4429338480861789,-0.08144782125729887,2.280066022654596,-2.2789513666435903,0.278210761963278,0.7910736671647696,-0.7727025916592367,1.4390695694463953,0.5307294625798635,-3.0995647692418538,1.6399558007644144,-0.0769688445232807,2.529516229195113,0.946122501566774
-0.41018561384285357,-0.6611358233456229,0.29115233792992057,-0.9659695850348243,-0.6651322095943609,-2.1269941308427183,0.39977230086309884,1.405338957329337,1.0744187286369464,0.9444269031354345,-0.6885042830770441,3.2436184255177962,2.5576773097211642,2.1902308755831164,0.058972998830114386,0.4534465117037132
1.894580982029433,0.9231014656563932,0.17933723120811126,0.9719962534781058,1.9480762957792181,-1.7362710568286615,0.05218951221509758,4.471136762957065,-2.6164475587733746,1.9166132308048873,-0.3787509500439836,-2.526648146438794,1.5010358809695554,1.7985444289822945,0.5410303371414216,-1.5834304479045191
1.9369623042517679,1.0702032198451865,0.031326581367628836,1.5613903221812622,0.4853549148406495,2.4150254497223314,0.08187915402939466,0.704371042970509,-0.7361133774955041,-0.06494550768888485,0.7240113314189566,1.1405584549487446,0.6284157340294437,1.347295018044418,0.32642264229879137,0.22194008147904673
-1.5596811654134328,0.7030597514069814,-0.04182670524314231,-0.7269237462169204,-0.004887793907005019,2.8813892999226374,0.3900724406379876,-0.7596934117828641,1.0823607001302533,3.4292226067617078,1.4277712268721936,-0.09409097202133128,0.34936150536559535,2.3609060465171168,-0.44214839304864983,-0.5457439919800696
-0.3313531616692573,-1.4751267836897817,-0.0879089030883111,-1.290260593700732,-0.7402562287109622,-2.4037112635706905,0.3397349134409129,3.381801345990697,1.1668519845838523,-0.3835462876974661,0.3852629107402677,3.8464698666096244,2.1862888248538317,0.35949525281120936,1.0435515825253616,5.760254395913713
1.6251046422682291,1.0775520348983156,0.13147935685710538,0.5954407526025467,3.424350086910759,2.0207466890252026,0.19001394784785386,1.7629378879782418,-1.0591399853108623,0.3571538958445727,-0.25089096495266133,-2.3210174346823873,0.39165263951396817,-0.7577477339871591,-0.24731203542268212,2.003023520292711
0.9327308610076158,1.1669535506885615,-0.1118283917688993,0.9599552342595489,-0.03758107054092133,-0.4366596002535446,0.09440326125377675,-0.6683174829148952,-1.2090769223225222,2.233480428287938,0.9136565914096663,-0.6410996766515397,3.661618608767742,-0.99492645829215,-1.2263281515598723,2.4562182149470093
2.152450358782282,1.057537052719058,0.38161303945190356,1.2642740430549937,0.10317161218969151,2.906683969477406,0.12722255974083602,0.5062143856353474,-1.7264043277919368,0.25371868536732944,-0.3803079887090486,-0.7742594758243353,-0.14212754856973356,0.3692863170282865,0.027397741236229206,-1.4336231801859796
-0.49580653916914624,-2.087045256167685,-0.6292619865796165,-0.9139174924627815,-1.011900408263631,2.6761521000140256,-0.3399617356958511,1.728962114201363,1.969020624627938,3.1088839322752104,-0.24803442860243263,1.3927939623938252,0.5707841547283897,-0.8516555679300737,1.1235345598566977,-0.6189207250976418
-0.7244262016240708,-1.9123292238869707,-0.4581901896693493,0.3562594449216264,-2.3074084939325155,-0.8146011652638799,-0.018465376449638134,0.4280938490998845,1.191608760846441,1.700399563731532,0.5298516706834143,5.335454366347285,3.800617529393377,0.0128870332295047,-0.25759885709861857,0.8809387584101003
-2.5011780851523238,-2.1846341892740315,-0.44786413929280755,-1.3957679096484519,-1.3374869269264646,2.530435752685302,0.002303795488167483,1.5434890441467481,1.0025113788331153,1.0900328652955098,-0.1831486128697167,0.8266609184128172,0.7558357757235422,1.0838581332483528,1.742607586655349,-1.246966896661591
-0.7710095086190404,0.7167114253704209,-0.08050991870323276,1.776788347895404,-3.0934042221998457,2.6093677026215167,0.055778537470327426,0.31402098210908524,0.28267377628002627,1.6936858046780494,-0.9645148361850006,4.907270311842611,0.37322874404021456,-0.29690560887536077,-0.06787447826218004,-0.8766360439170954
-1.1138882741858984,-1.3714187497329842,-0.4366626094545111,-1.650087884441654,-0.7447366679656735,-2.3041635935217655,0.21957504773609898,2.781545735152676,1.1402252237796542,2.66628341550529,-0.3705014513256379,3.587235077185263,2.065352135192515,0.2380246985999151,1.1578663098780542,-1.1136499900567993
2.4229955660884017,1.2093102093614698,-0.042397855458318694,-0.0209180535622105,0.38426645490642214,2.5138086456215003,0.07042114789109781,0.2753748230204681,-1.2899701908400965,1.6397062915672618,0.0013705736862604043,0.8376667168391739,-0.020131305003545086,-0.43787192409018294,3.2082038470972263,0.28309309402922767
2.7460187553713773,0.1774587895262633,-0.5546347507672131,-0.49176900293595943,0.9830769992047773,1.5124465490891648,0.34870813129336586,-0.25142983924704804,0.4218021168802589,1.0779030928586524,-0.1224632345129627,-1.7783181399929338,-0.06930120372989783,1.4777774046273784,0.3796343330554118,5.6840824418411176
-2.616181146946198,-1.6141926392992847,0.387045396334935,-1.135623789687737,-2.5238912939819516,-2.4836805978179086,0.36250916975224434,1.439777157513568,0.7617829518848611,-1.4213558556095678,-0.1787665566383772,3.731348760988948,1.656624213670383,0.7072869400928803,-0.6783922334575924,1.3099835173220802
1.431269084932425,1.069317944242385,0.4917986808979866,-0.20776421893227448,1.5460445690836706,2.502857707844282,0.20082292200802884,0.9078346092269681,-1.2017639104249151,0.7221727270432938,-0.3779352730246073,-0.7667959641548229,0.560251860288359,0.30963244082164415,1.6195549218758716,2.8400509191809387
-2.2749662500314765,-0.8217704258115325,-0.4451687704082061,-1.1204540943079233,-1.2493170246127956,2.3706204969168527,0.4687618134448659,1.6306356981946535,0.321473041978362,0.604649021222674,0.42641478067690397,0.7842368479755075,0.9135763398575412,1.4439030433661997,-0.6621171314148435,0.16331798340839915
1.3010830523266848,1.36023419868549,0.31310098855292207,0.26369019907439634,2.7486427944339673,2.375643977242925,0.05299110946202131,1.882699910571337,-1.1368861508293,2.2992625053251405,0.8318582107899054,-4.256110826637929,0.8177469781220161,0.5937194751479259,0.964428740616783,7.702744953341345
-0.6973929137748819,-4.184930373917958,-0.46398583324123044,1.4138049416317853,-2.706718563806096,-1.1056684797297371,-0.016401743385114766,-0.10138557109123578,0.8492614191854523,1.9619679897748101,-1.0916515795798765,3.7368686769021986,2.7641205028698748,0.35953733538187704,1.5022733640244084,3.4640187272437473
1.669382616986087,0.7994588650919354,-0.4460250062799168,1.0574504874039306,0.6021254724300686,2.1138551047651193,0.007360258537553701,0.30393700953088193,0.48187145782783,0.4512199209272718,0.09726413224956425,0.131014340703178,0.5582294517671654,-0.4988642766049281,1.9914488400915824,4.380217723313513
2.118413511358221,1.2755474808367278,0.0348713197444071,1.1256923936893382,0.24621476377645776,-0.896371656629433,0.3717261616738946,3.4325791947367157,-1.142785708335161,-0.41950926792270204,-0.10747597335012055,-0.9994502480635334,2.41293106800568,1.8760555471567835,2.212671115596994,3.1455292560652537
2.3167527250756375,1.133164481225854,-0.11020401743354334,1.0301008627269892,2.4767618389950132,-1.1736780288875803,0.20393646540541335,1.563963307276646,-1.2820820935621173,0.1593046409272526,0.1630395520305975,-2.9566563558039074,3.4478249688099423,-0.08770408306034852,0.24759456218959836,4.389506248705712
1.6910603497059684,0.9787655029960121,0.25496517585921,0.8023344227358348,0.2916215421518654,1.3965555765012851,-0.6195094478275379,1.1614439477367233,-1.300281991247492,0.08508052995423353,0.2353482636369267,0.5342764430113366,-0.29858516280515146,0.16377037691879442,-0.153136171257004,4.204638608621597
2.9517447590639683,1.1759347079538223,-0.07262406369272678,0.7034806872452883,2.3572175364859356,-1.0462572947579973,0.3497181692645748,5.329034808881656,-1.248968644276878,0.8965600301259732,0.2009358691237858,-5.176419637808763,2.305540278014785,2.0995364540352437,1.0302915972359903,3.290530418479009
-0.6754814912757726,0.38793683515929844,0.3532905007320519,1.2955491362789233,-2.681935101670915,1.4684860394694792,0.06588539216143918,-0.9774950772742348,0.5367459220888148,0.9715238915288824,1.0793952732134489,3.6606111769884335,0.4971420446790363,0.7304547882048119,0.08895045906642877,4.9066029115520235
2.897011340890302,0.9137301916967377,-0.39191529616893295,0.4611358221286808,3.769153302519695,1.4351990855932406,0.2004266056324383,3.960886606969725,-1.4458786346727301,0.3817482727713025,0.051309891459419554,-5.129553213156136,0.9827098918626078,-0.07012961678292204,-0.45199671181068346,0.7831242426137459
1.6424305551082858,1.1896852891758702,0.3788259995639518,-0.3157656347148111,0.07622788142146215,-2.327394820414245,-0.08527979303978117,-0.04154911800989958,-0.2970405476703311,6.556682372258141,0.22841043350123397,-2.598199523322597,1.697538647720962,1.7180666555645343,-0.23302001018672727,-0.09441036656906635
2.0945240231551354,1.0802605153480538,-0.3591841251516582,1.7570907593242717,-1.219400184782172,1.9014121094651784,0.13481149172129014,1.8808201166443599,-2.3106640749230976,2.445650845156789,0.7998130630625448,1.4842300445988066,0.3914962306331328,2.0477160543190904,0.42841764510325503,1.720257230703719
2.349649767571432,1.4589923073151136,-0.5451320420752154,1.2782536244347047,0.07380185007283944,1.0606696883825646,-0.16153821316619835,0.012036436511909249,-1.197332514843786,1.6552433901414116,0.33953960382983783,0.031925852171467935,0.27277057721744313,-1.1480155482834569,-1.3944938671700093,-2.5395077902527765
2.103160129353186,1.0881377401757766,0.1528447025517866,1.011818754248767,0.2747170653493896,2.292200552773186,0.15083856469071646,1.437533157843331,-1.3391387462898454,1.262816215338692,0.5601269551614181,0.8196451222118051,0.8059601028497733,0.6900954209952186,1.4959205367162982,1.8114512334234965
1.9051676844670515,0.7821597408313836,0.07193513353337982,-0.27275561017986255,1.9417323784141114,-2.3314528204061498,-0.14378338165539106,0.5902376994350347,0.1757592592904482,-0.47504292021000755,-0.3774482563266222,-2.5973826261716297,1.6396615489767679,-0.0880847437783731,-0.0020541242989406718,4.268694501883366
1.8643745869749755,0.5762466135545015,-0.22221061140220158,1.012630207286128,-1.9287775502486717,2.1942426032205486,0.4367801178198109,-0.14470287639138296,-0.7535626954153676,0.03839745314994208,0.8505643633685571,-0.9887239430244866,0.4845441014936889,1.7651789810038485,0.7111100475328055,3.7787266719620463
0.7270766868903026,0.16468527649447182,-0.4340816612749159,-0.013449197658649693,-1.6872264446708156,2.107935877948191,0.37889019972685817,1.1006038166461691,-0.10169460907888393,0.1754084555151123,-0.006296786190799095,-0.08033814003343928,0.19832682722383319,0.5937051165750241,0.3560312895674055,2.7418356802777057
1.725951507573564,0.6452992239088662,-0.45994660317715363,1.2056496024442078,0.9481415731983385,2.039701917166857,0.025316535740968787,0.8319484070571292,-0.2972659886085895,2.7702191991061307,-0.4297959232631236,1.3677668667046214,0.12346426327313442,0.3379267151407047,1.3115738328354558,0.6627115505664863
2.064437224914882,1.2404783359336378,-0.013404398570283704,0.16614807184028293,2.8316819711560433,1.5899116716894943,0.1640261640001341,4.639791988319919,-1.6173092251670314,-0.8977821720802447,0.06559149375433901,-3.999588756254555,0.9530836586877875,-0.5746035390043714,-0.022297732691613253,4.151467041437722
-0.5437162351917051,-3.501204773080771,-1.1137948130238733,0.5662568904378834,-2.4715073830219767,-2.0365579709886306,-0.07418556939145392,0.050828564684699123,1.509182975657712,3.783404074102049,-0.1649278198855009,4.194511822789043,2.1550621895235,0.5150383479764724,1.47262217406119,-1.224077887435286
-1.5667450685530666,0.8020131266455658,-0.06125494396544864,-1.2370248856254953,-2.034125774341936,-0.8416013732903622,0.2911077399733035,0.7535108256820817,1.3207282456110587,2.72471341206186,-1.107347446087686,4.044765082185297,3.7457244669212075,-0.10292662646429758,-0.11440560298467001,-0.6667021880144145
2.9570538368170243,0.47072558279299614,-0.34951189988708187,1.3584240252956667,0.9041330737444756,-0.9130148152987934,-0.007631024687916592,0.32566893024840343,0.5456053599773566,-2.437990204593534,0.018915455077959678,2.2704512010388913,2.876718616195698,0.8490120584662212,1.2167198509513049,5.956509753131531
2.4015142550762665,1.0692831423949394,0.023170907815912162,1.4243870435626134,0.7250700208951091,2.6515501541214404,0.41088999709346835,0.9523865996840813,-0.8640135202270603,0.33791624147897403,1.076760294125962,1.1699748188926902,0.20418002288379697,1.3781647032243698,0.2037558168912206,0.3438747630114033
-1.22648558130288,-1.0374015084872032,-0.447553361429769,-1.04900609822606,-0.10021096951510156,2.7495304177138955,-0.03318704156916647,-0.16172435308153646,0.4086481638596755,1.323338792160465,0.1536635628533826,-1.646915099264758,0.5650264254697374,-0.9045279825691916,-0.763225418774986,-0.6572939492649742
1.5168274952293503,-1.3539759128239284,-0.21357572594239246,1.7064117723357963,-2.5349011285083765,2.5144780942241787,-0.19609063093749732,1.0232753894346844,0.5409077498497296,0.9062843538538529,-0.4937463482386934,3.877586329259035,0.3480217216071102,-0.49264163562309926,-0.9377838804130109,1.5609751761279846
-0.5670597841755792,1.2186238449212725,0.2937275851271849,0.6096713462765333,-2.620380609511215,2.6856063114449413,0.45533928518913613,0.9999596157868044,0.4447443050732427,0.3548329235552778,-0.043923936458134416,4.476898902584805,0.5886296162551646,1.3588070303895015,0.4487329973603382,1.3034629716008053
2.4689679566576883,0.5974821801785444,0.09021622823162066,0.4087238036105719,3.717754831718013,-0.9763824821520221,0.030080648894124994,5.873858377976218,-1.6700100993545322,0.8993562826232187,0.011887391251068337,-7.321747688052497,2.2417074715173126,1.2445011713180256,1.8292160103711856,3.995397003062483
-5.4132922814897935,-7.889075658139946,-0.7745846023590941,-3.4163393053108053,-4.130791886492331,2.557302671814634,0.16535295358560356,0.18270089061132488,2.7871122716836703,0.6541890451678642,-0.47432175454350084,2.9684153597041294,0.9343703898620648,0.137723447555105,-0.7757545376098791,-4.444754704206776
-0.9360310340714654,0.8109988940620589,0.22209871062110104,0.6883416970562725,-2.6955077253422424,-0.8089820156555055,0.018845199957043063,0.6532620798321502,0.8635571752116613,2.5603297050665548,-0.23258134639010813,2.2023579514430227,3.2691959167995672,1.1911263944567347,0.6362236913960703,0.4810935876611825
-0.24330697064434909,-0.7936534523968101,-0.35081580315908023,-1.0115829435160115,-0.8585454617389489,-1.2039340014334012,0.16249656408287996,1.2553355204272312,0.9261943602279176,1.5696302137982938,-0.48552792107846315,3.482958291672786,3.5494485573439483,1.5530477762303356,1.2626659144930417,-0.9320443868296269
1.9624396461886628,0.2723726347107747,0.036793954933653616,-1.051140846335489,0.22625721173148322,-0.333370209590533,0.08931434318068476,0.6381496943514713,0.42021877498030313,0.8889723862244134,-0.10996578674751757,0.5596837333523125,4.051351243470165,0.7650522019364463,-0.4594656534297588,1.3576455808239876
1.629075127886625,0.05043264941374837,-0.31636724089881374,-0.28703073806329493,0.32500273866714774,-0.595430996456053,-0.1495630983638449,-0.5557970980188697,0.2837963366492949,1.6332630914661619,-0.3055108892111973,-0.704044714707042,3.640597413290034,0.7178067276386247,1.0757659835707343,0.7471243900485931
-0.9069264179395264,-1.662070203723977,-0.4502137751346308,-0.828184360142592,-1.1513372966205355,-2.1118779879339598,0.19758477194734755,0.7201244627648612,1.018445772361572,3.6779190577122813,0.06315978951513423,1.1552973107137985,2.1289460589473075,0.5659900489395666,-0.47504873503651157,0.28663526949402274
-1.5988839573696763,0.9216975473376209,0.47159902782993063,-0.9070919009641832,-1.3982662560322126,-2.32976985659986,-0.1373306391040155,0.9793665185421153,-0.031428449441526,5.434376244836331,0.6046487222111019,0.2388865815741631,1.5311709869483696,-4.038305693263152,2.8389977089421405,0.1957599628561358
1.2822435066186353,0.30706828047379336,-0.5939828749715218,-0.9673793630154633,0.2626612446272816,2.2535387737349137,0.07902089998185476,0.7649114303597138,0.42204885312783663,2.981059185161623,-0.6308555651031283,0.2864692536582088,0.35124228396572577,1.0251242106656486,-0.2854353141482666,1.4503875546334901
0.5118898020766208,1.2791031158512336,0.05893880305012937,1.4511187147102111,-3.103812805757029,1.8831671523537903,0.24655782123956624,0.11941646378758841,-1.4506460004551536,1.58195425189769,0.6568625476404084,-0.20215816202105058,0.54284717887445,0.7603920857897167,1.1231224851263506,5.154925920391417
0.03694819377656462,0.2043573350153601,0.03688547848446371,1.0637437847389215,-2.891624869148382,1.8225991623258626,0.2193427199603308,-0.335796975047407,0.35459156996374264,-0.5493678494833707,0.06424586717593714,3.799678829394319,0.4090805742470708,-0.0092811687895692,2.2204527454856695,3.334953719241241
2.884617609945015,0.8318716004818261,-0.3008890405563326,-0.15150909649365815,0.5375026047770269,-0.9913010659509071,-0.044029497640675104,1.2061914003312524,0.2497614438673244,1.9546536485760238,-0.06204473534558482,0.44324885183298096,3.343275595253942,0.12070606361779772,1.3453315118053268,3.819212852049152
1.3805072376494003,0.6203969088465182,-0.023841122428417103,0.031503125153121175,4.062396043556244,1.710936629371654,0.4572972653808333,3.5942844536432834,-0.9606445561849515,0.8281417952677318,0.22455866255228618,-5.35779129085851,0.7625429359729607,2.256418644069723,1.0363679869810947,5.870999587706049
1.8461945938063897,0.756186741609015,-0.12190059841897807,-0.9501231064497976,0.19846465382440026,-2.2059719979877914,-0.16214393504146368,0.5566885579528326,0.6150645842409034,-1.0232594112931734,-0.30747524477603944,0.38262047801946186,2.099066818205043,0.7568188238939686,-0.9383257096872355,0.3653597226965309
1.411599682451949,1.0911624034795846,0.04707491092218123,0.8724683327768071,1.7647255470496008,-1.535686783369395,0.27725179696999036,4.454776410558258,-1.5703657206540635,1.476629778806382,0.5110249968470092,-2.2783177235669028,1.9763474275404056,3.2457204461137965,0.2671722029456451,-1.2584339151878894
-0.9595396123490341,-0.9249451019776248,0.8526733225511842,0.38105944147640297,-2.4610070099587524,-0.6360684235852737,0.06382350981980069,0.9785037899504536,1.1093081312240718,0.4588041003121585,0.33194488647805903,4.651024056240724,4.331983164312464,0.2256854476272097,-0.11491470842315148,-0.5165894561593175
-0.5557958597665933,0.2598883234341983,-0.06862640696166458,0.21306195329212105,-2.797186155918916,-0.7114066633932901,0.05632221530114641,-0.637331394662846,0.48001377122109457,1.034141645519234,0.3052648800962532,3.347920163128274,4.115597132265428,0.6759463722397526,-0.21320804767175686,0.39606798559796597
1.5213392351171071,0.6350791778601327,0.2271779276352782,2.087227047586098,-2.6210228798803388,-0.8387360422471254,0.34753745354372395,0.18430108070736276,0.8483954937630901,1.2328766249247793,-0.9367810185000962,3.620578521977404,4.150816430415427,0.2642386062176918,-0.5069794493811614,-1.5739224100722708
-0.9437548881364052,0.18355822124180868,-0.01884770586642202,0.13659697843911997,-2.699281979767026,2.2671631320603494,0.19892565686661284,0.5199849587020479,0.13605718816799026,0.022354559343318106,0.22799038938249835,4.188476685544735,0.6093940996947261,1.103276795383928,1.6619044334581885,5.278362744282979
1.4740016478956721,0.3744754190625062,-0.24608908614406266,-0.504617786329797,1.6845468790047058,-0.7550968184099858,0.2269997065434743,-0.3922651833197033,0.2562601311102111,2.176932783198963,-0.10312875314456607,-4.374869447821902,3.6481715838810866,1.7339008464270114,-0.5157748912255178,-0.3440057548292595
1.7300246484203305,0.718778744931038,-0.005347076507810772,1.164798454454483,2.1384876309287537,-1.7102912559916255,0.21758422371412967,1.5405418732343474,-0.6967759480626153,2.817657398241776,0.38899818173414025,-2.878653866819215,2.504819504073943,1.903570450424438,0.9076259153637003,5.028910563455724
3.302353413027512,1.3138409331253413,0.1595885858896812,-0.3064197952903809,0.09862880425943056,0.23456715813613502,-0.503106146091692,-0.12658276814659136,-0.44609891344711333,-0.03143607205788453,-0.11294029951193023,0.7740748215014094,3.30863847266359,1.013262437180549,-0.639141104493629,0.008724972274183706
3.0590638494367424,0.7823846978550479,0.12334440459563735,0.9273973585151792,1.529315889762865,-1.2701920353646772,-0.3549453932599275,5.812585855772387,-1.7475842699672264,2.772807947026799,0.7299070944802967,-1.8430197350759923,2.21613822148389,1.873597400907796,0.7772528478121431,3.1299757083380095
1.9647124588666844,1.2016119791305482,0.01100415494083009,1.1087205810469882,-1.3428146170079232,2.2407898700327977,0.05606548778197043,0.11073071076142313,-0.9264867459554218,0.10576749133718472,0.25730012146071823,0.9908975072687596,0.7422085343727298,1.152971646612393,0.048240937927163226,6.452140462554033
-2.2639886615263114,-2.2640014854559936,0.02170015066930557,0.001485544638899604,-1.8413620618325195,-2.060890642973803,0.19154676058780573,0.25633464357908187,1.1061580296491174,0.7443098345339979,0.09506509353081166,5.3652557804477,1.8529790273181352,1.336285289050192,-1.1799909611008785,0.5890239553671448
1.443510251542935,1.0764400623996206,0.2728232811835106,1.4883709106679008,-1.2850036171939854,2.75536812017917,0.08646123801501779,0.351706996814645,-1.3466824564903368,0.039788660163736736,0.7244122629220138,1.5554277305610469,0.449012766352324,0.4052503401254042,-0.02212808492490302,1.6962289321093937
-0.8812170947231307,-2.0020874620953006,-0.4487776130171862,-1.007354454598082,-1.662245832496894,-2.185947226379774,-0.07678748402493225,-0.30218342547684085,0.7627875613190358,-0.61367131870526,-0.13650000651344996,0.5493507943170275,1.736224014331157,0.7214246321604604,-1.4663594039908199,-1.7228642788810213
-1.6059443547764625,0.5191876509311574,-0.031406598574008245,-1.1031074997151058,-2.818355255110898,2.8407149375294085,0.11545392993619809,-0.5045329981807746,0.1173189549674541,2.162632356429939,0.5372613025900544,1.6929121992905012,0.046376767298578536,-0.2145276163996195,-0.5809153178064291,-2.237073815962451
-2.7572395006073784,-1.920272307016429,-0.520853352613209,-1.156610487595087,-2.848946219536746,2.3339983949911973,0.15008231786719237,0.5026782961251163,0.5586003888099504,1.6714131613870804,0.01746864429720919,0.1447531062837267,0.0575176365233267,0.9207326970981788,-0.30732554092672393,0.746279039415411
2.005592567676501,1.0504795613826456,0.4881624899828518,-0.2108037932734656,0.15344070231157714,0.014490564311709843,-0.15814696147773583,1.506445689090758,-0.8935931413779262,0.8676047812257799,-0.38898778263957345,0.7270607139877785,4.590148667995779,2.050051394774506,1.7747999373647443,1.8670399557830057
1.585096912080668,1.2756713734451877,-0.496473353816289,-0.07578271959240983,2.101848459927346,2.0271500119235526,0.08428669263078402,1.4094987630317877,-1.1329942034868121,-0.2499610614815039,-0.8304977320961775,-0.6561295667423153,0.4199781027455703,1.1563093769352086,1.3987390612774908,4.589099873319621
1.4262768874679197,0.8640627709563331,0.24277851897235878,1.5549056701236048,-2.8190770377576,-2.2913269866923383,0.029109559931100974,0.28326267305007546,-0.8538096920206629,-0.27897738705028124,0.3371413539113291,-2.5311013611924955,1.3368721808079114,-0.5958540982037788,-0.8290903467720607,2.4970379964546487
1.6204850836648623,0.880158284684615,0.19142644600128994,-0.11085851961463591,2.0313640421388333,2.4871520252428483,0.0028728444607874133,-0.04845806301630932,-1.7988247618484152,3.2354146437431495,-0.06843720132542315,-5.4577623045569785,0.9723140660983745,0.4492278123651337,1.0595813086450896,0.4340741953892526
1.5960594403502164,0.8847641685203872,-0.3745266482511125,1.1119641916944418,0.66302029009421,-1.1045495607467788,-0.011718276785945635,-0.6322620962026315,0.6593434897649593,2.378070960754261,0.9790728569786836,-0.878280859663691,2.728569046088343,-0.09177325395301246,1.2304888367294902,3.5994809527145724
2.0645508757771407,1.1274117047685677,0.42907014031049134,1.1822709535553386,-3.4134934307361418,-2.0821075433112757,0.332743971706982,0.4285809814463498,-1.1802702601464627,2.2604999248875766,1.74764187645732,3.139041254895612,1.95673350435269,0.14955105945928704,2.2305349072535505,4.281002420911185
-1.2520896193151316,-0.8996245101627154,-0.4862855000518834,-1.2450515948162943,0.061808561470538134,-1.9410055971799123,0.3384659992220762,0.2543715835630192,0.6611098504830927,1.868131858575484,-0.5910265150691679,0.4535444060551243,2.3495625076518745,1.9865883383189988,-0.7405883961690813,-0.7777975846907593
1.450092483263943,0.8370293631984056,-0.12230213285451094,-0.19811379547355218,0.3406486672984271,-0.365140803076785,0.18340597051020657,0.19987243883361358,-0.38372077851520187,1.845590306277029,0.4558512154207892,-1.2651116355166574,3.542747879030729,0.2651921342552554,-0.02377766448277694,-0.07281005387657329
1.5972641668847545,0.22235114298965886,0.2868266922087025,1.3748527618622286,0.2875454398469208,-0.5383522796384567,-0.178803751791141,-0.1388362985505147,0.7022735679960825,0.5405391949127684,0.6446595310500668,0.9623624543383187,3.849288731579926,-1.352765068909134,-0.6060258072798553,-1.1960860773034678
1.0431011747392085,0.8627093374994381,0.3624971071833481,-0.6615985254028971,3.529946055245772,-0.8949058053595805,-0.02212988103404419,-0.7986093329623362,-2.7526630082200314,1.681046335351748,0.3057076927864599,-2.806185594684737,3.148547433701574,-0.38628690533003407,0.15729922860709145,0.4356210074407282
1.8406332384206654,0.8656114681466183,0.13518117594220053,1.2894799734086688,-1.2350381337025782,-0.9343294571540873,-0.0017566770314114016,-0.4304001190480953,0.47420372689387297,2.119510930277959,0.0576692488233679,1.0614985883031505,4.147435184135221,0.3119129701825801,1.7450887563044957,1.1052691573721194
2.414276623222206,0.016549941220394753,-0.3913129511846315,0.16749258846886103,0.4084353889453253,-2.155859703001845,-0.13239230896138232,-1.1722014143093666,0.8251433303357925,0.3054960051907253,0.1320784987096476,0.2989159204968725,1.8627906479493388,0.8758699448594885,3.5835399163378794,-0.566360595712233
-1.7195083322481972,-4.069554545532898,-0.786411045840973,-1.014426375839275,-2.3621709890509517,-1.0603182675169514,-0.08386496722641207,0.2855484779096008,1.7037322667234924,2.7290101265789914,-0.14028260481763194,3.561845332324063,3.8733378604914104,-0.11385910971052059,-0.717237152256892,-2.159323222669813
1.4246254280152446,0.7852016960763913,-0.12652324659827283,-0.27333789177734885,0.4942034008936251,1.943471420344596,0.2632381746847525,0.7132270419507428,0.4410006970367599,2.013064422901165,0.47048441524455276,0.24615817739525928,0.12154483109756123,0.9871083764196599,1.6324515116600982,0.5656665053057948
1.980537838331722,1.2923375705476414,-0.19733152196011944,0.9010906880136186,1.6492728516387771,-1.054224414675238,0.18859458618651093,4.205476268715614,-1.3754030269217832,0.22486026219821956,0.524192638578404,-0.22379355659317612,2.4919413424176367,1.2885204252091116,1.5211618071349575,2.7709924429343062
1.3135413077791622,1.1476361255266592,0.2351390350653285,-0.06728339779531747,2.70725554706047,-0.915453454731044,-0.11379922701520492,-0.42470908055781853,-1.4338523908077287,7.939723368333946,0.4032754376002841,-5.66935911938557,3.6969728002631617,0.03350012163781204,2.9727967584737676,0.34990414916165147
