GC_spacer,GC_target,GC_target_5p_context,GC_target_PAM_distal,GC_target_PAM_proximal,GC_target_PAM,GC_target_3p_context,Tm_spacer,Tm_target,Tm_target_5p_context,Tm_target_PAM_distal,Tm_target_PAM_proximal,Tm_target_PAM,Tm_target_3p_context,MFE_spacer,MFE_sgRNA
0.745607348277871,0.576826314944234,-0.022116110407606956,0.5989741995228143,0.010881779650356199,0.7519753542764285,0.13211843650530572,1.6150201494844554,-0.3986685575001317,0.28062592818558413,0.466086500612126,0.4041758786538446,1.561443357519793,0.20000667302171896,1.9831810931930767,6.278697922343367
0.7537408356641715,0.581107588548429,-0.0145609797296716,0.5898405325202272,0.0037380579536983568,0.757996675179086,0.13286444244558887,1.6553948799005245,-0.3897179395154067,0.32443484657271815,0.3687186780438841,0.46209993128690846,1.536202670635004,0.18633746158029119,1.972286249806898,6.301831479367441
0.839076767230425,0.5493653596055751,0.0005906416449866175,0.9144046468420635,-0.005061709229580302,0.7384399651394488,0.10890786618480203,1.5914163650980657,-0.7187151338701118,0.4188155037675616,-0.20395612487951853,0.20880453108716393,1.5115502616196579,0.1722629094145625,1.7757920697842557,6.132290856264469
0.7130719943294557,0.572221458327906,-0.002400303536020847,0.5619189169289975,0.01018111059764367,0.752562935246799,0.12952243302324287,1.625349367510684,-0.33294994610997136,0.23665267617103877,0.36308630509961864,0.4648600162903326,1.5315600271192964,0.19913286927504512,2.0339803021733713,6.296932135620236
0.7267061957097276,0.5641298690135093,-0.012636810832351924,0.5817442872201679,0.008671930701015827,0.7444356096090128,0.13353435426702534,1.602561654444099,-0.4619255546161985,0.2812644209867871,0.3944627219928676,0.4856144378367111,1.522594132505871,0.19775935491104715,2.048283210178715,6.374093554935405
0.8511164095516319,0.6429948169853071,0.002848555667879424,0.906564893229503,0.030689119907911143,0.7557240578526624,0.11538121034885786,1.6841497679462212,-0.6462901191795145,0.4327917805748676,0.33845455896132326,0.4027305961787172,1.526267428167027,0.23765333181527518,2.057944727424108,6.399806153503281
0.7489674457831289,0.6476015371783226,0.015493488445064324,0.8165003281401721,0.012435239282636588,0.7618433886113839,0.12072994618657537,1.7168518271557582,-0.4803332851365488,0.423319027497807,0.6449025708395982,0.463509808294645,1.5542331944788816,0.2572141375493945,2.2440586973716106,6.5592549858967315
0.8428851992831027,0.7035846098476675,-0.008206210402216012,0.9371886314481636,0.023796264940834904,0.7362343722016675,0.10483832709221533,1.613774507444669,-0.7795320471921147,0.4230069673270255,0.14051107881454275,0.3455123214965833,1.5238541303442328,0.14462998489616383,1.8249129400419828,6.4861537376222245
0.7267061957097276,0.5641298690135093,-0.012636810832351924,0.5817442872201679,0.008671930701015827,0.7444356096090128,0.13353435426702534,1.602561654444099,-0.4619255546161985,0.2812644209867871,0.3944627219928676,0.4856144378367111,1.522594132505871,0.19775935491104715,2.048283210178715,6.374093554935405
0.7179776892131672,0.5830077650573661,-0.004211516157588396,0.5731636404895419,0.007364946404349444,0.7457384286955491,0.1305454126826013,1.625917745770235,-0.36306167339399775,0.22449536770004117,0.3787538029551157,0.4578064295308552,1.5442081862243267,0.18052434478512022,2.0208263872015535,6.278818450997999
0.7394507473038165,0.5700244583796559,-0.014690177539669603,0.5429380615496501,0.008124461223226796,0.7557905278343897,0.1338491426030815,1.6114174192571598,-0.40947681454419504,0.3113256358457787,0.40985831432532255,0.4828401637690347,1.5377874925880974,0.21653337611639123,2.0288826642182847,6.28099767055947
0.8467181097203239,0.5984138288909691,-0.003055843426128238,0.8341313613624292,-0.013947581276832464,0.7365388291376088,0.11269507575105946,1.6901222650255008,-0.729376900158903,0.433371698269439,0.13670854647102915,0.3177955402509691,1.5176589531781213,0.14920041469791337,1.9354324244892527,6.388613455900506
0.7179776892131672,0.5830077650573661,-0.004211516157588396,0.5731636404895419,0.007364946404349444,0.7457384286955491,0.1305454126826013,1.625917745770235,-0.36306167339399775,0.22449536770004117,0.3787538029551157,0.4578064295308552,1.5442081862243267,0.18052434478512022,2.0208263872015535,6.278818450997999
0.7394507473038165,0.5700244583796559,-0.014690177539669603,0.5429380615496501,0.008124461223226796,0.7557905278343897,0.1338491426030815,1.6114174192571598,-0.40947681454419504,0.3113256358457787,0.40985831432532255,0.4828401637690347,1.5377874925880974,0.21653337611639123,2.0288826642182847,6.28099767055947
0.8467181097203239,0.5984138288909691,-0.003055843426128238,0.8341313613624292,-0.013947581276832464,0.7365388291376088,0.11269507575105946,1.6901222650255008,-0.729376900158903,0.433371698269439,0.13670854647102915,0.3177955402509691,1.5176589531781213,0.14920041469791337,1.9354324244892527,6.388613455900506
0.7179776892131672,0.5830077650573661,-0.004211516157588396,0.5731636404895419,0.007364946404349444,0.7457384286955491,0.1305454126826013,1.625917745770235,-0.36306167339399775,0.22449536770004117,0.3787538029551157,0.4578064295308552,1.5442081862243267,0.18052434478512022,2.0208263872015535,6.278818450997999
0.7394507473038165,0.5700244583796559,-0.014690177539669603,0.5429380615496501,0.008124461223226796,0.7557905278343897,0.1338491426030815,1.6114174192571598,-0.40947681454419504,0.3113256358457787,0.40985831432532255,0.4828401637690347,1.5377874925880974,0.21653337611639123,2.0288826642182847,6.28099767055947
0.8467181097203239,0.5984138288909691,-0.003055843426128238,0.8341313613624292,-0.013947581276832464,0.7365388291376088,0.11269507575105946,1.6901222650255008,-0.729376900158903,0.433371698269439,0.13670854647102915,0.3177955402509691,1.5176589531781213,0.14920041469791337,1.9354324244892527,6.388613455900506
0.8406636353600541,0.5820817699313767,-0.004987514446921416,0.8479516697413048,-0.013702699897968386,0.7282385675905854,0.11196889951568763,1.6605126837249224,-0.8010694556492461,0.44677097637355456,0.15075410918528023,0.32010329620148736,1.5201388424624809,0.14182536825457465,1.907983134089645,6.354446383689243
0.8053650594877059,0.6115456448865331,0.004930859535660594,0.8764393427032589,0.022252070791001697,0.7420004695143594,0.11904958079213156,1.6712388390530302,-0.6765737906622374,0.44889624908569054,0.4831948207026012,0.40275533685769044,1.5305668753082404,0.2643418853480642,2.0652039468943304,6.4251678726553765
0.9770374524020259,0.7390188194359966,-0.005808885961799784,0.9370067186191184,0.044759234802573815,0.7373936636176458,0.09739747521798238,1.5246176945698926,-1.086364518277203,0.4359353617650848,0.036856732757031885,0.21521457407933306,1.5076574672506822,0.16903941464614738,1.7360453286184305,6.4010363071804735
0.7653255692439117,0.5475699402002251,0.0030181077767040218,0.7947860202511401,-0.4912209365023805,0.7367805129891073,0.10062278273144039,1.6585596379304486,-0.5617590495269187,0.2590449224470118,0.47709199485177983,0.06476803479582166,1.5203076568400444,0.1720222183140426,1.8625948239195074,6.306465137324843
0.7589043296801669,0.6359081152622191,0.007178587861947554,0.8006676715204696,-0.0028803323222518335,0.7372735162604056,0.11532691188777078,1.6060357828020257,-0.6146207173582047,0.35298137143298824,0.5255165561912474,0.06940499676252296,1.5664095362302528,0.2096840052233899,1.8597106762539177,6.0662554819965075
0.7803286245731618,0.7012771326788102,0.0029423495233879293,0.8166161313497876,-0.006179925476030153,0.7521453589706938,0.11919536188879273,1.6244377882238552,-0.49494143353180886,0.3450943629371482,0.5431418805794596,0.20899095062958392,1.539732325457814,0.22966859665751252,1.9458480835574632,6.179037043703566
0.7384283067852894,0.7084064803481639,0.006903803302986599,0.9311616924049787,0.12016379070138536,0.7515086129350739,0.10220696808754928,1.6363090693924447,-0.6807431765670748,0.40166826446878257,0.6131841549404963,-0.382791595747394,1.5483978482852319,0.22285881313877187,2.0745411457278586,6.522701199431536
0.7610384534588809,0.7452243231915039,0.013698028940401502,0.940792650616382,0.14472937475682998,0.7172940422783155,0.10090444380911566,1.6473340439104192,-0.7228542143558285,0.4206440209637858,0.6185875363522969,-0.27231498695004075,1.5337947564058168,0.24382653801089768,2.046631718152783,6.583053372122243
0.7316272825898645,0.6947867010229207,0.016700242149834562,0.8032803108499448,-0.00950083036038103,0.7497810904774503,0.10690861203561926,1.6435627847051257,-0.4496352276677394,0.35845622800475924,0.5493747012763707,0.1844295894467259,1.5407747097717976,0.21570512231903788,1.9992998407254332,6.193490689311661
0.7677176262400273,0.755109926478005,0.01683050356427133,0.9602331444740673,0.13703027174430765,0.7304590223482866,0.09748408582870824,1.7105286121201395,-0.6903091866404059,0.475899265543008,0.6306180277091038,-0.022908843569356175,1.5444242915867596,0.26803686604889587,2.174078699515568,6.734533547420783
0.7585418398053471,0.7266771321864569,0.004392065734467978,0.9541636650307674,0.1300500355991969,0.751173688854017,0.1022369786611324,1.643667098306015,-0.6731692064781419,0.43192813598063073,0.6200606920116433,-0.3295983821926736,1.539889659035317,0.23867613350893307,2.1066278021375453,6.555907684796471
0.7264232480093001,0.6931079033260422,0.016049039240671168,0.8004301239743535,-0.0028992195837560714,0.7425925556840122,0.10804200049756217,1.6503175336719598,-0.4461335496002252,0.35809894302423045,0.5519383663776124,0.21238306101375168,1.5227120612390208,0.2204350151052957,2.0247016774994755,6.207481051329101
0.7610384534588809,0.7452243231915039,0.013698028940401502,0.940792650616382,0.14472937475682998,0.7172940422783155,0.10090444380911566,1.6473340439104192,-0.7228542143558285,0.4206440209637858,0.6185875363522969,-0.27231498695004075,1.5337947564058168,0.24382653801089768,2.046631718152783,6.583053372122243
0.7369312726805451,0.6151830930925875,-0.01239550500621025,0.8473659126450894,-0.35764451470445013,0.8165715061597991,0.10183362732197349,1.5084643827252149,0.11970092638305808,0.4564547537853763,0.5748915834458239,0.9225791567399689,1.5504468223938064,0.2686493049596321,2.01117886677578,6.51916315852644
0.7042401561653736,0.5292391622463112,-0.0009113019903930181,0.8124872382835627,-0.44274610610934,0.7569992201293251,0.10567826986613535,1.6356219019791958,-0.39711876823367315,0.3503455800523266,0.4987745109842935,0.5204844376433407,1.5453263710075116,0.21520527917061552,1.77169473938962,6.3431808325734576
0.7597487965892786,0.695961738744305,0.007122990385959178,0.8117404543428044,-0.0050532606556373426,0.7533143713414483,0.1169286816646413,1.6078322313991895,-0.5493943751704419,0.354855441420625,0.5416149485970949,0.20326347344263357,1.5411155470039108,0.240487865580878,1.912768148961849,6.183574202582731
0.7131503316052235,0.7464620605295703,0.006325785010448104,0.8857575962059686,0.11098926941590571,0.7664593392402894,0.10476648706968208,1.5009001261702242,-0.908133993139979,0.3557445936468743,0.6495392005426956,-1.0054601638082945,1.5069019927755005,0.24567495147591362,2.13880223970967,6.562943516755493
0.746469276854229,0.5471016608447176,0.0008435450400343964,0.8127561080040676,-0.44628154544684184,0.743027705201906,0.10259624395637006,1.6329771026915365,-0.379572688544733,0.29207792607896577,0.534946161341065,0.38174300316916004,1.5471849065611831,0.2172924101481761,1.8291320439287309,6.390521368243051
0.7468757162553217,0.5609180759835833,0.0026744641692058335,0.8081423204490525,-0.4810476576147993,0.740400576658485,0.10007760856533246,1.6332374843367912,-0.42650522148998143,0.2852412843060289,0.5455719322990069,0.2861855034335718,1.5312101378146936,0.19414085156710872,2.0062617339715594,6.364463220541481
0.7417767368548464,0.6059460390917916,0.0019055184245450165,0.9122753368634922,-0.0012448860489955524,0.7358307387816623,0.10617546858153079,1.6933990327821762,-0.7161423282256258,0.48961137578668057,0.5431732857421829,0.04559582598537599,1.5378881683825538,0.2424930408638472,2.08176658283706,6.637578416133663
0.742992093404842,0.5355601214267802,0.005033460217674494,0.7947234578210389,-0.4932096419813812,0.7411269267705669,0.1082556396195412,1.6474319381016038,-0.4669675555825811,0.2871423086665179,0.5089819805845189,0.07835355898256478,1.5414836814287185,0.19152726578018617,1.8826978261902056,6.451878878241612
0.73912065954327,0.5574991951572208,0.004012157447077862,0.7954637230184421,-0.4986211604088428,0.7362670687523803,0.1033972356032189,1.6309965104033712,-0.43524698557916636,0.2858474691056498,0.49891238702616175,0.1193103172320103,1.526983979401617,0.18760176339741333,1.945489188396569,6.435128730528602
0.7738623420755396,0.6573081340589091,0.0040126467843424485,0.9294528192966309,0.0018267237527855907,0.7345488479677491,0.10811431649279304,1.701178573749425,-0.613764349293662,0.4665455143235508,0.558515968736609,0.05121537169107087,1.5314949117629062,0.2724786761091814,2.127037367602012,6.678157261029409
0.25640231129823393,0.7732916189663838,0.11551117212233102,0.8883504739007572,-0.2575168961998244,6.822176399079184,0.035463981218852685,0.9041651866005187,-0.04151979022160897,-0.8751979117268683,0.8863420601156323,0.7364180778358751,-1.1776624924383603,1.3318588683182266,-0.9195420156018754,-2.755602625446332
0.20779245694216772,0.8660386183093779,0.1132809488689181,0.8150011592002562,-0.253793528547841,6.785938475765064,0.03544903813199497,0.8443963199331314,-0.23855156455873422,-0.976492267551821,1.0402735723004581,1.0844247710805326,-1.0592223933130571,1.1984094586242344,-0.9102819891204449,-2.7422641597274398
0.24017348872257457,0.8413342615924824,0.11449996091755212,0.8401518251427518,-0.2505281268674726,6.919369506865172,0.0346020681781719,0.8481163696922178,0.21375664477214829,-0.7043552063488348,1.1964700340444026,1.0333937574153644,-1.0003270333339762,1.3099606626357103,-0.8529253009057447,-2.580319849913823
0.31299482756554464,0.6801428821024199,0.1274482398530444,-0.05369986733851926,-0.24561921903123934,6.753822469333923,0.05006673154344689,0.7605186289860334,0.15272386909634852,-0.7334804051389308,0.5941034870981999,0.29988686311009016,-1.0993132811496953,1.192882636858638,-0.7882144109657311,-2.943810559499176
0.31299482756554464,0.6801428821024199,0.1274482398530444,-0.05369986733851926,-0.24561921903123934,6.753822469333923,0.05006673154344689,0.7605186289860334,0.15272386909634852,-0.7334804051389308,0.5941034870981999,0.29988686311009016,-1.0993132811496953,1.192882636858638,-0.7882144109657311,-2.943810559499176
0.2990339284273965,0.79680723004133,0.1134905779036336,0.894331538096861,-0.25260161630310435,6.851896478848973,0.04812868214905196,0.9305286080214278,-0.008631644127216547,-0.9188009176249244,0.9510501846751024,0.7619426546927375,-1.1803927321620666,1.325694612174095,-0.9323466090396216,-2.8422876078013903
0.2990339284273965,0.79680723004133,0.1134905779036336,0.894331538096861,-0.25260161630310435,6.851896478848973,0.04812868214905196,0.9305286080214278,-0.008631644127216547,-0.9188009176249244,0.9510501846751024,0.7619426546927375,-1.1803927321620666,1.325694612174095,-0.9323466090396216,-2.8422876078013903
0.26896247220953934,0.8430096123763962,0.10924764700624892,0.7967592554192485,-0.24789450334885102,6.801672225298876,0.0355190692610573,0.9062884897424975,-0.14655618366436254,-0.9493696382547828,1.043182365322033,1.0784641460655808,-1.018247171498271,1.2127497859744465,-0.7846065766743698,-2.661572604061621
0.35459895383981105,0.73366250029107,0.12822494504662657,-0.011809823483246672,-0.23836473240444908,6.830750244890213,0.050230493343214125,0.8143480227807317,0.24136387376383125,-0.814341603519039,0.7152893494287673,0.33596987269037093,-1.164452045825574,1.2005977149849032,-0.7557305651074507,-2.9969308435461053
0.3301135218993059,0.6861344885268322,0.13100095323562802,-0.05709774262234203,-0.24250489602396658,6.766143950323508,0.04970988648750772,0.7324968397669243,0.14947921727725974,-0.7213761587933297,0.5532200622936106,0.3245705898989119,-1.1477770927150512,1.2122127903406954,-0.7924737624072982,-2.8731701759887653
0.2407251897292415,0.7778179823208862,0.11320016779453271,0.8779256930673301,-0.2576339350623769,6.844571590242505,0.027265137574609705,0.8271849640886147,-0.1051916252153877,-0.919847935794586,0.9630241564611727,0.7522077441346978,-1.1777912552806915,1.345970047585225,-0.877217062172121,-2.71970902738252
0.3771312593503621,0.7685275183789054,0.14561890165546315,0.01808093763547274,-0.2457074689579323,6.836248630115709,0.05955011275978712,0.81946480912217,0.1825331669474735,-0.8992134168197815,0.7269908064704785,0.33164143435675647,-1.018134556243266,1.2234315403076867,-0.755067751769009,-2.9768815616791064
0.3771312593503621,0.7685275183789054,0.14561890165546315,0.01808093763547274,-0.2457074689579323,6.836248630115709,0.05955011275978712,0.81946480912217,0.1825331669474735,-0.8992134168197815,0.7269908064704785,0.33164143435675647,-1.018134556243266,1.2234315403076867,-0.755067751769009,-2.9768815616791064
0.2990339284273965,0.79680723004133,0.1134905779036336,0.894331538096861,-0.25260161630310435,6.851896478848973,0.04812868214905196,0.9305286080214278,-0.008631644127216547,-0.9188009176249244,0.9510501846751024,0.7619426546927375,-1.1803927321620666,1.325694612174095,-0.9323466090396216,-2.8422876078013903
0.31997146457583586,0.7179928329313011,0.12175698486651013,-0.020104995459601507,-0.24736242772998793,6.795920073141934,0.05327936855865184,0.7763977482243448,0.16135285334252386,-0.7974295832445372,0.6729871784588097,0.28892946659620133,-1.0769595236387117,1.214827607580308,-0.7631333194350911,-2.991181017357069
0.2907108541887203,0.8194070644767176,0.11500814954291166,0.8905968684639032,-0.25613153494720653,6.869876591962093,0.045453826523508725,0.8852617665904586,-0.04425876776518625,-0.9086770420258375,0.7632277491627032,0.7545702830438064,-1.2528595638463236,1.3161455530213924,-0.9638695743912246,-2.898948222041512
0.24835369788557937,0.8482051278025159,0.11092625772063494,0.7881466928628508,-0.2509684740381271,6.784297399590979,0.03945994789644082,0.8366731796044232,-0.2059226118439144,-0.9157214039909916,0.9380069172982184,1.087787800851879,-1.046975551266958,1.1658391644205734,-0.8043432898790138,-2.7657425419446215
0.25971875542817763,0.827415218347925,0.10932104374446641,0.8171057319206054,-0.2511090242233247,6.903146576491557,0.034887978690977164,0.8859495782991247,0.20615838379901405,-0.6742078505497198,1.124007873442017,0.9952754149174423,-1.0055901537330774,1.273732830494025,-0.7439619702354979,-2.5582749437807975
0.34970696076368213,0.7269993561113952,0.1243528090489107,-0.014693187811504268,-0.24504777079524276,6.831817217386387,0.051397719070266204,0.8047574736634415,0.15354160349497054,-0.8138380925057599,0.7405056029205097,0.3056736035569258,-1.0868924359556358,1.196119496355779,-0.7385144485588503,-3.004243448433596
0.39715906704548576,0.771134548550991,0.14602137923188083,0.030085141065734008,-0.239115102556404,6.823992252311303,0.0602837070435956,0.8197293782134101,0.23091428058325508,-0.918300585024361,0.6489804509411107,0.3763491300542607,-1.0762279595099715,1.283842271122063,-0.7626901861141235,-2.9573571829120304
0.24484438293788288,0.8063458774857821,0.11610319012829609,0.9229311424918609,-0.2519527534328309,6.809486646473902,0.04552647296331978,0.8772556594673071,-0.02835585644300509,-0.9547627314775526,0.8240224478007514,0.7292305091861088,-1.140314218899216,1.3364781330079587,-0.9921652135324134,-3.0839392984652116
0.40775128057346777,0.7868748424862442,0.14865569009438895,0.021854996149095984,-0.254106375965551,6.824348539050652,0.06050509160761442,0.8021167717942802,0.26190916692311156,-0.9294050975874512,0.5941391861224665,0.4206971716540446,-1.0619855814540544,1.301930659534511,-0.7771297123957491,-2.9761244709118198
0.29880956406955744,0.7868029110324256,0.15464526996426814,0.13355754290547647,-0.2613862748361364,6.909410180784579,0.04928676168615308,0.9016712275496613,0.20494563653903924,-0.9107226079859275,0.3554967916803218,0.5276774842754263,-0.7897488462766672,1.235404401993989,-0.8942793344231224,-2.7730421943049057
0.26197464146794897,0.8324953064232022,0.1197911692365515,0.864791840479348,-0.2607170709692069,6.940651150234903,0.03477021121976363,0.8721777739963894,0.19585848659802932,-0.8486012562502447,0.9124960830783436,0.515814658012858,-1.0919800536782949,1.3771079524468781,-0.9388545033922634,-3.049553064655347
0.2931581562567664,0.8180556335796193,0.11374812820737237,0.8946872854832194,-0.25513478426722325,6.820516557508162,0.04696586566958145,0.8856055734497208,-0.025134314042694412,-0.9377458565133957,0.8572869988499984,0.7917265027843294,-1.2215726078616438,1.309426205602422,-0.9779888873765551,-2.9880864553708313
0.25686677030352556,0.8617072164578781,0.11447175342368614,0.8153612108791886,-0.2566909495433091,6.961692832301035,0.040600664124969,0.8604999976232686,0.1948850188481178,-0.7812662672875285,1.2374395321616438,0.9552252686535888,-0.9594800284016249,1.2686588760591448,-0.8278874331371074,-2.5798989105552357
0.3117655689680985,0.6922157674581005,0.10425454609325911,0.9415145485830202,-0.31414480924549143,6.917756990543357,0.04722564535682403,0.831847971220394,0.16777956783641168,-0.7278319597777796,0.7828544037511159,0.6536237481247573,-1.021406712175965,1.360845919720588,-0.7488799105400998,-2.9107635657696593
0.26021128725614695,0.786855028926715,0.11348146711544685,0.8912158545979756,-0.27393809093227944,6.78763755854934,0.04545227870793759,0.8765887289889003,-0.06761865553556502,-0.8948389538061007,0.7554033304017289,0.5646591656451265,-1.2030957595780303,1.3377889406891748,-0.9244568442765934,-2.6601185548761084
0.28706712106218407,0.7923793124912769,0.11056650686474333,0.9397764757174887,-0.23602152518644479,6.941559941545581,0.03816770459215359,0.8771091800062347,0.18254149495190178,-0.8055632366611333,0.8195807395062991,0.5802438808462317,-1.0565167892375238,1.3947367698814608,-0.8430321395513977,-2.904946637113213
0.10006808795849115,0.876934323819356,0.12861130497642564,0.8087276661588689,-0.11667939738663853,6.743154668441298,0.046290151621031124,0.695190867195183,-0.03281756337880758,-0.8414775185816679,0.6257877127060608,0.12202701452992643,-1.2666721396665586,1.3071781845102501,-0.8746124668962787,-2.7557883542450603
0.29849627551522173,0.7971521529749068,0.11363025519113135,0.8921397132269545,-0.25731530543888803,6.862122476849149,0.04804089051848504,0.9246570910143962,-0.03608992857226952,-0.9289391161251987,0.8587989512218142,0.6984574496886041,-1.2015310507754164,1.3273151011102473,-0.9481322523503645,-2.780620354696156
-0.019050417741656736,0.8287979957737934,0.14706783215155772,0.8580065317157919,-0.1662723916432666,6.498100627830857,0.023856684648603993,0.5575771243118312,-0.3401209900132232,-1.0617436749090072,0.6522629242673673,-0.6271795547982469,-1.4667638375783305,1.1652708385081698,-1.0033907750944753,-2.9359295307164306
0.29808132793964626,0.6930451692631271,0.10446687795348551,0.9411631355191323,-0.3113214512720195,6.918698023405124,0.04743384845432834,0.8285944842142611,0.1697252857353578,-0.7150857542193789,0.7781612343515326,0.6344364001943408,-1.0064348236736624,1.3569777264903722,-0.7530511540659252,-2.9321440396077847
0.29748941101165094,0.7353667374199895,0.11210937686297409,0.8996219815718651,-0.3063562975984372,6.9002421224543165,0.06056547743837683,0.890489090148732,0.22832790772161257,-0.6288577338082855,0.7655528215025822,0.409512090517608,-1.0138917190418693,1.3334063995161198,-0.8590151927205844,-2.8744187575664486
0.17341813368883602,0.7941374098135012,0.1461093999551329,0.8521037459860995,-0.3363455558366941,6.66285283096691,0.04577898623399344,0.8315962031210583,-0.14407562522745282,-0.9462175579762088,0.6586006983085235,0.20558914692684946,-1.25194392240154,1.327187855621819,-0.9254961020931074,-2.616982300555489
0.28706712106218407,0.7923793124912769,0.11056650686474333,0.9397764757174887,-0.23602152518644479,6.941559941545581,0.03816770459215359,0.8771091800062347,0.18254149495190178,-0.8055632366611333,0.8195807395062991,0.5802438808462317,-1.0565167892375238,1.3947367698814608,-0.8430321395513977,-2.904946637113213
-0.08909311149252983,0.8512066545519811,0.13757284289763713,0.7732686137795762,-0.159091469437408,6.606375787568795,0.03908901060145813,0.47511605988148214,-0.04430918495697211,-0.7652400232100197,0.4138180139557938,-0.4921996407273835,-1.1007497280624714,1.226486090123826,-0.8941768006506168,-2.751471653090281
0.10006808795849115,0.876934323819356,0.12861130497642564,0.8087276661588689,-0.11667939738663853,6.743154668441298,0.046290151621031124,0.695190867195183,-0.03281756337880758,-0.8414775185816679,0.6257877127060608,0.12202701452992643,-1.2666721396665586,1.3071781845102501,-0.8746124668962787,-2.7557883542450603
0.29849627551522173,0.7971521529749068,0.11363025519113135,0.8921397132269545,-0.25731530543888803,6.862122476849149,0.04804089051848504,0.9246570910143962,-0.03608992857226952,-0.9289391161251987,0.8587989512218142,0.6984574496886041,-1.2015310507754164,1.3273151011102473,-0.9481322523503645,-2.780620354696156
-0.019050417741656736,0.8287979957737934,0.14706783215155772,0.8580065317157919,-0.1662723916432666,6.498100627830857,0.023856684648603993,0.5575771243118312,-0.3401209900132232,-1.0617436749090072,0.6522629242673673,-0.6271795547982469,-1.4667638375783305,1.1652708385081698,-1.0033907750944753,-2.9359295307164306
0.10006808795849115,0.876934323819356,0.12861130497642564,0.8087276661588689,-0.11667939738663853,6.743154668441298,0.046290151621031124,0.695190867195183,-0.03281756337880758,-0.8414775185816679,0.6257877127060608,0.12202701452992643,-1.2666721396665586,1.3071781845102501,-0.8746124668962787,-2.7557883542450603
0.29748941101165094,0.7353667374199895,0.11210937686297409,0.8996219815718651,-0.3063562975984372,6.9002421224543165,0.06056547743837683,0.890489090148732,0.22832790772161257,-0.6288577338082855,0.7655528215025822,0.409512090517608,-1.0138917190418693,1.3334063995161198,-0.8590151927205844,-2.8744187575664486
0.17341813368883602,0.7941374098135012,0.1461093999551329,0.8521037459860995,-0.3363455558366941,6.66285283096691,0.04577898623399344,0.8315962031210583,-0.14407562522745282,-0.9462175579762088,0.6586006983085235,0.20558914692684946,-1.25194392240154,1.327187855621819,-0.9254961020931074,-2.616982300555489
0.28706712106218407,0.7923793124912769,0.11056650686474333,0.9397764757174887,-0.23602152518644479,6.941559941545581,0.03816770459215359,0.8771091800062347,0.18254149495190178,-0.8055632366611333,0.8195807395062991,0.5802438808462317,-1.0565167892375238,1.3947367698814608,-0.8430321395513977,-2.904946637113213
0.10006808795849115,0.876934323819356,0.12861130497642564,0.8087276661588689,-0.11667939738663853,6.743154668441298,0.046290151621031124,0.695190867195183,-0.03281756337880758,-0.8414775185816679,0.6257877127060608,0.12202701452992643,-1.2666721396665586,1.3071781845102501,-0.8746124668962787,-2.7557883542450603
0.18322625010664334,0.9086027146138388,0.13756716843801403,0.807968564466945,-0.10699037710741756,6.779146007985877,0.047748424608103475,0.8106306764504844,-0.03705629959456332,-0.8861596631145489,0.5943830950767521,0.3682928490217207,-1.2408105990460019,1.3091474461337234,-0.8849585790109019,-2.7130804656198264
0.745475782408357,0.3656251127797618,0.06303202309966059,0.3930150641539451,-0.002914288149647652,0.8490800731461514,0.12339963956473181,1.4311023155513616,0.24210312887782412,0.24122318049206135,0.533577884291927,0.637708904606167,1.5483102246496558,0.2395636237072805,2.2130104476680246,6.402532575645105
0.7265901998028229,0.6432866216206644,-0.012694256261582496,0.7284858817448702,-0.021077677477108377,0.7511716184759115,0.1255990186399918,1.7469167003596322,-0.35943327743291476,0.39130023045116724,0.540174732444807,0.22473467591540378,1.5495619512792156,0.2087635097788038,2.0421041505525515,6.637712018690974
0.8412913988767143,0.5711817784024883,-0.007531652015236536,0.8264540184633912,-0.004746647073307816,0.7355861849533462,0.11268165799832355,1.6636064905250276,-0.7900404693062693,0.45204145605544194,0.03209342461570408,0.3414428946195615,1.5209118436253377,0.11163539405159584,1.9306608384692583,6.352963265997472
0.6973776733033471,0.35625559871492046,0.006470217884728018,0.6161435167811005,-0.3767285563870378,0.8575795820446014,0.11598701301795099,1.3509015161205105,0.4159751164473118,0.3055796281031263,0.44371597036054206,0.7189281241704825,1.5443497220708082,0.21102993527737918,1.9875369465736619,6.214150621936176
0.799967855606618,0.6602605665686416,0.0012401926658565552,0.9963989019449841,0.005998448375903633,0.7357935175021297,0.1014216854022215,1.7416839439978744,-0.6691266216228124,0.4768978166106116,0.42448591142272357,0.0554100009081522,1.5237059476254793,0.24954260106569312,2.029636520724505,6.681045682414638
0.6149327244344421,0.5892795013938327,-0.0043895708315025445,0.7803457001073121,-0.3366498708075381,0.8244162853571293,0.09855008836107101,1.6429566562908902,-0.6773350289071791,0.555891554979402,-0.09936448649412538,0.6189199420544872,1.4640754892237149,0.17118073758417082,1.1011553322037808,6.660286308873885
0.7711537503525042,0.6979471561274387,-0.01662702587571745,0.8479406977064041,-0.024100206585899096,0.8252617924235711,0.11422714936747691,1.5026711670738446,-0.9390150874147489,0.40887262854725864,-0.7711155186479086,0.24170354067582978,1.47911002462331,0.1332225442132489,1.5092296268679288,6.459918251569215
0.7166189121147971,0.36533374586420403,0.0730650035435828,0.49957130672154804,0.012538231269065139,0.8337189773276384,0.11774397325024029,1.327659688768493,0.31996215146878404,0.26564627851837636,0.4053801109709261,0.5910266695068536,1.534523983045811,0.29030920589073356,2.5319761151482525,6.374661996877434
0.7288013119999988,0.6703085302723945,0.008425212441823489,0.6044382442398172,-0.020880078430440083,0.7930687004558175,0.12605233688607956,1.471982065862856,0.04616425136654616,0.2690509722755234,0.39229067675549584,0.40383535055779274,1.5503255968269571,0.21134646738998233,2.0294054506256045,6.272880382890583
0.7314657237721014,0.3804852533353426,0.07816719536604567,0.4694437141845435,0.004408045243983773,0.8400870553213124,0.11914046849023421,1.3941312591543975,0.16906182539428585,0.2327061201196876,0.5533836938089851,0.5685723431950335,1.5498275435073683,0.2472602271720212,2.2225786404872463,6.365104361440832
0.6939162587133664,0.3045839846074826,-0.018762055980939822,0.5588258072710622,-0.3131868867009167,0.8997701430031358,0.11592508465816856,1.2368813098588622,0.4759215565613893,0.3648446866614804,0.4675812117687722,0.8789468908615862,1.5484113399011847,0.23269461038639344,2.049483836966371,6.231311946719192
0.7792198185431906,0.6648035072152646,0.003190734584327839,0.7872067826275578,-0.03174751487807751,0.7362385758865343,0.10624336859770254,1.7121832311492573,-0.5796917254151217,0.3836599175526261,0.1853372287707453,0.2026179483656658,1.5090506869426106,0.1458895915127202,1.7946901539043771,6.220721422968603
0.8212806243102349,0.5072276267695807,-0.007617464548433577,0.7654495046153026,-0.42314987785448555,0.7267672090415481,0.10322777440039828,1.7345416368906614,-0.5281781504666506,0.31635005416625556,0.2934804222903684,0.13692072733723432,1.5094363830428852,0.11500509724968859,1.7406788618357072,6.346330624381485
0.6757394089487799,0.6579530713722055,-0.00972851660868353,0.5862767131916803,0.13557523810033698,0.7619353672846843,0.11383018427995993,1.7160179409300296,-0.5862397604767005,0.4166689755826598,0.4844985525581095,-0.3022622761222479,1.521740471345132,0.22385096306240929,1.9050968925051568,6.352844523573513
0.7232298824804871,0.3741651997306028,0.08190300745880871,0.470133600585207,0.0066314434812363545,0.8516726074566758,0.12175210847760533,1.3510015997828444,0.22673850700982975,0.22907151443942653,0.4657910422491549,0.564343709756117,1.5425554967557575,0.26676372364800505,2.2654269359880215,6.421529614034778
0.730744298688162,0.6062126855141898,-0.017789319363698507,0.5320901432411911,-0.011516276257920394,0.7514760655228392,0.1361221963400095,1.555137607731739,-0.40359647485546735,0.1873846874240306,0.42202413633421976,0.24979593203451747,1.5430097506173193,0.1658038296416567,1.7995723047162848,6.074054015575901
0.6970881462673539,0.6405298841349046,0.0010109535020482662,0.6712140231827535,-0.028678698172935158,0.7447812284055148,0.11989794438478855,1.7344225093130814,-0.374619524960821,0.29834392070279714,0.34670430637909083,0.21443521111273667,1.521419771402257,0.17767264481848485,2.0107304851662446,6.529777221429428
0.7810302014954239,0.3355140392691365,-0.004989409001087749,0.5756137625761923,-0.4103807646287966,0.8386581299856546,0.1121153851039387,1.2740318461282545,0.28497571707283653,0.22981256225590022,0.46489066906650095,0.302668652154636,1.544057814100761,0.23510686581004944,2.128129246816595,6.480140194429701
0.7586130413745237,0.32064389582008457,0.014894530663791306,0.5795041333908226,-0.38225764587220695,0.8382331654126444,0.10625145740851091,1.3335214902648542,0.32713934337579814,0.17237945692167944,0.41010157291676475,0.3437016940665811,1.5288655023689495,0.21574071153136268,2.0827219215563058,6.463519668458519
0.676596781360866,0.7274152483398639,-0.008828829491773311,0.593930523811353,0.12360869753697058,0.7709787944997838,0.11082973289139797,1.7427821352404458,-0.42371338558215904,0.32531215242257827,0.4126165394619316,-0.3410335148401292,1.5102266434657996,0.20146546180239364,1.9542697726069167,6.3890109745078325
0.8641960378327368,0.7619863686419129,-0.005431295694571437,0.895212494889261,0.01815524764688373,0.7345823419669639,0.09249552599143625,1.5316035700836585,-0.8068921158740302,0.4027025126201463,0.08135679348500288,0.1410710531055283,1.518266501775999,0.13467146301491878,1.6651770064212124,6.3174986335220105
0.7600764461676236,0.7116934765901346,0.01650042031968718,0.964546461921424,0.14827862438211242,0.7579083464978874,0.10187197546800579,1.61281340528732,-0.6835744519436358,0.41274352939646497,0.5535960611932802,-0.33628894001801296,1.5405724742282054,0.2496759687655989,2.026855001006852,6.5201927532818065
0.9870677357336083,0.7626074488162053,-4.738221792317566e-06,1.0108637928681035,0.02082931669671921,0.7593727592074733,0.07705024171294907,1.4916462965554815,-0.988245811458064,0.5360484139339574,0.06800794498323894,0.09793907100943622,1.496488256704463,0.23422789373753342,1.8611210994505494,6.762379104552137
0.7666545471228035,0.5445486267609385,0.004290635056572526,0.8390269302853524,-0.5221056251533852,0.7333942814230453,0.10399733292005608,1.6613426208017736,-0.47616651887125316,0.30015895314758406,0.46398750732959365,0.2576445981640186,1.5188328941229088,0.19683509955560938,1.901108322370587,6.310508002677735
0.8609310212074185,0.48374581900172653,-0.0015717393618403647,0.6957179615918769,-0.5348258055129015,0.7446880516678931,0.076537786001945,1.6793290141655104,-0.519350751398729,0.28387222249541166,0.4773672489402266,-0.04508341042598578,1.545475485736731,0.19621674038917258,1.8607062106559493,6.239366728354664
0.7238916084267804,0.7137365328884661,0.01490051881626439,0.7840298307101979,-0.004690186226826235,0.7384563556472401,0.10439696232392673,1.6449407475018447,-0.44113758661884567,0.3541074287251312,0.561045252266966,0.21017974555554025,1.5243848107135518,0.21452620279639356,1.9851164848622025,6.274300949027817
0.7867132696933808,0.7658843672735175,0.016694074636914035,0.9471992169549345,0.1504286880207908,0.7232472186541582,0.09695027973636777,1.6756232515058105,-0.7227487613225545,0.47563206336966557,0.5915946517580776,0.010105065566096876,1.5509818491819956,0.27789681445514186,2.164654651965074,6.722959714410869
0.7489476715180673,0.6448141444578444,0.005587461003409862,0.9299570616066621,0.002588397844155682,0.7155271162494992,0.10355591177516472,1.6991811225205697,-0.6176377154571295,0.4547122202915868,0.5625604549659899,0.0901159865899572,1.54242108022646,0.26192618648450083,2.1208772626112915,6.630175119321325
0.7048869924590039,0.5682168196136513,-0.003869531534832879,0.8399927957004425,-0.40847692412795095,0.7664967027127232,0.1040272812892574,1.6606069477170429,-0.41119203604433496,0.34608377111400923,0.5064358454976619,0.5177702704519896,1.548792473879574,0.20635185980434478,1.7666414652079576,6.242816308077181
0.7451024006657181,0.21593893105682646,-0.01817357834923985,0.8503133428829275,-0.5317537996216881,0.8702388403924131,0.09980300961383316,1.3577241108516818,0.29142953846821085,0.39153518968635637,0.45940306925866,0.9461511177914153,1.5486541190159753,0.2691938412380085,2.1922579282963333,6.534677487096821
0.7418761887189391,0.5702005516976991,0.0006790635426810743,0.8072448924390689,-0.4454459954105609,0.7491278637055977,0.10646110714775106,1.6221045206852576,-0.339554323497282,0.27147447168035943,0.5554444439543049,0.35640461517179817,1.5584293695057583,0.20542693461093608,1.9497645825214585,6.4254930463690565
0.2724872579903455,0.8331526397865553,0.12005028239072628,0.8646221509352814,-0.2609095362122379,6.896523581609431,0.04455484283011602,0.8841032864098353,-0.07023250229799541,-0.8663007923716575,0.9741831880571887,0.6988976193540647,-1.204821465689343,1.330860279336027,-0.9935840721507007,-2.915621273372337
0.3059641995196674,0.7555501445249064,0.10198911200451675,0.9017714088816101,-0.32214030833188145,6.869557983232073,0.04032471122732061,0.8639812267669553,0.06807033467962006,-0.7719053758219799,0.9455918088416811,0.8872817637470028,-1.1564220865033545,1.3144137208984388,-0.7600278221254169,-2.8267913347638904
0.20552423752848678,0.8671943941669856,0.11373593904683935,0.8156983673462881,-0.25637158311901176,6.754483030920014,0.035627405597996514,0.8362524102588778,-0.24882437595084886,-0.9903417601396362,0.9289144296949992,1.0169035040359435,-1.060329006143627,1.1971357786167833,-0.9294600667323226,-2.7007059522389336
0.08323780547353818,0.9106015218063559,0.12755843677667708,0.7535176605662893,-0.11220367824442297,6.717565742012986,0.03007181248355632,0.6430163671618583,-0.01637626790562123,-0.8481726238984212,0.6879917742040477,0.18542817146457327,-1.0588270937339659,1.226335381518712,-0.8525449318580754,-2.7001265752465833
0.29808132793964626,0.6930451692631271,0.10446687795348551,0.9411631355191323,-0.3113214512720195,6.918698023405124,0.04743384845432834,0.8285944842142611,0.1697252857353578,-0.7150857542193789,0.7781612343515326,0.6344364001943408,-1.0064348236736624,1.3569777264903722,-0.7530511540659252,-2.9321440396077847
0.25971875542817763,0.827415218347925,0.10932104374446641,0.8171057319206054,-0.2511090242233247,6.903146576491557,0.034887978690977164,0.8859495782991247,0.20615838379901405,-0.6742078505497198,1.124007873442017,0.9952754149174423,-1.0055901537330774,1.273732830494025,-0.7439619702354979,-2.5582749437807975
0.2506734648102763,0.7741409596194113,0.11529050515299892,0.8879275458504577,-0.25499417711516525,6.829903789368039,0.03521083479380472,0.8757931201608019,-0.045568846410281534,-0.8985953208825369,0.9784090538951477,0.7332498051191371,-1.1849290966202475,1.3483458260974208,-0.9192110559177626,-2.7536246984303534
0.34066395525555887,0.6965415612547141,0.16330019605131266,-0.3992087560059889,-0.2769898547632311,6.799036352251006,0.05148858956130215,0.7495309144773215,0.4419881332653567,-0.8900719089571512,-0.509033991606148,0.14536323348530678,-0.6367400240187667,1.2259743936279068,-0.6526162050403945,-3.178237921274146
0.04732535947469626,0.8931079241834667,0.12089062052833718,0.7731187664389867,-0.10719041101217815,6.534824771971042,0.02534562665880665,0.5026847506185395,-0.3375632499367824,-1.001503892045166,0.6105102879611211,0.4153950518999917,-0.9362173227780931,1.1229545544341721,-0.7426423163781707,-2.828892794315001
0.20497503017899157,0.7672250188805597,0.11356635307349248,-0.031814271236273985,-0.1052137762982343,6.735702501557223,0.035671169469021116,0.5909433541113536,0.05643359643056094,-0.8272617513041838,0.5472359764404862,-0.29026495884746695,-1.1835658977374481,1.151599951570765,-0.7419232601780329,-3.0063904736392466
0.047486788311217686,0.8594347072033688,0.12797375708499847,0.7824211298795487,-0.10907966340338231,6.752301955427416,0.03003771545312603,0.5950952883470023,0.04490191662764713,-0.782802660633623,0.7952238442465748,0.2768567317222047,-1.0784661121541805,1.263347183469214,-0.7700448317004756,-2.6730047136923227
0.3896432632867351,0.4133790572337036,0.12699271844533627,-0.0366343214531813,-0.27775565548065817,6.837269043293352,0.08549984106332206,0.8071471469048438,0.2234329651118486,-0.8693261551302024,0.766332160833719,0.4007511409008204,-1.0715622513274246,1.2026985012562617,-0.7937850003921174,-3.129776249101879
0.37741265190170964,0.7137324500060211,0.14326307975746316,-0.000498173093101031,-0.23344901851760436,6.866954864434071,0.062917775994719,0.7950556087029405,0.2800174398119408,-0.8463813592056015,0.6978422847511011,0.3696758757346454,-0.9843280888741627,1.2128756933012232,-0.7257598357890643,-3.0217666179179234
0.26197464146794897,0.8324953064232022,0.1197911692365515,0.864791840479348,-0.2607170709692069,6.940651150234903,0.03477021121976363,0.8721777739963894,0.19585848659802932,-0.8486012562502447,0.9124960830783436,0.515814658012858,-1.0919800536782949,1.3771079524468781,-0.9388545033922634,-3.049553064655347
0.33531787264565277,0.792851778061532,0.14623631710330523,0.2100135954908323,-0.265994830846776,6.885809206884773,0.058522100864670315,0.8026341804997423,0.27754025735759225,-0.8366668103089662,0.09907307315341755,0.4653171132268844,-0.8030089844607893,1.1631236129263198,-0.8931361134869582,-2.712400691714205
0.2907108541887203,0.8194070644767176,0.11500814954291166,0.8905968684639032,-0.25613153494720653,6.869876591962093,0.045453826523508725,0.8852617665904586,-0.04425876776518625,-0.9086770420258375,0.7632277491627032,0.7545702830438064,-1.2528595638463236,1.3161455530213924,-0.9638695743912246,-2.898948222041512
-0.0754197311437989,0.8808755276808121,0.13692538587118325,0.7538456767333312,-0.15774923475658714,6.605200117266838,0.025294652571226206,0.4265616273907767,-0.04820900534944819,-0.8450466987283375,0.33051832524387953,-0.5517909174291115,-1.085560853917904,1.1625087988904104,-0.9234048882034697,-2.8804711761157167
0.2056146748148938,0.8538535098971147,0.13894488281992906,0.0729699670237914,-0.10332650326806983,6.868279496565213,0.04236310206902169,0.7474697294853774,0.10252540640889357,-0.8217414052033768,-0.016238348889735528,0.13591401962979544,-0.8842368508973657,1.2250902602088172,-0.7823474826300855,-2.6263930932398023
0.08231946450104473,0.7330175189630274,0.13379209101894385,-0.0708477542241454,-0.17789231406866102,6.53616465413569,0.04470524449820748,0.47123816941375846,-0.22491348435787809,-0.8969809097482252,0.37124534432111,-0.7877718347110645,-1.328733060709301,1.0970059035638167,-0.833770592837243,-2.838680844383187
0.08231946450104473,0.7330175189630274,0.13379209101894385,-0.0708477542241454,-0.17789231406866102,6.53616465413569,0.04470524449820748,0.47123816941375846,-0.22491348435787809,-0.8969809097482252,0.37124534432111,-0.7877718347110645,-1.328733060709301,1.0970059035638167,-0.833770592837243,-2.838680844383187
0.03969743636768499,0.8882934125881079,0.12447605690902724,0.7558092955833269,-0.10656349704519259,6.733281458814526,0.03013056323420325,0.46100937976384687,-0.44653252814421474,-0.9094426867318173,0.5526204587596926,0.37431429858112314,-0.996406969761173,1.0924881072744463,-0.7467053082267584,-2.8840962525217755
0.21672152906728925,0.8698429987741438,0.12986955439865241,0.0010379031910305774,-0.09341996678261168,6.76532278650405,0.05564050910283679,0.7318680706999301,-0.0933246569842945,-1.0563725237778387,0.5139148637202007,0.1473366256082637,-1.0439145470693725,1.2348334050398722,-0.7656567956953079,-2.959215182045343
0.08100795613373295,0.8140019356259703,0.14189220047767023,-0.01903658901187359,-0.16138742838180847,6.560901746776402,0.05162574643529211,0.47735643507558806,-0.21579673427913826,-1.0563222757769195,0.3440813211935686,-0.8468031611448615,-1.0981516562564,1.2124067298804024,-0.8136443873162902,-3.1024520575619787
-0.11740504090936534,0.8743823163847376,0.13972359014447783,0.7484881223788551,-0.15949859956219747,6.611482649062638,0.024773850543148984,0.4229785202347814,-0.03355051948960524,-0.8446186923837951,0.3399916842146125,-0.5642097896566526,-1.0778556725578292,1.1658548261954522,-0.9218838095075358,-2.877937320492614
0.39949359853763555,0.7731414957817618,0.1455714763631195,0.02671539528003186,-0.2424614565547118,6.819468373018781,0.060436456625398385,0.8115600545526267,0.21158253073131045,-0.9095313220602808,0.5785966364803834,0.360835270001863,-1.0397300904249636,1.2852945734381034,-0.7733620668670205,-2.8865040261832955
-0.11740504090936534,0.8743823163847376,0.13972359014447783,0.7484881223788551,-0.15949859956219747,6.611482649062638,0.024773850543148984,0.4229785202347814,-0.03355051948960524,-0.8446186923837951,0.3399916842146125,-0.5642097896566526,-1.0778556725578292,1.1658548261954522,-0.9218838095075358,-2.877937320492614
0.2897192792909719,0.8254965042378659,0.11590758900258612,0.901752474271451,-0.2558090954369176,6.894716510073335,0.04616605941583116,0.8756391508618159,-0.03744566258810231,-0.9213487822480405,0.8681412048391542,0.7428166707857154,-1.2533413166369818,1.3225575037835544,-0.9727393712130622,-2.955119876882406
0.3072922493242242,0.5661946395005854,0.16900891161295734,0.1861185835503643,-0.2773898337011275,6.66224302298462,0.06456256094250051,0.8586430365735869,0.40911644591952295,-0.6480127530120596,0.3457586918335525,0.4673240908528134,-0.8163668248161728,1.2540188408909518,-1.044105473542903,-2.6569934975776355
0.356417964620886,0.8076933475465401,0.15545588338793154,0.07394420191852345,-0.25557763271905803,6.8595026451347465,0.05682591822422694,0.8152579136703403,0.27408377277859625,-0.9522316780901922,0.5553159212543017,0.5290418800598463,-0.9257580112829559,1.3161820989929642,-0.7761418282095793,-2.919034958254378
0.30357395145308497,0.8421312987667945,0.11190041281946103,0.8948325101557132,-0.24828219723833797,6.881110390330194,0.03446153817500175,0.8418900972282505,0.08023236509919553,-0.8101666747513294,0.9662878666863026,0.8234922934289798,-1.1608788955944185,1.369224789386941,-0.7939753317447686,-2.6965581431071057
-0.10068427174700156,0.8453972507015872,0.14621149746312698,0.847809003552121,-0.16616306163256878,6.44608388702305,0.018685468477890644,0.5781858449085677,-0.3912172247958743,-1.064878623362236,0.5533043720963203,-0.7749263346647876,-1.5180139583029855,1.1682596533751102,-1.0056586096455464,-2.9647216869261435
-0.08909311149252983,0.8512066545519811,0.13757284289763713,0.7732686137795762,-0.159091469437408,6.606375787568795,0.03908901060145813,0.47511605988148214,-0.04430918495697211,-0.7652400232100197,0.4138180139557938,-0.4921996407273835,-1.1007497280624714,1.226486090123826,-0.8941768006506168,-2.751471653090281
0.11193392533559487,0.8797260801442456,0.13264402052046784,0.7985959246354432,-0.11722783355906478,6.726460332291945,0.0482801913220695,0.7005110123184886,-0.09421386698675939,-0.8652232067900656,0.6490916924670219,0.04635179906773348,-1.2375891994876167,1.2771233624992948,-0.8866728470433926,-2.766321538545456
0.7817543348505419,0.3376292201658217,0.0020353510824905863,0.593989720932944,-0.39316251450227213,0.8285508400647759,0.11496451800405583,1.3391317884024392,0.12024612606638892,0.24822157065982664,0.43681729885242043,0.28474462694543917,1.5331805062140405,0.20733220882580572,2.0137763175404375,6.301761668517466
0.7122241121345171,0.5892490696387435,0.008543145365207706,0.8958686586235574,-0.022695682354486896,0.7469456422946723,0.09677521183399218,1.6033749370002224,-0.4961173373839798,0.3620076007159953,-0.09090334423003305,0.32086459709370885,1.5013807407371476,0.1522048459821085,1.5274947649021322,6.009848418996877
0.7773505798608931,0.5665082617782099,0.00018290412245282697,0.6171490188677725,0.005103905136153272,0.7898516925610047,0.137746628603571,1.6299326262462934,-0.5330061369545378,0.3422187982137615,0.6396324601719418,0.4194306744414198,1.5582039507192575,0.20130424323780274,2.074689952297811,6.42332496861038
0.6580004568383627,0.6543291404294032,0.0688781588180534,0.49969070090091744,0.12231482772335232,0.7521503036419941,0.1119809420592834,1.7191206463246984,-0.32609361331520503,0.2878695883755968,0.4930942991355647,-0.41544346318516806,1.5192764793592526,0.2966988874043654,1.8794465633515554,6.1773577282183885
0.8639733913154126,0.5773280099563913,-0.00305195183640763,0.5422642352565906,0.01596437516777094,0.7600955044890765,0.13190587267270126,1.6351846789679307,-0.41463089256871033,0.3502607058108008,0.3540814036812824,0.3921897996305059,1.5427756256022531,0.20782386074489562,2.0134633427657294,6.245424905579116
0.7636251897851479,0.5846967809483327,-0.012625563389281265,0.606463281102348,0.01986619849037785,0.7632229083862839,0.13451864710920095,1.6918501347943824,-0.37515421367393886,0.3327483271786985,0.38280236413087343,0.5000658797570344,1.5465575285763467,0.19969879155928427,2.0430481818868107,6.310667427740112
0.7173781119821869,0.3115125342401096,0.06540071869825473,0.4322430090058947,-0.007241402672242098,0.8270679350564281,0.11660901078610524,1.359722203236566,0.14780282889507057,0.20026315963626387,0.5440347072976464,0.28050233345219167,1.5362330157645194,0.25097217252584597,2.03120429547276,6.126584381432475
0.70927582832011,0.6321306106459936,-0.004984394629076942,0.5418496432491245,-0.01963936174138271,0.730477918041752,0.13450892652586832,1.5999977618491363,-0.4237556049046811,0.13876724473334076,0.373614208200973,0.2585791946373053,1.5416281820798987,0.14407615838556562,1.8180061367998634,6.1702015441035725
0.7325399008454722,0.5909338045510908,-0.006064585192693185,0.5750428127215806,-0.016259637143763248,0.7690673241193301,0.12622120637006343,1.557011493492031,-0.19814649556405953,0.2726486007087506,0.4083689650278071,0.48144966347922147,1.5269224516684532,0.20122388130539157,2.1339332736639203,6.354145211048855
0.6970881462673539,0.6405298841349046,0.0010109535020482662,0.6712140231827535,-0.028678698172935158,0.7447812284055148,0.11989794438478855,1.7344225093130814,-0.374619524960821,0.29834392070279714,0.34670430637909083,0.21443521111273667,1.521419771402257,0.17767264481848485,2.0107304851662446,6.529777221429428
0.706127137645475,0.4856604989263238,-0.025491050773432094,0.8083767177028776,-0.5317021069445782,0.796185848243735,0.09817423192984946,1.6335390463294948,-0.5484221794251304,0.4396015117528661,0.24191003879038414,0.934907733308814,1.497868401264968,0.09587593251829497,1.454912294978478,6.59703362088707
0.7766569844557374,0.6646294435044513,-0.012423571930203426,0.6492479732434099,-0.00362416413963103,0.7420077811954846,0.11977308430354013,1.7012075785591272,-0.4316298338773835,0.4360284815312269,0.5472794071645194,0.13730657823115053,1.5390281091359133,0.23220355376052093,2.0913134200021983,6.502088482592726
0.8034670212412528,0.6483943429532654,0.00011950711769331282,0.633608767063033,0.007809219283536884,0.7468449619632807,0.1177788728509226,1.6434924742223203,-0.4189428642348793,0.44948490694372734,0.6321161766040221,0.15081472508915403,1.541224465100905,0.2090128181115328,2.0287962448754575,6.565753343770843
0.7006915675350577,0.12077899743594932,0.050031547504134403,0.44842261769353786,-0.3913615151996816,0.8562906728476313,0.11485599974464504,1.263435087876586,0.29934234453063446,0.28363510780923185,0.4185792204410386,0.523890361260726,1.523383196535469,0.30109543068977385,1.9860372708703231,6.141059837726761
0.7014246011058652,0.31742151497931964,0.08845708053202753,0.45145217188203557,-0.00030810728475998025,0.845677833451858,0.12080320442408961,1.2864835115184379,0.22773349127778372,0.21061961532025353,0.4582220361208924,0.2546096754717354,1.5466947598519085,0.26953145322220234,2.042391971334533,6.133519839781328
0.7470490794946313,0.37766101999416996,0.07927041217805245,0.4269151290560852,-0.07661685578152405,0.8126769912494286,0.10326123093392924,1.5348720848929505,0.13595080883911193,0.2347853867842892,0.6541492253127981,0.15241964378818842,1.5279792177911489,0.25986504776592884,2.156751511749048,6.478837579061779
0.7382319860345358,0.7337610020726721,0.00385049960172633,0.562456714108288,0.16306630478198095,0.717364303380671,0.13373396728711023,1.7215382557370524,-0.4543718055906162,0.32459200820830186,0.42475675034112587,0.02543729506260912,1.5093497145743793,0.22934170185223277,1.9861491293089033,6.348726245743889
0.7094653288918524,0.3435669202626064,0.005889199841405558,0.6316447511839555,-0.38689589445597333,0.897519373930239,0.11550814932306437,1.3550960265345484,0.4031236760956376,0.2728810761465989,0.43563661562853656,0.5569836721534818,1.552193870683514,0.20938529976814563,2.0339805418810397,6.097190416407653
0.7232497435165902,0.3479640269170742,0.004340721927009628,0.6075724262369816,-0.36865208280986705,0.8571296012177284,0.11989033448576829,1.311346555683378,0.40102371954525423,0.30341048090961364,0.47698102814716953,0.6167564660281131,1.562404676390156,0.23559871469703803,1.9533471672380764,6.155069147617585
0.8500890203339808,0.6181065443116339,0.0007020335227061797,0.8408596972296746,-0.008680220937019591,0.7499176899087119,0.10765156755670899,1.720600886545548,-0.6017517154536158,0.42488372529577967,0.15396794925588791,0.3143044591402284,1.5183876629922652,0.1753272081424198,1.9742142691113276,6.354927842411155
0.7132393516847346,0.5550976730976536,-0.012258906898502129,0.8443464943814051,-0.3965938269500795,0.7836849666446186,0.10146228688060792,1.5754371413522925,-0.03857636988664998,0.4586609877774814,0.39703450361258336,0.9264832335671342,1.506024433971128,0.2771446347555505,1.9977052274678238,6.482688584984257
0.7443282704427734,0.5528123506457645,0.0014070352294436878,0.8046549881788053,-0.4434828349479106,0.746925999063492,0.10533577186626122,1.6392684267562574,-0.3572012220469404,0.2861278753670783,0.5352323849348501,0.40577848520582294,1.5583282632958928,0.20751103468866935,1.8773585348894355,6.406630667144867
0.7597487965892786,0.695961738744305,0.007122990385959178,0.8117404543428044,-0.0050532606556373426,0.7533143713414483,0.1169286816646413,1.6078322313991895,-0.5493943751704419,0.354855441420625,0.5416149485970949,0.20326347344263357,1.5411155470039108,0.240487865580878,1.912768148961849,6.183574202582731
0.16972888375930523,0.8831650006417383,0.11090859567168171,0.7429867447629485,-0.30310795272363894,6.841996764371398,0.026999129125875158,0.6771040994467509,-0.35621541755899666,-0.9554529620424504,0.7600463647005872,0.8997220814236425,-0.9176151650481879,1.1117516401780285,-0.9124182632304667,-2.6557283921526187
0.3254960776448521,0.28551457646063233,0.16468544649955527,-0.5889821456668398,-0.25312654001554014,6.301988373734571,0.06604397215264422,0.6020372469008045,0.24748057704308796,-0.6422894765063016,-0.2825363516997538,-0.06900072125354671,-0.6695467715773183,1.0349759205956381,-0.48446063212239737,-3.0092341281273263
0.34731320771774093,0.6417291164305424,0.16351455442182855,-0.421308879434254,-0.28369078285689003,6.4943783253947736,0.05323171726939539,0.6617258393903785,0.3655670703660435,-0.8374094038239818,-0.45830836995787255,-0.12397483549426092,-0.7316210724315886,1.118232540429931,-0.573779602037629,-2.965945213798633
0.1850561474638157,0.8295804519648938,0.1531006125195391,0.08620743795711662,-0.08962973250616948,6.790645993063313,0.04645193532835809,0.5522438541841884,0.1419464492048048,-0.7943532145472109,0.06741828329399445,-0.15155541031926087,-0.9680694406570687,1.1022532904937397,-0.7803769952478189,-2.7516737378687877
0.32264925952004037,0.7238728077964656,0.1231416026926365,-0.011916377613372052,-0.2539037227265406,6.779909419049945,0.05019784475535434,0.7440030004223834,0.05322912180334933,-0.8370584839776642,0.6683160446200692,0.27931264538453576,-1.0862349817794752,1.2123876166620364,-0.7747716525414814,-2.9825827096146575
0.01696063870343429,0.8931642160090252,0.12736242902504066,0.7701533486297273,-0.11558664520038424,6.548465079113926,0.030474190332889825,0.6617579146789803,-0.41397569598632944,-1.1100953915731397,0.6235773073997263,0.327835411450321,-1.1315438005218916,1.1958977867057712,-0.9907330329590713,-2.819989858688805
0.3267641210380333,0.7970926539331424,0.10544540446587043,0.8540383633839413,-0.24381951377186267,6.840136605763822,0.01895635026183675,0.9128086440905961,-0.222612826984974,-0.9852744103463791,1.1840280917794153,1.1101079541785481,-1.276703610987033,1.2587915931224203,-0.7623219290429896,-2.774076700737113
0.15416749570443036,0.8047906586508863,0.14542062235192244,0.8476645183659842,-0.34172797703393515,6.672522362744407,0.04550032983666867,0.8223508382259899,-0.20392807774321056,-0.9503011137289646,0.6901573032297108,0.2000861668865825,-1.248874911999492,1.3243325588958097,-0.952805972962618,-2.579155485541965
-0.23415942252554273,0.889297251659918,0.13472583068256483,0.7224087355592705,-0.027994217551414395,6.501952470290864,0.04874568161820572,0.17834678761313952,-1.1434784146606976,-1.0437666430897026,0.0025675334003429,-0.7054323781288201,-1.1605954903851496,0.8083424726785554,-1.1274768340338994,-3.164448513290313
0.0543873025655751,0.935572140670424,0.12625442161707412,0.7038733988526037,-0.07963807283601633,6.78585749891376,0.05386902103938237,0.5731544351862722,-0.6129432353922273,-0.9592492985282602,0.5590612211530315,0.5258172456205201,-0.9019002647622174,1.1145355158548422,-0.864777693548528,-2.7658842219563056
0.22143155772169232,0.8636244440522358,0.11700901506042406,0.8927447508333348,-0.25380202229619975,6.893669721065207,0.03451773689684265,0.8828707946441035,-0.01138279725155226,-0.9727855824978439,1.0286266882990542,0.6544153568181994,-1.1450669859269182,1.3491882020268746,-1.0031243172087503,-3.1312474684547595
-0.18454867870972422,0.9240148297855513,0.13115630527793556,0.7133818261529891,0.006082560140714006,6.64386057658608,0.05310806814980609,0.2837467995387974,-0.6256090598583323,-0.9472144160868503,0.459222698422157,-0.37320028585229537,-1.0178427066321465,1.1223097692286934,-0.8124431574515216,-2.9120489998223733
0.29259353881376304,0.7697921863229428,0.11505227477986214,0.9208707338948675,-0.23628398237623974,6.92828853835491,0.03448056952031283,0.7785160702331247,-0.04896808872633703,-0.9072301740526968,0.958273382070387,0.9237021976299363,-1.186006398248634,1.3401436303221448,-0.8058714363193208,-2.9364616773355228
0.2210714575954275,0.7613979391701379,0.11438509579011845,-0.05285927083766188,-0.11347983596257415,6.635859258652847,0.05063237327051435,0.6058696926879495,-0.25449672551325087,-0.955539880231815,0.6685202342856708,-0.09431100476837712,-1.2727325146291946,1.104566262421768,-0.8265212987950589,-3.0150822103849255
0.22671097572558854,0.8016173639773173,0.13208457243064342,-0.009074897138450966,-0.09341422477782073,6.715718516093854,0.05574837700421379,0.6220996979486534,-0.05090971962433483,-0.9728273713209407,0.6098844605034791,-0.13599305033066525,-1.0436410217975551,1.1816359444728102,-0.7656762321878829,-3.0152853106393573
0.3511992930736011,0.9082027735637476,0.17003599391452714,-0.417951120261892,-0.16009306081104666,7.207664572688073,0.04661419947352917,0.5449759789406704,0.3428395427843438,-0.37598144141185147,-0.06098835236548854,-0.5611490249759995,-0.8365793600049426,0.9456785019500908,-0.4604662787813445,-2.9915097309384984
0.23703340516021887,0.6618581505717066,0.11197737953971308,0.9444584539736519,-0.32014487593404284,6.835592425557955,0.04785511782366723,0.8079537762581153,0.010181324197176359,-0.7328225752262675,0.6567342637380837,0.6322580016455552,-1.0322358370529743,1.309029314070757,-0.8628222385169486,-3.063121287130831
0.28355260988379966,0.8199190275416978,0.1150379625908246,0.8848212512144034,-0.26106625550266843,6.849855145358514,0.0459653969121721,0.8710169175892919,-0.05646902251523012,-0.9272529258387409,0.6818833888948096,0.7110017547209505,-1.2701316706988786,1.3215813918607713,-0.9556194448130056,-2.8341425997094887
0.19888662287776768,0.20087107847628555,0.1358525178161535,-0.4926434279301403,-0.3340072074120106,6.391150271109413,0.07785927730076679,0.5243526531700107,0.11439833135716451,-0.876505272451919,-0.43619874063646114,-0.010039658915304507,-0.736746722869804,1.1317628380985894,-0.6078613763199608,-3.059276055869661
-0.20544720529500676,0.8869301131169155,0.13092110992208664,0.7335008393329356,-0.13728095308882785,6.575497722692639,0.02911595734436332,0.31722125841835425,-0.5206097857279717,-0.9444153789607816,0.49441519288370855,-0.3708306607331255,-1.0244659403965395,1.0836770545363543,-0.8237833353302579,-2.923872674595481
0.17042651549401308,0.7674845048160464,0.11319026115525836,0.8058120847537099,-0.3775234575613919,6.633304335721893,0.047167209145141886,0.7778842959674214,-0.2088020199754359,-0.8616656601811463,0.45864174092459636,0.07655768778289641,-1.2088707872083764,1.271042295109983,-0.81431615859769,-2.5057504475924435
0.2661351951039031,0.7197394723127316,0.11066534862185848,0.9400021209896136,-0.3082733299987986,6.8895748951631095,0.058839825075177724,0.8725020023042138,0.17008326039800253,-0.6521243472381643,0.7591572206628578,0.4402099628962721,-0.992760855973094,1.331210645859352,-0.8669929408351231,-2.913121427971748
0.2774483485062037,0.05221640834915576,0.10498696920430314,0.748971979899116,-0.681366539208565,6.157231270860991,0.06634309452020011,0.8208789276025219,0.38747718270367704,-0.6148590827266533,0.636364551851859,-0.5646728915344633,-1.1269838654546893,1.0504854129882053,-1.1668322840269838,-3.1069565208961927
0.175153227371381,0.7829695902576832,0.12271667564436771,0.8297139373025153,-0.37079154797429537,6.65685144369037,0.04861866865005929,0.7986299912612537,-0.21089190590520132,-0.8443294017990971,0.48168060931008083,0.18257810931264865,-1.2253312885382281,1.2790704408232196,-0.8350931621400679,-2.5343009003885086
0.17946310820519076,0.9114874215672619,0.15742595917134744,0.8306509666549511,-0.10890275482952343,6.8006565390577665,0.0460309488899146,0.7947902957460965,0.0699746879392019,-0.8775945167947656,0.6042997595906325,0.37610911454432533,-1.2238339862982173,1.3268978138138188,-0.8633477290015753,-2.6681752237505103
0.4021504101011135,0.2598210605041295,0.011791465186659874,0.4001423304004248,-0.03198736000855855,-17.00745457920382,0.05073899019329767,0.6172923460538039,0.07093169122392073,0.23383468450005693,0.2547277354659737,0.10770783421915048,-15.279286717503654,0.18602689799637362,1.5966652976872893,3.7150051930154726
0.40106722702377634,0.26682397711783623,0.011501143402795322,0.40392385740474285,-0.03247278520649509,-17.045251139215136,0.050430660114835074,0.5839111470683215,0.10630473879573558,0.2335829236277733,0.2527947774344243,0.11627570782876166,-15.250246800070347,0.17219275161201422,1.579955023133365,3.6827297609332366
0.38373287155894226,0.3709684247824138,0.009878946188853113,0.4099432790304797,-0.01957042744646339,-16.926736952451176,-0.13581838249069508,0.5280162563360704,0.01606325876539592,0.27850387730134113,0.29153218518458934,0.06047352801210259,-15.298492562610292,0.6398835454291102,1.551646854330214,3.5405539159635437
0.40602045191198927,0.2545779857680746,0.010774331666541825,0.39936099817251103,-0.030955576475820847,-17.222847420720196,0.048849488192234884,0.5751729364519506,0.11571582355256459,0.2176025552652371,0.2567613732903548,0.1165876401061911,-15.341638535475695,0.17517993512463834,1.6207966285985926,3.771970581019566
0.38467649180157276,0.3628304246869929,0.009432890217149648,0.40832112768714807,-0.01939677110082432,-16.92174167933257,-0.13439771221509436,0.5232180499145545,0.07802837662285984,0.2742940365436962,0.28493188022879445,0.06302730427395138,-15.316109566422242,0.6282806050143769,1.5441392127228797,3.525874527875525
0.3936073578722839,0.47174187941993395,0.006499527015263765,0.457235069796629,-0.008048782494170808,-14.203138619797924,0.1078872171965836,0.6469374091748452,0.6856990254024341,0.17603204596767144,0.35325519825648155,0.38170376313035353,-9.732422537312646,-0.029016901508853568,2.434713017905395,4.589599535502572
0.3898764623163276,0.46788438960435097,0.008888358031551911,0.4451027586926052,-0.014739369075055835,-14.12981911689743,0.10969037344964906,0.6424300336946013,0.581660183165874,0.1642398299702757,0.33796264593324793,0.38138201708616914,-9.659299186604152,-0.04030892984045986,2.4580836481219963,4.545118082497254
0.35070000250698113,0.4823435417125875,0.003272427828896122,0.4504400200497041,0.010748466373079945,-13.571482166544024,-0.0070278366411584145,0.5381046122877304,0.8347988030894862,0.17590081494108295,0.32806861828607875,0.3734463311779615,-9.073974608012367,0.8407430758206104,2.7645583678151184,4.371140843193535
0.37427776867330204,0.47100991967921574,0.0023983556713304726,0.45709933716802537,0.013094251783138652,-13.8366453763372,-0.030517263505521135,0.5415154657535449,0.6954385081985204,0.22825301091759878,0.34919357558712155,0.37961292312407674,-9.359220240581207,1.001376620975498,2.6199791507794536,4.506453987449921
0.39413747636590596,0.33784255686634945,0.015572813494073669,0.43773090375414764,-0.022047139362501803,-16.22723707891499,0.05659908254066415,0.6653745736774701,1.1305947172389894,0.24451860856777602,0.3221989129211498,0.1336379994944315,-14.58667193300699,0.20920608669769677,1.9006130884499979,4.040823414562378
0.40532711484796585,0.29165514671393616,0.010650683761215534,0.47907356350025754,-0.026649746778362998,-16.872476240854265,0.04403420629893232,0.7289802888173302,0.4621023347674914,0.27921535790991214,0.4089920989006794,0.12327241560427285,-14.698544572735964,0.1470443587322189,1.5485611087358533,3.7110771722218248
0.4009130521237066,0.3023133801592931,0.010117421719072239,0.48163262795628026,-0.028862684798643592,-16.819992826570058,0.04275103914286701,0.7240436874152514,0.47630814785245973,0.2816804218581104,0.3976487814392361,0.11873643333985318,-14.671581929607271,0.1453710821066369,1.5476622402942555,3.6865659700773836
0.40602045191198927,0.2545779857680746,0.010774331666541825,0.39936099817251103,-0.030955576475820847,-17.222847420720196,0.048849488192234884,0.5751729364519506,0.11571582355256459,0.2176025552652371,0.2567613732903548,0.1165876401061911,-15.341638535475695,0.17517993512463834,1.6207966285985926,3.771970581019566
0.35961848537210017,0.35492694777659267,0.008963874392532488,0.3943553894471671,-0.015295960630541979,-16.68384955687544,-0.1209452348077571,0.5379131614352791,0.05241817163844579,0.2750712084425799,0.2556361063398793,0.04449518448281216,-15.179871526039568,0.24275382629417452,1.7378830811853248,3.3945698519007355
0.36797191616560837,0.373239849569382,0.016973183935799115,0.4085039421933224,-0.02835760793841723,-15.77866813999803,0.09482701053384945,0.6555307339863955,0.21061735906102502,0.21307112931347766,0.29557141457556896,0.20258573273374356,-13.315128074354128,0.5571037707178,1.9856981273235133,3.9795405172329685
0.34283988534458093,0.388246904253757,0.007042441443862377,0.3875401430606676,-0.008974145739099321,-15.574741905919353,-0.09444292424715926,0.5267831804020764,0.14744528863572684,0.2506637937761819,0.263721577082753,0.1417986773763955,-13.695699442134314,0.2574863183834264,2.1722466901249855,3.7572166670774405
0.36733021852537534,0.38670545173363785,0.006034556870463219,0.3943762860000229,-0.01303234161836048,-15.767407083483182,-0.10813817808930132,0.5277673855841821,0.08390191868583467,0.265689983813439,0.2793306704166028,0.15560244700915424,-13.770193428046523,0.6289126621908517,1.971390251477342,3.8487052248018556
0.3981103093143965,0.36455547664207216,0.013307125487349946,0.4332313125689134,-0.01582824418053919,-16.54178245741517,0.054313001118531046,0.6475759540053364,0.5439751802020735,0.2930799303642955,0.32730848631065923,0.1166261728439008,-15.185926658862856,0.046585964444822166,1.6895898808761134,3.7845761869390038
0.39415742744710214,0.3639842954869962,0.012058607894411244,0.42780950519731065,-0.020118688382482288,-16.531065115673034,0.05325217368476065,0.6379521241458346,0.5715625661078401,0.26084521478282174,0.3061503113819041,0.12098366718665422,-15.108818211755782,0.030547144350659437,1.6998609515566339,3.7892149009949874
0.38003737318593184,0.39894826997559524,0.009398555270438327,0.4491117248024465,-0.006812898337164673,-16.254023966771573,-0.12277943254099312,0.5455296566797715,0.6183071665198311,0.32670821761654056,0.3491413837083254,0.08575445657731534,-14.91867233785907,0.8023974316016079,1.7754919410736811,3.7429074567411718
0.39197725608213885,0.43044075921884895,0.01113040727397324,0.4019875235109975,-0.018758664796633774,-16.203563360290474,0.06614257370759033,0.60133737313207,-0.37069896559253074,0.21644318300291185,0.2587482124603153,0.12215602944654495,-14.217831781902921,0.14019382750271547,1.6867857455611786,3.7465299669978713
0.37450186767122684,0.4230757373267023,0.0055346389745172,0.4009192097446802,-0.010712454374304481,-16.010346563433252,-0.10861618908466732,0.5094138808793061,-0.34473992386476215,0.2769198519161845,0.2494279218411374,0.09174870302618071,-14.26961994071993,0.6382196571825897,1.6086076018704627,3.5046216621373643
0.3902311160845801,0.3565765206020799,0.012151270467096463,0.38969430649362014,-0.026369684723419485,-16.676234336586525,0.04735954410649126,0.6144342009738942,0.17034185149518943,0.24664366423905346,0.2459020654993989,0.11777965823668765,-15.232381425486283,0.1057409005364167,1.6724680677825108,3.820970456581309
0.3887598171549231,0.3490515210216191,0.01426050113835685,0.3938093889144038,-0.03012918041067657,-16.45170095363738,0.04831500854564966,0.6179236445921552,0.43444319974393225,0.21231129708828192,0.24654798124731134,0.0963137645150176,-14.90461541580167,0.10022871332259148,1.534208545826191,3.6779181152055154
0.3741724655680986,0.38205805752222655,0.009667539073388205,0.3936840249402678,-0.017824284718977606,-16.370483304528832,-0.1233768576406853,0.5161628158724689,0.28969366219879283,0.2870391414617012,0.24881382496782867,0.07158836515801467,-15.112828551389853,0.5269413630727311,1.4980186251610994,3.532720973222706
0.742860925456701,0.778771035867549,-0.009412553071026425,0.8456440190582195,0.025202213349849196,0.8093591245155707,0.11287388322854648,0.9640438577509457,-0.4930484600353483,0.28690582537995674,0.5597174263830704,0.368298819713824,2.3938211207435347,0.23828745302094242,1.9419011335147447,5.933193720066838
0.7304109845896402,0.7581492654992882,-0.010154503756889878,0.8453100544553853,0.0015065194377117438,0.8110626935866535,0.11037479327643461,0.9635309074823875,-0.5193927350064637,0.19935786903178104,0.47489271918744586,0.3790055053568364,2.349070527760765,0.06726223729969406,1.89707041102704,5.814218400485424
0.6534138460835216,0.9206043013561052,-0.022542341169164905,0.901555330403876,0.04746911909037585,0.8483274094838609,-0.16196333657152862,0.636292447904152,-0.6453839567566207,0.31572813795414223,0.5228129818937755,0.09389856176200921,2.3649756237438235,0.302564959173751,2.689010129126704,5.337137874161163
0.7138190981632246,0.9097575691663751,-0.022854503869096623,0.9160863467142857,0.04303275201461718,0.8540631958215081,-0.17589417871323293,0.6410665132432436,-0.7972821700617786,0.3397168816117599,0.5959647884219609,0.13409051216824586,2.3305093244456367,0.9038461298356744,1.8377457382233555,5.548687920778603
0.848049430877417,0.8147558773119874,-0.02679398132486022,0.8518527234564272,0.02598063285024035,-0.1845084312360008,-0.16368831415495697,0.5790939183702514,-0.8900157914175049,0.27475622204965827,0.4027594271873096,0.04753252930647873,-1.959289849520132,0.1304958805443989,3.4027173412408023,10.047591933074736
0.7068597632796452,0.8241400702393922,-0.022763552517407224,0.9200662714208291,0.027234708972304372,-0.1913918547680283,-0.1860469188077328,0.6421874686835246,-0.7192848817291342,0.3222828560384472,0.5204255848836663,0.15681376888782855,-1.9505758239267337,0.7541160274018999,2.599678854654431,10.553208515210395
0.4000185197616751,0.3631001574122041,0.013063290848420629,0.44382144534737716,-0.016496110612328228,-16.514247128169668,0.05217128093544926,0.6596082655273678,0.6247952515320528,0.30610295510341745,0.3477436929933561,0.09881986742855188,-15.09470120196152,0.02448435698199881,1.6904027915774265,3.756971363284358
0.3616063365535215,0.39614350004806226,0.009648271107011433,0.46463308360045186,-0.00047310430997330735,-15.972538555802895,-0.11383938070688987,0.5560849194053343,0.7373316839462437,0.3223629357151306,0.34488912509228026,0.08643318753426699,-14.599057642576755,0.5468750735478961,2.001142062459034,3.619139968095319
0.3902311160845801,0.3565765206020799,0.012151270467096463,0.38969430649362014,-0.026369684723419485,-16.676234336586525,0.04735954410649126,0.6144342009738942,0.17034185149518943,0.24664366423905346,0.2459020654993989,0.11777965823668765,-15.232381425486283,0.1057409005364167,1.6724680677825108,3.820970456581309
0.3887598171549231,0.3490515210216191,0.01426050113835685,0.3938093889144038,-0.03012918041067657,-16.45170095363738,0.04831500854564966,0.6179236445921552,0.43444319974393225,0.21231129708828192,0.24654798124731134,0.0963137645150176,-14.90461541580167,0.10022871332259148,1.534208545826191,3.6779181152055154
0.34980503880420766,0.3665691176848798,0.009665736224545552,0.38773197232838574,-0.015930418445316806,-16.143928565726654,-0.11708748429316317,0.5141687016723301,0.26870031675023764,0.2800201164999569,0.22093663305720107,0.06251310355456635,-14.940425825173737,0.1849651910431155,1.6855405441250535,3.4276710923352725
0.3741724655680986,0.38205805752222655,0.009667539073388205,0.3936840249402678,-0.017824284718977606,-16.370483304528832,-0.1233768576406853,0.5161628158724689,0.28969366219879283,0.2870391414617012,0.24881382496782867,0.07158836515801467,-15.112828551389853,0.5269413630727311,1.4980186251610994,3.532720973222706
0.7444466681515124,0.6319191803010472,-0.010540437893597354,0.8650795579537183,0.015301539466383797,-0.1812179805594618,0.12215299049241156,0.9152558713429413,-0.47793659432184527,0.27087603027854634,0.4735214997548896,0.39843928053943783,-1.6837651629706252,0.24747011765277835,2.6425557450533885,10.724908496257695
0.78085207907944,0.8152334217049165,-0.02094939149556997,0.9037463330298715,0.042254754304179444,-0.15223771796009092,-0.16940191207153535,0.6214017342297357,-0.7074278468566743,0.3187489839014812,0.4192996670529246,0.09383401672493205,-1.8356533889740263,0.10559421562093536,3.4713923289284234,9.960314612927744
0.7684502124052967,0.5995986444503038,0.0042590053678143525,0.8421289501968466,0.0029500871054447893,0.5492398884796357,0.12140375244032002,1.7739060639106548,-0.6605855209315955,0.4013887056848228,0.5314061238098454,0.4018838132651029,0.6392908898781805,0.3594251979009878,2.305637931568252,6.987563693566367
0.8014952515584038,0.816208398354729,-0.010176454083041495,0.8773831093229173,0.043783520509281894,0.426557286715185,-0.17995029646448082,1.3842894183978451,-0.7282010190874239,0.34774469426898547,0.4664407604282113,0.11484798303702279,0.06381010963804275,-0.18347874893427407,3.2976080539258845,7.237889101678547
0.38313106308796635,0.34238910643385934,0.00854232945677906,0.42242651179841695,-0.019462982885996623,-16.992246853316807,-0.14155745701891428,0.5257976325806989,0.07012529498221247,0.2808291795016091,0.2904274410677437,0.07249159503042127,-15.47369940377836,0.5933577514499949,1.5484838654965571,3.545050647294701
0.4023266535908718,0.29818787423903814,0.009480910368517701,0.4722038715814077,-0.027185796855731904,-16.942157715756323,0.042575101284437304,0.7292880708096572,0.37203889862678463,0.2967825997148001,0.3988929679955759,0.1194447794510226,-14.6309299486991,0.15254298421585552,1.543465293564559,3.647087984254499
0.400625421908471,0.30191382283872137,0.010070805665233577,0.48176185846969205,-0.028955507363735023,-16.8184903234319,0.04272360643428246,0.7238450298402127,0.4792674757057177,0.28173557770244556,0.39728389062964115,0.11883047797301148,-14.674365681144792,0.14574692640984338,1.5477809323536098,3.685532530517947
0.3841288430481728,0.4180592058640947,0.007966753731253442,0.5004269389955541,-0.020127210068659734,-16.466578435282628,-0.14352493530465446,0.6847866302047722,0.438531363162043,0.32965467134651344,0.4494838342079508,0.08963561372592886,-14.592657265882014,0.7240585790039528,1.4862743724307828,3.472970995062842
0.39353505357005036,0.31972167641951804,-0.00012888588190453854,0.3968917830895129,-0.039297302206459404,-16.228910052263014,0.053061711438047436,0.5868993212149923,0.32881603357639255,0.1590896873806589,0.2308201636808147,0.1346586274372972,-14.024939299316609,0.17929421240006171,1.6991967242533632,3.7726388872774166
0.3710406707015967,0.34846146946820866,0.003316451922397342,0.3972492011895675,-0.0208117612501179,-16.012494352688872,-0.14567014500554748,0.48382210721088686,0.34701310178005634,0.2426100355258221,0.21291736612270956,0.10182118965723033,-14.083111361847296,0.49188969394328064,1.5408117180959249,3.5024648457365775
0.3619985006090537,0.400425218235031,0.0104600237021275,0.4526436834501691,-0.0001647454193990417,-16.01710847558743,-0.10938943555318646,0.5546552716964974,0.6785710028041149,0.31534916065219615,0.3316824166259503,0.0757791806778787,-14.77180206406087,0.4582069046977805,1.9800491248495358,3.6206055934419497
0.3822021443945774,0.4049866652059491,0.00995771509077976,0.459451532253834,-0.009552991171430736,-16.282625418456984,-0.12574742783727924,0.558378193903184,0.677531157621245,0.33240982186204415,0.36144194211424613,0.08795471180257204,-14.952635175287012,0.7995684573521938,1.8018794482189013,3.745014824016714
0.4045564469517877,0.23029317068117325,0.010501646291438205,0.4208440150500657,-0.030655820868919985,-17.270099309548495,0.04758580244869317,0.5875146261021337,0.08543981222763006,0.23028646982592854,0.27144739978959964,0.11628046083925203,-15.478923678617576,0.17810050290254237,1.6186878779848892,3.7859968320666693
0.40017164631996893,0.2344598371241159,0.010113670620453404,0.41537958100093036,-0.032490447356697406,-17.21669041540946,0.04637271036286309,0.5813951210466848,0.08418008954784446,0.22260909982749538,0.25733358853563293,0.11172183593327663,-15.411037185920271,0.17499565465701827,1.624885973184733,3.758234281335716
0.360680141163225,0.33691015971736904,0.009085094032670538,0.4163583867701119,-0.01432709416164886,-16.747768020563576,-0.12832931590962432,0.5312023891368095,0.021835062575562798,0.28321544374718877,0.26086866941939457,0.05365587812402331,-15.297565012930749,0.20547280791254677,1.7407057434914088,3.4260912526454192
0.38313106308796635,0.34238910643385934,0.00854232945677906,0.42242651179841695,-0.019462982885996623,-16.992246853316807,-0.14155745701891428,0.5257976325806989,0.07012529498221247,0.2808291795016091,0.2904274410677437,0.07249159503042127,-15.47369940377836,0.5933577514499949,1.5484838654965571,3.545050647294701
0.4047634657155498,0.26238189749204854,0.011790445870634532,0.40199212576608573,-0.030785181205440434,-17.214181492355383,0.051110760052469416,0.5845068558412891,0.13367486497924394,0.21999809144565505,0.26681015292288474,0.11157304448551059,-15.372826400631029,0.19239475032348696,1.606811071301222,3.770611144572158
0.4007055382356169,0.2665668504283856,0.011299823826574814,0.40194630675291265,-0.032433396801160065,-17.041466341121144,0.049935902569672855,0.5819485532393488,0.12067551027925179,0.2326950532527491,0.2528165516344467,0.11677883397244691,-15.223913471739827,0.16453930184840543,1.577796024066874,3.677497541738606
0.3588981215140552,0.3639301568096202,0.009843105671621688,0.4017459942098789,-0.014543620288090229,-16.68143336092026,-0.12176602313490634,0.5360296420023307,0.009502970572047124,0.2806815061977912,0.2671388144514309,0.04788583289433381,-15.200385328499708,0.23409783765562422,1.7476714322603575,3.409700885358921
0.3848152378822612,0.37236186361090484,0.010480376144864956,0.41633447744975116,-0.018597430637466883,-16.909549927606044,-0.1351943505429601,0.519253580344389,0.045226029347551794,0.27897903537579066,0.29149632321375135,0.06668681848279935,-15.3203924242882,0.6366949574598949,1.551399924344676,3.5468165705824495
0.39089504330117314,0.3452484790664139,0.014540462880326678,0.44218910494164704,-0.024326547004711218,-16.15033512772631,0.06017896227698016,0.6480430869504544,1.2677710507451452,0.19967390642918614,0.32208425497315635,0.14775711587145698,-14.31180845831677,0.2485045854311865,1.948258995021207,4.102494083963656
0.3874669689297586,0.3412733933573073,0.015588527353919338,0.445035633647094,-0.02863966031162273,-16.074641963091565,0.05970917643253279,0.644605155991245,1.3207086144396252,0.16063296947953495,0.310520870332903,0.15227677594733624,-14.137977331320513,0.33792033338728533,1.9447153768323726,4.0748279891859625
0.37557171643209514,0.37373854432616976,0.008458316515057584,0.4012328906459084,-0.017377335523763155,-15.9916149435925,-0.13908089322254505,0.5229126573567321,0.9285492328691568,0.24891791335616337,0.2870341920411382,0.13400850979243908,-14.40052324590738,0.58096260369722,1.8709555504533522,3.8936314538420596
0.34935749575981223,0.372260193377423,0.011176746382138631,0.42107099198985776,-0.014710109791974044,-15.885590600538052,-0.1729839547388265,0.5663383650897187,0.9822446578717365,0.297844882346419,0.27953002490770407,0.11738672930609455,-14.567646900056507,0.1960459481084384,2.009629042357166,3.762653017559105
0.374898879958565,0.3754779541190343,0.010586039756929233,0.42294812693625344,-0.015320609396176509,-16.073926731292406,-0.17954612356138605,0.5635782846390073,1.020366061579936,0.2965649260178644,0.3052256917583356,0.13261143552165885,-14.635941858970632,0.61316499986662,1.806407375566859,3.874228320260865
0.39121688306538505,0.39234200819645715,0.011618158125646287,0.4048455430726942,-0.02713377822552518,-16.013781452563663,0.05701654234285631,0.6114113213444733,0.5424182624251913,0.15227404002738196,0.27391753039299205,0.1344483971988679,-13.699796923606284,0.29663051794665224,1.6952391300408214,3.8397494449118494
0.3491312376071015,0.3927834483176881,0.006513890133116718,0.392948410026104,-0.013794444814603497,-15.818799695969094,-0.1210940238622383,0.4830481601268932,0.21548405907951781,0.22690193070178252,0.1989032212626567,0.10090321873849953,-13.98616573990462,0.09558548707650387,1.8477995338053037,3.5172503301098152
0.371900411747898,0.39661296656629424,0.005985323298564124,0.3993556240911751,-0.01701544714637587,-16.026199424869585,-0.13463979253016914,0.48560699377689365,0.20088375993003554,0.24512385786862761,0.22801513356486156,0.11283664444938843,-14.159117404282307,0.42863230037411326,1.652313054534094,3.62233918335193
0.39620505833408004,0.37005008221374264,0.012275624686726555,0.44396218027508944,-0.016987302978791002,-16.554252957116585,0.049698881907137636,0.6490394717702646,0.6335874621138174,0.2952679440609662,0.3345419078439841,0.12074842492495706,-15.125129078646221,0.023788113238208168,1.7060338045581374,3.8308818171384686
0.3947705045331429,0.3623916847565736,0.01368463010410723,0.4472815134668592,-0.020208581068885165,-16.47128086833931,0.0501820550763262,0.6493003986910415,0.6248720465467975,0.2955907260206027,0.3282522443726903,0.12155815457271323,-15.081029580681472,0.001784877863055645,1.6827312700373498,3.7589463708787503
0.3616063365535215,0.39614350004806226,0.009648271107011433,0.46463308360045186,-0.00047310430997330735,-15.972538555802895,-0.11383938070688987,0.5560849194053343,0.7373316839462437,0.3223629357151306,0.34488912509228026,0.08643318753426699,-14.599057642576755,0.5468750735478961,2.001142062459034,3.619139968095319
0.3785098487881415,0.4061428392161748,0.0100279106295951,0.47157699632896605,-0.009148098216078985,-16.20646309412518,-0.12453129102425006,0.5602320447687669,0.7364604574592631,0.33748913758036275,0.37395664928910055,0.09191437310474537,-14.803181624460981,0.8571299899094659,1.8132220053018249,3.7313664588049518
0.7629181163939207,0.6300226552905264,0.007126662764931032,0.8384813829622428,-0.0021293900532835925,0.7530091051907892,0.11434383822811689,1.6763725191467274,-0.5887669753688481,0.3278641421420125,0.4524322701818509,0.3840880142245437,1.5262187671557474,0.1235906829490102,2.0794066093270547,6.256529169112599
0.7023824595312653,0.834216460022968,-0.010501622979148022,0.8871516257647193,0.05971529393683861,0.8428414294468863,-0.18839713749773673,1.0985366656545856,-0.6598786148587931,0.4318055032304453,0.47146023858077823,0.09766529455106375,1.6012334197183073,0.36263082657344803,2.919258909303742,5.427888868764017
0.7339084523166275,0.5956401286416734,-0.013067837072346098,0.8544817292821985,0.0008514789866822733,-0.22060070665794124,0.11922291452083851,0.8820178954694073,-0.6049366423325407,0.29123585400774454,0.46797405111808643,0.37312170114328025,-1.7739191527367721,0.22415777394063474,2.5935442097814794,10.82316160085058
0.8506916501712697,0.8127292722806562,-0.02654389581686112,0.8572116610473759,0.0275733577178426,-0.16675269645248886,-0.16417082976011815,0.5782312902890528,-0.9310186746354665,0.2972004660306678,0.4049602651951351,0.051639613934076734,-1.9145998178777965,0.11949910294078715,3.4116394732156903,9.992999310336446
0.7093744969758441,0.8238768068750432,-0.022380239903188714,0.9254447160977386,0.028837031840466362,-0.16368780489566712,-0.18585497020610034,0.6406160289138039,-0.7486870947176738,0.3460273575536069,0.5237884289837165,0.16071849709141653,-1.8809269565834148,0.7686866565086184,2.602238263111399,10.428879640277762
0.38669645277510856,0.38810727489826136,0.008933258058506534,0.3972845062408829,-0.03075659162722847,-16.130961761788623,0.057006209902750744,0.5999753425646823,0.35557114990919,0.13066200230265615,0.24918842093616808,0.15502866195871443,-13.821773802287504,0.2810242256024986,1.7793237771012802,3.9072788853854905
0.3998157900857853,0.4380431269085475,0.007352314733836293,0.4029995732381252,-0.025463701718141277,-16.349161708233797,0.06803495893777498,0.5828908169704232,-0.5502215664875103,0.22245605127281642,0.2462877498187158,0.1460118737525155,-14.448875240533122,0.13173544498479023,1.810011941899325,3.864117722834651
0.38720222928969805,0.4298908944449419,0.00928305060736394,0.3977938884033932,-0.022475721011820052,-16.29371825635251,0.06822139513888077,0.5903646287906569,-0.5617813974128719,0.19396676462308038,0.23652522606611906,0.14594832478802072,-14.339630453102307,0.11199805387530769,1.7858543698353309,3.8065921504816207
0.35164694998011015,0.4137403305293513,0.00584837144299231,0.39342775083951054,-0.008396363967846631,-15.826221380978367,-0.09643380052417669,0.5041329746783431,-0.33404779454561456,0.2618268495517391,0.22122941988721434,0.08644236579789857,-14.12116073318784,0.28068038703931925,1.808428458628431,3.3978053465661158
0.37948448863455986,0.42637879512122,0.005496933519595763,0.40398279155501327,-0.011435675995382127,-16.05235516703073,-0.11266486123401348,0.5127281041371868,-0.317178823201355,0.27735709514459267,0.25154448011693553,0.09421420854173841,-14.301506485321344,0.6412732598311112,1.6247080542760923,3.5169284629982225
0.7611756504182343,0.6781238872129889,-0.013068596337960151,0.8575802009008461,0.012053023677986054,-0.17077736931364423,0.11872603073717275,0.9256620088900694,-0.3844170292623975,0.260691627393462,0.4908965033622794,0.3988811793485068,-1.6726756602973805,0.2572356421351438,2.687299410206622,10.832497897345727
0.750442337810432,0.6648388352253746,-0.013923088410432972,0.8531550432094879,-0.010483115289096283,-0.1676609040346538,0.11636198725151832,0.929104195633412,-0.39535395205475693,0.1726688010552041,0.41613877911481123,0.42635874419471936,-1.6774989980736381,0.13166456654832862,2.667547216939245,10.733132442189643
0.6072630417153658,0.7917745339325348,-0.02188530228775081,0.9045051641634977,0.019543461223797187,-0.1571451615680308,-0.17767707110574765,0.6552312673025015,-0.5753174154102703,0.312303055484222,0.46315745480772663,0.14289790929170335,-1.8159415973913937,-0.016261979806492265,3.6619138748452515,10.101409897557184
0.7570447190370027,0.6767872477314966,0.005404774935675091,0.8233592135531107,0.015372564833618959,0.570349752198448,0.11624355213495234,1.7749992632606948,-0.5595063994306881,0.3067019781005506,0.47923200131565763,0.40147925392580186,0.5510754004575666,0.36639265861826825,2.3405043722837355,6.872979191988021
0.7689984853376572,0.6776291277489369,0.0006028218419183808,0.8296127888700567,-0.0076635631699254626,0.5879410015019514,0.11424834061047613,1.774853870376961,-0.4518179173179595,0.22189867363026658,0.4098693340806549,0.44095938763450976,0.5262066185480498,0.21296109227232068,2.368015894189726,6.785679145657801
0.7017352499837395,0.7894120341930074,-0.01341360843513736,0.9031506715645634,0.028444571914640986,0.45083332635341816,-0.212789008644626,1.3913602658726987,-0.5992630774188845,0.3346167762318247,0.5341312447809978,0.29688366717583636,0.04690342605402417,0.5775505532578394,2.481113123458419,7.6127952622365385
0.39372707493070164,0.3385100963624941,0.013592150233083087,0.4417244649910248,-0.022827590156707194,-16.21806451056884,0.06604004223760057,0.6645842945177654,1.1644445284153087,0.27091537253315523,0.3124857267196813,0.14098301062104357,-14.506133287834045,0.17621942342442598,1.8724319839059125,4.046701831138965
0.3887914838919965,0.3371236912882613,0.013805714471295544,0.4471151415967004,-0.027814059339050824,-16.17499001886549,0.06370378662192412,0.6601373659364886,1.2525019757477311,0.2454736734628198,0.29414447024969836,0.15141280242291105,-14.384597375401947,0.26027289481120697,1.8692344213948577,4.00440394780235
0.34935749575981223,0.372260193377423,0.011176746382138631,0.42107099198985776,-0.014710109791974044,-15.885590600538052,-0.1729839547388265,0.5663383650897187,0.9822446578717365,0.297844882346419,0.27953002490770407,0.11738672930609455,-14.567646900056507,0.1960459481084384,2.009629042357166,3.762653017559105
0.39566160324425065,0.36163217783380563,0.012667913129836601,0.431892429302086,-0.01976081218132561,-16.51569959574696,0.053739040783669874,0.6463067252245109,0.5286327937029281,0.2741831506146916,0.3103534103287586,0.11892142979249891,-15.108280721518957,0.029644733759077294,1.701117427989433,3.7892233332281786
0.36203182762113073,0.394446722310962,0.009635705107136142,0.44521525410460555,0.0008629096121255392,-16.01378688136107,-0.11141531402806773,0.547404451848054,0.6331651065165004,0.312288960108141,0.3229272886955627,0.07850150934902868,-14.763501679391196,0.46808178653141413,1.9627403233045821,3.617938646070334
0.758532468628008,0.6821689703466124,-0.0056479449381624065,0.8514466212255625,0.017296257929270094,0.1103083473297666,0.12156058217836764,1.0198370695741037,-0.2684841641533832,0.26664717441063857,0.5150475175956175,0.39841041288848805,-0.5701023386159197,0.24195722179316342,2.3786598469789957,9.672037544785159
0.7474768041129966,0.6659922331614481,-0.00802172551806767,0.8502214531618685,-0.005014241806212583,0.1049753684662597,0.11940942013426022,1.0207253622774117,-0.28573809870607436,0.18527997382181383,0.43742268225442366,0.41747298881093436,-0.6123792649113009,0.07893255768723012,2.350797908995158,9.610882696605909
0.6085123377485815,0.8249840285205579,-0.01889297756644761,0.8923509550398437,0.027405017648980262,0.17247455689578842,-0.18184559436801684,0.7206069949079762,-0.3850487112091507,0.28557960607982597,0.48217090078794883,0.14357214942431726,-0.5894670187172273,0.11508152414046244,3.3178681169954247,8.635689166944182
0.6961312018858794,0.8215865162083561,-0.01967499754230084,0.9173423862766682,0.025128388480056312,0.16908497264059516,-0.20927663389676665,0.7261180679056826,-0.43847641664063164,0.3628772150067876,0.5697811727994828,0.2454156332271684,-0.6039354812206945,0.8533805912935929,2.3801748475485383,9.153118186972367
0.7417074823148394,0.6278491218993155,-0.011160369807221853,0.848444667309395,0.013495859054710489,-0.22886002805121733,0.12175951704624627,0.8991104518640953,-0.4821087465413276,0.25004973644988226,0.46043028267693187,0.39509266578893604,-1.820295631344997,0.24394265280013033,2.665049279378746,10.973959860660694
0.747958565459809,0.663836477002643,-0.014289073535049731,0.8457932083335906,-0.011326070858262687,-0.21426723215459806,0.11613211267418484,0.9320380120602582,-0.35701382003937776,0.1557443053713661,0.408907714815078,0.42407837849446134,-1.8358732452037558,0.12333582617284959,2.6858966056901945,10.925541127026136
0.6981591347539262,0.8027865023357046,-0.022368458707666992,0.9227176308976763,0.02232998815513261,-0.1890146396555866,-0.2177293431455016,0.6825876563843989,-0.5195686716983822,0.3553591832501103,0.5476777370135735,0.28733580293688427,-1.9449891556680559,0.768097300276581,2.6932436369456965,10.637413537175291
0.3977339514095259,0.3647213649650005,0.012873822606296008,0.4376794239364433,-0.015358392443475493,-16.583511540666258,0.052999657500357275,0.6483617134213407,0.5417702032410042,0.29807639231192606,0.3310084684142326,0.11874214800094428,-15.165677220977868,0.03126540003654674,1.7161757606048376,3.8271588671854295
0.3619985006090537,0.400425218235031,0.0104600237021275,0.4526436834501691,-0.0001647454193990417,-16.01710847558743,-0.10938943555318646,0.5546552716964974,0.6785710028041149,0.31534916065219615,0.3316824166259503,0.0757791806778787,-14.77180206406087,0.4582069046977805,1.9800491248495358,3.6206055934419497
0.379201667722798,0.4031736943892717,0.009342448573837356,0.4575401967490339,-0.009237692368443764,-16.27496293955686,-0.12393664845326172,0.5539750616049138,0.6640108102784337,0.3328982850175519,0.36011697420968525,0.08746939691522565,-14.923610319700343,0.7954770965114019,1.7921602884318966,3.746597280758399
0.7435263812301919,0.6279501083202714,-0.01085634807697624,0.8528902991019575,0.014837785733337884,-0.19548954293616203,0.12177365304691323,0.898054228072937,-0.4835460105008233,0.2528636167296481,0.46141924651746247,0.3967678850721747,-1.6934436929431913,0.24769787806892726,2.6363885153289526,10.827632798733495
0.7325575498298034,0.6078925711717053,-0.011749097765471797,0.8452717545591828,-0.007568808694099035,-0.19308990734570158,0.11937856065114405,0.9010239718252656,-0.5142171946977073,0.16145379592330653,0.38802568519626285,0.42123766291725834,-1.7000736801262597,0.10233863521351057,2.6035950035940547,10.71389931565545
0.7806867067536359,0.8147011977304092,-0.02170788464483171,0.8922459420503308,0.04202632593216126,-0.17062985184757207,-0.1704768044495642,0.6131553266304562,-0.683260543568451,0.2896099370734227,0.4118722629109492,0.09517262609532594,-1.8565044535814526,0.10340587192154727,3.4670565420627906,10.057693545227638
0.8451514030201999,0.8105901238753774,-0.022220248810783574,0.9190086730779713,0.03639519906241231,-0.15909601043587923,-0.18643915832917307,0.6169627788359047,-0.8288087722190739,0.34103824924384674,0.4903652320101592,0.14225017304522342,-1.826248955115896,0.7695958957828298,2.538569197614144,10.368078626788554
0.7417074823148394,0.6278491218993155,-0.011160369807221853,0.848444667309395,0.013495859054710489,-0.22886002805121733,0.12175951704624627,0.8991104518640953,-0.4821087465413276,0.25004973644988226,0.46043028267693187,0.39509266578893604,-1.820295631344997,0.24394265280013033,2.665049279378746,10.973959860660694
0.6120165756373438,0.8329465966579548,-0.02220956820403709,0.894913994164283,0.04308310098899363,-0.19459041925940995,-0.17516614482508197,0.6444009238362787,-0.4908471816917544,0.2890831408217467,0.45246779450575614,0.15333371810223034,-1.9640354518984724,0.03356578297561425,3.567527302367358,10.214099119947948
0.6981591347539262,0.8027865023357046,-0.022368458707666992,0.9227176308976763,0.02232998815513261,-0.1890146396555866,-0.2177293431455016,0.6825876563843989,-0.5195686716983822,0.3553591832501103,0.5476777370135735,0.28733580293688427,-1.9449891556680559,0.768097300276581,2.6932436369456965,10.637413537175291
0.7585161884668522,0.6471739556164641,0.0028773767189929638,0.8214581607022959,0.0026257001594493902,0.5616904184266399,0.11800495221036328,1.752143566869344,-0.6471897459399912,0.31621782936657883,0.46037078788680497,0.39412213973709775,0.5414020313792575,0.3605018911763431,2.318474377953877,6.904860346150944
0.7462384155102819,0.6558952256130434,0.004769707678565963,0.8202795764873994,-0.008541123726770985,0.5830109900898163,0.11331018980325132,1.76162823774301,-0.5715596387970525,0.2133480102727318,0.3949819261694019,0.4200432429485906,0.5089904862044354,0.19972311422850844,2.2918637108847375,6.737693578603115
0.6234387108010087,0.7873844684863449,-0.013547219293998805,0.8760384516973658,0.026095890907118485,0.44451575823913675,-0.17369039523855923,1.3760159114556876,-0.6023312426901319,0.2974052753537907,0.4610580094578155,0.16426217863840048,0.10527208275518427,-0.12183039713578848,3.4102622016284423,7.300963094258193
0.7008524437733039,0.7898348142327886,-0.01267244870486156,0.9006021855936438,0.027988812352295545,0.4513290660829711,-0.2126520279301071,1.3909540163528276,-0.6234664255958385,0.34129799885307094,0.5357849310159188,0.30160274458064784,0.04365973278910828,0.5801766940811767,2.5106332848175263,7.623917978546922
0.7688007820237691,0.6559571979248265,0.003999310139714078,0.842923741655284,0.014773615990585052,0.5769818761687379,0.11840619155986232,1.793824120077924,-0.4938829052304542,0.38262798801936504,0.5538045283624392,0.4247480102867945,0.6399277015122554,0.38098907185370684,2.3668048529671357,7.021495754752396
0.8014952515584038,0.816208398354729,-0.010176454083041495,0.8773831093229173,0.043783520509281894,0.426557286715185,-0.17995029646448082,1.3842894183978451,-0.7282010190874239,0.34774469426898547,0.4664407604282113,0.11484798303702279,0.06381010963804275,-0.18347874893427407,3.2976080539258845,7.237889101678547
0.7082089024641743,0.7933128459567605,-0.009812793050639227,0.9133537861733493,0.02528258751912242,0.43723977064744324,-0.22668242909823352,1.446197759619278,-0.590162588494627,0.41307236540995607,0.6028009837614176,0.31116668117618984,0.0964557435592454,0.48866686791435987,2.5272244331289517,7.721877680332656
0.7924895508525073,0.7932285399708313,-0.017788422313155087,0.9613734114164415,0.016968492395803187,2.5056376018401303,0.11762388609006168,0.41414749418153596,-0.5853738254539569,0.35085103424415864,0.4693218912102044,0.34647607710091444,-0.06250221061642555,0.3535805424430102,2.2452307278616743,6.851847114071845
0.7833849957970929,0.7681699620858597,-0.016976758003503102,0.9501338055234383,-0.005494371426061738,2.497122336110648,0.11525149676151138,0.4288465433037831,-0.6044327488442283,0.2578642977081717,0.399753909738636,0.37951385598119125,-0.06698777793219336,0.20982430569226992,2.2121571313642203,6.749483327443143
0.827179270262487,0.7087871098731018,-0.04054774309181926,0.9363735705289951,0.0005988806788392643,2.385786688703863,-0.20070912294641854,0.2587627374394885,-0.5590121366343634,0.32381653477988687,0.35939672130330663,-0.002008875198209694,-0.1993197983154796,0.04444304456799387,3.4264009387252536,6.276359523495317
0.8972046607379479,0.7163525202306248,-0.040402863278610986,0.9619700634159056,0.002391026128999492,2.406161961178801,-0.2171909695591534,0.25181173560346287,-0.700045394571587,0.3779306566404914,0.416522562048928,0.043928721813206825,-0.1830410927217978,0.721066359961914,2.5240292266705215,6.629289729625354
0.9174602337298905,0.8114585048020642,-0.018418727244973277,0.9430113771319812,0.03432119135985411,2.3866276020323522,0.1091838755461655,0.4088531362964556,-0.9067470425416978,0.3924015779443248,0.5016278700701697,0.24135515376250954,-0.5983697237576174,0.3020471035235861,2.230285939070074,6.8818416899008925
0.789395114921299,0.776078336259644,-0.01587655984444295,0.937973855742738,-0.005342543537044772,2.3952565545691122,0.1095090186362722,0.4675664812455751,-0.6381524834766946,0.32462735145542854,0.5071221012534034,0.356710161368476,-0.5934154492183127,0.1974295329189417,2.333889819185406,6.927079292346898
0.8249952460982741,0.6924166972233315,-0.041053367837593745,0.9451941415605906,-0.003592700487710092,2.2933154680933554,-0.20936416605024644,0.31619470658041954,-0.49322925280866875,0.3821820069349239,0.4588870588974296,0.03334223074221225,-0.6652577058967911,0.07008917691450334,3.4316575427610507,6.434161538255928
0.8931381651676072,0.7027728921104794,-0.03857907471513678,0.9666241198225292,-4.385143070053717e-05,2.3104753635125963,-0.2179261182009425,0.3236555694699376,-0.7002316813919146,0.4489561171581076,0.49535675669041523,0.0626614506029476,-0.6571996133533944,0.6816790476313593,2.6541868493473673,6.823649896324163
0.8506916501712697,0.8127292722806562,-0.02654389581686112,0.8572116610473759,0.0275733577178426,-0.16675269645248886,-0.16417082976011815,0.5782312902890528,-0.9310186746354665,0.2972004660306678,0.4049602651951351,0.051639613934076734,-1.9145998178777965,0.11949910294078715,3.4116394732156903,9.992999310336446
0.845472266721861,0.8103746448656353,-0.022498662316402622,0.9198038325240074,0.03565220241150363,-0.1658520088300224,-0.18524992226977066,0.6190358565782499,-0.8383452146740352,0.3610859643642963,0.49410711395429907,0.14424445448709353,-1.8841990551756023,0.7664829280588948,2.56687218051151,10.38820582623432
0.7353741510533783,0.6512153165093405,-0.009842037413164452,0.8449819032879088,0.011318560462491134,-0.2265076362559643,0.11746312281136148,0.9221877121903713,-0.43446462706377387,0.24550619734566967,0.4810479805363139,0.37985192941968604,-1.8187681232539123,0.24145584196642828,2.6389686708778615,10.973412532176832
0.7289763147309151,0.5799974186481454,-0.014016529356754556,0.8373823330492048,-0.02295852950476799,-0.2427296961623909,0.11738040520887386,0.8943335897649489,-0.5637610125112621,0.17715825431065071,0.38850534149387417,0.3975419540248238,-1.8144219220243178,0.09314925026607525,2.5499100409593676,10.812037204370789
0.848049430877417,0.8147558773119874,-0.02679398132486022,0.8518527234564272,0.02598063285024035,-0.1845084312360008,-0.16368831415495697,0.5790939183702514,-0.8900157914175049,0.27475622204965827,0.4027594271873096,0.04753252930647873,-1.959289849520132,0.1304958805443989,3.4027173412408023,10.047591933074736
0.6939534119214058,0.8046592324131983,-0.023303155709849612,0.9206728924757152,0.01783800032357,-0.18708666878948244,-0.20597317474043347,0.6630365494251355,-0.5355874284622362,0.3654011774173215,0.5439083723956455,0.24537198645162564,-1.9394131325444735,0.7580396445981767,2.7059073009259764,10.661165245674113
0.7484774444123669,0.7994191088089234,-0.01617578531529796,0.8941242233496752,0.05607372087542181,1.7481742079569207,0.10645881911837693,0.45363887012778475,-0.671368095353196,0.3143266909754567,0.5262497112311386,0.3201199545821839,-3.218576150685971,0.18892003305185515,2.4678718135692543,10.421871007335756
0.7458208964159869,0.7749097662277408,-0.015463877964440825,0.8875198141828072,0.03233180977592795,1.7419957258437764,0.10471094202058655,0.47231668336477645,-0.6783313101151109,0.2217154873862373,0.4785365347991099,0.3489801369062308,-3.198953563564406,0.08097285568362025,2.4574850107320834,10.349324086704206
0.7795167826822521,0.6684651913683846,-0.040552010250503166,0.8879786291603851,0.000768997011999594,1.6480876798492883,-0.19821751904192195,0.32753269196604434,-0.49788843441322755,0.26843376056576634,0.4352269024140265,0.0321932513330622,-3.232504782897694,-0.04003624321070585,3.559608517205431,9.871325207237735
0.8492542784301869,0.6811188946674723,-0.03901244701562585,0.9076192240536503,0.0048585828866255995,1.6653983984233014,-0.20678998866904838,0.33569664571206914,-0.6922428809571358,0.3195897775338369,0.478951048872644,0.06719131532966414,-3.2327281090579016,0.5749956662537888,2.7394304356317973,10.231333000312762
0.9174602337298905,0.8114585048020642,-0.018418727244973277,0.9430113771319812,0.03432119135985411,2.3866276020323522,0.1091838755461655,0.4088531362964556,-0.9067470425416978,0.3924015779443248,0.5016278700701697,0.24135515376250954,-0.5983697237576174,0.3020471035235861,2.230285939070074,6.8818416899008925
0.8931381651676072,0.7027728921104794,-0.03857907471513678,0.9666241198225292,-4.385143070053717e-05,2.3104753635125963,-0.2179261182009425,0.3236555694699376,-0.7002316813919146,0.4489561171581076,0.49535675669041523,0.0626614506029476,-0.6571996133533944,0.6816790476313593,2.6541868493473673,6.823649896324163
0.39188074547435936,0.33933790380611867,0.015098877392341458,0.44417470828314376,-0.028612918289713143,-16.05804210082758,0.06013768202578687,0.6483929465165331,1.2772189153697662,0.15767689731573534,0.3102477062286145,0.14189670306133265,-14.070028937572829,0.33680642568372027,1.9341737405056756,4.05366353562012
0.3508171139048711,0.37310002161195405,0.009029423714376626,0.40222569814924175,-0.014291036284587605,-15.826963532127126,-0.13658880443601454,0.5244120717982765,0.7715821182272665,0.2492640491882757,0.26092472930904403,0.1267093765269234,-14.376134047924893,0.1594726239559118,2.0770457821475707,3.8061219168456875
0.3720795536044536,0.37395205780830537,0.00893722741990627,0.39723335638593493,-0.018037127934205224,-16.007275965494053,-0.1414632486412747,0.5291119449764556,0.9501049872446358,0.2481098900819748,0.2866039661011578,0.13423308027772657,-14.403602281711418,0.5796175190679009,1.8690171317674527,3.8987550721264133
0.37016623193553927,0.3744658622334227,0.014748116452003517,0.4199353055973965,-0.024416432836625875,-15.909231514430115,0.09511322327920754,0.6666914512004827,0.23663681054402277,0.2289492091729606,0.31895512747051397,0.20028259224043957,-13.543905801433658,0.40344734815505173,2.009225297041849,4.068081312179358
0.34283988534458093,0.388246904253757,0.007042441443862377,0.3875401430606676,-0.008974145739099321,-15.574741905919353,-0.09444292424715926,0.5267831804020764,0.14744528863572684,0.2506637937761819,0.263721577082753,0.1417986773763955,-13.695699442134314,0.2574863183834264,2.1722466901249855,3.7572166670774405
0.7289927375014221,0.6498238826486298,-0.0102553911073497,0.844088306618211,0.012258050579395139,-0.06133447446663187,0.11583312948155638,0.9227427278828425,-0.4699718521195271,0.24781336748476177,0.4690006523038519,0.3793575696395885,-1.135112542789878,0.21327087041593076,2.520737522539136,10.325956938039113
0.7182135609151832,0.6363626846324817,-0.011600114709468758,0.8398447295845461,-0.012294800963807867,-0.059345342319160894,0.11354665124057037,0.9266041281393916,-0.4881693700511463,0.15903741773530913,0.39348643535036737,0.4041545384962704,-1.144902416772751,0.07720637369453504,2.495888500349997,10.229363601937196
0.637408715735655,0.8368625754636007,-0.023008657749762584,0.8934536365565184,0.031914992161785956,0.00047410304058809915,-0.17342974503096975,0.6387392523541455,-0.5922119063351635,0.2743228727465589,0.4258057551661054,0.11120351377826312,-1.212277561586939,0.1533141902883318,3.395307593166897,9.368925867019076
0.7262163913879891,0.6375700837016319,-0.01035407009840473,0.843781578420221,-0.011370293911655784,-0.19424974967426695,0.11520783248941306,0.9281755215860262,-0.45858244027487477,0.15851541181151593,0.4094850132750895,0.40436121479765147,-1.7020069136537264,0.11464630854752068,2.5912686873722874,10.724732001482977
0.6907673645638349,0.8289890717102337,-0.02238451441809011,0.9261155989410594,0.04236525126568055,-0.15290921219484657,-0.20417361545208543,0.6450962729835484,-0.5945607819455379,0.36678184979161005,0.5301384669613256,0.24982776421597636,-1.8248299059871715,0.7815749272777631,2.644802633791757,10.477994424393323
0.34742432568139925,0.3506605204253059,0.003971653734006551,0.39326881152122994,-0.018504565674032768,-15.774798138390583,-0.13307467378529786,0.48647399610683123,0.3773338781181597,0.21519234778789084,0.18518967239856915,0.08367224921343129,-13.930085649601766,0.14506245429492784,1.7324789819986945,3.377637032505368
0.3923345831806698,0.47375395376502777,0.0050284688516524945,0.45287903750178904,-0.007814737011913552,-14.227875248985507,0.10741988082863779,0.6421213901555536,0.7165528618720299,0.1665396459914166,0.3501246071660957,0.38874658246745647,-9.703591267861658,-0.0067771181797329225,2.4834849737095395,4.6000101751008025
0.35070000250698113,0.4823435417125875,0.003272427828896122,0.4504400200497041,0.010748466373079945,-13.571482166544024,-0.0070278366411584145,0.5381046122877304,0.8347988030894862,0.17590081494108295,0.32806861828607875,0.3734463311779615,-9.073974608012367,0.8407430758206104,2.7645583678151184,4.371140843193535
0.7289927375014221,0.6498238826486298,-0.0102553911073497,0.844088306618211,0.012258050579395139,-0.06133447446663187,0.11583312948155638,0.9227427278828425,-0.4699718521195271,0.24781336748476177,0.4690006523038519,0.3793575696395885,-1.135112542789878,0.21327087041593076,2.520737522539136,10.325956938039113
0.7182135609151832,0.6363626846324817,-0.011600114709468758,0.8398447295845461,-0.012294800963807867,-0.059345342319160894,0.11354665124057037,0.9266041281393916,-0.4881693700511463,0.15903741773530913,0.39348643535036737,0.4041545384962704,-1.144902416772751,0.07720637369453504,2.495888500349997,10.229363601937196
0.637408715735655,0.8368625754636007,-0.023008657749762584,0.8934536365565184,0.031914992161785956,0.00047410304058809915,-0.17342974503096975,0.6387392523541455,-0.5922119063351635,0.2743228727465589,0.4258057551661054,0.11120351377826312,-1.212277561586939,0.1533141902883318,3.395307593166897,9.368925867019076
0.7352501201553461,0.6624134332596399,-0.002422395433319987,0.8489046323917625,0.018470883701915703,0.09607643893916117,0.12045717841412565,1.0163845058871588,-0.3629074014434142,0.2697899282708655,0.5154069007380103,0.38032698595374365,-0.5648944198504722,0.23221643913744255,2.320677859749969,9.621795971967403
0.688213783750524,0.8188828362778027,-0.019408713918849647,0.9215358661755758,0.030053647290920166,0.16758902806547948,-0.22037230235506847,0.743482517480442,-0.40382630446562595,0.34692724557152566,0.5728068945716118,0.2826147687209757,-0.6012394530244373,0.8640014447755011,2.3311919551964997,9.115495929693745
0.6072630417153658,0.7917745339325348,-0.02188530228775081,0.9045051641634977,0.019543461223797187,-0.1571451615680308,-0.17767707110574765,0.6552312673025015,-0.5753174154102703,0.312303055484222,0.46315745480772663,0.14289790929170335,-1.8159415973913937,-0.016261979806492265,3.6619138748452515,10.101409897557184
0.7009666773820828,0.8031936140171068,-0.021509095948957176,0.9320518880877808,0.023763254473903647,-0.14155154068943418,-0.2171223970971008,0.676435048226933,-0.59259849076106,0.3851268128006265,0.5450486864036113,0.2876403197048887,-1.7814321816824235,0.7816370068715068,2.6817296113305495,10.46065862812993
0.7415016756223808,0.6770450197527867,-0.01329448909107471,0.8618901829806864,0.012781524570354367,-0.16678641691970075,0.1165349895499475,0.9319140569741658,-0.37853983603455077,0.2723503732174177,0.49641759640909816,0.39064473172473696,-1.6938805862673856,0.26355885320713607,2.6554836702562783,10.75755593107362
0.78085207907944,0.8152334217049165,-0.02094939149556997,0.9037463330298715,0.042254754304179444,-0.15223771796009092,-0.16940191207153535,0.6214017342297357,-0.7074278468566743,0.3187489839014812,0.4192996670529246,0.09383401672493205,-1.8356533889740263,0.10559421562093536,3.4713923289284234,9.960314612927744
0.7013349813117574,0.8032839726796888,-0.021047343047326042,0.9379190263754522,0.026245533613807038,-0.13602066698080842,-0.21702043104320518,0.6868792264136713,-0.5697962257064803,0.38903555454957833,0.5481167440186392,0.29028611379364233,-1.7866274638358475,0.793066510432818,2.6734988175464447,10.40488349112802
0.7772835261189391,0.779651742138604,-0.015410902658396735,0.9287036115275673,0.014071152559415354,2.4669391526372175,0.11212745506369871,0.4581599164413727,-0.6343797234125503,0.36147827787343795,0.5068033866532826,0.33884613853873446,-0.2341079372830325,0.31722520644355373,2.1667081811003377,6.772710644358561
0.774941479399923,0.754907016111313,-0.01471928350204005,0.9209591031232144,-0.00827207422397928,2.4593526676110073,0.1096734124154477,0.4734906804175478,-0.6530903740292381,0.26804306577444403,0.454796929187699,0.37147217285762996,-0.21499942130465832,0.1970630529869543,2.152021055838118,6.694537157545842
0.8188984734558236,0.6963307964904271,-0.039746388860060364,0.9220819772701331,-0.0021917655216262127,2.35616640538522,-0.21193327519093205,0.2969358049232741,-0.5474951757516603,0.36350305072699757,0.38236968272117494,0.008958787448804672,-0.2684165815510585,0.02809992416348498,3.3572124036554283,6.262517806827233
0.8917947713227172,0.7047186713859933,-0.03798532884961717,0.9469748798026438,0.0017824601304648525,2.37592592923341,-0.21967444191589922,0.29703956645419805,-0.6959330775970916,0.40637261492411425,0.44194009950984625,0.05421082249028929,-0.259315058072081,0.6975460574426755,2.4970835451553595,6.646694377328397
0.7457916899578408,0.7497490813902203,-0.01610076845277223,0.8859931984385315,-0.00019393387886739385,1.74356214417302,0.10394683274261068,0.4857068533435793,-0.6385237138471946,0.21604589754706607,0.4878068639545879,0.3502345010794171,-3.18803475418738,0.08330343890366969,2.474115650818469,10.386447601843606
0.7795167826822521,0.6684651913683846,-0.040552010250503166,0.8879786291603851,0.000768997011999594,1.6480876798492883,-0.19821751904192195,0.32753269196604434,-0.49788843441322755,0.26843376056576634,0.4352269024140265,0.0321932513330622,-3.232504782897694,-0.04003624321070585,3.559608517205431,9.871325207237735
0.8461590858962678,0.6790020233700249,-0.038161896128312535,0.911806433856206,0.004509167732465349,1.664080818249047,-0.20678833076453815,0.3403147447250754,-0.7033135291019257,0.3365997374127026,0.47301198224698915,0.0607238833871022,-3.2302602887551783,0.5653035250000645,2.7815381588562706,10.264650372762539
0.7646601013947052,0.5987825269079482,0.002647111174623539,0.8461031835906775,0.009122400379190897,0.7385138204986689,0.11874146562215376,1.6263039236772443,-0.7287252749080578,0.4409555052081891,0.5071754739897532,0.3658448523529777,1.5333140044664664,0.23425669163346868,2.0594351226621233,6.311700191898288
0.7633528477667023,0.6094626895543254,0.004821276187747266,0.8365304239898391,0.0024882834143892625,0.7536043523774235,0.11664037221523334,1.6457005395485818,-0.6405881212546837,0.3308068505237758,0.4353669488540125,0.39448646098232104,1.5225399329823042,0.10810364807985956,2.1000698020394357,6.275584896668366
0.7023824595312653,0.834216460022968,-0.010501622979148022,0.8871516257647193,0.05971529393683861,0.8428414294468863,-0.18839713749773673,1.0985366656545856,-0.6598786148587931,0.4318055032304453,0.47146023858077823,0.09766529455106375,1.6012334197183073,0.36263082657344803,2.919258909303742,5.427888868764017
0.6534138460835216,0.9206043013561052,-0.022542341169164905,0.901555330403876,0.04746911909037585,0.8483274094838609,-0.16196333657152862,0.636292447904152,-0.6453839567566207,0.31572813795414223,0.5228129818937755,0.09389856176200921,2.3649756237438235,0.302564959173751,2.689010129126704,5.337137874161163
0.7772835261189391,0.779651742138604,-0.015410902658396735,0.9287036115275673,0.014071152559415354,2.4669391526372175,0.11212745506369871,0.4581599164413727,-0.6343797234125503,0.36147827787343795,0.5068033866532826,0.33884613853873446,-0.2341079372830325,0.31722520644355373,2.1667081811003377,6.772710644358561
0.8188984734558236,0.6963307964904271,-0.039746388860060364,0.9220819772701331,-0.0021917655216262127,2.35616640538522,-0.21193327519093205,0.2969358049232741,-0.5474951757516603,0.36350305072699757,0.38236968272117494,0.008958787448804672,-0.2684165815510585,0.02809992416348498,3.3572124036554283,6.262517806827233
0.827179270262487,0.7087871098731018,-0.04054774309181926,0.9363735705289951,0.0005988806788392643,2.385786688703863,-0.20070912294641854,0.2587627374394885,-0.5590121366343634,0.32381653477988687,0.35939672130330663,-0.002008875198209694,-0.1993197983154796,0.04444304456799387,3.4264009387252536,6.276359523495317
0.8965201106375178,0.7124141350012064,-0.039705125012066904,0.958404516792012,0.0037912538724954995,2.4068346770376046,-0.2118673075967145,0.22136115683904548,-0.7963691795241432,0.3798841010248883,0.4247493186745869,0.06658031633708456,-0.189687387891386,0.7097151073444942,2.485986318293855,6.570204334126644
0.15172255875244062,-0.34797116590510047,0.110677585585932,0.28424929751403333,-0.12959859301806498,-14.965236208702008,0.03861281900678621,0.3867134159739398,0.12911956684994175,0.10109055566567006,0.48982558959182204,0.3534407140729271,-10.564959252826302,0.27800994543786905,-0.19667308877416856,-1.2668082122934694
0.1621479682173045,-0.3517424964070606,0.11623984010744101,0.28817477931581126,-0.13130032379477005,-14.906417248455236,0.0453941840237725,0.3777784399888554,-0.025080165857354387,0.0919961309855656,0.4933403479394404,0.3462445219438657,-10.583833629012025,0.22943164117013595,-0.19031759733611553,-1.2720149256196522
0.1731079548429205,0.09593377206761847,0.1415472938909919,0.2884310115574158,-0.13803359673809515,-15.157141707191427,0.036276589231101754,0.310433576709371,0.1547873008561512,0.12169900338379348,0.4529067035392327,0.3500058294495272,-10.739360611196272,0.2691087480627018,-0.1922826851596736,-1.312357962826467
0.14088661805954372,0.0889342099420088,0.19857171787169683,0.2446841179719573,-0.07537087189237499,-13.88866380687712,-0.0037722488211153265,0.39071768378622307,-0.4594078270529274,0.2346051182484048,0.4817477862764224,0.46985077615303605,-7.930218827252146,-0.2550586525776393,-0.40879566083727414,-1.2612231364849553
0.16557433281536874,0.08436857536036399,0.13557769980890522,0.29774323937956715,-0.13395905968321903,-14.860763496205205,0.016666127959284762,0.3935736283116865,0.08686464884056569,0.04163476472663518,0.45834840410210814,0.34032552052764725,-10.98303645434021,0.18086035216937266,-0.25326771523103714,-1.3312993196393683
0.1733498789066864,0.22836595649727756,0.14177114248779085,0.2699541064224826,-0.14469973105729997,-14.772517905100901,-0.024651041831611296,0.308737812154997,0.21613175710359508,0.08375700802869754,0.46066987410869553,0.3578267389233738,-10.37231225526896,0.0027456223860273543,-0.20169920442181624,-1.3691251362260617
0.15916090860201162,-0.3609289969794776,0.10907729427324617,0.28067041929632486,-0.12843482827856073,-14.814936985447082,0.06245788394285678,0.3619481317537262,-0.03602984126362218,0.07725328149627016,0.5895604965276171,0.34463559032821517,-10.428792843440782,0.2727977132405556,-0.18758434652040118,-1.2745026785879576
0.16864000678336435,0.09948179406687502,0.12784402259908936,0.2781365207736329,-0.13741705052267225,-15.069559611193243,0.027797027024628884,0.29768254977365044,0.15021573985589418,0.09009647997927075,0.5129448722023577,0.35362125813992906,-10.610351655870938,0.2938713127303138,-0.19035787018672018,-1.307746691637695
0.1621479682173045,-0.3517424964070606,0.11623984010744101,0.28817477931581126,-0.13130032379477005,-14.906417248455236,0.0453941840237725,0.3777784399888554,-0.025080165857354387,0.0919961309855656,0.4933403479394404,0.3462445219438657,-10.583833629012025,0.22943164117013595,-0.19031759733611553,-1.2720149256196522
0.18914203406563257,0.083503326929141,0.14498694863056097,0.29774535807177926,-0.14252168405754026,-15.007561046852299,0.028145579838082017,0.3016890099120272,0.11272367136388105,0.10430657797142678,0.44315681245298144,0.32628647260121696,-10.36901369911566,0.051498413615929606,-0.21104481794502053,-1.2607612964820525
0.1587140530786189,0.08473339229450581,0.14203595381740655,0.2824603919284368,-0.13076071633355357,-14.682174489545128,-0.01234724662149918,0.3873945126501448,0.05629254149055397,0.11917063247455413,0.4719139073692709,0.3736269798932796,-10.326350248288396,-0.09653382459988427,-0.33924655166780715,-1.3207747500713025
0.1699815455073765,0.063169140204257,0.14070891971637525,0.295261623737061,-0.1391467527684296,-14.609966304246823,0.012120646303673719,0.3890920420266734,-0.1250402142287132,0.058746593927105815,0.45113230457277914,0.3601872677779388,-10.410521251302029,0.15813332681103723,-0.3318008127059671,-1.3627846799037335
0.17147894461870936,0.1745953938923623,0.13699138152084292,0.22973038185991695,-0.14486248025284004,-14.549581548045884,0.040632251162174914,0.2789911319651774,-0.5451706278360384,0.05736562281288113,0.407846457301,0.36634818659658497,-9.77411716702404,0.14483425243623071,-0.3017250740889813,-1.4215002666330383
0.15242964433990702,0.09407015800308187,0.1260294334159354,0.28246665961615225,-0.14347489024392426,-14.935499261729792,0.046917411095878124,0.38990852816560595,0.17562993218629513,0.03848307547608703,0.4695605527896744,0.33370197225950066,-11.024101773843054,0.29044543030280684,-0.261913783500052,-1.2840590804671885
0.1574234023612215,0.09560023552053146,0.12739697507838996,0.28719547339644874,-0.14733335369690748,-14.900154169330309,0.04530804110408301,0.38078349381674836,0.17608512222168385,0.03290843613655039,0.4407751414513298,0.32311257759370643,-11.006400382866083,0.26687270528717805,-0.24561151016784408,-1.301381795018984
0.16913209971298315,0.2374031160299701,0.12485001305554706,0.2768751268967868,-0.1625727080220681,-14.901798913389706,0.03312753989226496,0.31994959005099166,-0.009147564865634656,0.06348658111638965,0.4381921822006959,0.3340186179032543,-10.883357863559649,0.3198077854279455,-0.19540111736975238,-1.3999668593143277
0.19041990438551176,0.2217366609642789,0.17324508605770242,0.2692255423634129,-0.1561310003149639,-14.347730129225724,0.06600410158919859,0.22755389107222784,-0.4442219612913885,0.20557427088541239,0.3597301330276969,0.3691186293146481,-9.415681000041582,0.1635065449008997,-0.26654995276474247,-1.322869056674687
0.17413016992859068,0.22696416427852342,0.14120112398885376,0.27389248504044655,-0.15802688237677368,-14.42167707854287,0.07276589544505509,0.24958421859857008,-0.37298023817657,0.19828328671691295,0.3567788328874502,0.3822937402544676,-9.762415165321974,0.3036357566144305,-0.25623657451236725,-1.4139342906336236
0.14456342449599036,0.10211291984591891,0.1241297654824105,0.2902478277588419,-0.13737352585122553,-14.620018940619973,0.05290541008086973,0.34721033700233256,0.2228783983537451,0.06973333792410712,0.44305187777014066,0.35846055720099174,-10.185254462562773,0.36458609800455577,-0.2407027833939652,-1.2400326192088897
0.16430465999668017,0.08499784576821671,0.13137471183913535,0.2952665830375615,-0.14268663451555855,-14.699601569671024,0.049102269810840614,0.34387803376869946,0.09834680432256139,0.10444464505940403,0.4174521320013053,0.33288931712666636,-10.537825493203258,0.19532794516473576,-0.2384011150388461,-1.3019004149639897
0.16616898014847895,0.23434832680462217,0.1364271544606255,0.26168530787237804,-0.1459497394765176,-14.781402395660969,0.026075929171667754,0.24858262078497506,-0.2350881898426578,0.11443264324896492,0.3891296997722382,0.33336400900774105,-10.27783972271664,-0.01601177389857527,-0.20314595382858047,-1.3374558027105625
0.28208409417717556,0.6043047953995654,0.13703234131677808,0.5235389218503812,-0.2608706497191823,0.17572577888597635,0.0006196243894580146,0.5089351414010846,-0.013099656496944058,-0.19804636962066688,0.9038280154520455,0.7163226018928865,6.345864941911678,0.44543904829399067,-0.43920141326163004,-2.2844739063470407
0.35731695413983566,0.8433907740021656,0.19911422369786563,0.5773292526000715,-0.2970067235026433,-0.028604132195815292,0.03725679753955733,0.5242604297770892,0.06186986424752996,-0.1126308029322421,1.2447053140715698,0.7606313569308077,7.292140416230425,-0.10950983980612453,-0.20724896719604038,-2.308812409633776
0.4120147851448347,0.41149015586977833,0.15301278978869873,0.5249235060321833,-0.179479869249904,-5.416661943380261,0.02805902953060888,0.6551261212697181,-0.06319242904868534,-1.493519292525848,1.0531217575444007,0.6226236998020162,-8.806598045597694,0.13771426041199125,-1.417777686365132,-5.498356042432319
0.16572429812102943,0.07479599929748694,0.12471324850837884,0.293273571802026,-0.14276208583704658,-14.832734907861942,0.053339792828340074,0.38600502395416614,0.08084097308512954,0.009408712251946443,0.4628786533503075,0.3318919964812008,-11.00599380610356,0.27057823949401444,-0.24238681687666175,-1.3218533383271396
0.1714179322011178,0.22735820643998142,0.13698922355105825,0.26481272253748417,-0.14767739077660563,-14.907262535217363,0.023629236551055352,0.29037670774982977,-0.10004449167201385,0.051978838935383596,0.4807441148141651,0.3358967781992929,-10.657869446168604,0.04790337638893637,-0.22523811314312098,-1.3545162411542246
0.15948233938318565,0.23290326506366915,0.1254315350274916,0.27376686912106846,-0.15050004459657088,-14.926052188881048,0.028883040815007536,0.31018540912136106,-0.07833095524496281,0.05824783527360401,0.47624263777921316,0.3537991053020481,-10.859302554350347,0.30234127321104404,-0.196544911365521,-1.4179390690332945
0.14456342449599036,0.10211291984591891,0.1241297654824105,0.2902478277588419,-0.13737352585122553,-14.620018940619973,0.05290541008086973,0.34721033700233256,0.2228783983537451,0.06973333792410712,0.44305187777014066,0.35846055720099174,-10.185254462562773,0.36458609800455577,-0.2407027833939652,-1.2400326192088897
0.16616898014847895,0.23434832680462217,0.1364271544606255,0.26168530787237804,-0.1459497394765176,-14.781402395660969,0.026075929171667754,0.24858262078497506,-0.2350881898426578,0.11443264324896492,0.3891296997722382,0.33336400900774105,-10.27783972271664,-0.01601177389857527,-0.20314595382858047,-1.3374558027105625
0.17005330254994558,0.23905618896907999,0.12646640837088813,0.2737090224290858,-0.14718568296491513,-14.76831468295035,0.03528032390120174,0.2746533256496738,-0.18975015306823884,0.12537699590852225,0.37157198094635097,0.36161080625563186,-10.507122436260815,0.23682427643439657,-0.1896397586295627,-1.3880602789799323
0.28937451308529616,0.24155174885978184,0.13840877703253257,0.4487344830554924,-0.16281843111727035,-5.173062425767295,0.08137787749401211,0.694012214788463,0.014364449596178924,-1.5545798199890764,1.0585362139921883,0.6145119600514484,-9.456358221001542,0.14984402676574438,-1.594577790168178,-5.527542087754567
0.33989571649134487,0.24836388447003585,0.13897742230391666,0.4646059659368164,-0.17248312102156502,-5.212812852757173,0.07529987944776752,0.6959877489894483,-0.09933756852882217,-1.542635042641824,1.0632989867526177,0.6157796369512858,-9.431957091886114,0.4086400428328093,-1.4748672088865264,-5.583938168386292
0.4216567863846733,0.407940230681975,0.1583849333228441,0.4802405052510479,-0.18493689211968195,-5.27104746908197,0.029038509231804434,0.520208607929457,-0.22132364541798544,-1.4774150814935147,1.0450081020265776,0.5935646820432221,-8.439680841033868,0.29542948790468165,-1.4050629479768642,-5.374521861259489
0.43589683964119447,0.28297141833747363,0.15698996018675984,0.475405254035428,-0.08834628877791859,-2.738692734524414,0.2167381503237881,0.5781209369366244,0.3667918101032741,-1.1818685729690865,1.7762684791267533,0.9568265616795139,-3.02331580390348,0.5655000923066649,-1.1539419489997778,-4.14845224212905
0.16222720701304655,-0.37882872980336046,0.11725753217156193,0.2869667092452742,-0.12812186621936078,-14.853156314204695,0.05108368821138117,0.36299893390768173,-0.01788096169931749,0.08545374244285088,0.4675848561654381,0.33015013078316874,-10.494048002291478,0.21181773037532692,-0.17290880107375356,-1.2792750251496738
0.15984815323445944,-0.3841778468970953,0.10550836340477146,0.28468775701394977,-0.1288496457482689,-14.731115130896233,0.0610723623562713,0.3470453496284908,-0.01923496125449412,0.05670157530783318,0.5560399062329828,0.3231585216411589,-10.294172116472925,0.2685887423663704,-0.17037832838830708,-1.2860509243946932
0.12739860525045837,0.15386143536294686,0.14529018283181516,0.2854389301928941,-0.1428397343917983,-13.903630065220177,0.049058784157239334,0.34819173733094866,0.6943444951194943,0.15038107867802256,0.43209582037275435,0.3871815227616147,-8.464777820348036,0.26531662576374415,-0.22820653810311373,-1.2064630160397425
0.15031036735423192,0.10774008904436512,0.18067814327821358,0.3037936292532297,-0.13493062143136098,-14.264292448672613,0.06711648527273284,0.35820617265914595,0.022383402011968936,0.21858809578939947,0.42814742529447825,0.3749928618260251,-9.160664764942627,0.22126951680359003,-0.2288921518734559,-1.188157149234513
0.1795881610092624,0.2352958843793216,0.17055975218405925,0.2727644559330628,-0.13678486304061724,-14.362589602520105,0.02138613262127003,0.23991143726836567,-0.34240918569351736,0.2980118419067969,0.33979623111880247,0.34792931523510173,-9.136760300018517,-0.02096383263752373,-0.23566666146510132,-1.2107446229567715
0.17438146923516332,0.24469613602315213,0.13269491885737514,0.28443712596260873,-0.14778106444872716,-14.936795777752117,0.03266004841643625,0.32300007171863787,0.03824081390969947,0.09880414136725772,0.44867520851556103,0.34484457237660465,-10.979680349086394,0.3068496587281511,-0.22909384811056002,-1.3886725934580733
0.16086133920908505,-0.3461136053851978,0.10878378702787744,0.28910082931043557,-0.1301011335513111,-14.861395141020031,0.03987844983207139,0.3737958247544402,0.025744525723479596,0.08524577654710301,0.4812181114758589,0.34748375483592275,-10.498571803197338,0.27787234404726036,-0.18757516425342957,-1.2724506913536335
0.19050836335938603,0.07071676451298999,0.13916839752513271,0.2930388731985178,-0.14471001723363788,-15.067967669026986,0.03277318208386643,0.292876782739194,0.06796853082728042,0.07837974079137508,0.4419306197741645,0.32361123947008624,-10.484731983338804,0.0023915163382238007,-0.21370323282137524,-1.2677873757893297
0.16806846284190943,0.07758566308183333,0.1412500407128492,0.3006358388696724,-0.13635527608451573,-14.761218501829807,0.014110987305222245,0.3949795196429502,0.0337086102011685,0.030696316817819147,0.4461535353858988,0.3286499317733875,-10.82250008574928,0.16678618254184394,-0.24772906362496133,-1.331619113034405
0.17740622637098144,0.2317151540087876,0.13901226275870476,0.2517530254586242,-0.14335750274805498,-14.74396685723228,-0.025093871248833364,0.2722283817279197,-0.13356474404131274,0.10331783741604558,0.4331089287975063,0.329898457445039,-10.407503031715503,-0.023450990560900706,-0.2026279274408859,-1.3636930064365276
0.1737774920313986,0.2259963462594368,0.1335546718279236,0.26296386567395236,-0.1437688338555128,-14.889152247850042,0.02085033528917875,0.28842801163038145,-0.15423812685982882,0.08129677347509365,0.4477384927887742,0.3340057833360269,-10.62140837131146,0.05693585621633522,-0.2114831397683139,-1.3572101092917677
0.15686207864755997,0.10895105400404564,0.1924006370371598,0.28823443436253793,-0.13486120700029378,-14.213347811909998,0.07249698291685783,0.34413679345496495,0.2233155564629462,0.2396909332334513,0.4182140561930022,0.361310562414303,-9.188442359955012,0.26582056432361073,-0.23898371292559342,-1.2030037653577932
0.16474996498513791,0.21978202269448852,0.1469139995581147,0.26512595882738216,-0.16062016048425376,-14.373123010344273,0.025438484501423504,0.26198350017651956,-0.4267225988408932,0.23094089138838172,0.35090667670363573,0.3795504254997325,-9.478812765430254,0.3034061094799982,-0.20491015422527903,-1.343204829333896
0.16954620385025163,0.22720738535771814,0.137222192170382,0.2653467328117902,-0.14713129793971233,-14.906393874047948,0.024185725423512917,0.2906704002729819,-0.11528658483713952,0.052194524906241026,0.48543631082700633,0.3358914643552718,-10.659542854336573,0.04276612743842527,-0.22466782937893287,-1.3556573099606855
0.540667057609717,0.3352683262475972,0.21071922868144063,0.456585787020824,-0.06662539007712469,-0.721794238448365,0.245120511898707,1.4221477055963274,0.4362218797235149,0.6791411685135753,1.7646080781328124,0.972241616623955,1.9849843395199005,0.8038175877575648,-0.8989898747881712,-3.9909586570230076
0.7978227618551849,0.43585232079038627,0.28039823430487437,0.5563443371616638,-0.13798819831827588,-1.5291650462757354,0.009109822381719007,0.9557459900609547,0.2317771765618305,0.898375779040552,1.652243695822396,0.7237387388245744,1.4740182805169504,-0.4947308482101771,-0.6221299844174937,-3.814782775909192
0.6818464520473314,0.4761899769647945,0.2250797911337368,0.5468236559745596,-0.14390306486200805,-1.198544606143765,0.005892735032155469,0.9536181448439541,0.44940011969433474,0.84576982574089,1.8038812518346516,0.9227929761801975,1.6768788120784313,0.30084591882061495,-0.5306981804020201,-4.453268442057314
0.3380048191662881,0.2571227552182468,0.14040815508934457,0.47396264473040217,-0.1643766529664847,-5.139361121883235,0.07392362356200824,0.6890835881564593,0.05898001387433274,-1.5142223334234817,1.0345497253981382,0.6419983623365598,-9.274262362406866,0.4827351103935234,-1.4615710802325732,-5.538315982239379
0.3954097715663037,0.43503135060062653,0.14377696862339023,0.4980850655026254,-0.18446149780351379,-5.249667941112331,0.033277416986035764,0.5932303558199529,-0.03521475725383446,-1.451390003052033,1.0621840100086892,0.6770819036703098,-8.894687628707407,0.4845890171687837,-1.3994691309196234,-5.542424411816425
0.1480777792897887,0.1066833904720116,0.19513475404562408,0.2832990781790866,-0.13435873090995595,-14.280877252313319,0.07252195367730105,0.3542431392267539,0.1772311119265032,0.2530983945693512,0.44220488407729214,0.37457849677017335,-9.210850428514496,0.2810224393459059,-0.2543619793369362,-1.1710662246843702
0.17746962731854482,0.2212132292175881,0.15561030954825972,0.26586796415538655,-0.1573139074673768,-14.3794214337861,0.013532388383669632,0.23522842785611864,-0.4381604487444692,0.21011803127560696,0.35244756526897036,0.3621633314700759,-9.315086479548256,-0.019978770693109105,-0.22008937050716854,-1.2498501622579359
0.13423103753527588,0.07654664559651687,0.1338492693166682,0.2705664200516391,-0.14228354559849096,-14.245940339368873,0.005632052192290064,0.3378095720089527,0.3182557690127628,0.09342786412891142,0.427857940063416,0.3648423894739087,-9.565367110938455,0.28045116428437245,-0.27551393870862934,-1.2888590479285411
0.17469683679745815,0.24043301495975242,0.15387904954400278,0.278312722319299,-0.155955887333704,-14.443524412717858,0.06864810152920298,0.2542203923839329,-0.3045841772117124,0.22198320059177598,0.35578009026213797,0.3676068286742752,-9.80819876030866,0.2916054402106995,-0.29032721091810737,-1.3887464931053608
0.34891138458845533,0.2508008291697871,0.13258171353882864,0.4454702829583914,-0.1469432534470143,-5.043894353650624,0.07893547989548387,0.6764976760309108,0.20823507689821352,-1.5101926628812947,1.0270694462416814,0.6219813439888668,-9.086914414439365,0.3310586753566768,-1.5951654289021733,-5.355080963397574
0.4018974422362227,0.4373076408957994,0.14741576534172401,0.4870020593738795,-0.17517963543054565,-5.184703940285313,0.029817275461395305,0.5704160474995941,-0.18661318550991382,-1.4378472183312863,1.0527599593925556,0.6495722705586454,-8.676621054424642,0.4849724135142735,-1.3801730664752896,-5.5094827790443235
0.5464444997615904,0.44541275730425217,0.16899054276154182,0.5510339238874643,-0.12467689187712369,-2.552295255564863,0.009209858309387415,0.6252063704082502,0.528957517485078,-0.4992702059278055,1.607118554675248,0.9275166422388142,-2.0997733934552167,1.1531025079286763,-0.9549102326636733,-4.20475740800347
0.1647061697154512,0.10050726368543775,0.1265055564507653,0.2879887268787393,-0.13459899125705782,-14.901502775946868,0.03739289275428298,0.3767333136509923,0.12008260172703357,0.0568630832212059,0.4452651348326817,0.3295848698206205,-10.98646059673266,0.20307876734394353,-0.2473273829825546,-1.3112589097161111
0.17533499852468507,0.22589599601810723,0.12162981265309196,0.2757262066484787,-0.144590660050879,-14.901663485313623,0.025573034841816517,0.3135611949229055,-0.12877809115116107,0.09003962606576868,0.43077915146464024,0.3516473443933129,-10.88856599052767,0.27491031884781464,-0.19298759910433785,-1.4150768966798726
0.13870863669348116,0.09009643433300601,0.11775483311384433,0.2874107657597245,-0.14209502943482685,-14.897485332435588,0.045895229764033256,0.3865074045136093,0.1949532480521965,0.042279513843252146,0.47214157265495943,0.33623933190633915,-11.050111327775229,0.28837304099783223,-0.26060927413901624,-1.2840021427880655
0.18173628367306316,0.22930316209372162,0.1365623163706908,0.269294393169503,-0.1520924042759002,-14.885199515063482,0.026956046953336806,0.2999790573067341,-0.06339490701737224,0.06448169507658487,0.4423496222030321,0.3250140250514824,-10.689934326535047,0.015002922425421355,-0.22062036737525254,-1.3485357335819668
0.17081744826444858,0.23907367359452558,0.13247481518692947,0.2834148063367611,-0.16159348307168878,-14.907263831177286,0.03241526834597985,0.3267112457943966,0.04165117202225237,0.07713977900887961,0.43737627278554336,0.32618125295903433,-10.922510020809394,0.31285576116134034,-0.2269990784847838,-1.388666813903304
0.4659831946804513,0.43787006568603576,0.25514820438279273,0.49101289645121415,-0.11745787653880978,-3.009033045323479,0.10786925251474508,0.8688407747625351,0.9293844434545614,-0.11652108137168332,1.1271163241430622,0.6615032499898871,-3.755785912343925,0.5355341792336372,-1.1867495418302731,-3.71858659599966
0.514066077073423,0.435080933795882,0.2495451761611226,0.4898264889137782,-0.1363225509828233,-2.981028484799923,0.0903506909133502,0.8461965703302777,0.8604642074907497,-0.07112856893935864,1.1344649226802794,0.6580181011229003,-3.5638274499451463,0.5359173922568254,-0.9583413050634337,-3.7964374608484133
0.5267586952910279,0.4275303363254088,0.2706260153272051,0.5155023349990709,-0.14315391502843103,-3.6488873648748372,0.03770848249647038,0.636843413247969,-0.4737276529189721,-0.17849418897178548,0.935068209910586,0.6022543905867719,-4.018691054306028,0.3717957569486082,-0.9422921554847068,-4.238188229040493
0.35218346842945997,0.26148725217735647,0.13228094829507472,0.4723600918398231,-0.15140558493612782,-5.215131645463783,0.0794508539458891,0.7754077579165666,0.2785418829023122,-1.521915535291294,1.0605070892228448,0.6328538965094894,-9.52883616099106,0.4548609024796918,-1.6132530982871864,-5.409745692588329
0.43741294165492567,0.4185993984531734,0.15568753499826687,0.5168589449150962,-0.18509970794260253,-5.455157978717805,0.030256851856771728,0.6645736026871162,0.08687175786425091,-1.4792160842333435,1.0276666449100376,0.6125415173164434,-8.93910281224465,0.11310659210505142,-1.4141223802936493,-5.456228864043254
0.1858894863384743,0.2398505480679795,0.14489227766972929,0.2728726564200464,-0.148217907684311,-14.910794009541384,0.025563257922103705,0.3020134444706151,0.002915721269225186,0.0900220981352898,0.43959936179969655,0.32527840405104597,-10.777554642235847,-0.001322774262684031,-0.25280765217606505,-1.319196559873657
0.17476086743687083,0.24684452702020454,0.13304251001469572,0.2828222672173954,-0.15239419717725664,-14.92467729823225,0.032398019917914064,0.3260182205204042,0.04634882376205322,0.09748623059907839,0.441725297740173,0.34092961579698533,-10.979324626436027,0.29844924174708937,-0.22824974791213187,-1.3772088367753823
0.3480018055519733,0.262711747584902,0.14176519505888852,0.45711931348312035,-0.15461912617225462,-5.073310192894495,0.06756348431976036,0.7571874808622604,0.2563307930970618,-1.4591394765143433,1.0525645965610613,0.6438398062226273,-9.128889205952968,0.383451379540667,-1.5841336458178976,-5.328844350653445
0.34179319304103933,0.2649037221379891,0.14590589757264774,0.4685545022884469,-0.16637755849923738,-4.974918889810321,0.06545970031012155,0.6863954700916196,0.2525827092180298,-1.418840803225075,0.9961470099063143,0.6405872645538655,-8.85629967167093,0.2893436478973439,-1.483858423600021,-5.42839201022746
0.4398312830950195,0.4587074765327823,0.17522265577265808,0.4983739689651464,-0.19313003097390669,-5.255208706297361,0.03428915722362441,0.6200524850118557,0.024595325192960774,-1.410365397163495,0.9958030491515368,0.6202909226923926,-8.312733257248226,0.17987666824763232,-1.3825289496655675,-5.322730060588349
0.40771798892696104,0.4775537650074883,0.1616033909308478,0.4982969713736654,-0.19276067704116098,-5.16698622111689,0.036359185226633006,0.6292143740898392,-0.005356285481813376,-1.386790088932599,1.0263768750542923,0.6691643522962227,-8.608960559311654,0.5494677855645042,-1.358672124894311,-5.469105307232575
0.35218346842945997,0.26148725217735647,0.13228094829507472,0.4723600918398231,-0.15140558493612782,-5.215131645463783,0.0794508539458891,0.7754077579165666,0.2785418829023122,-1.521915535291294,1.0605070892228448,0.6328538965094894,-9.52883616099106,0.4548609024796918,-1.6132530982871864,-5.409745692588329
0.43741294165492567,0.4185993984531734,0.15568753499826687,0.5168589449150962,-0.18509970794260253,-5.455157978717805,0.030256851856771728,0.6645736026871162,0.08687175786425091,-1.4792160842333435,1.0276666449100376,0.6125415173164434,-8.93910281224465,0.11310659210505142,-1.4141223802936493,-5.456228864043254
0.5354455179834887,0.44151337348653763,0.1691005190932069,0.5503728633200416,-0.12685434654367939,-2.595675534136786,0.009141453951540975,0.6266040036187236,0.5302441494043898,-0.44287127127545467,1.5857336915153684,0.9209441499892617,-2.074368269852135,1.148583388781518,-0.9566642406188044,-4.214027962812158
0.26348982992688835,0.696034795190087,0.10799850696569062,0.9317691514078211,-0.2172694702727114,6.8172930351117635,0.07121443005683285,0.9950317656747278,0.2274187005984907,-0.7921348151422712,0.8742811837444634,0.43496204326957844,-1.2302931413736,1.2082026549277782,-0.9417773985090365,-2.7629970481518162
0.19319139557014098,0.6929998313984992,0.09580806159730398,1.1049104118120805,-0.20715850457604928,6.272384870646033,0.04686616416141399,0.8724922215380648,0.06709666532984389,-1.3538427940027775,1.5637959794617984,0.6284775723970334,-2.882368101807816,1.0361612335208135,-1.3225129675217862,-3.330315436409874
0.27662220114822855,0.8354199298425198,0.10649002112715697,0.9912570057028902,-0.2396098633516295,6.269201026522019,0.03639765991704859,0.7700057444729242,-0.055649109700451976,-1.3774655169116847,1.6844481734948025,0.796176075946203,-2.7991258656103306,0.8817937058813378,-1.2364394877427998,-3.118284367284106
0.2853445155280229,0.8224365812025882,0.10344055528697396,1.0377826041706522,-0.23550718786819572,6.217367269879817,0.048539122457335174,0.7868610686884688,-0.03509184869742503,-1.383216204765171,1.7416803710512176,0.8857325315476482,-2.863565624303556,1.0410044539551955,-1.224485544164628,-3.372525469301945
0.2889644516728085,0.25204444266711007,0.1360576725147149,0.45467573734627065,-0.15840909169362843,-5.152014798605086,0.07621742461841888,0.704688853521811,0.057501869718950854,-1.576255763920859,1.0510820197764048,0.6396236928166602,-9.402101030965097,0.44344733339183784,-1.5190219003238767,-5.515621048804545
0.3380048191662881,0.2571227552182468,0.14040815508934457,0.47396264473040217,-0.1643766529664847,-5.139361121883235,0.07392362356200824,0.6890835881564593,0.05898001387433274,-1.5142223334234817,1.0345497253981382,0.6419983623365598,-9.274262362406866,0.4827351103935234,-1.4615710802325732,-5.538315982239379
0.42520083476562487,0.42569144744264337,0.15866861348293548,0.5032327354670761,-0.18378852302620188,-5.32816314363339,0.03326653077208045,0.5809415605325421,-0.0714152303704936,-1.455134456815975,1.0367698926161213,0.6157450954766297,-8.5775589634224,0.15415600210533445,-1.3956504123290725,-5.400513541118226
0.4024549820231439,0.43780998383824005,0.14532199453300415,0.49592513168202373,-0.1837113270755809,-5.257851308557046,0.03310825872854694,0.592805930414199,-0.04028350531202894,-1.443523401004014,1.0515857658603687,0.6670926115079319,-8.907114555943373,0.4782486945677726,-1.386755269987786,-5.543719999441097
0.35815292900353785,0.2587904783001179,0.13479279362603117,0.47281572550240647,-0.15067748440576428,-5.246603213513915,0.0798496034864873,0.7698374622153024,0.24517224565345197,-1.5214945702317602,1.0466647897535124,0.6360931901605077,-9.56513866738731,0.41118835632646544,-1.6391943827516613,-5.407811665682356
0.42635103900966465,0.41366177416675987,0.15517761251497486,0.5206355475983976,-0.17949455844881315,-5.456123144989875,0.028047835313241835,0.6533274708207466,-0.047622279636576316,-1.4816394874150256,1.0403429276700429,0.6023737884216402,-8.849421448819584,0.137218791977873,-1.4075228388646441,-5.445026073170997
0.22103724036191968,0.4852284514455302,0.09139153021657705,0.7175665779215693,-0.20314688516347915,3.321512184914821,0.045867292921760776,0.5216750693678404,0.06333904865221449,-1.2569715780545638,1.262972330655612,0.4469598667591939,-11.028496331609913,0.2781476439908276,-1.5887748667537467,-4.603364169055448
0.25242898921392015,0.45943375503830236,0.09207966827972061,0.7274238949671316,-0.19227197315076708,3.275894921221016,0.044026543187282885,0.47083361648146654,-0.0008370633225002289,-1.2358369609744402,1.2226926289522915,0.4685824165511193,-10.862583462242728,0.31037418316218063,-1.5347296363650396,-4.69790731879936
0.29138894714452523,0.5798514759913813,0.10111097026658217,0.7078782510146708,-0.22082678400955372,3.3030112800061233,0.00161487288815715,0.40412913630566816,-0.13233915596783244,-1.2985017788653619,1.250215528450327,0.5943321399784456,-10.872071987685844,0.5139840294328625,-1.53786792742528,-4.511847493654795
0.19319139557014098,0.6929998313984992,0.09580806159730398,1.1049104118120805,-0.20715850457604928,6.272384870646033,0.04686616416141399,0.8724922215380648,0.06709666532984389,-1.3538427940027775,1.5637959794617984,0.6284775723970334,-2.882368101807816,1.0361612335208135,-1.3225129675217862,-3.330315436409874
0.2853445155280229,0.8224365812025882,0.10344055528697396,1.0377826041706522,-0.23550718786819572,6.217367269879817,0.048539122457335174,0.7868610686884688,-0.03509184869742503,-1.383216204765171,1.7416803710512176,0.8857325315476482,-2.863565624303556,1.0410044539551955,-1.224485544164628,-3.372525469301945
0.1581371620431777,0.07721658193535125,0.1348287453435793,0.29671725317748726,-0.13454116360858845,-14.82709618927669,0.01370825888206494,0.40396351068146286,0.03248701467112316,0.045551712914431254,0.47472002541895797,0.34791390338114353,-10.883001334570414,0.15536996896760563,-0.2646136379719831,-1.310585183865869
0.16806846284190943,0.07758566308183333,0.1412500407128492,0.3006358388696724,-0.13635527608451573,-14.761218501829807,0.014110987305222245,0.3949795196429502,0.0337086102011685,0.030696316817819147,0.4461535353858988,0.3286499317733875,-10.82250008574928,0.16678618254184394,-0.24772906362496133,-1.331619113034405
0.16168450004327392,0.23764855747979607,0.1238329275555168,0.2571562661831621,-0.14894725219880894,-14.823797912205045,-0.00628438365692947,0.286582343280855,-0.1560442281709496,0.1155114358167358,0.4311674570374372,0.3432255750505308,-10.64237776832255,0.254026573204506,-0.19291545848337682,-1.4232928163536005
0.15615365268476572,0.09170648631262207,0.1377341806112246,0.28281690450172875,-0.13128150439143166,-14.712174515919877,-0.013062636122194519,0.38183488314660136,0.06431129899802362,0.14269545564477296,0.4741470357577015,0.37863945626804746,-10.265548419294305,-0.2736745680923246,-0.33489402743387936,-1.3167712084650212
0.16730829340881,0.1762466168017123,0.137029521492365,0.22654897260575413,-0.14452043223965674,-14.583104340401574,0.041233259932604814,0.27628990883685667,-0.503357120445273,0.0662097383914077,0.408378739362397,0.3708620327279986,-9.72395858965197,0.16271923496067753,-0.308578706641832,-1.411972882898522
0.1700213176479287,0.18161474121389054,0.14290917420019741,0.237040597936398,-0.14438951628954197,-14.585093406436577,0.045600986191294934,0.2999893664475235,-0.5509502831712242,0.10944004145645611,0.40446715859823834,0.4068616879712086,-9.999075055944486,0.4318409301205101,-0.291655034529197,-1.467841023823948
0.3894791257591093,0.3261973410175593,0.19222609849540412,0.4752735654332423,-0.16784249573177132,-3.872980526660401,0.12463270469270712,0.7369538063093659,0.28400455127966023,-0.8815959153589514,0.9799011457016221,0.6424528780392621,-5.9552630052312026,0.35494554425019753,-1.2429633475984896,-4.671260777391845
0.47392811478746505,0.372184135588011,0.1942998009108894,0.49526721199066004,-0.18392391967674052,-4.262273467501736,0.012286681329270965,0.6844782157198147,-0.029731394999720735,-0.8734827335193397,0.9607577115212647,0.5839850935749288,-5.660792715967555,-0.022355225735167013,-1.1719285583746262,-4.563759018154607
0.4454091671203594,0.37481412482506177,0.1742682528749769,0.49350367011285023,-0.17552288225774304,-4.226763539433515,-7.771312681784336e-05,0.6914542086215211,-0.02100150108029112,-0.8966180471244678,1.0030419721808563,0.6509461533537637,-6.086905831266684,0.20414711516381578,-1.1698171150980081,-4.76277905479706
0.28123718046018187,0.256646732663248,0.140875977578648,0.45633889992968524,-0.15794329889262498,-5.018007598222991,0.06727561490661946,0.7137930725385528,0.2321451759808296,-1.4772776594658095,1.0492667408701801,0.6426542903594024,-9.0184644866563,0.31850838472645465,-1.54078528938234,-5.410600598461952
0.13953582353222632,0.10393781545416513,0.18161769902043703,0.30137314753525046,-0.13436101600466774,-14.254799965197902,0.06790442939907121,0.35256672579195913,-0.02820272319720132,0.23144542442129915,0.44299020268734246,0.3862108962134895,-9.093464836765122,0.3365009617310676,-0.24422756856989145,-1.161825614338584
0.15031036735423192,0.10774008904436512,0.18067814327821358,0.3037936292532297,-0.13493062143136098,-14.264292448672613,0.06711648527273284,0.35820617265914595,0.022383402011968936,0.21858809578939947,0.42814742529447825,0.3749928618260251,-9.160664764942627,0.22126951680359003,-0.2288921518734559,-1.188157149234513
0.1796596743059517,0.23878718237045654,0.16143872970992615,0.2702447971241094,-0.14113307705855085,-14.39236737233141,0.022541372929251412,0.23416965335741244,-0.43162295199800743,0.2850449963866796,0.3270468182405419,0.34069358839913594,-9.230347708724192,0.008452571363975711,-0.2375927642898788,-1.2110278023358996
0.19487593472099016,0.24114196484685202,0.14676511740448597,0.2424852234007368,-0.11126774744872302,-13.661280575280035,-0.0050517536977331065,0.2781061643284011,-1.182997147421762,0.32163870740099826,0.4677554766966845,0.4755224238309174,-7.188604727112549,0.28100966109035475,-0.35753317014586555,-1.347566858113039
0.19761568599941734,0.25066124891092934,0.19616870248934706,0.24930889371404735,-0.11023477548933956,-13.705809172986175,0.021435132234609314,0.2985152451228423,-1.2309313319160107,0.4402021407714104,0.4441963301257332,0.5507287702441404,-7.5249719012510905,0.6280572011675488,-0.3671443797556751,-1.3923756136766405
0.3726741697841455,0.31300611356577546,0.20333966884361032,0.45873488449973854,-0.1703706963487868,-3.909419283075902,0.1076572103527637,0.777233173018904,0.31297230250139846,-0.8568530466850471,1.0227382277266641,0.6412884238963754,-6.084979381295281,0.4376162114912374,-1.340104113121149,-4.460084139159001
0.3894791257591093,0.3261973410175593,0.19222609849540412,0.4752735654332423,-0.16784249573177132,-3.872980526660401,0.12463270469270712,0.7369538063093659,0.28400455127966023,-0.8815959153589514,0.9799011457016221,0.6424528780392621,-5.9552630052312026,0.35494554425019753,-1.2429633475984896,-4.671260777391845
0.47392811478746505,0.372184135588011,0.1942998009108894,0.49526721199066004,-0.18392391967674052,-4.262273467501736,0.012286681329270965,0.6844782157198147,-0.029731394999720735,-0.8734827335193397,0.9607577115212647,0.5839850935749288,-5.660792715967555,-0.022355225735167013,-1.1719285583746262,-4.563759018154607
0.46268944121707856,0.420654265952574,0.2510437833059152,0.47634334527989497,-0.13145382788192067,-3.013188050303579,0.09875195199593154,0.8690255936769384,0.8026800981331322,-0.14638320932550988,1.1368576173619391,0.6804769417075494,-3.765893023749155,0.5168811177657731,-1.0477296091116763,-3.7554589925580997
0.514066077073423,0.435080933795882,0.2495451761611226,0.4898264889137782,-0.1363225509828233,-2.981028484799923,0.0903506909133502,0.8461965703302777,0.8604642074907497,-0.07112856893935864,1.1344649226802794,0.6580181011229003,-3.5638274499451463,0.5359173922568254,-0.9583413050634337,-3.7964374608484133
0.4448580224219525,0.44535442077389426,0.21675587077649716,0.5176773703567304,-0.1429313462225176,-3.599053923023801,0.0349780339210284,0.645456197277625,-0.3510311377769809,-0.30653323648945435,0.9535339497145541,0.6797321707430175,-4.391407306302361,0.6528369557280255,-0.9282997522731962,-4.505113801041358
0.2869729332051638,0.24360469098566126,0.1318100947399851,0.44309323473029966,-0.14980002281422222,-5.0373572354779625,0.07957844594245804,0.6460134676488707,0.07405620607375034,-1.5454285996494246,1.0228037372688716,0.621839997839526,-9.103470661464103,0.3022594246960886,-1.578687334198565,-5.448809322328274
0.33984596461107497,0.24943940764138628,0.13641197838439695,0.4586497669822056,-0.1558445800086368,-5.016574796060812,0.07770725359918716,0.6253232233475488,0.0517664303947873,-1.4795491567200711,1.0075502377196268,0.6208405557323444,-8.986555708646316,0.3221972689629883,-1.50581565454812,-5.473392671160297
0.43848972023664323,0.4236671538532016,0.1636912354006233,0.489157565541346,-0.17464329252740465,-5.266758363431704,0.03178164979715524,0.5646910655262141,-0.09718006107068657,-1.4426653095032915,1.0063802175602998,0.6139608397016789,-8.462113490475677,0.15758710627251707,-1.3951741211345503,-5.37602544569589
0.40971422305652055,0.4382457333959587,0.15163153991867284,0.4829137684379203,-0.17372140743366096,-5.195895888631592,0.0319394555276615,0.5730741199869367,-0.10911498886737628,-1.4358457438097687,1.0270830241682727,0.6652561910882766,-8.793983068971901,0.4833411621290948,-1.3884678257838958,-5.52234863991385
0.2869936364282465,0.8578673115640091,0.10107619111559797,0.8104452980434022,-0.24533049708762994,6.583569709841503,0.05826208498859878,0.7717975222141267,-0.07304196437349678,-1.4375607893282476,1.1192514117547259,0.5948359437631683,-1.6829091729725327,1.074156242162909,-1.1798148272418396,-3.043079300179987
0.2088739749193811,0.4809946440000727,0.09680445293022172,0.7206959916448785,-0.1971040920240024,3.280128999090001,0.045725070296340924,0.48427466131608854,0.0013341441438486916,-1.2856793447241208,1.2395041505914153,0.48080740110268133,-10.959704201847103,0.28992671272776405,-1.5969163236042798,-4.626474847653232
0.2802408070372235,0.590735767560565,0.1046180025733349,0.7084974287436171,-0.2210087106671358,3.2957611629154444,0.009549799225805658,0.3851802094700778,-0.13362144018607824,-1.3266241127237186,1.2605971826160423,0.5484175440618718,-10.856977750258334,0.2846926038726113,-1.5651719610596317,-4.40201453434727
0.29460336009074223,0.5876398349227296,0.1007569189379377,0.7046759589075299,-0.2183325975729719,3.343206242441589,0.0018580515848296497,0.4054157056111804,-0.10815758091650565,-1.3093689608753802,1.25197256317418,0.5961694445561329,-10.92139455906227,0.512406239713015,-1.5315465994782151,-4.529647524014424
0.4669298145330295,0.32720135839256803,0.20864543362048696,0.4525229441808592,-0.0688379848619593,-0.7518289038111216,0.24295428315078413,1.409164802166613,0.2669779751599907,0.6438311220611616,1.7908023760269465,0.9772037228534295,1.9819582791471329,0.8128957813220979,-0.817249682160873,-4.113193422256123
0.28822989520111264,0.6758156418752134,0.16985933225139271,0.5406461559460293,-0.24475125686421584,0.16586576206984507,0.003817231166701,0.5410906793974963,0.21428501071322834,-0.17434977771968582,0.9660712317381701,0.6590302589067288,6.46980482577241,0.45695892338922883,-0.5906402984015736,-2.1848123433466347
0.27260283154131465,0.6003452915721299,0.15065134171899056,0.5476132545633978,-0.28220124869758534,0.1532132385489949,-0.0013498229810079065,0.49868381904078446,-0.08557618284765203,-0.19604625476354573,0.9293952725456441,0.6927219183581196,6.466413827080136,0.3970346230150773,-0.3379896298976804,-2.4585333615665808
0.3847960267110567,0.8618357374854577,0.20015580712504683,0.5791791223721878,-0.292102930909798,-0.013609297766766839,0.038132910130703995,0.530892080736466,0.20181601890953663,-0.07625495988065818,1.1394560438885728,0.8029486026765084,7.328390945651107,-0.11747942845077713,-0.1982495643376503,-2.2977438828450065
0.2900501352864001,0.8439249653924693,0.10159545835459767,0.8350196408149199,-0.2418719754134705,6.582327328414504,0.027574894221868394,0.7935266315986784,-0.019531599481066267,-1.3826517908008262,0.990229813797833,0.6290150219360487,-1.7785210058072456,1.2413750381243225,-1.1446316003540182,-3.1106656076329124
0.22766207438519617,0.6927799949022386,0.10442202866171531,0.9591147523368628,-0.22546182899365427,6.837645481520662,0.0713393734770624,0.9785412840096042,0.13138512130657876,-0.8037444469193058,0.854668505621172,0.405079839267856,-1.1509452337490602,1.1981009325615029,-0.9493411245976207,-2.7963112294227863
0.29304815084032376,0.8058827683634274,0.11596536514147023,0.8627316856969726,-0.25684537499076016,6.952799521774604,0.05083428792401818,0.9077170878306725,-0.08371505427376133,-0.9190669659508375,0.9799341793321938,0.7156658153169567,-1.1200921245812812,1.1542509623497867,-0.9398931666565682,-2.6820157744244355
0.773785845238496,0.6462883873924675,0.00826813328689585,0.843937012001883,0.021358377736694616,0.7477676171001724,0.11667042325493672,1.6783266766124785,-0.5723963472721724,0.4162416908760424,0.5307040382337608,0.3765688825295858,1.5377872900805594,0.26143382861233067,2.1166637510753374,6.38175483457996
0.2990339284273965,0.79680723004133,0.1134905779036336,0.894331538096861,-0.25260161630310435,6.851896478848973,0.04812868214905196,0.9305286080214278,-0.008631644127216547,-0.9188009176249244,0.9510501846751024,0.7619426546927375,-1.1803927321620666,1.325694612174095,-0.9323466090396216,-2.8422876078013903
0.755203411117442,-0.8675752616005632,-0.03546656451344536,-0.289315496059579,0.12575312551120413,0.30775910204354806,0.049095299981847126,0.6663745196536764,0.11373133839850515,-0.940512486287027,-1.3573879109947402,-0.7066404043947835,4.330651084687182,0.2714378153500078,-0.5341002586907608,-2.4307787221778905
0.2701952541025413,0.5813992908999759,0.038456714589095865,-0.30030592721221816,-0.06489205298717586,0.12969267621312983,-0.10571973614120166,0.253347835580903,0.16022647076244562,-0.3292365008095901,0.17129816319296937,-1.5782745006164276,3.9534931520195524,0.5332273005407662,1.084935016584849,-1.6259997627578344
-0.016274651993207028,-1.5970928173376662,-0.05401787752435512,0.5358083177196242,-0.21863878351376934,3.7225693095318566,0.05706328938228206,0.6969923570514077,-0.030637381376781198,1.5316569986341635,-0.35146126800503696,1.3348610172411046,-1.0026451229062339,0.21700435798956766,0.01998646191483723,-2.017141956896008
-0.2552661129171459,-0.5160022053135169,-0.036235043266616924,-0.8855123467119644,0.06142735269956788,4.557335389963213,0.09693114111080403,0.32670192976319146,-0.2097348968275568,1.902197012638872,-0.1313001548454448,-0.20349439103033293,-1.1277638022398546,0.28076501603255327,0.15262320414537123,1.2708019009666516
-0.8110145001848801,0.3019355693757696,0.16862939331443705,0.49269497068974816,-0.35950540326628466,5.0845901590542635,0.08678173634515327,0.8830926460984384,-0.06726963934698757,0.5831797201213383,0.09458970360635342,1.0272795177235043,-1.0730024036163213,0.7332815877100618,3.308630528691793,-2.643536258160543
-0.6193966361446575,-0.7032512347540989,0.017721403913895876,0.037387866939460127,-0.5270670587308603,0.5769712526825014,0.12272625007017966,0.9484429027866335,-0.16905668692841802,-0.0982929689227785,-0.9392184897390214,1.595730801647809,2.888767730759397,0.16783484702651003,-0.3897026427876372,5.315025629254553
-0.5074582614142181,0.36590080673073916,0.48595334356764375,-0.8726507576179966,-0.26110157151391844,0.004091373309141449,0.03251326536539757,0.8425807694614332,0.5708787894148236,1.7492575778978374,-1.232553238883859,0.13582313793662884,1.5396444359390073,0.06525572732978238,1.2604152138465952,-1.037335388490413
-0.5015246716725422,-0.7371878396638102,0.06334130385225686,0.9620749895266357,-0.4122887253754874,3.747592219214913,0.04735810561579727,0.6802983121065244,-0.23165235030497977,1.3092310403417011,-0.12263353222265917,0.9783722780564379,-1.0865326277904712,0.7212311863881427,2.641127468539487,-1.6811000650893104
0.5937622327190213,0.5644035628765365,-0.012059601222216512,0.8493091767837218,0.12994080062981495,2.241006046363633,0.08216890679008758,0.46758483988304195,-0.17321556572555197,0.4095907791697339,0.09346321302317957,-3.359917368302794,-0.139350863406277,-0.04603145280141265,3.4826515792427286,7.310038952249559
-0.02099817400673812,-0.5262841050523787,0.1124841260055654,-0.17331050944419626,-0.10028451038480966,-0.6429129377134724,0.1075911732857418,0.9346283744420467,-0.2985046311608543,0.062362325301299606,-0.8013960824717161,0.8986361341437692,1.674232452774893,0.4260000218900776,-0.1366352299106345,-1.0332083328948634
-0.20363426320088263,-1.5283361334740886,0.02087332427458422,-1.335818152962834,-0.11837555919735716,0.5318415200614227,0.13020883352215687,0.3286501764517592,-0.09314105138675575,2.0140802918899783,-0.8799388660189589,0.07757396612048646,1.313069401668286,0.6374865158758451,1.276556855185723,-1.5857113258181639
-1.0368501191055177,-2.685576675848927,0.0930174329038357,-1.102386285981923,-0.07154302966018755,4.230160133830897,-0.19369252416478325,0.5144955542383131,-0.4696418479114961,0.3071033734237174,-0.6469362781171257,-0.2674671175504031,-0.8236318701394404,-0.10935538513982394,0.4614846830364285,0.6792891185499618
0.8371051044048966,0.7038922296389469,0.12339447833982967,-0.1653146661578133,0.162810534452707,0.5785259414825518,0.15804685031467086,0.6372615480776778,-0.22748122834466236,1.6386905203786177,-1.060494253013409,-0.5649809363267204,1.4753881857227258,0.554955960853219,0.1346679810769869,5.38840737775001
0.7150409927210775,0.4503629079353629,0.10466036666160154,0.8650898974849452,-0.047215455521111435,0.7091543486833071,0.07253027158715787,1.9382752794812454,0.07836886493843398,0.5692886526193793,1.0362705037194986,-0.4157620487592244,1.6844738156911383,0.38043189624665236,0.6015404436242994,6.161937841747977
1.1720992860268256,0.9722017484069606,0.019558855533271448,1.271397236166427,0.0847698892464306,4.919700976119977,0.03374725094224729,0.6753519965180165,0.06760779656611174,0.4257381237117808,0.9397585915507736,-0.2681807633259125,-1.0458008565060937,0.4078825981325753,1.5707409471863252,-0.42676074933289565
0.7535400391981677,0.6478368293373428,0.4922633081892062,0.5124117098231189,0.32195811784783607,4.718107649735628,0.13979171858602252,1.485772353138077,0.13094902482209245,1.4288896130881867,0.3253160265900695,-1.8183457395659415,-0.9593375142416334,0.8104408184083416,2.0614627931035017,0.7296422905721078
-0.6120105630463897,-0.03399378879710587,0.02293340231722563,-0.8123356005578367,-0.18470426717393348,5.228837054130856,0.07566379635602548,0.4790589997561401,0.27144559412040403,0.37713119243618104,0.5479359285225277,0.3019419408290585,-0.7617854906665772,0.4175556111853252,3.4530807130319343,-0.29556707814094
0.5761208513541627,0.407163153633638,0.0738815792453885,-0.12871777691403335,-0.004948274794910623,0.699998571262331,0.13456839087836428,0.3170681454212933,-0.31978881767473283,0.35944443234499335,0.7198812370159686,0.43072784555188337,2.9171376199700996,0.45368901528286115,1.1825465950519436,3.2884348457671777
0.3569479819658083,0.09620029869765852,0.03457201617169258,0.526492572022646,-0.07839325789836364,0.6719781683665984,0.10037085759255276,0.06661308009714721,0.15542686644462161,-0.037686126859846056,-0.8928945374319348,-0.0829017009387039,2.6265440131212845,0.3016660708904055,2.0918254068443347,3.793052875213606
-0.18343915061006374,0.23743125449813932,0.03370151093354497,-0.6272010281423679,-0.04851829054677242,2.437415593213918,0.07658615719538356,0.30551016833390954,0.04337546205462268,0.7456451450617786,-0.29665759074033066,0.6608222925400402,-0.22921993770978494,0.5701397536353023,3.1862678048078643,7.508136694741228
0.6827469920427118,0.6607316593318819,0.1411304619280672,0.5775447481303291,-0.14842508289804304,2.9516008525911404,0.0948533744756525,0.16047042043576404,-0.32729083518949625,0.06585064164635214,0.4757525638073959,0.9350435418675119,-0.26847910115796986,0.630231110171836,0.38304356018844815,7.1558525363107055
-0.05388391597674913,0.06888790947561428,0.03580022013242531,-0.6647726179960582,-0.23238189070610504,2.4835486341194013,0.04056990031015273,0.6666999499143181,0.09418671434174941,0.7945793675990227,-0.09714513567779932,-0.5513551506653405,-0.17456307824050815,0.35559987109988317,2.4132638186239825,6.256454302642864
0.5073398929409417,-0.037627718727121694,0.018962478021078623,-0.13054654767238044,0.06982561815934796,2.254572805450704,0.04540304828810544,0.30003708971560067,-0.3550241891758044,2.1495502733924265,-0.33051193224213027,-0.7597758917882311,-0.08699293609955681,0.27183603439944715,-2.3075738183215355,4.498077649061873
0.9867880159275936,0.5205321138761354,-0.11147132573827283,0.6511987815770475,-0.02495164146560707,2.451941211909438,-0.24944468327964867,0.5123282207718594,-0.30621853046896924,1.4071728128519778,0.24242085172833755,0.4532540568617367,-0.24160486619513005,0.15371697284633412,0.824671246961636,6.219623732005198
0.7981653393035765,0.3251547892099982,0.02902681966655305,0.5896057991628461,-0.20644215854047035,6.731867518430587,0.8231491206977103,0.5112784584266382,-0.329585219749452,-0.031141567779490693,0.9402131922315335,0.09040353634974826,-2.0275450003882423,-0.09310842073256193,1.2280938996602757,-2.7116039439237682
-0.6474412495217571,0.3769533918849629,0.04186911479029473,-0.5807985701907664,-0.3167381246233362,2.52775502870834,0.21010103215629572,0.6029014721137883,-0.005458023756189546,0.5171652506649365,-1.0287722934058476,0.5905491646293933,-0.28378844632671035,0.6205000312466378,-0.024478726996760486,2.7022765449477486
0.5210144096988925,0.27032258522047614,0.04821703205016994,0.42326834507243505,0.18223001198254765,0.39040897098432736,0.007929930975430183,0.561370774576972,-0.18147873110590884,0.21499989029374272,0.5910561451418802,-2.1197430067454386,1.3718542241475975,0.2805112880845885,2.3722738556235234,5.348982648941683
0.5419874182474338,0.20890491253181775,0.08694106027565357,1.2098215854684702,-0.5830436158119884,0.4906268922815183,0.053091064687181506,1.0376926416760743,-0.021522820971065993,2.2457916151567003,1.054295791517219,1.5748021677691773,1.8836412326842937,0.47834000110160696,1.3149395356355031,-0.9683097347336509
0.6115918820899885,0.6599118835203487,0.055899373131513,0.3983418992929687,0.032466590305424446,0.5819172873323466,0.10370765771723905,1.8659328756091758,-0.33720465462546023,0.9584448909300153,0.38735570106149636,-0.5821512373276806,1.3810107309642763,0.07755578969216699,0.5254760878865281,3.3122165552451834
0.31315267749376013,0.48167114935508504,0.04826935317324756,-1.1565869851082649,0.22249143493225562,0.1987863173207846,0.09822777193909041,0.5550798709661945,0.03540046115880501,0.746277168644041,-0.6916785406380025,0.275127295482504,1.381831286566567,0.43950665293283386,0.17370756291774891,7.415871359571967
-0.6620167999968583,0.39366566129605496,0.19787336849910803,-1.3500075179675581,0.12855212845612618,0.8518472637033166,0.10640200306597798,0.48841581588688654,-0.11073379742888696,1.5640799711361961,-0.2770664892615637,-0.7048948600731216,2.238121033012601,1.781519604656542,0.9842070864815212,0.1453204392402319
1.0149154888815963,1.2046646319240732,-0.04864600843767367,0.7908322075398291,-0.18525051221399508,0.5764317878149414,0.040956429174530476,0.9105842524553911,-0.11694926447918094,1.1819344404010916,1.0269068234297296,0.8040664954352859,3.165909716720725,0.4493604867372904,1.027523111095816,-1.4904868493183616
-0.5503513410362022,0.5828774551980453,0.04518386999704349,0.7353883783333779,-0.314879034610042,7.1054779241184125,-0.13931255915511254,0.602925590148513,-0.12590311681255092,-0.0018669772162617415,0.6386173543475318,0.5868786495164681,-1.683324898277374,1.340902829563016,1.5285345837981121,-2.0076858365066754
-0.10545058138827093,0.9877015353295302,0.15448959964445755,-0.262266788839787,-0.1787961173495159,4.808675869388823,0.07201248488902597,0.9705436245502502,-0.05838472695705798,1.5806548510813598,-0.022215853784353132,0.12629388598279884,-0.8736893815551798,0.817066183197352,0.3489505388906655,-1.055545920647242
0.005327589090800328,-0.0046425843138077506,-0.07560221244641292,0.41877353104286064,-0.4840680255746406,2.1816759247602486,-0.23507770799839015,0.37349256470337133,-0.16764691802237675,1.1327675822014522,0.4270153511480782,0.5728869722869697,-0.10255293086466621,-0.6698144755882425,2.8793945257434093,6.184985244741354
1.1579230518355175,0.6666566435875919,-0.018732380743513445,0.1689189514996842,0.15105734484690822,5.677307820435528,0.04628663808463375,0.33155884857205564,-0.3187233404121039,2.440058814570085,0.6377865909630066,0.8322967933000042,-1.1205228764444986,0.5933047990772694,1.54554979521367,1.290254162754745
0.5868919617195208,-0.11615700478857278,0.12260687017070508,0.5928850436159745,-0.34154840017016946,0.5720113328015789,0.08871988037897424,0.7243030800367404,-0.06030720519560904,0.6077607638008581,0.5429251104749723,-0.21991087800813558,1.594928151031421,0.5403366388887302,1.0683057201263195,5.906694916436143
0.8060997404887779,0.5834822606649116,0.09208709856031645,1.3462219340279633,0.016906331626597697,4.600801477051199,0.0808300649442312,0.4602706459995049,-0.0855684509169999,1.1714911576194569,0.5533817666841141,0.13657578814878332,-0.8992877417251834,0.6459792990288683,2.352344158255178,-0.23158736057486437
-0.0029889337227562156,0.7481259439821356,0.0026285353129746085,-0.2073927636502938,-0.13703041157605905,4.167381240955478,0.054761008832387346,0.9235494891999408,0.3895907296981184,2.0003827765473488,-0.7045490516631587,0.0684981661469948,-0.7397110652706778,0.9648233681601045,0.19518759953091872,-2.429699142877933
-0.617565605699879,-2.7363441891088645,-0.010643161285921991,0.6306035087819071,-0.36388116877938725,3.454842725466099,-0.028515909179627014,0.28257330091527455,-0.5187623462584232,1.2723935517113147,0.11894152133034602,0.43700535640525645,-1.2102933600493226,-0.4294623278178937,-0.2726142290181034,-0.7970426130807018
1.0351357314522383,1.641202354892805,0.11026049424146628,-0.2897544642252615,0.29374345952508935,5.6791850831079875,-0.21779896305778235,1.2150672956178987,0.5890608120188616,1.5458994012197944,-0.1366322704575577,-0.43463445801378164,-0.7045872195605218,0.3831861842650321,0.5956989778899116,0.5063157029884026
0.7949237852015923,0.4994053966288084,0.08804694421634612,0.36562123092950144,0.09683476842666275,0.1653472261891918,0.024470989602759487,0.6801245809962375,-0.302568470164987,2.5589996120006764,-0.08662062340106907,0.32587670166244626,1.7043238151917819,0.0836079957853179,3.0327454534843175,-1.8366581293507829
0.08696542796367705,0.35917766143093877,-0.2911634967644044,-0.050122135656723084,-0.17372747525415064,3.648827615339064,0.14333365521729158,0.22569571523297083,0.030881305995247358,0.025813050651976654,0.2102013127918757,0.4085649977508108,-1.0896510034422975,0.8994674919079261,0.7395977801375652,-2.0932557282770894
1.1338881131510383,1.2195508459227682,-0.08193906974000208,0.7681935021076874,0.15395698187458456,0.5248209288974208,0.05822114230835129,0.3490636220741975,-0.3681010793792024,1.3440205304532902,1.0946633958931877,0.2893637348928776,4.085603356474173,1.0297205796814821,0.3076955272637903,-1.320935920146071
0.8707009593783556,0.8391166716238534,0.12222762520369598,0.9598773858663018,0.280956851407962,0.10079028999585803,0.11814160412381375,4.392315377272539,-0.6596223539765107,0.3148517923277309,0.46176455624671175,-0.9700420256456573,2.0962240591297716,0.7458794037802562,2.209467101916222,-0.3288372369314454
0.21189498212338312,0.22705257084957903,0.03314081214517633,-0.27161199737377995,0.05271265767026554,0.6550283239940081,0.04478294512583782,0.3558142894888242,-0.08800541534776221,0.15990056401180494,-1.0543752170221032,0.33293182781733904,2.9465324923785516,0.3420305882729583,0.24337539334155955,5.536941549367346
0.5389039419903976,-0.13224899098745102,0.02167348136766793,0.39490642854045477,0.21175002284325825,0.8642246574837152,0.10202336494539717,0.37731511433872933,0.12628982698825822,1.0025369115042457,0.3430005435790707,-1.905573700391922,2.101184810660937,0.4612801074298398,0.7149721026927138,3.6024494514870082
0.4719097760926236,0.5612084664502737,0.16846852676666113,-0.13779127632824345,0.21195723803084862,0.5903491456622002,0.014091382578748481,1.6417116053339704,-0.5465898588361604,3.4854155575844383,-0.22943904487610634,-2.6794463060942193,2.9110761184606275,0.3878726773229134,-3.528140999216872,2.2708671093296307
-0.4921561031553592,-0.7020461087927927,0.03817951194725534,-0.6693863727852285,0.00551880239721907,-0.08385849788962071,0.11387115439000732,0.4328911497034912,-0.4176514134810139,-0.049659252240231024,-1.4451919831634676,-0.702203376639314,4.435818974383274,0.5428813004144928,1.050295793440576,-1.0481122704200063
0.8244251926181635,0.39063231103020396,0.03415370276716671,1.1002046830173078,0.05231231879611459,0.5505411717812574,0.06003111648870017,1.0984526536874228,0.011377278004181968,0.12324395314273298,0.9819877467143707,0.7588127541738745,3.4963412879200324,0.30485295567683124,2.8781634324776757,0.20136858049416753
0.7994852247944771,0.3298588992191708,-0.07119751209799083,0.7160879345995788,0.1633524985004937,0.8066973840052859,0.02155671040202478,0.9713737861126717,-0.6100598877077454,0.7030481183781464,0.44419599504294016,-1.2478353640291793,1.398468506666958,0.27415593751530065,2.3648787331320342,6.300601451095893
1.1166041183365505,0.8783631099074745,0.0739239709968048,0.8439318186626711,-0.04003722802367563,0.7550221680117525,0.09124661816425748,0.7848610861392042,0.1302844065418803,0.3188356836701239,1.0806948062866817,0.06549033328367242,2.9268737818129598,1.0757493573091785,0.9208063347870276,5.033379124337092
0.9008992250283048,-1.54286250684429,-0.1124757397474697,0.2839924937209841,-0.13229065193758233,0.44157097145710433,0.05203729006003417,0.7629679902757255,0.18053555069154267,2.171558656107551,-0.39891092962573715,-0.13465456304966558,1.4876869629342409,0.12253555309711114,0.08166659544561096,-1.2962557064614926
0.6239677526608428,0.7907670282914107,-0.2650127679357052,0.5574940996973354,-0.6656499045824459,0.7619522826903216,0.05817822244498145,1.2165676890264931,-0.482637164016645,0.4271018983120173,0.2629982622997193,-1.7506543038007623,1.782903736563952,0.03308559292714379,2.613413393908884,2.7773075808826215
0.9836421285174388,1.0653270186537616,-0.035485406941667456,-0.4228840034313618,0.635798252268573,-0.34234507702191064,0.06771899923340596,0.3773902054351214,-0.18087953751197983,2.0814676661437503,-0.8089107744012947,-0.8605217449270903,1.6866352615786453,1.1524848071756062,0.256917924645605,-0.637086836440153
1.1683211053888194,1.0292090074023093,0.04997724182079178,0.6476255217492731,-0.1851778893914718,4.94281691444433,0.05563251251194104,0.09299378544736799,-0.2952728215876593,2.597666789541054,0.6337448655735678,0.76133735076625,-1.0242569585319412,-0.07915109080444746,0.6932094734387331,0.3268452233212501
0.6786051185276885,0.10034402640266327,0.016949996986616138,-0.34219504169794274,0.15030564481118275,0.726164205275699,-0.016676832502889566,0.2260369096458921,-0.2811684699365003,0.9166004582150706,-0.7191527664816706,-0.9576069140386775,2.0769903472887767,0.3710349033290042,-0.4636037857693651,4.169226868935023
-3.209796094091657,-3.6546033417122215,-0.03359189982505516,-1.546348525505027,-0.2894931932709831,-0.06767352857149461,0.006299350080711644,-0.06795683765723899,-0.2803021379039025,1.2132620051688099,-1.4205279457474262,0.27237388650168726,1.1990100433659725,1.4342433213904806,-0.6425758283079638,-2.7270149834782043
-0.818565754368673,-1.8715514267898954,0.03538715416757465,-0.16906314977385145,-0.5076613103259782,2.2170705381860887,-0.11381703121338062,0.3253625160628586,0.18152023425941993,1.5248539618110382,-0.20467829971656046,1.7213676184009274,-0.05236270330059851,0.3561632761187126,4.160948351629097,4.6921619872155
0.5131932709802485,0.3673076414831111,0.07981603743936504,0.9427052376031501,-0.1402996309766091,-0.6228710440563427,0.043027402357156054,0.3454147094508523,0.06601061866807476,-0.3638529691038607,0.01303443979710862,0.9280250176510749,1.3876393428927873,0.2437062881179329,3.882182325212729,-1.5589461386438797
0.8716443833661714,1.052106250539342,0.06793881559566667,1.2923032587895722,0.448415215472662,4.729217498315282,0.13914346758614385,1.9712005283764844,-0.2980209167536207,0.8098498193742415,0.22001398855997983,-1.811682533681232,-0.9490315880078063,0.8709145160896824,1.2365454420575253,0.40922718779404743
-0.8762516735966721,-0.8472460985813858,-0.08650207630765135,0.42715997870579925,-0.29371905131642334,3.9418153164827396,0.015230789554196189,0.32581935150411484,-0.14682808268396175,1.5307958769217085,0.5355965506694226,1.6503374971947598,-1.2671008670691792,1.0950287078088323,0.03643348495468171,-1.3822283120720023
0.7802106364923962,-0.8349539509217666,0.06543112103422051,-0.7395777667805946,0.10422365391913832,-0.49502598536790754,0.22353412293877858,1.1202440083190073,-0.046420523374888084,0.373104456820506,-0.5576017202703913,-1.7739601729257128,2.239515388308858,1.3813327319716147,-0.43621518637160256,-1.5789312281744852
0.9017843954495622,1.0208856338033383,0.06343335388408575,1.0591396522942262,-0.6105304857058416,5.301415091043833,0.06903127244412341,0.5214599833570709,-0.19337976785614444,0.6483938301453979,0.5852911383529423,0.3983062134771158,-1.1806531279604,0.6751466453561187,2.970005103381462,-0.40893180451712374
-0.42947580049582085,-1.6281415859010848,-0.03969256380542561,-1.1282979400388968,0.1336920568448949,0.35003311919125807,0.10645485225008573,0.177591831804951,-0.47670933066249016,2.411930202321969,-0.43977982992273656,-2.902285383708736,1.1475494821238474,0.8046164134304425,0.7106416683532045,5.996227301372312
1.6680802975446887,0.8745105919741537,0.18527089297354069,1.3047311061658255,-0.004265424669422618,4.620671927520491,-0.15219338698880083,0.6773469140443625,-0.12994485340982748,1.0751959958256887,0.43620688663611473,-0.5721048354898794,-0.1941144430334826,1.4394925803979985,5.964056326012079,-2.0990816665122045
-0.17823972185048703,0.19585068860904498,0.050580392723672214,0.6462758986242502,-0.2878750165178058,5.571870793102755,0.18648275837253894,1.199415935572166,-0.07354569908267974,0.43524549258589135,1.1388139341517565,1.5156763063255128,-1.2437331484818224,0.16074165278457414,-0.2999836451635605,-0.20754894124218545
-0.5254755039461635,-1.0448441100503736,0.04305542200906157,0.7084699723038337,-0.5689413379836478,0.6448466725702476,0.06681405763537249,1.0259495410067743,-0.3615011334706396,0.332693029209566,1.3783234034270415,1.352363985051297,2.956326247300114,1.2387615029907146,0.382324927577231,5.286601985080133
0.6616977573501007,0.3558347074221917,0.03108880481798885,0.5452205723640821,0.26309554564888965,2.492407521035535,0.06663184845408733,0.6648954935851954,0.2695497437164167,4.149265152057151,0.6565601500832727,-1.7151205920659784,0.32721774327073144,0.8279355272661748,-2.2598123498126275,3.9380902512439993
0.089126254656841,0.03318114766713137,0.033466891420784954,0.49705791647555914,-0.5263097191560421,0.7080085800743936,0.13199764126039013,0.6032780994266275,0.32533937330648866,0.29196587109564676,0.41003955769032496,2.9356433806025453,2.650073157875056,0.5868188977619964,3.135590623482909,4.172664477825499
0.885567107580271,-0.8025711651615858,-0.2167894434249539,0.15425715320174238,0.23362620645011098,0.2571139643751057,0.05925453813950312,1.007386005964757,0.24330111523973416,0.5990593653577446,-0.3355430023949615,0.19378807192496575,1.5568394122066644,0.12659366558867588,1.6719571032954865,-2.2086417732229475
0.42560709641724775,0.9654045787901966,0.1379019222977646,0.5556077626129994,-0.07249336072098758,2.4011781529969336,0.10186119708463069,0.34670675986775956,-0.16130885907064937,1.587433657620014,0.5019127393004295,0.23254326951653853,-0.2545364708314664,1.223748835737423,2.0072958754999943,4.80073385599112
-2.244285363437189,-3.014609543697587,0.023159380379543543,-1.1071350346215327,-0.5253143719026845,3.6846939654896675,0.08337075383873123,-0.3544346299039954,-0.12689271199395696,2.039716151435591,-0.2730192872551748,0.1914602106626809,-0.3940455896557011,0.17909254979578557,-0.3430344676285655,-1.8725271212180454
0.4807900784073962,0.5902470257515849,-0.0002455937223242206,0.650984347370239,-0.004912885589055596,2.1843718047198903,0.06267327681407027,0.35444678901072396,-0.0016478624669142954,1.2667390921218864,0.1658318719143297,0.2924440107086966,-0.22632054629375037,0.4641279902175624,-0.4106253883551187,5.5939063097497765
0.9049108300763483,0.7442642386871287,0.032788225271744825,0.45807216872832385,0.2570369250007225,0.55979661192791,0.07491496465164459,2.3190333276401502,-0.0451757828584511,0.4623374168253311,2.0503494909669246,-1.5948459499124408,4.3986504231447885,0.36455190698849066,0.2492077343269678,-0.7247314379205351
-1.545087180932545,-3.721227685703827,-0.004884234358022276,-1.0901079712185642,-0.18413333705241383,0.05464363387104549,-0.0027560024011880958,0.47585352364015554,-0.5256014822289847,0.26042113839020165,-0.753603108480853,0.23356975553810985,3.5622951783014103,0.11668355430285948,-0.3471439370827426,0.1259316773768235
-0.7445588748845546,0.489670565925011,0.16427395405384052,1.0047023107615436,-0.35483600480450767,-0.09965161933652684,-0.21065032960569915,0.5297036918824998,-0.10607523406563492,-0.024363065427748555,0.1247182783984807,1.2955932742283796,1.8495690531561002,1.552990250361457,1.07009032025146,-0.8200238260244777
1.3230233908641114,1.0250968901531872,0.07534036794647668,0.8902133130066319,-0.10349919481069669,3.0435756663673716,0.10372760260119657,0.9192514395186514,0.008689802013141203,0.5598028994205402,1.0799966546870956,0.23236253669421794,-0.16534555549828625,0.6307594870962718,1.010779834967927,5.196206368922353
0.3901491933884776,0.6856999134708418,-0.622264891522635,0.5376375762229985,-0.460922951974375,0.7360070816492297,0.05470772045507408,0.2824060268990264,-0.1987676335394641,0.7867719455609782,0.5222072016208631,0.7865178558470314,2.63414699769037,1.249024439978494,-0.13243022402424798,3.384256648018311
0.5515497404960207,0.4027906122739505,0.08153090871848277,0.5998391908742573,-0.02013623480609878,5.122431193429352,0.01052000144529759,0.5095885367470052,-0.2959130570040573,0.768239025212935,-0.32092462631242796,0.09063538257095244,-0.8356723047076403,0.48666034148401915,4.241572218325031,-2.1954584391506025
0.6271319443656634,1.1636082376209251,0.07854762830314396,0.8151835947670838,-0.14947171305490933,0.40136090969771765,0.051296047442228834,0.733090186484217,0.01970543690370096,1.4372746984721279,0.8911534667264001,0.7691243937710083,3.9600797293515213,0.6846349164481592,0.9189532107789182,-1.2037723536670548
1.2439368636345092,0.8755978741852993,0.04121021261210257,0.8909383878972521,0.37333782266826665,0.8207543920130836,0.09878906519449356,1.11601638619844,-0.033965632254425164,-0.08468636702629653,1.0827641977716063,-1.259451693649265,2.062667703704765,0.3523191230913074,0.7621510806152967,8.009635869457323
-2.0934715570112057,-0.5214071711473321,0.026128649846905473,-1.5494033531064884,-0.15018910013788472,3.294921136795496,-0.3219405498009414,-0.8677397742450617,-0.49633830895553993,0.3699446927465308,-1.9372644160817791,-0.3385844712787251,-1.6004540979643305,-0.1312866844923631,-0.45713178703895874,-2.221308592145879
0.6227728267081041,0.37406925535159086,-0.006797340298874705,0.42965338263919417,0.1463646249299587,2.5490406027345736,0.08070963191927838,0.6943408989006289,-0.2762698956253594,-0.07488155311588357,0.5616332181005966,-0.03782617373346073,-0.10061550600771177,0.6878642118557655,2.37004060106168,6.455678347060135
0.6156960069945328,0.8728207689138564,0.05005324319125747,0.7128623795696583,0.13766008101272956,0.7855303700120075,0.09227997086120493,0.5742607545602703,-0.201048107647681,0.08303347735007567,0.39762055695017867,-1.3816836559531807,2.3010358275585148,0.8352264091474234,1.977696666425622,3.6251301392840114
0.6463024360418285,0.7236654242065867,0.03549079584037606,-0.2190104768413778,0.22417233033159856,3.0033926651943,0.0824343223280076,0.13810965140386705,0.007103925470893208,0.5882254904125033,-0.693275125531431,-0.7914113763009755,-0.205387034322154,0.40142026289935406,0.049204582278231615,4.998218211140168
0.7545428378181281,1.2581870963535113,0.08642896860614532,0.5367151485695102,0.4361882209479019,4.767634120874198,0.09158913552794484,0.8132073634377628,-0.2740417856909799,1.4909064781728507,0.1764151625485539,-2.3246670097694837,-0.8446784516587834,0.9729171994089675,1.3228482676577251,0.13504283240127465
0.5146966279471004,0.010023462980305797,0.049190317338538084,0.6029934428413555,-0.2144584917996475,0.6481969744773854,0.13446121702968558,0.08899831740892859,0.11368341838847722,-0.07513079572069778,0.8921261734226668,0.6197385927316337,1.452456039383836,0.6581439439772055,1.6146163022848363,3.943699709258026
-0.8116313655397125,-0.8581953268448498,0.08939011760119768,0.39976011877474726,-0.3954867825360216,0.41003417998457614,0.09122767377732509,0.3431152655060774,-0.3220984279104345,-0.09104981431122472,0.13071891746536654,1.2644389453774258,1.3039435745382688,0.5001433318219058,-0.34831925281246345,4.534237240573872
0.39714507714365416,0.20366083265713597,0.15116355493659556,0.7953010308454974,-0.18352740190532682,-0.124447385175761,0.1423542836129153,1.1475920754004731,0.5771999751795679,0.4740383109808117,-0.11815907695851102,0.3854398527660077,1.8054365965401333,1.1743728202920232,3.3552055300032313,-0.2370725621404842
0.5535456765998686,1.0895264877711202,0.03549658819755421,-0.7246876607047269,0.4327093051690408,5.548080880344025,0.07127730896384468,0.602503708115078,-0.16206739463038472,0.04726743905093145,-0.9293982313737016,-1.3843580938097928,-0.9365362274730569,0.27208242904115865,0.19355652453688682,-0.3381300167981663
0.49158166800659125,-1.2272868123700462,0.08437878231583644,0.7249249985304855,-0.197075087718183,0.7463408484764826,0.11586190466714423,0.2826513871433194,-0.2633397609455116,1.9473373425528835,0.9951178062514409,0.8228207422156006,1.3701228541575257,0.7259495973829462,1.6607073136771962,4.877336064941604
0.5840025040323149,0.6445181367304526,0.06347333538445504,0.3719879736154318,0.054618992239486276,0.27684155570449975,0.09067283394946116,0.5749078972395163,-0.23448273743938627,0.7314868775594761,0.5444402788825204,0.48066512798044403,4.345689924736541,0.46961588300349016,2.211107849643959,0.24618712483906227
0.4592529732900849,0.60076569606544,-0.10369383741673048,-0.1493004891581797,-0.015536929768789239,0.25413917150443593,-0.18908189908033704,0.27115337660243477,-0.02137089734913291,1.0856836004320065,-0.549704609126852,0.02257739344200819,3.4399056794481884,0.09975457444838527,0.19705520036423843,-0.700985921405544
-0.1013993377453246,-1.0752592785339599,0.041014694225428014,-0.5698226650870278,0.01897175317710437,0.7270648964596371,-0.16236082615613667,0.18991059749646674,-0.27554183531294874,0.5904118002363244,-0.5767666589112103,1.3076048614833966,2.4202987859144627,0.3230137017871034,2.4306680772918687,4.688290505747087
-0.84435784212371,1.0997609763766463,-0.05025581847635759,-0.8931113582025048,-0.15512355828927815,3.570601947006159,-0.25863420568179685,0.6477041850529156,0.17117731375438208,2.2435703921223378,-0.42956558181379706,0.2357312020212163,-0.14372753477059524,-0.39158135727547266,0.24466300691419643,-1.3187404747206297
1.2189711538482828,0.9292045411028245,0.14875497679273483,0.6178572721091299,0.04098076334924485,5.535167702571932,0.10353171107200228,1.191351495776161,-0.0895696918891717,2.63325392170018,0.5953687624434381,-0.17626540986908779,-1.2998569689637416,0.959856237557374,1.2618648494880538,0.3357407349003005
0.6331446838779274,-0.15995186885862733,0.023703985081337628,0.48231210076390274,-0.3023089506923854,7.668787116217528,-0.03975877105468424,0.8402485272151617,0.3792786909389959,0.51162940153288,0.6425850715800363,1.8483472331601258,-1.6505919812833347,-0.10826782328222997,-0.17375261071988343,0.789294247134332
-0.056252842925567155,0.36552581989818905,-0.20140506403623726,-1.1631867532571893,0.011158772283443414,3.4008803339269504,-0.04670822930048864,1.0388054169708674,-0.03932068582960219,0.511281109997131,-0.5005318612151068,-1.3515352480160514,-1.1920213544005918,0.5075622694857318,0.597520873051752,-2.4414006454066906
0.6090441356544383,0.19174046838261638,0.06359302233252073,0.6068797818071231,-0.2502010056716256,0.2563710443748508,0.08069057204481396,0.43857140974310893,0.1604460118303439,-0.405087252417757,1.7120546205090565,1.013811095120368,7.085800583404582,0.36975535436496226,-0.2206962135265429,-1.690430132822069
0.5680420180763119,0.6999977171308038,0.03317853923074019,-0.22913102788283685,0.05734604657256961,5.038687708209858,0.03419869900764715,0.3646685645880595,-0.5295738445159814,2.5919580332885377,0.017155107538883267,-0.2116137492164464,-1.2362818984744226,1.0701993188325154,0.03576551777697611,1.283549151706347
0.7656060364287073,0.9520855733365758,0.030314813488834767,0.5531407153466161,-0.1579033524414687,0.15172133182210212,0.06880340933888672,0.943337450434395,0.10743785791349833,0.24810278358455087,-1.7335817035627128,-0.5571746995605027,4.056661480154126,0.568467173432597,0.6275718251380493,0.25991898319412465
0.7898503115012351,-0.21215572520328363,-0.09314616397779212,0.8793944687962699,-0.012400887792487355,2.2803569854056214,0.10513539721735703,0.680242903752247,0.2241212193283333,0.695861834052754,0.7017877154409534,0.6193762745752948,0.031506716147923115,0.570089230976408,2.317986665444504,6.875129801942297
0.3000600885386634,0.32835998035722685,0.0795306805765087,0.643640982288035,-0.3851491492466234,0.3170213838901857,0.1450775908366018,0.5966329645902793,0.1345281992049088,0.42970751487976905,0.35312031921325987,-0.2169840733160595,2.203942905828063,1.8762144399023777,2.621457801741419,-1.0916313077052289
0.8878511226734901,0.8745195117502984,0.08631859483587241,0.5406554564699497,0.12492935777402205,0.8340401278770818,0.08863780341587804,2.1833804499649467,0.3059171192120536,0.7886133539252299,-0.2036399764355051,-0.7831866465100338,1.4486492247380403,0.53067135181292,2.837759896791672,4.593757307114115
-0.5328407206978163,0.7499859227904117,0.05365871597192003,-1.5333868136522926,0.11354712839190109,0.006137969518288801,-0.08521915080574954,0.5548502491916065,0.0126362849642972,-0.2690151941004589,-1.6888088742536862,-0.435489410218538,3.0047250209454335,1.4745367252355306,0.06506863792864909,-3.6782157006114313
0.8344358587427336,0.6188249334862923,0.0436276059883072,0.983301051595775,0.0888785032157018,0.8286422062285046,0.0750807117171644,1.5286790130471306,-0.49984973926484605,-0.015710552049250256,0.017904180526850187,-0.5591099021179076,1.4845357548503304,0.3250404313641893,2.790429572118186,6.721595318061542
1.235004324028533,1.0336685549457019,0.0682860913971304,1.6301704482197277,-0.08428131340111182,4.283226287404206,0.06495234551119974,0.4666281654487027,-0.3360840745056211,1.610546730400321,0.45503908396817827,0.8452424172341229,-0.8669832913511076,0.7376969208598165,1.8220379106493303,-1.247484751085803
0.8956125331815435,0.5280024430759971,0.011065925473094424,0.6620790589250517,-0.08088317069711047,0.8728621629439186,0.09441233915937684,1.654437583476131,-0.2138780264935943,0.346215968057385,-0.6611485977984658,0.8238832572822397,1.44760729125527,0.21867510519007347,2.5953474342400034,4.761818686909413
0.028081725899913146,-1.055648104644258,-0.5181820605432,-0.4617469715956521,-0.2606770765480766,0.6263115387965196,0.02433929752859328,0.05098763378079047,-0.21856394804143736,0.9790395210379312,-1.957994560877095,0.044237734106343976,2.528044885240784,0.3525971962211629,-0.12376953297261677,3.31349046198941
-0.960279671340808,-1.3908683805809234,0.07828943970419636,1.0633639622172035,-0.3825043997790167,-1.0689689305746435,0.09201684589081321,0.6229703419286464,0.31868672106441137,0.38565657408788334,0.16033301586961157,0.948889687950944,1.2720731969195531,-0.08954407635747384,3.5496416810266807,-1.0705680804763662
1.140655041704592,0.8993585064222804,0.005097178884835644,0.975229064986663,0.1883611439989743,2.9033705521681794,0.05541719839492616,0.9151474210360532,-0.3240893398775338,0.31503304988214587,1.1262876498922556,-0.5196756722673871,-0.30223699732075127,0.47766480803103994,1.4565198907136405,7.564907430911808
-1.7013717959668746,-2.214088276067439,-0.11667117430692132,-1.2080498248085718,-0.23374554602048134,0.00190380206418032,0.06058718763219632,0.02999649629126169,-0.15344181854456374,0.7505273125432739,-0.039765147231020044,0.4337005725610849,1.3004606182271465,0.8007115710870463,1.5049582724817498,-0.9359013111003558
-0.41749880089607955,0.2326952242683187,0.1395701586699726,0.43885430881908316,-0.5547552737037326,0.13849826219308803,0.038033606624274366,0.0013785842334118185,-0.42823678084024486,0.7399541219336137,0.5146315281811095,0.808757725538285,2.9306262973181534,0.2611778052630491,-0.28028723312906656,-3.5537838733897273
0.9886434582822274,1.2947439432434724,0.1164259943691479,-0.36262384949166376,0.2986341160590945,5.359302368206622,0.07783733281279832,0.28130770533062827,0.1092744822604092,0.6155630530039868,-0.3014984537203262,-1.072269337892735,-1.2802993188866434,0.2521794994307183,0.5679016355315912,0.20582429626549917
0.9606206068654044,0.7363235795638268,0.041820384805188675,0.32351067085482416,-0.02395380766995057,0.272623084111864,0.08447247232631573,0.7155421762174,-0.17694193117084714,2.989626677397603,-0.27374203075886766,0.23190823326316293,1.5321504722193895,0.38998580113737596,-0.049083731344580904,-1.3468127441388422
-3.5809031462342507,-2.174142966051968,0.06978990643655186,-0.9358377446554876,-0.6795319060881585,3.2853158966145206,0.02878427453935457,-1.471982944207171,-1.1912701752765151,0.4382384362359722,-1.2172348215401887,0.27278598078097166,-0.8022261325989926,-0.08613220891847995,-0.9853535625378349,-3.866969316467537
0.39095671069037363,-0.1831085671394747,0.023808109468382313,0.30903109422482555,0.0024198302261175357,0.8302005280974852,0.09785111269932208,1.0766767448997816,0.09700389600848802,0.6799958584743655,-0.07032582057770002,1.0763772867836916,1.541629784484101,0.46183138136843693,2.558250965242937,4.958390514278132
-0.2723047500501486,0.7513331035694572,0.04208678843554638,-0.5795707716393118,0.20234179627550802,0.22815225727407537,-0.002443341941391492,0.48834208762575426,0.2817524799263735,0.036350793314579244,-0.5247669774630115,0.2959331110084627,3.9588968762341707,1.2574371600850183,0.02957855241698371,-0.764096931555955
0.7277192127938538,0.2837325262571171,0.001229104939934927,-1.2276661810275384,0.17991093016527604,4.756782424631075,0.00434554867311755,0.9148564717381759,0.17033264017669358,0.19738905298642434,-0.49276837293797077,-0.6128921871756803,-1.2626919836828516,1.003170771225553,1.8063294581410736,-0.8203103225421127
0.867486992450913,0.27165336324358136,0.05534267385910799,0.5836296065038562,0.28745298307879025,0.6132700491997083,0.13017038658772517,0.476435916584305,0.17381738601156765,0.1706977201468511,0.7452567370358445,-1.6374737478088244,3.034311142293154,0.4363605284176429,-0.28441650771434224,2.3747333006055307
0.6298040485465928,0.40657874861640264,-0.002719721433068104,0.5395447812877627,0.0864599803327254,2.5612952711457404,0.10934709711670433,0.2791919614314316,-0.14976407604862374,0.5221708524663066,0.6206845976888022,0.16877028018765639,-0.6705390248089378,0.39689304311750523,0.7488080416617018,2.772007419954628
1.0057348586207884,0.6752585193239957,0.12193836543019779,-0.21235133963735214,0.1300621063501894,0.41506641543267087,0.11309299688478464,0.8881037228180834,-0.25998302675338486,2.760717762823818,-0.1414029944135873,-1.0268248039925842,4.101774488195311,0.5540081026868191,0.42883875611879324,0.9054132032225292
0.6133896912896547,0.544655395700474,-0.04394507834098043,0.4250981016128613,0.08873665981036918,2.22687398946096,0.05572400838918209,0.20925705048756502,-0.8224996820805174,0.8619172586124588,0.09690106485936463,-0.4927536267848509,-0.41388529644906913,0.12144533753432869,-3.163422589017959,4.298988310299429
0.6206946294536184,0.8231138666955135,0.06837434021667928,0.47164529691033386,0.10947561815496426,0.718420287520012,0.10129297687895614,0.9977690847146911,0.06261179417392848,0.8729452455004835,0.3141478559460658,-1.7287934305849928,2.2201002456588523,0.16905196733540437,-0.7564181843703195,3.0983636151233824
-0.670101222617459,-1.45990882288632,0.07711731887055177,-0.6074354061825858,-0.22319429302684182,0.2604493609426581,0.05605474541026113,1.0752141397251458,-0.13582461238696042,2.192852486732471,0.36270714228681933,0.8441697003980652,1.550819881338789,0.3308666479490837,2.3221100627485347,-1.599434584055193
0.6546506314300281,-1.196797046418964,0.011968661267587697,0.613712914706302,-0.3665928294975351,0.8169803968934042,-0.09386925789101208,0.27718033976900774,-0.4752761095762571,1.3386837637950664,0.4689406185860449,1.0295350522069795,2.3749658580967594,-0.018638136590690465,1.3873741768824428,5.573181675863286
1.6109051149424671,1.0182815228930155,0.039163504745596746,0.7622296391115393,0.0006636975729369356,7.653414739629686,0.08361148111802698,1.5390631619453436,-0.15345429377786532,1.04641886034963,0.8741710493652662,-0.2145130148289899,-1.3605186918169518,0.6480948880738627,0.1649760539309607,-1.091751258094853
-0.9779147305338418,-0.7576569499029726,-0.020339532581030988,-0.964843114093481,-0.2797038061343796,2.7770623067069913,0.0602636085160069,0.9902332723099629,-1.4229172240688597,0.6439779477177273,-1.6139751684194852,1.6133008292907236,-0.3582806552480003,-0.32542647714551964,-0.4962294792930776,4.032323854278333
0.25260253713351666,0.9312912182833116,0.08362304083984222,-0.5687960649491088,0.35746289068760145,5.301417671930894,0.06515372870721833,0.9113877770373822,-0.042893038307377174,0.47154971912810584,0.1578865906864528,-1.1145483777255805,-1.002291478528252,0.6548785744815284,0.30337200060097225,0.2186514150665204
0.9006888326433157,1.0635572020265103,0.05888452050594762,0.26496096265618363,0.5806203933992732,0.5502785489637647,0.04402556458734282,1.5556215073256812,-0.4063495952034301,0.47330125186035304,1.1151251236439832,-1.349859485230149,3.8573426538868736,1.566238830526395,0.08617852680473231,-0.03641998247266473
0.9316051328007398,1.0844646225804113,0.05945031091173395,1.2563122922702246,0.0300448536101797,5.413385716131642,0.06124197041527674,1.0747272054514385,-0.2960465121593378,0.9353190169240961,0.6126327303733916,-0.07906578921464477,-1.1215083936369528,0.748295732853242,3.327415190223746,0.08074110401868877
-0.5616602143225825,-0.38636159309808965,0.016648101594838177,-0.6002966126319069,-0.24314351071271442,0.6349606322441691,0.08333140234163869,0.7437963831041179,0.13961807083042804,0.5376713575305936,-0.6589981084656373,0.33445852073296395,2.664679309851051,1.1956843456727098,2.1383448089524424,6.363824325716222
0.5484299793686573,-1.569096507302098,-0.03804134469764588,-0.46841555125544165,0.3528337535441328,0.5527064078738011,-0.015345860109018788,0.3745496180282189,-0.36050559741870036,1.1103985730223935,0.15187276721561002,-1.358223996954237,2.8872623689696484,0.10300817102689336,-0.12701385840508972,-0.3289725996113321
1.092849851700747,1.061489082828398,0.1334273166409579,0.0660063200223243,0.030946866222426,4.5657980588257585,0.0727867857688989,1.3733588576697318,0.10824514811032894,1.098772592833212,-0.37762605778972924,-0.5566179683020854,-1.4037746899435415,0.9572144208202266,0.3613835817275052,-0.3298769159899653
0.5719318072529243,0.9024653092105988,0.14742707884483813,0.7277862041448055,-0.19190154879089547,0.585501181507695,0.11933491870148141,0.6403651703304148,-0.209001932270478,0.5379077410124173,0.2740050630834065,0.44918667213325697,1.4562930704158465,0.38037921626671456,3.2233502230727655,4.981466620267549
0.7907103636966659,0.7423613254942414,-0.026574191762905697,0.5435480525150176,0.28002772020377625,2.09604841402915,0.11128718604250823,1.1604905198725741,-0.350202164922864,0.9126851356296402,0.6749998229716931,-2.687818033358758,-0.20997828402127297,0.9760676567805485,2.416840599540487,4.720365801862615
-0.2007565830470515,-1.9558810257868429,-0.11108373167355967,-0.8864191556559422,-0.05077950906085739,3.3241697317962973,0.043223396439394886,0.5924956743242019,-0.4561986934552933,0.9389459823276743,-0.07172716902287489,-1.315978155543498,-1.0567782768832543,0.3640719546218411,2.574156852531818,-2.1299127212332185
-0.4481997283519789,0.5005374705935969,0.14133170053662067,-0.5051697564401925,-0.2449757783130467,2.3105575722554215,0.15186876396000537,0.17029237876272715,-0.6157551613073016,1.402763559658451,-0.9747990837617878,0.15843245248686916,-0.41884889209483456,0.5729137255171614,-0.49460331402397184,5.984223664440707
1.0048968846083373,-0.1147196695385231,0.049418003364124975,-0.5940392246163175,0.29097647774400287,-1.0455806545047894,0.02753151947239733,1.2774455775168085,-0.0459832848418362,0.2718635210941071,-0.5100303513465024,-2.007126519220112,2.373664954588465,1.8726597110314738,-0.03306567523528795,0.8102630342458573
0.13965351395921557,0.32442113607615275,0.12196357550364763,-0.5863196907867683,0.12507868547399015,0.4723171839769122,0.006102840025635457,0.9508176667359125,0.28160891022368606,1.5570852234338595,0.6300963315694849,0.48213489112552316,3.6981439079715885,0.4543161356167119,1.5405008153786364,1.2784253223774567
0.2192984305368195,-0.9920199902764163,-0.050366677130070314,-0.14207084996720903,0.01271096377561917,0.4527730366232868,0.024250557255148845,0.4746369455570108,-0.07225261348638055,1.4146873547823173,-0.14602923630138695,0.8683957249209535,2.6667378867052856,-0.35585945563516547,0.3305248876361291,-1.846327121099253
0.5020871824342089,0.4911861880088727,0.06409899067284593,-0.22235467344771234,0.2239286345692271,2.73907849737283,0.09460489214996654,0.36616456783188833,0.2292561038444983,-0.10451878344998239,-0.3449728648187318,-1.1156678519128904,-0.26085505805533443,0.30077435644004274,0.5098851101498063,5.766575542519315
0.3987399981656664,0.355554490112424,0.012251404593005876,0.49190070597278857,-0.24284511485022797,-0.15984273368248447,-0.32044522873577874,0.32658876228383976,-0.05035387493259004,0.2137020745597323,0.6352153990440392,0.7099834553865388,1.9249555931216586,-1.0863447598445457,1.1495493206937843,0.07567674557329956
-0.19912924991603018,0.3312486868402925,0.06496781686293819,-0.5538459667340012,0.35565080513228614,0.18334513730563123,-0.21762125651572173,0.5279373177152572,0.08482019739141979,0.9447060532990021,-0.2540781921823285,-0.4860979106391933,3.313905287034496,5.484797617853827,-0.20439834749903354,-1.097608217407275
-1.022835325766471,0.4703451428448295,0.2031749012148068,-0.637714629401593,-0.14065160954042533,4.037435868766222,0.06961249758032542,-0.6352847568080726,0.050584069068950833,1.3286323029272578,-0.5551194703990399,0.5531151724742152,-0.3171393972191896,0.10828619781551765,0.06102479648111868,-2.346749902540444
-0.15809823926201141,0.6884758011385029,0.04062038287984664,-0.3750712808725404,-0.2182503317607646,4.442965373903955,0.013400553135976843,0.3049751362864853,0.30328366050486744,2.3260480393132967,-0.38512899680397805,-0.11088738063284513,-0.7437280348798215,0.3777909443831458,-0.03750854215554572,-2.2907582577691863
0.17126738510245187,-0.17117210826581225,0.07040074510073674,0.8469743990783093,-0.12157998024185905,5.348954821926028,0.08603444274056996,0.24500926806469786,-0.4093399078187948,0.32241780619040583,-0.13362840392328684,0.8895519679452215,-1.2650347930585188,0.7528091304420732,2.7676218582370717,0.07167627880059992
0.9361233647447517,0.8779727606366539,0.13438795832105163,0.8813270578323553,0.1599014162343421,0.7545978295020942,0.08089653831602284,1.211870008781867,-0.2716180519872261,1.4694990811614304,0.21707366649310378,-0.6240230858136883,2.2328264784345166,0.1595191096516774,0.9142045169731612,4.866771921955525
-1.2727528422047827,-2.6139780235673786,-0.0329542380322607,-0.21599099702205263,-0.3386225077929633,3.9739057565580933,0.05306538993716895,0.5878439768130557,-0.6358226313746133,0.5855960798462433,-0.12683830301023552,0.8138809518447145,-0.6850590227353875,0.06210739168144378,-0.11701063175057683,-1.7694121912170766
0.60789062221083,0.38644690157166967,0.03753581122824202,-0.4071524674818553,0.23411039748392762,0.31602495575047346,0.11050062235620611,0.6181426686413508,0.4094182898847039,0.5385268283178747,-0.6496132946804195,-0.5853261605914838,4.565861547232638,0.520574556434231,0.2122007504064396,0.41592710105513364
0.026610381871640762,0.3425078838270502,0.027973970414447324,0.05265108850321984,-0.019313665803849463,7.740439161803851,0.09861972964518997,0.5722414747762379,0.15940941555653085,-0.06149790863566797,0.5014077790785773,0.5899667177026503,-1.5125323475700148,0.6332505841984997,0.8698221965813362,0.2420838073067099
0.5476424069047132,0.0709707522938387,0.0018075509920219598,0.5636118844388627,-0.47171710756633806,8.141302525843974,0.07204356024214972,0.8073004617447851,-0.027980948270425986,0.4953332954107065,0.8963199280734302,2.4357078772159437,-1.5625264114578712,0.6284449206691219,0.2518951943333256,0.9216278291374371
0.35640687591412257,0.9472830745305022,0.04410701847271715,-0.379135403638678,-0.09638283962139535,0.4810275619360307,-0.17627605356647702,0.6842051588116081,-0.7349535976547887,0.8316342047918983,-0.5508980024636471,-1.109710522618757,4.5352233605989705,1.5776372585638299,0.49659405748901303,-1.140108312594553
-0.09346734372293732,-1.3228067142710058,-0.01626391839357475,-0.2737077340906385,-0.14772307721179737,0.2631020872197853,0.08905426575836714,0.34265552231314833,0.1629241095902181,-0.3386596803972105,0.038138650266437826,-0.8724948532953811,4.022764107201732,0.2958163812457069,0.6954429182079921,-1.3588811861084171
0.8752110183808096,0.49297431705401745,0.07607041368000293,0.6395947630903701,0.053951419329829275,0.31393893392611777,0.060375131057991215,0.7978435915352536,0.175779295121837,0.03451766757469227,0.7322802508032293,-0.1026177898127859,1.5076054127057879,-0.2847551891637387,1.193980414948116,8.464208486926008
0.5889546791417506,0.1859861711428055,0.015316345015268863,0.3085635750027913,-0.4520722769162715,0.6983366455053057,0.07035217243684139,0.09376826593900604,0.27644584881362494,1.8670939009100844,0.46642053370099684,1.5864494073910071,1.499140262090179,1.101326446650257,0.27264155977091886,4.365231579997793
1.0262074692400354,0.04843412536714571,0.023000363452746777,0.45923764681083773,-0.247499348387032,0.5269789935279511,0.20284925568257603,1.4712283550316636,-0.05443532397724111,1.5859638178218793,0.10009515042899579,0.628956141211517,3.9215063346074115,0.819803857385437,-2.943651984059571,1.9539748585064247
0.19114438240879908,-2.664075107832425,-0.2094410823133291,-0.1991125978235048,-0.2194311790490286,0.6686000221355732,-0.014430248971562509,0.26852671846979054,-0.165618106261127,0.3339921351002305,-0.7828396052229651,-0.057044841785085815,1.5655787101210452,0.2791588111417052,1.72827311898544,-1.679671386452655
-0.4280241013274684,-1.082210502358154,0.01996202672171153,-0.530425179519064,-0.14986760543929264,-0.07257058299090467,0.08232076156734182,0.3820568467674989,-0.3754027013873422,-0.5265994693519412,-1.342213208042894,-0.5086166461691665,3.5184260293375194,0.22793093880563434,-0.2310473564398193,-1.7361240990455136
-0.4069291113746042,-0.7814686696153759,0.051280070797494436,-0.5832843344702611,-0.14941480674229182,7.00552627966397,0.12751527374924138,0.6198957406533647,-0.10322469493546349,0.837657746036353,-0.57848729242854,0.18413827323232934,-1.5509725043606017,0.3133362579447897,1.9049008796058498,-1.5845422798043882
0.8649317494948157,0.9001176195707078,0.1647513338757801,1.018171365527573,0.29297776748099336,0.6686730625989703,0.08502052572658092,0.7958369277721076,-0.32485154152585916,0.44169840223648504,0.4769729180958729,-0.5982338953056912,4.2380048479671295,0.4216988329560444,2.183506026286878,-1.8759466009993975
0.7600762246284123,0.35615138337817737,0.007207281427656108,-0.4584556126747216,0.44028004670236853,0.6050629867052196,0.153511109197195,0.28430234335832205,0.11013612402500073,0.20929181623980098,-1.359194459281367,-1.802748456163365,2.3778430950766807,0.487834076230675,0.26551542127142,6.23075260014697
0.39578611548898296,0.9311491435940054,0.005259166915149432,0.16242135556804138,-0.26756831933575176,0.5047410173052218,-0.1558307297299498,0.8001418628334906,-0.050961515420640695,0.2374376782730057,-0.7831505455687106,1.0871223448639487,5.104762979645036,0.24344781465498314,-0.11026038844105265,-0.8251526433951163
0.4695455210559591,-0.732391907214074,0.06878851778234472,-0.5777567225573043,-0.11670691593777653,4.006390945237487,0.018891522210927363,0.1351571422537394,-0.3110267618175466,1.5591004252775595,-0.6105100925535257,0.15003216481683065,-2.129824417694105,0.05262993780455349,-0.45500431440139316,-3.170102874694381
0.6099863411538899,0.6952472736980061,0.030258779032117225,0.44593212324803905,0.5584588955826539,4.702224974865268,0.14531032517095993,0.8011079745715673,-0.3891878470104444,0.9292553205159879,0.22610680094053784,-2.341894676049022,-1.5384071715022396,0.9356406720589199,3.28844355532841,-1.5263781225927415
-0.48867098605681836,0.10743661986565296,0.0835422818380773,-0.46746626531904156,-0.22101807848862162,5.3933218982245466,0.09540031614599852,0.812926320691088,-0.220878186277977,0.1516108465737142,0.28729322339444785,0.4989213888817603,-1.0723855637398094,0.5591552889642377,2.617410526264102,0.16106484398969673
0.3048091020545648,0.029864133144125563,0.014675862390353248,0.9070717865251055,-0.6692153175172413,5.368247760874048,0.13133468822878536,0.49742831283986694,-0.13296688088528588,0.3637921614637923,-0.0035623028747396525,0.8597426581869544,-1.3077685295676018,0.3365773118636091,2.0551745979766634,0.3487659238230622
0.7913681273350893,0.9896227461893372,0.057763882900375624,1.318471138144258,0.3424618489004182,5.312917495274409,0.01572394640493296,1.0418561012276244,-0.340628591230069,0.31596995622846497,0.32147115228470974,-1.0334701343051609,-0.968531767162244,0.6297508062376295,3.9671246505139175,0.24763526303934802
1.037867252811155,1.467525573931332,0.03308536035163357,0.3909456274899838,0.38864385678034447,0.5715037512951765,0.09466709474548005,0.7722058834036167,-0.08200522809866431,0.5538578898367699,0.6097125323665837,-1.35857555671173,3.7720202199647543,0.05421734980579683,0.23725000624787024,-0.657782794212109
0.9401884955284422,0.7937039046058995,0.07017338236255717,0.6636238870488419,-0.42985086447603565,-0.2507037264098035,-0.009920878369842285,0.4916184260010319,0.1525257284308196,3.2282768933355883,0.7356291191645304,1.4064768361487685,1.6739307088368194,0.21101098115931977,-0.019352802980679176,0.11504134893088654
0.751840981448896,1.041322297315835,0.043364485744863505,0.5247269882004576,-0.44584892873191745,0.6810831280541881,0.05777248429216257,0.7945886285660879,-0.05179370785138661,0.9737308134410467,-0.4241827907569555,1.0926299900839036,3.497920750132942,0.46183322961156953,-0.15835982918218267,-1.0814841518835951
0.5434964733422062,0.5172100357571768,0.024835063276381287,0.4914273523064663,0.19621243855157353,2.383438043116114,0.06878052912236353,0.8770069265855193,0.551426773073012,0.9780439816020978,0.2482801524188536,-0.9677466842016403,-0.20683999674663292,1.0654246036689434,2.1760292278552513,4.581240135326822
0.7332136595558774,0.6501177542477814,0.12874640118863606,0.14857485998476386,0.2269576286374168,4.80069547703408,-0.30835482556284105,-0.022846398795134074,-0.3880248458722956,1.16836066189244,-0.7699836653128975,-0.232453782695513,-1.0226869206654383,0.7181976957967862,0.6653228907326405,-0.30663028483272375
1.1149902465567747,0.9663398723111604,0.026467331930838615,0.24330004756645066,0.36049503676370886,0.24555100735427302,-0.039971396250760356,1.2464148815038454,0.04801554213785794,-0.16925022191528663,1.0829024702662087,-0.1263322110538136,5.027546135341144,0.08133514832552155,-0.1865384378914384,-0.9699582975104171
1.1720781176931703,0.5950444548021027,-0.012568090871389105,0.9043837198296335,-0.08091443092951481,2.474859750600856,0.058406000658355536,0.6069574840053216,-0.07466382287614093,1.5335092590968435,1.0459307245910658,0.2300845123362575,-0.061232483323726744,0.5364597041265193,0.21982642579454822,5.893315520640848
0.41535466277708794,0.7270363122764664,0.12093742989704223,0.6578690462006479,-0.5776304160431793,0.6414019291764643,0.04860471354097368,1.2026375987492253,-0.4193324815726344,0.3569497709801294,-0.7594454369766146,0.2820934602963706,1.4842146094841289,0.773422530959043,2.0780509046792046,5.296279148073967
-0.38602961546257925,0.7794680882609912,0.017202016001744726,0.2397253964584473,-0.20816626335265276,4.873838898059508,0.04510584783310053,0.2623972611849675,-0.4770511083141644,0.2654613605034894,0.35219140274902505,0.5274966446053224,-1.3242453968035857,0.6869644895148036,2.887374733192787,-2.161304038724843
-0.1604687029147479,0.521909876393357,0.05940987043175858,-0.30427152631621707,0.011159056719770816,2.331452797777611,0.10247510665571632,0.3803503600156113,-0.4245360553188033,1.9613271601767281,-0.16787568641640183,1.1627689641537713,-0.044273925858024844,0.8676329688621206,3.4859004161895033,6.203476084836478
1.3872283959828369,0.6652075883115153,0.07999757792671304,0.7473809882363144,0.1973426465888124,0.27171591794709193,0.07458828987762896,1.3285013317086123,0.18642134825106474,0.6885439779657041,0.4573621233271224,-0.39637503426629106,1.4000316172025087,-0.2877439723205057,0.4177769731509099,8.253910618447954
1.0227866073736966,0.5540165813664567,0.08592086334000107,-1.2144442545180418,0.10370938872272499,4.7833631683685525,0.05776272095404004,1.167758519379868,0.4434134896464174,0.970991459926511,-0.38037099436400107,-1.4264066838647649,-0.2501694144382067,1.0917209807748547,4.303455371569756,-2.330430929816679
-0.9627946326668395,0.17548645090167006,0.13546253966389413,-0.5205700377355658,-0.4595680295330509,2.464024223472106,-0.41717742127606805,0.9439885212996109,-0.5676346628076663,0.33617711071859907,-0.573365196749764,0.17571104559877776,-0.2372731235310992,-0.3029097413863,1.1662206602451575,6.274398729204979
0.9849465586277455,0.9455848826012917,0.08683946805844532,0.6257565524099417,0.29330807667064523,-1.4814941553304843,0.024121043924653536,1.3791880517003752,-1.0288706929768319,1.03301107466162,0.43303559586315954,-1.7927968389013251,1.1240817467102688,0.22856121522811307,3.1909048413590697,-0.7909382788180868
-0.1865577350669401,-0.41432836639442305,0.053085136445506116,-0.4812927088659379,-0.17046899423537235,0.5121533606242645,0.07030126052874466,0.7449937318220489,-0.16282813001495353,0.6373194763848236,-1.1232347113780412,1.0635993660859937,3.0821395534884046,0.515800926459787,0.21021398790372253,5.290908021952793
0.20708828705076227,0.6322979634516103,0.037125073616703384,0.6360960928673447,-0.2844400649650813,0.3441746453704297,-0.21009887207195338,0.4023897366849851,0.279683999779731,0.4209011915486207,-0.05184332563779004,0.2394757447801616,3.7350568999055636,1.0852977874867105,2.3317916910734167,-0.25573258069486365
0.6731692053624794,0.7953872575107994,0.12125953900250498,-0.2028960524487818,0.22452980365161182,0.6392691159932796,0.12090150359332577,0.22058051001464338,-0.24232171849403125,0.47172236551760294,0.44983582253988774,-1.5466185540525457,1.5141553513110004,1.245590536473654,1.392636964901307,5.8777453350903315
-0.15389408002233826,-1.0259741564825056,0.015771998499221826,0.33514417205798047,-0.48057001743347816,0.1525496944008329,0.04172508255989202,0.8037574627244898,0.0750457450347377,-0.009554646886914951,-0.6804726755218883,1.431017225955496,3.914729710163176,0.025283640521476358,-0.3295547243517409,-0.7431988813989814
-0.2694562935875429,0.5679654249773216,0.1851933380205036,-0.004368041565131268,-0.2802670232473094,6.700641886139059,0.0696164845026722,0.6035000053006299,-0.5821422571998774,0.6078237904148052,0.4082924221661162,-0.4300806754851653,-1.9007403046017637,2.026187830085864,-0.5403331198880604,-0.7592152736644283
-2.756692890739679,-3.287831197761454,-0.038897258204224384,-1.4244847751571568,-0.4257245857719662,0.002766183751292938,0.07135703761228701,-0.6155286292246545,-0.548195425411361,0.05369484712736039,-1.8242627940609901,0.3794457365133223,2.1310637844107942,0.4120421853236434,-0.7980504467039123,-4.1595019437397385
0.1415824636671301,0.9104191816935908,-0.0009470884120711253,0.2980912019278845,-0.32297150792673485,-0.16279298640820528,0.01752135747215387,0.5393930237422906,-0.16966094155916842,1.7235838956358023,0.1738958550648294,0.582035476309847,1.5998413130615143,0.1887876222928235,0.022327480414408206,-0.584669884265092
0.5258736162384926,0.9068182364249091,-0.11028855144079582,0.11816330917712026,-0.09982000335246557,-0.03504143009973404,0.008457602184924976,0.7324562489716381,0.24801594510557495,1.4776345756777283,0.8035442427444713,0.4217027509485253,1.5067051712536312,0.27691248640999433,0.04955037943825584,-0.04827546919047859
-0.1880422436150663,0.3660412597469941,0.16818874797944913,-0.4909621299704032,0.13421963760944386,0.5902327937060059,0.16922783650007558,0.5640397244809618,0.23952654707990081,0.9824374302159867,-0.15841649314958503,-0.48081590474432856,1.385271457626441,0.1396862901321377,0.8473510368111056,3.4525264614736404
1.3177320018506613,0.9638582712508098,-0.03537891332764505,0.7152034378387444,-0.14217260185360572,4.7452578226709745,0.0656983680369221,1.4925875599192249,-0.3175467737394403,1.562260902443028,0.5793392311356147,0.32640203579122506,-0.937059757681518,0.5419458362238333,0.35095583628698773,-0.10086416834948625
-0.2254095602765006,0.5735354739517897,0.11615926701832355,-0.38434801957068104,-0.14225784998961055,7.045311373094376,0.035263838749864856,1.3168135055090358,0.27020772636396173,0.48456919073674215,-0.07590640767176944,0.06324510163110057,-0.8166164458122016,0.8633933295301462,-0.17327751513436615,-2.3501399462658905
-0.9860437690544379,-1.5072945491418013,0.03985102637718563,-0.30389757085100605,-0.22054047591818407,0.006478433830210539,0.051092013207080345,0.8560754218087355,0.169128692090477,0.5037998592339917,-0.4723593860917046,0.8170724415314741,4.999174320690971,0.5447438098196037,-0.2839700122302572,-1.5141282619733425
1.0304406640707942,0.5347142108193763,0.09745584877134222,0.7862473747874874,-0.061176362423298145,2.398003672315236,0.1764626827675975,1.4385276139216256,-0.13110430627317812,1.5396781137920115,-0.026031585977835777,-0.0019464413115677552,-0.3608318173965054,0.8139876296596816,1.4274598797540938,5.030330167336274
0.41913089268940684,0.5158968792588278,0.07608124888940763,-0.6585578393342415,0.04158652616700383,-0.04296127957413158,0.04760100626487918,0.6255111761132336,-0.911040773939587,0.25961843943587065,-1.038439159303706,-2.143888048076398,4.551804250045959,0.29638271793990717,0.10219246454905012,0.44485813033690613
0.1598751805034579,0.45041395797661643,0.018103253325468187,-1.6334418411542646,-0.08229742952659298,4.942902595545551,0.058588568398998724,1.225691031125729,0.17855871488324887,0.3553923236858372,-0.2408446765451845,0.8153049288000531,-1.0808421432132342,0.9078357485742636,2.732999434894372,-2.481900174598075
-0.35442728504686033,-0.6818152674574699,0.04038756787131004,-0.4001667033842706,-0.28863393055459957,0.2881543291307071,0.0986915445008424,0.30674871598811587,0.0815363033887919,-0.14205512814160434,-0.4573873361292956,-0.9263500871053874,2.8437992566851937,0.861611273858091,1.0444386427716827,-1.1021085427230708
0.8223622113390969,0.018860902243894775,-0.10771713035511303,0.7818957976867202,-0.2628242982414003,3.7261197122293783,0.1119216356292921,0.7213604474281058,0.22531412843662293,1.9128611187604474,0.2887390087179899,0.17089005514240851,-0.8843102534305021,1.1421662509158126,2.7633785428149955,-3.7703513844134973
0.7921209680059984,0.9093068847222543,0.29579055791508285,-1.0112710392807591,0.497209089766314,0.3660417105763626,0.07604560991596429,1.9733447649000495,-0.4836174158541565,1.4991953664979651,0.21996244924537744,-1.907671655358665,4.08338407965761,0.3301088888882879,1.8938170874488585,-1.2544664368524694
1.2825669214137887,-0.03871638794229287,0.09221379022088654,-0.5102577126010179,0.38335367092889494,-0.737046222319848,0.38188399528666495,0.8785176784266933,-0.12669617591129365,1.0245970127130557,-0.35165588439798395,-2.295102739158399,2.2559939274332446,1.050210252505412,-0.5131512909679883,-1.3400868369688501
1.001041291402376,1.293726680394867,0.03706959969298614,1.7462968157127101,0.1490760443180395,4.405755452928625,0.06521229161852021,0.9726312397489894,0.07001805018207803,1.3783526654487304,-0.12532111266590407,-0.30987613259168145,-0.7317474586658806,0.582508742686173,3.009484146605208,0.8344488966751381
-0.29147167208171026,-1.73660963112815,0.0005623367977126068,-0.2009402185455411,-0.16833226866197168,0.20996792807896042,-0.07224500838406434,0.07507453338255556,-0.15020354904055988,0.11196319727907471,-1.1096974381227047,0.965054885275009,2.772062586468347,0.0864905157619366,0.11152422260372445,-0.8247918456643375
0.6046085779692688,0.24488458634495747,-0.07690389541119882,0.8072674257905696,0.005437081730682663,2.408299442078773,0.13520284788874867,0.4815293621693525,-0.6557129421465192,1.1374985714003423,0.9047270825829529,0.09896417905000572,-0.9985414007746856,0.34550921655771205,-1.0948262498898278,2.9325959613806694
-0.051657688212777025,-0.06337506365388952,0.09752265185881184,0.24322208528340936,-0.2011545295190617,5.251483520332117,-0.17178007132794862,0.3756980043632705,-0.18782951482747087,0.3918223940545858,0.2809480706059268,0.16046425916122403,-1.2981403195379617,0.2816852234318221,2.665056445530176,0.6983170737421965
0.22846878786646646,0.5901444217269171,0.04784510171506802,1.121361112476446,-0.3668263002056527,4.722583614073667,0.001066233599015221,0.10425202808704408,-0.077649184083197,1.5355458525904693,0.26734139240895544,1.3008191239982374,-1.0618207851330463,0.47262303999462435,1.1963715935597694,-1.4822601268902798
-2.1415867996477203,-0.33243081421545306,0.0476648560661097,-0.5175601430693746,-0.8601988998785116,3.9492478186725086,0.04103132466233773,-0.4849407182340651,-0.38794181421508467,0.5173657871655736,-0.8179275983336448,0.18244644802712762,-0.9076365491197399,0.2907398463268981,-0.24183310137630168,-2.0233244310911296
0.28350842770217843,-1.5073748238659372,-0.08058304214942894,-0.31295239964859994,-0.06483352295400951,3.6139485964823015,0.053088110552330994,0.18814375371635192,-0.39220920485325145,1.3730707667715065,-0.23571430702689444,0.18089284402757658,-1.2808350975433178,-0.06736268173748443,0.25757052109294765,-1.6038726002322532
0.49154749564639805,0.6785758643901842,-0.09935787350812772,0.11189076798029764,0.24356086926239087,0.19570263898034396,-0.31814356646985115,0.684979533221239,-1.4545236789221616,0.6353837998597227,-0.6928162562701025,-0.6433432769983324,1.621993185620362,1.1715294278453796,0.7999817070925223,-1.9583924280086473
0.1556859583869905,-0.33103217664491247,0.029021562004523396,-0.23735101882299364,0.026503119165272884,0.44525011092038996,0.03248998463276541,0.41828827101020666,-0.26378432582625433,2.7200670569389436,0.1452445995322497,1.4744101402846255,3.541688140692635,0.7102837493066952,0.3848588645676385,-2.2284227208320337
0.5947680230421575,0.17779428938225478,0.08420999304357114,0.5075294217017181,-0.33106899746231755,-0.6209023288930877,0.11234503564595584,1.7481997059779826,0.20150667975212172,0.43325801044739015,0.4549828896073513,0.5573597716634247,2.3127237632780893,1.1357424728093852,1.5701357904050328,-1.700996022866181
1.2232218112216178,0.9301069116596982,0.1542188778966536,0.8878200504020649,0.24693310615794156,0.6809013307291093,-0.39802068085333353,0.8237631734044696,-0.4204722912915859,1.2733822077495052,0.9253937833202668,-0.2546067044209612,1.5861529666160488,1.225982423927799,1.3627001811368316,5.294956929205907
0.3444731779754649,0.34757995245620127,0.04380853960170688,0.8107834908014331,-0.49694194560275295,2.4357817852893415,0.06741074673241876,0.21599625570857964,-0.43773252111286265,0.28483377841840596,-0.3665998861137746,0.6910522655976391,-0.3090673842034923,0.44642471032434755,2.327930757164273,6.905571417984635
-0.38528828005349525,-1.1266055993909747,-0.13945364455078513,-1.4430087498107576,0.15288045964780567,-0.15265093378316139,0.041789352544059,-0.11131954161807447,-0.1528807137158676,-0.5069269093093814,-1.4203118489160491,-1.4291388171737858,3.5258861778994817,-0.16813256084950418,-0.0315152563965161,-2.9324830420989554
0.7141498108218766,0.7557295450266575,0.09576662299213107,0.5290008282032888,-0.4300320040912075,0.45118251069069254,0.2219723461020966,1.4739786252425735,-0.34779320033340466,-0.3232945883297341,0.1452573457149926,0.04810476220650231,1.657533808935921,0.8917955443738123,-1.8613670952671615,3.150858054818264
-0.3207890791039326,0.7543558339528004,0.13382238665678964,0.12579619046231064,-0.26613195788968214,5.302063729118299,0.10047790116930619,0.7327524176324384,-0.5327880008453361,0.30763408020002564,0.4700043131709651,1.2110000085752095,-1.1607657508531495,1.450774068822901,0.03426404780480243,0.7299398592022655
-0.8879384696781565,0.5114373222236089,0.1772343496274734,-0.6640833109475683,-0.2445394982695035,2.8699916441658946,0.0841542833637887,0.3701700187865138,-0.39676997655177065,0.2294084846096855,0.10705543784135667,0.4811931219415463,-0.4256212237003867,0.7959796412638933,-0.006570445084584205,6.695985369519401
-0.024222427542994748,-0.41710747258497827,0.07577195238655526,-0.22119364781926057,-0.17543493325983725,0.34990634522282804,0.06606803469603467,0.7235739952456092,0.13298111160074752,-0.2384889323874367,-1.136645808759905,1.0759271778476849,1.3552920779117308,1.300301743016451,-0.17581991408322611,8.534679747829582
0.025725811539865667,0.5786946601576052,-0.06925850118417988,-0.7049472303450011,0.11029779190182502,0.604173037008462,0.09542655056233824,0.6503342345113597,-0.5534380745479877,1.733366422762548,-0.16381230702205962,0.18715112322640237,2.926608780929113,0.6604610523862305,1.5337601220669794,-1.3567494147868069
1.2043494195166684,1.2162473735470067,0.07323953903407956,0.031932032180091524,1.085993240562861,7.4811272620779095,0.12309528396293944,1.6090721369143108,-0.3185452136462178,0.674987006532351,-0.6302510420312712,-1.3253050768777987,-1.2007395814855524,1.899058826829433,-0.630475571818826,-1.8320244091627866
-2.8101828026789057,-4.5710943354936155,-0.01345440010842336,-1.777182730628798,-0.3860279084011511,-0.008000300620666352,0.044781036271741584,-0.6846652974550068,-0.24129908556807095,0.9414145403478557,-1.9775127752277206,0.13137381788679198,2.2910234718409628,0.055244672289622154,-0.5040762149662321,-1.4887223903600666
0.7923847952013844,0.6427095992346564,0.07638293623838478,0.527174975489451,0.013836053299680462,5.177313603285836,0.015671544683917356,0.467028154884618,-0.21142468277662238,2.9867970409499303,0.3152603890467709,0.5986178399343219,-1.3923122672466204,-0.553563363677672,1.1319270641253736,0.4420053893507533
1.1971514016675437,1.1734835398569876,-0.0022872806908868304,0.1733415018247057,0.3393608773974636,5.485039223302809,0.00033152098647861117,0.36114080049616487,0.17359323051631867,2.42876931825502,0.4330536764376341,-0.8035961083309886,-0.904457565181798,0.40896281859136446,0.5267952626868517,1.2199339108192673
-0.7809041906365946,0.7773858244293853,0.20308645174040027,-0.13777472956308767,-0.2173662231029673,0.1939080755480262,-0.3293476502930141,-0.10942880100217074,-0.28228370709603634,0.3135260329664011,-0.07825985303653309,0.6658219456115199,3.319276382405763,-1.274653950338919,0.11053235192853443,-2.614960826018513
0.17426801491827285,0.3202154591727622,0.2609308389933735,-1.416878443990583,0.08270876955007178,-0.14812636034469498,0.15744889593698413,1.3651928841530405,0.17433277158373373,0.48720318544608393,-0.4729084705084698,-0.8474846802188793,1.9673624588463179,0.9349846370664525,2.852995624201098,0.046528382262829605
0.44489455324697763,-0.07388190010138072,0.04148108579717184,0.5452755675063874,-0.2253387909198808,0.6800208356307108,0.15829102476302812,0.22690996803010086,0.4427582436266448,0.17814219055264618,0.3147625298749231,2.423817990019526,1.4030575868654647,0.7027023258625398,2.7484132096121616,5.869141145798452
-1.1689751501323615,0.20006548235965832,0.38570983414714377,0.6331540163266304,-0.49011554058738305,-0.8377775313718513,-0.14037942247237606,-0.06313009492005191,0.13816184095041642,0.4122666127411202,1.2689555380223527,1.0583132136666382,2.9468365377030774,3.2565378476380666,-0.18060192091437274,-0.12223058571155353
0.756384525354595,1.0809598637860935,0.08527552536690432,1.0666112144310436,0.08811917037151396,0.7122067668666953,-0.7491859301308196,0.6468501457872925,-0.08095719285064723,0.4164751451448641,0.8731648930199372,0.24536731747377793,1.6575882132822994,1.3042402508773665,1.6952854459258802,5.15284955538593
-1.341730209883396,0.07225805105603209,0.05745703544194704,0.12701384147002623,-0.9582200238608999,4.910066734655306,0.08418652711889968,0.611737758398783,0.5009201999096109,2.4025947279448414,0.0652231308484823,0.8565889704362641,-1.0687949317517025,0.48721100120464966,-0.6177358540110481,-1.708594912082431
0.5029653826110102,1.033375301463492,0.153497642887948,0.3702382605082745,0.20055513052789073,0.9424312131531001,-0.11041279238960022,1.1964746498083285,0.2782600962654012,1.3458177103989184,0.2909675431795829,-1.244528968905183,1.5802303630853205,0.5729894548096062,2.900735750567628,4.976688890177565
0.4784179424463022,0.3694273490169175,-0.004627378191479454,-0.27113886889307093,0.16324176584654454,0.5388030028564721,0.024040661048677903,0.323176990008873,-0.19205548117116947,0.3030412209086224,-0.6421179031406974,-1.994311839584028,2.917700572945489,-0.07768533903832678,0.8453536068754393,7.017512118653683
0.15754187453040724,0.5474234668653928,0.046368388039273956,-0.23308027221464417,-0.11448338655387787,2.5570808964970655,0.03433525882602538,0.4235770678270144,-0.009663622981657051,0.29525712025670925,0.478793308626346,0.7338982927111133,-0.34081651386011835,0.32857585566397585,3.2088808989148307,5.6276460238410175
0.6794739948059856,0.5974727874403065,-0.041120796949532086,0.6459422723445684,0.11286367547005116,2.358208528744924,0.06509968801845228,0.6445425650323053,-0.6830984629991518,0.15113802113546246,0.46430613841668217,-0.8555193228943029,-0.16091123122643838,0.16946300047497984,1.1904152354156077,5.222037184660158
-1.905386617838753,-0.6019633653546247,0.14925694765430206,-0.7929644560644317,-0.30173602373938607,3.8078807264591474,0.08273125187405705,-0.4917065203119483,-0.27361653047147716,1.2140310384948074,-1.4267936232010665,0.5674803655355433,-0.8997912330373218,1.490673051213435,-0.34429680808277197,-0.9212271126627326
-0.8361299111526298,0.3539197602196714,-0.01914943867289568,-0.9956550407273712,-0.012040513045838787,2.862781689971317,0.0844339846995118,0.1631840902508612,-0.01366444445324317,0.07143808271284545,-0.6865300231572716,-1.0377786725695155,-0.4370282616271573,0.5358545043721988,0.247740810914824,6.572712038351656
-0.4231847950343362,-1.080750787344066,-0.008968632156154484,0.6453688336719168,-0.3146487229821425,3.6598685541009477,0.09605159019872887,0.9706087682267739,-0.6006530814499359,0.5460926695053632,0.6451419117168995,0.8846503116552824,-1.1081207893991543,0.7368238407945348,-0.2974584027672229,-2.0691857515367325
-0.1454630429586517,0.29741393743772565,-0.06033933487229274,-1.3064034130776043,0.19317638742028514,2.494209364827407,0.09596017042318608,0.27300168192664137,-0.157921939239962,0.3458668096760212,-0.9511731080425875,-1.1289323144023007,-0.14237252857637014,0.5491646884048621,0.9219501785592279,6.182176187942852
0.8715127183751616,0.670416597675234,0.00934237908574336,-0.26571937170377447,0.517018331618749,6.919946478547115,-0.17574475302184875,-0.2005866611007259,-0.36415108016733316,0.6517476044639573,-0.18140895209923716,-3.065134872609151,-1.8023340694510794,0.23231213128605577,0.14114218141340193,-0.04506503318853206
0.854263805891222,0.132451454697197,0.05282760009960714,0.5099439278084233,0.10802943931227582,0.025834529143312784,-0.06637866405143984,0.5335438490876145,-0.014342665604668662,-0.4756463904764573,1.4052389040525755,0.14353414749155477,6.769316758045825,0.400794906278683,0.1603508019683988,0.5797344766229513
1.3061259129580423,0.8994318364510767,-0.05597332626451202,0.8731147956369896,-0.06809739083362601,7.312484684541495,0.0024857726871220405,1.0583317189541754,-0.05107277155834283,0.4209139414290937,0.6752029486635633,-0.4055744981984701,-1.7872193139165784,0.7366215517127707,1.3082380999827543,-2.407286838029243
-2.373391092771453,-4.046185947324647,-0.020843924590359105,-1.6679682500733057,-0.1758177527465971,0.14277440015868348,0.06889084551317717,0.19073760514782115,-0.019833218921954943,-0.20901335751751926,-1.927514329530707,-0.4394714036386353,3.0678042551894467,-0.29383607330529526,-0.41238038826967194,-1.7242249093095041
0.5965956517598605,0.9516382233974696,-0.1701827230350416,0.4628884131177534,0.09225256009436619,0.4216096501556095,0.06590165724364026,1.2417765815181336,-0.03706604944022752,0.7626415493544919,0.49654690147757374,-3.2698580763007934,2.689965833061,1.3236891786422467,1.4823987888223795,-0.42605805844998373
-0.3257419774105844,-0.22833193546267913,-0.12200142302769018,-1.503509598535567,0.057238086676814647,3.971679288743162,0.04574634621017838,0.5444105515143252,-0.1360627688035604,1.241662881304448,-0.8626537253559559,-1.9180180037003591,-0.6458312024709977,0.5589611546409252,0.9486055017338916,0.7744169736272438
0.18483143472931798,0.5223515656175701,0.11165467124242716,0.837002536807588,-0.12968931368166325,0.5531536292990916,0.06274362900799674,0.7475927101351697,0.31333284368511366,0.7063513633053364,0.6229546279540853,1.1917934410676674,3.7133188045393415,0.6870519270304776,1.4858665686770458,-0.6910241099445006
-0.31191289750397777,-0.08260669389501711,0.0491327149660175,-0.6784891673770906,-0.28368119069413283,0.6246747055021203,0.04964199055563785,0.27239021274497394,-0.4969467530340594,0.37073413481066325,-0.21652170993932493,0.976886886088474,2.7421463906827,0.2803032439256854,2.2577741489593715,5.941510224723974
1.152091274526241,0.5206993315125218,-0.03735583750222028,-0.06670741621421332,0.10789042371310117,7.664256272206132,0.07956371773482754,0.6375482501973763,-0.1750229853959272,0.8085539147637538,0.2598806640375229,-0.14154024831808784,-1.7831397336557107,0.4228889703385466,-0.5203658735982337,0.3292237530399575
0.5893338333313404,-0.21723790935719448,-0.052112898807997,0.15247481888015538,-0.2359350717182558,-0.11746988858015416,-0.049947836119710265,0.6015087890491616,0.050920636667175806,2.8449614809466737,-0.664811791299863,-0.2909970070097837,1.5954432157111522,0.11853843861714734,1.2595808272022535,0.6261737265142003
0.15862233344312301,0.5865747532455325,0.008921002604855252,1.1005590423136513,-0.3032865268298946,4.191284586172498,0.09198230039877171,0.039852378347421565,0.3117325324290123,3.444648565258857,0.7856432550481605,1.0937222981204768,-1.215014704445689,1.2159540016481059,0.1087521700698064,-1.6626755876857064
-0.0416727878206173,-0.7179538334929614,0.16468449915860708,-0.3765953566000007,-0.09417425140400988,-1.126473765912026,0.07871934584589249,0.7873722236306675,-0.1223054255134392,0.1180718697990552,-0.9689521900188459,-0.7224271337614421,1.5801514047397391,0.165266363576607,-0.36888250112044124,-2.46289614472446
0.5299696404873672,0.8184274205929848,0.1737401968555177,-0.733465512006631,0.4357842780385842,2.3794955559081523,0.10603328494023696,0.07967061191379511,-0.4479417213485627,1.165594935240769,-0.47555950776501704,-1.7044988787925692,-0.3381605245701565,0.9764336731195556,0.5261397084091507,5.463763747875745
1.2066840453357253,0.8340448787313683,0.09455299436319005,0.6849884493684969,-0.21648416659571568,5.728367566266492,0.08686178381405837,1.0283444702421434,0.11401545867356594,1.8346580537734203,0.8633649741236472,0.7779833378745925,-1.2300238944411737,1.2491969006507349,1.3510941477571659,0.28040200104703794
0.5826054770347866,0.5728308772231009,0.030289030363103486,0.3873990730053645,0.10152824018250756,0.8024471626699138,0.08619395766960843,0.45164735620584495,-0.47511885385822533,0.8527296858274122,0.38808197239797027,-0.15648602746337512,1.950541450080992,0.3671155693757706,-1.9008397292980992,2.594848231488784
0.5927396493571783,0.47937865184487655,0.02920758041267255,0.54129465552984,0.005060727034852496,0.20264619816121013,0.06096959736945243,0.45482831009944746,0.20328188036662853,0.006842978323401562,-0.38586883073587314,0.4161664994670727,4.3665651516341475,0.43770685385880886,2.9595895754881396,0.07035492124299464
0.7600570677345126,0.9344212386412729,0.11830601434522467,1.0314041527538018,0.13483895601123752,0.3191290111520384,0.07540586582772295,0.9423801046228393,-0.4641167217625098,1.446418438615507,0.5350896468306163,-0.5342970800981457,4.047264648485323,0.31973586370301926,1.556402486336001,-0.5766370473503005
-0.5814248778668364,-1.525260723119531,0.05866595124460481,0.07736963363656403,-0.6437210767818569,2.525763228077252,-0.2001661923301949,0.025368595617251334,-0.1574160798431738,0.4143360325289496,0.15324310617093534,1.8019110566239465,-0.14473072349119312,0.045855527069230614,3.79900399026504,4.498424099883109
0.9977726332392064,1.2053184042917937,-0.15236057633503142,0.27732172829892227,-0.040946711165238195,0.7151388825435293,-0.13726090031778126,0.5786985132545399,0.2691738427035159,3.105555882618961,0.9808930488678987,1.15859567802933,1.9999249391280942,2.145609751934571,0.27608465866510656,-1.1206622441075933
-0.8477763669138126,-3.681729761578958,0.0017920087323702568,-1.740204642320838,0.058536879924503696,0.21595104903336781,0.06382840659081489,-0.10626074314053592,-0.27968478127557883,-0.34103801172466264,-1.1033455699618164,-0.7207490611713642,1.656861642480368,0.5229446888328613,0.77845014530867,-1.7330407234123981
0.7634469063320299,-1.1949028140496618,-0.15829283984722173,0.3228804846160925,0.21225044603462315,0.5026345115821256,0.05333396731903003,0.1367592315264844,0.16013198324762346,0.21233462425268335,-0.3115471508905021,0.27905247345817447,1.4714176368455623,0.005832354590166258,2.4824701590130283,-1.8117210860537956
0.6269598416994951,0.43318453343078445,-0.02053236131306305,0.8862213050041062,-0.09617635721029859,2.406050839437056,0.13497816252795822,0.8436733416832052,0.10868423738072418,1.4997183399332474,0.9928520231993087,-0.28690622017805273,-0.39070679826484805,0.3658738116880898,0.5529877947894449,4.872076470244146
-0.24002698578648454,0.3212619455022204,-0.04727183707910543,0.09932448332578613,-0.34293151895584656,4.278124384754622,0.05244163281140846,-0.09498427523253643,-0.25348580391424785,2.2677470268150186,-0.2573236260059775,-0.3903049059728529,-1.4138107452998803,0.49329588541789987,-0.0055476923953087075,-1.4630101686387678
1.1137217000116113,1.0626506176819701,0.14131312556585457,0.5005571644046363,0.21502607429227735,0.47715204119449817,0.08596065352038557,0.4183029047878483,-0.24288195810786967,0.8468988525544635,0.7183188717329564,0.28900496951012766,3.757831304748508,0.3711454530499807,0.01605066955450674,-0.7435375247358812
1.3397215160956526,0.04668254848596956,0.046807995536506046,0.736450937816513,0.23515046190582053,0.835809148432739,0.027877068680728194,1.596164666281619,-0.06783975339962042,0.40091749347124517,0.825657901036259,-1.8500523102123123,1.7519545395540412,0.773197405722698,0.8764079970024045,6.99928816003077
-0.7399081528447448,0.9636955599742729,-0.03587714379161507,-0.77757407340156,-0.181460592635507,3.689575670831748,-0.25926260449510474,0.4086078105798087,-0.09260377194535796,1.700415954924128,-0.6110302417067341,0.23206608803377624,-0.5146221219204512,0.31149200247065895,0.06776215612380493,-1.0750439285825435
0.6570773402238353,0.3437984365018777,0.18467205010335452,-2.1187265902636585,0.17404905604607498,-0.06870615321269802,0.0633561648605271,1.1597642993754704,0.212183188452,0.783671344480695,-0.3014109094159637,-1.7727658908605421,1.7919286785126862,-0.08283251106132034,1.2926648616884384,-2.010700987778181
-0.06257139978634624,-0.21807567788729,0.06068833489107801,-1.963475386067513,0.01868597835060989,0.4763768609497871,0.02168352368761775,0.2809821583257919,-0.13652815314003192,0.3983031683629506,-0.8580550694202359,-0.13687857948313442,2.4807005094994605,0.48486286840023396,1.0390209950608533,0.047815674648241595
-0.2997408451040911,-0.9635817609861487,0.06810015197459335,0.6339239160741091,-0.3230713963167434,0.304985289529116,0.06820456050222978,0.4907787689826541,0.19190968863228505,0.6027314535494159,1.1023220491732444,1.4560684621730229,4.070684469104775,0.46252684214819256,0.20510747117723246,-0.05931766906852503
0.7165745439743146,0.15978186968725552,-0.031203510454386678,-0.04134973039533375,0.08756582833724144,0.48300599349296236,0.04270284344221756,0.21952215557035148,0.14527167094243973,2.463582967373152,0.021206539929702013,0.36271850180560017,3.3636513480992343,1.2444782889963155,1.0345602679426245,1.9225979629501215
-0.5789212031615342,0.18624140457771285,0.0177463755670081,-0.24982183094007715,-0.3404839149115255,-0.13436779130227694,-0.13039381119983556,0.6867180157709227,-0.25184463761755216,0.4278859736999259,-0.9866937749186458,1.170915283821139,7.185705155661922,0.42373057654750845,0.3722708233188345,1.0057289490192614
0.7110126392468251,0.8850132643849341,0.11569626556915606,0.7009578061258445,-0.08497808315350958,2.5556949752424694,0.1388296626387447,0.7034750921874804,-0.24361836894458214,1.2716238581845403,0.36925545036834856,-0.36582685399898823,-0.43530238962239454,0.27106113287104217,-0.34037156608392116,4.268869770982289
0.8673491354943224,0.9235616314553087,0.006193567992450748,1.3476642292380963,0.23684383280524743,0.11152779283360542,0.011490437100699639,1.7893313182121138,-0.39899648047213904,0.82451357258679,0.4544516561510981,-0.6437278773528626,1.666763435456478,0.09828227471965417,2.574243305424549,-0.7126365518082826
0.5798704489883246,0.8940322072568059,-0.027371728871980323,0.4564779034337054,0.16336802836006725,2.5131149904504575,0.08165194210627269,0.6554288380847543,-0.3096803209531513,0.07784940372423955,0.5859100857628388,-1.6526192931458885,-0.08604439555940353,0.5295695738282191,2.752418496910997,4.001283124351192
-0.04444911160974278,0.4494244308968033,0.059306900722397964,-1.492275856666316,0.17157881787401688,4.127083373033471,-0.23412334521761877,1.7037138467905895,0.01653367961903623,0.9061509104224736,-0.6164539717241312,-0.1808437335022169,-0.3862413952879153,0.8298684772294488,5.046514273506996,-3.1662210173864755
0.2103541135351837,0.3525013141289647,0.06644597557033234,0.5686147930126103,-0.6090970736647379,2.494061469061908,0.059132724704148425,-0.04128384884946756,-0.04697709017856159,0.43992533750627916,0.19087600642441324,1.9849300416694342,-0.24802419860854044,0.9208847218888842,2.6708684155987057,5.1220031028845225
0.9118267462076907,1.2943971907059608,0.06479451165357841,1.8500948127078003,0.2007568605341593,4.067321446675065,0.05559816620931938,0.5739167872526442,-0.24424114788889187,1.4823447253162887,0.6947272356298259,-0.4684493327281542,-1.035403870641574,0.7042595728169214,3.3933067441805913,-1.7388162618016867
0.37012471081740383,-1.2099174148169871,-0.04173799996488223,0.6084269667753993,-0.0712946807453214,-0.16328417402308712,0.12010293746933871,0.9269720779439403,0.5566784441384411,0.7544449584230531,0.18872524408541128,0.9425861278052473,1.7588075813354136,0.8738258175591834,3.805995374570264,-1.5552195599021694
-0.8606624123743365,0.1867054836078385,0.08104041494739864,-1.1739826571423337,-0.056417356455009296,2.229495878034516,0.2600169877295155,0.6779624362960283,0.09779688112628622,1.1571038359315202,-1.5120978418759456,-1.8384388525607243,-0.3708648598628413,1.4780014592906898,-1.1949053150650284,2.08692074149829
0.5096572535302712,-0.6106667172242276,-0.02780206068910242,0.8296450775082352,-0.17094203925037973,0.8540213572535552,-0.20795913098058108,0.6056916616578075,-0.1774450182173408,1.13776058316915,0.21043727246256452,-0.21427280631886209,2.002164631214362,-0.1119749327323328,1.9232283422089858,4.984860814868771
-0.13930204536864446,-0.05522406993511321,0.004534919580541069,0.26443324858488176,-0.12312582403618937,5.3822189014578585,0.11432989654016977,0.24090716773282547,-0.13612026338949176,0.4363816873871214,0.1006880452448725,0.39755545373529116,-1.1660346997890931,0.5992115308466796,2.4820303046937924,0.5518388524153063
0.5609148644047468,0.7149835495222494,0.09828384595116174,0.47347530418229317,0.15520528053825264,0.6028864500145731,0.07092836376338739,0.5689000786921583,-0.4821036944587575,0.7165091693522447,-0.48904407861517846,-1.0568689442643597,1.4915627711250525,1.4273436279966831,2.8265719159586915,3.593635952155421
-1.987277679891338,0.14293219171029306,0.06272751719902943,-0.18101695754776054,-0.40299111181643305,-0.020599480132495265,-0.1463030822231399,1.1881418229390885,0.10644623952153713,1.324342475743756,0.07740443776556145,1.4919567386607475,1.7091508302046758,-0.23530434521008023,0.3862927728495554,-0.4899438782772779
0.615074984420823,0.48683324833527086,0.06467532650807095,0.5313454455758092,0.09155745192342987,4.614942442437739,0.07825207697832914,1.1833576319468417,-0.18413148093623147,2.068031976328463,0.25404999117175514,-1.1815625192048416,-1.4521838631009119,0.8410497755126747,-5.902553328351601,-1.9754796067258718
1.4751036614062523,1.3417398488643015,-0.04673039785179298,0.7396650256917755,0.027978042054723415,4.858695516317009,0.063143846738126,0.6638676909182089,-0.3286962626198514,2.5087102461681385,0.21936090683961237,0.1812074781327361,-1.1315793532784038,0.5057397171270115,-0.0600197350581418,0.3170727775506055
-0.27617388456149705,0.37546224120435917,0.11328636225215034,0.4593034235524926,-0.33536531244152334,4.603123987819732,0.06191482191875217,0.81876536864742,0.08400013638793108,1.3259051843976608,-0.5678708847419827,0.7725807360725785,-1.2206010353575893,0.5076468661372333,2.4630659233515564,-1.673369876262553
0.6806768537055157,0.6504972352059609,0.062254491403530406,0.565047728757293,0.1309129905327672,2.4206033622710206,0.09158636828968322,0.5616774088696804,-0.49959669896345676,0.3918811725318973,0.4730718165826828,-1.1906294921183804,-0.15035476845070056,0.43664971225376326,2.5655546637050395,6.330903311926175
0.1452607813643579,0.17739648955911994,0.024710215605205182,-1.6041844428597731,-0.03104382564228104,0.4096148187483084,0.16001134486833177,0.5059789507519865,0.11975592539574811,0.3921919327274339,-0.47473713257225375,-1.6661044481926108,3.85909548305397,0.5384661229681165,1.5969244143040964,-1.394512591324789
-0.6211786075312867,-1.1165887144198539,-0.03446706100510463,0.7543368221721651,-0.3154436871425446,3.996129663061294,0.09354687977610579,0.7076269448062456,-0.10593182956770684,1.5138395713369763,0.3294615418049993,1.7075813900435681,-0.9176850599500974,0.19440594580216985,1.453715422082584,-1.7724822634961956
0.7624572244697025,0.41166189593910946,0.021646937736836895,-0.1326332167462319,0.25415288101341243,2.7728060954907425,0.11226832680825449,0.28425895940178775,-0.2382702480414046,0.4458538575641489,-0.6186820058671276,-0.6869445436828124,-0.4365215555507516,-0.202712373835977,0.5948324353642177,6.151598566574343
0.0927783963856024,0.27695266549519126,-0.07331562640420992,-0.3533343582251495,-0.1670884240556286,5.195174951918161,0.06871752399567238,0.6825172216612918,-0.10379158273913286,0.09502914739211661,-0.7072603973235637,0.845979727403031,-1.3702221809111592,1.1363578074607212,0.2040923727251722,-2.0811875304866465
1.0484831042747578,1.071530398836377,0.08521903348936997,0.5494450085488432,0.19775051112364098,1.3796248451916853,0.11129518014412797,3.5914206398891007,0.028656830318889125,0.8294444403824524,0.7310680070278458,-1.4396517810204885,2.4578081371670173,0.8198128759999194,0.6083144470160214,0.8094490211062064
-0.4582769967919697,-0.20386719392669825,0.05636112215359741,0.07709881082298543,-0.27146602694585853,0.4737206914273346,0.08898656771032716,1.0019692976193286,0.24256912625916954,0.593937137469908,0.04833921962991177,1.4781634958073484,1.4634793010061888,0.6408154659735901,0.3563267622899458,7.817830772824331
0.20390951363141047,-0.8764250249619625,-0.03934427137443286,-0.7816030368402624,0.18101685561567746,3.9926763643168797,0.08511746385302714,0.15087762619797307,-0.21309231381367297,1.3767066421948322,-0.168732058746599,-2.66270105446823,-1.0495955411507574,0.2914431716379615,0.40683571169037525,0.03987341521386132
-0.6271517817448665,-1.1712665016998833,0.022825307153925365,0.1834497808837725,-0.26559792078068606,-0.9754629485159582,0.1469271203614978,1.2714945932532815,0.20489395322939172,0.07348064310517496,-0.21164009113523946,0.6093171150107396,2.0328678928398207,2.256459603344726,-0.5536712532164013,-2.0778748567747716
0.4147414261133286,-0.14884856544510583,0.05552085444186977,0.6875244307358024,-0.15877780251072504,0.6103919169673894,0.14445676129759316,0.173887259797012,-0.17398735716086874,1.369721639124227,0.6101211511004685,0.7288655330684461,1.3806532999726633,0.5025721569440827,1.4937649552738321,4.843585391799359
1.3447067552201775,1.5879112758076408,0.01895713698610939,0.851210733684967,-0.12035026706442567,4.40606650464156,0.03597334302201704,0.6839532647266067,-0.02501245119595637,1.0168736795213185,0.9395810972030891,-0.3428167138526879,-0.8092328537340971,0.8624562071220853,0.22864474267896553,-0.5958527059088178
-0.3722144378180202,-1.398956960271184,0.08063566866353199,0.2844083940282016,-0.2353535148859121,4.837785935103202,-0.012402700221580314,1.1822125466592317,-0.40628589591718445,0.731488596390888,0.6620450745318042,0.773967065966185,-1.1825618399797588,-0.2660280928938646,-0.34707411016812056,-2.0218259972682313
-1.651052130064692,-1.794844371180069,-0.08573516073583,-0.337906436980771,-0.24053424416459318,3.8114661075774787,0.07544198848049555,0.3132065989225633,-0.10359554638306752,2.0149512585819207,0.016164371994241613,0.8361565786855322,-0.47710157973425205,0.1760030881762913,0.029644005053911293,-3.4322804896996493
0.9488931340299791,0.5016872661570428,0.04551732424147617,0.6698994506770454,0.02333131640372143,0.41120661380581197,-0.09709383328302208,0.6770225637273884,-0.2906429976030913,1.2898517956476234,0.5293483311888184,-0.25110299522137475,1.6950079987338937,-0.5012897541127777,1.9961871361076082,-1.0439793298310942
1.0294565440276116,1.2378353201836172,0.06845175015515696,0.5843310180988007,-0.15301884105718308,5.373518361479719,0.07268459497791689,1.090431386975079,-0.1371438515779226,0.5411124011805473,0.6820660994908547,0.36973019365114057,-1.271988369584701,1.1937483119876482,-0.1969071255894852,0.4857780895947493
0.6042082611375831,0.5174582361285446,0.006195435895856225,-0.3085110151480806,0.19580276770367805,2.925245174419136,0.07758703033638024,0.4295483581822269,-0.030961893145510497,0.4506485722937872,0.022704912819500177,-1.4098140811395223,-0.25948251498283825,0.5574587480881745,1.5405600510456556,6.846722828348403
0.9256829136720778,-0.4850065008240369,0.04207721918123248,-0.21406573907872126,0.0399415968527203,0.31988924802900254,0.09518353483509731,0.6438610638115804,-0.04032613971081777,3.997313834273065,-0.04292568854330325,-0.2786555371311291,1.8551328452550044,0.5791487746719909,-0.3990662639017426,-2.5842472324793246
-0.36608610663092345,-0.5362574747568893,0.11789098119243975,-0.49464748088029764,-0.161054933659886,-1.0888621498703699,0.09778404496586375,2.197819413828226,0.13348405109075107,1.2442576243322132,-0.4797904995185975,-0.11737310819118812,1.9468066713018506,0.5563285392720806,-0.6203604685935226,-2.302918631321834
-0.44763938486914046,-1.2431333882161812,0.001579989535648431,0.5781211081153032,-0.28152520617092214,-0.09804856694875612,0.09595859982264514,0.32505095411053664,0.130603926842943,0.43981488712237893,1.2278140677347438,0.9330493136856142,5.943210736063525,0.4856250154238835,0.1513009454367864,-0.05841277023872253
0.8177226158318716,0.667740517258089,-0.048804404817839785,-0.20110976749328324,0.032063197843741204,4.9609859043426034,-0.00026624905990247136,0.24856632221569083,-0.1851000524937801,1.3013734015921299,0.385245317110405,0.39239202344289437,-1.1822419916566898,0.13021832759892882,-0.01569297390352622,0.25212829342272913
0.25866976611986175,0.3450928261417171,0.10641140100895041,-0.18676584916764163,0.04240157538329755,4.56340273845682,-0.19383138269288042,0.2458086896169052,-0.6413483704368483,3.597182473883614,-0.12527185749757075,-0.9515686904602784,-1.6443601602516051,-1.9322310759583474,0.5096854917029028,0.9598615015905027
0.8936782295231497,0.6088026375079897,0.10364807895139937,0.3957391897362254,0.1689324150546578,0.32243318696816375,0.09410394628914714,3.639843629064586,-0.5151237692262839,0.06911262372446711,0.6584846785883102,-0.7787531362434559,3.1564233856421184,0.9775443800230077,1.4119760969159874,-0.9702290616875595
0.422587075863197,0.3739659395946455,0.11277001794629066,0.5465058181767504,0.14778725923427247,0.3519920847810115,0.07169575459310408,0.5716817705019576,-0.5755977614757405,0.9289313568790926,0.47153660169796396,0.34784292143822565,4.2089764918766335,0.49862182336729033,0.19210421914946266,0.8149945468254939
0.3534706994047168,0.22608410769483864,0.10916154018571204,0.048327506808705366,-0.06759402486533066,0.5886119485869178,-0.34645440902508173,0.20351609573347723,-0.3680986685191901,0.21434836200913648,0.4133450063951401,0.5717012307477431,1.3799575053066373,-0.5545068110579097,1.157744181085303,2.9278585310524226
0.9646412629927128,-1.0831729624261541,-0.11333075075104074,0.1979138316753323,0.32481070415086527,3.4914593008635895,0.048719957020775306,0.7187485003806248,-0.38111147777756194,1.3685401557907455,-0.09480568549221215,-0.974136199507907,-1.308020580542096,0.781289361189359,2.074951295321131,-2.6695795760274645
1.027988424588776,0.43941028512127317,0.031851825831932225,0.646215480845182,-0.04675352587539874,0.8864027748458355,0.10154794857529532,0.6487190711892755,0.006800883888686234,1.5666755543100024,0.7157425925810387,-0.2932413204828895,2.051608281943085,0.6553894557938597,0.4818479846593133,6.450520567044359
-0.38403384971768034,0.2255396557571701,0.07931209184769786,-0.5115199165217107,0.2975266027845673,0.14213750363325575,0.17067955335629748,0.6426755848881145,0.38800705616131004,0.9318202152818937,-0.13100430094083573,-0.22763690324612612,3.179073531872257,6.289106754615761,-0.005844415724270494,-1.6419334348828574
-3.2360264810983557,-2.705215932902404,0.18135544463951492,-1.7186707285729037,-0.24493780151627348,3.7343551619100674,0.07241027209770542,-1.0228505221172783,-0.8381206655049761,-0.33766193766094715,-1.9507074007691134,0.3579925672377797,-0.8036967034643092,0.18311837154242044,-1.0368579819829755,-3.814869799324983
-0.45621152090921047,-0.5042233284541046,0.038641105042870424,-0.3239378312733652,-0.18991424728585182,-0.07029991102371047,0.09623100903164203,0.03880285462087236,0.06599260406619789,0.05821473716148501,-0.314296980461779,0.6633646902374408,5.862293656106569,0.40645885830623785,1.2242444148301146,-1.587597148531564
1.294329447645055,0.6311508794862222,0.02823986726246545,1.0472327122621323,0.18382295560551515,0.9289120760151846,0.1368473940484672,0.867041991284202,-0.08966942667093428,1.0644212438399567,0.9464949898825864,-0.5705926782363812,2.1528919289928052,0.5150256425657653,1.7510753030143864,5.579325377084817
0.9274579929919982,1.8032185163096246,-0.0193730511083627,-0.04612451807561442,0.006713730520304767,4.2793299217753065,-0.24059773187330544,0.5558699168529357,-0.12524344852220645,1.3681288807954637,0.0634397106438346,-0.5795863461138788,-0.7620245561031416,-0.03581253971811463,0.09533587190149695,-0.7942619807212267
-1.0255477638098074,-1.9520370629537815,-0.0448631814768756,-1.1205709796860754,-0.09037691943981137,5.564803546048162,-0.016559198480415073,0.41943230672786214,0.08323935591216756,0.22533767893968953,-1.1959926100163878,-0.6570601486732355,-1.1484717374875655,0.45527547382482425,-0.5370300155411235,-1.2567652109447738
-0.17636570766553294,-0.42438800908529045,0.01981880363993092,0.47223362488775167,-0.2445545014004143,7.232460292156215,0.002204030273882226,1.1922259991457704,0.43373971548895995,0.31209087842098887,-0.18378821187501507,0.8810936052625545,-1.1656426690348163,0.16692879174425745,1.4928809772042855,-1.3546338870574934
0.12243736423544843,0.3758488078441404,-0.026472123193040327,-1.417010079463107,0.21081558329797456,3.669195959652368,0.027315162676374304,0.541575122733827,0.4984123968663593,1.559596930073572,-0.1605161106892634,-0.9576650774875367,-0.9466003735637316,0.5903659259835349,1.2238453325542367,-1.8700424153462503
0.3911811071745403,0.1597119073276216,-0.0009793623414813323,0.41854912548968054,0.04825063264438495,2.8397290878879695,0.09999156535198875,0.022738132344934776,0.0490197871699235,-0.44004516712970704,0.7693294168365429,0.6435528543190457,-0.13293221103156702,0.24443172606966937,-1.282926814598401,4.564861496619682
0.24198595359011166,-1.784148577090035,-0.03483008807150132,0.41743829491531415,-0.14413671788229485,-0.6352161888104301,-0.047431564419747774,0.8058202251803859,0.28222597617906087,0.03671090012281276,-0.14816998949421523,-0.09412287712336656,1.6848600488389274,0.6011130152199197,3.748781053212599,0.0909518270725402
0.06677068500555075,0.45186662710858655,0.8035422185013303,0.0929589766147925,-0.33963204789604196,-0.3068831386275159,0.09831698667674696,1.368041724424155,-0.10133065018373785,0.28436546997000034,0.6786372168091973,-0.23119384983106453,2.0942338269034635,0.7133168146231955,-0.858075031338203,-3.060511308426799
-0.7453609583657507,-1.9599050190139051,2.4401032836750265e-05,-0.4462747306763705,-0.23355347157893067,0.1373679716030003,-0.06675918637929787,0.9356382402133712,-0.25565322990941025,0.17234762492174746,-0.8814431367872455,0.486137542600877,4.358186278333213,0.7025788943878263,0.9012181402380648,0.3583639605842029
-0.279628119340224,0.24096805550236242,0.04924123962124154,0.37197284683739434,-0.26586945861631156,6.600027666982269,0.08130985095745451,1.561863499328022,0.21310869805197097,0.31442992699651584,-0.4736254876050563,0.8127693337832835,-1.830054629809063,1.6285314541714992,-1.4020041954513662,-3.8011564698201696
0.309730842664766,-0.32659915021318253,-0.10438162611634907,0.5719658165630673,-0.24444553055403448,4.3331623161305295,0.16748961572421625,0.928856736984955,-0.17659217647977338,2.008825388906886,0.04604634180288202,1.384141605158831,-0.9509579903297539,0.455059396036186,0.18096301096647874,-1.771813205832301
0.917919053643889,0.770349663747607,0.014146286710770593,1.8530907292115975,0.04003108959584239,4.284248536489254,0.052496801855665715,0.7250193135882718,-0.1634508910137949,1.5442184600043893,0.8044231197693092,-0.47753519574249864,-0.845978178596285,0.4816187491137803,2.5206454454188947,-1.4480225528520845
-0.5639851654923222,-0.8869510951345608,0.07803245579813656,0.014480160933408814,-0.36369740392521405,0.6721765298517286,0.14373070301805796,0.23848849495632599,-0.39688330778697645,0.48264090673033966,1.2342059986030218,1.3937368501411869,2.6815097070736114,0.40534806340426455,0.8167387318084381,4.405158205423643
0.6439738521869508,-0.965800507762117,0.13380331602261084,1.157841943311248,-0.3168508543451795,0.5898436337808085,0.02379440201826196,0.6118978540513277,0.08468322798017078,1.4639066611654523,0.18173251693734904,1.0145612450190855,2.7090062464665237,0.23488816184334754,1.4163701874015207,-1.2621970404143426
0.8880310623451868,0.24492154056340693,0.03653865300218952,-0.34113207562381453,0.3961387677390905,0.8012942244594443,0.05639589414715724,-0.02268268170230442,0.19719935211801315,0.20810807100939968,-0.6187193867910873,-2.5868506621188345,1.9538726682213092,0.6972572685951198,0.9734939745424998,7.5474348732228735
0.6540579091821243,0.45179467644656046,0.029930774679657327,-0.24727638960675385,0.21417708782999748,0.794485454956807,0.1297543312009139,0.4856256096246103,0.15920009309616637,1.4556946279184229,-0.07783451610033244,-0.7521537297872337,2.5507391903539047,0.560280475755979,0.8215099774911844,6.2262247274147215
0.414546679250121,-0.3241794204344541,0.08408668793099042,-1.3359465999834363,0.24376374841345955,1.0030128124981879,0.16926791596640348,0.5781659781046212,-0.490270656070956,1.9383531696165048,-1.41936278674684,-2.601708101456554,1.601902764152874,0.8903943634487023,0.7793907551712961,-2.346823841050664
1.028605962133578,0.717797176227969,-0.010809301956075509,0.5811866986904723,0.061002966018196075,0.46922778685357114,0.10919508291230448,0.7893350662803132,-0.7460935839775458,0.4627769084227493,0.5752423794950264,-0.05573679503933438,2.7823766753801618,0.6327661026342223,0.21515814758636467,-1.7333425587489542
0.19263888766583823,-0.9903912267057999,0.1513819404731859,0.5102494748591895,-0.17407624076556508,0.5344751903467733,0.007851615664589345,1.2555084336189455,0.20451269510015663,0.7234912000851783,0.14925645604862847,-0.15269254218938672,2.246891565930397,1.3578118206965017,4.718065410533988,-1.8606091820693316
-0.8305831805151439,0.16594514309248315,0.009413408536096972,1.4608485913403528,-0.4348760367797309,4.967159813724812,-0.21435999273121195,0.8156775686091865,-0.6560501061971593,0.030850958167519822,0.4055181437779393,1.5739966051969005,-1.098405696953309,0.11418665372402481,3.0234945926773147,-1.733510365978206
-0.14409379565416514,-0.2816433016028715,0.11247611809758232,-0.3337592904594883,-0.18250098980415788,5.310383410746032,0.0731288030514622,1.3044188647357786,0.09962900924157844,0.8046712733337935,-0.39645692419784406,1.200371244976897,-0.9929542027282895,0.6137616991953289,0.13220834917062474,-2.185287165304346
0.7012674586206646,0.8013355502314149,-0.055064823613647514,0.5061396081073819,0.24532094411860672,0.28849738741757164,0.06885066950522475,2.133859335679876,0.03748866174649912,-0.7766638391620982,1.8095498917267483,-1.6077669321358679,4.925671838553373,0.581665405871846,0.279789635482159,-0.2290061338472111
-1.1483482559767124,-2.0392671314760467,-0.06472596554158765,-1.431810527674359,-0.2777089291016133,3.849190944981595,-0.07734076499385226,0.6242795476814014,-0.12613197592384437,0.27415223029022484,-0.6522916859425657,0.7267658047731489,-0.734905432092144,0.17902891920540612,2.594454139963355,0.017445873446755397
-1.8089409106422532,-1.453419206507944,0.03807497748974461,0.287724136249571,-0.7130557406084864,0.3049975567543884,-0.114207736854393,-0.453497019026698,-0.005144963640803457,-0.14464210960844123,-0.6067006713233585,0.1403848228285641,3.5201315095015833,0.6461433303640602,-0.620885451577351,-2.4903218560651266
0.8503498183045274,0.47737640875567894,-0.0018299799922370842,0.2566488875643412,0.1190439255325576,3.8544260352222537,-0.1215803274888102,1.8545376622848357,-0.4754918966887825,4.0321470388169995,-0.057541621623928216,-0.4007025008613898,-1.0613593303347146,-2.862441825944684,1.999590766599564,-0.6423167369659952
0.45128999276256826,0.1704307052059205,-0.1005025177783067,0.07952570079508602,-0.018767987376412863,6.946574524023428,0.08468970797520986,0.5364469806772092,-0.36974419583312335,0.04539796170197092,0.6050308395873222,-0.1460859156933351,-1.8671289656396597,1.1169729519844338,0.012481862682612465,-0.28383049356356854
0.8223181407540796,0.6690756287508968,0.03878228405981241,-0.24990835139243886,-0.017909521304243555,2.5090088511246043,-0.3393989101218075,0.6692235977900903,-0.19903777699272904,1.2152049965506728,0.04919884432400822,0.023412668251290406,-0.6468941609853909,-0.9495059254508142,0.17021875197726247,5.6867465079694615
0.20887380891394847,0.37903880506211185,0.03640568602646912,0.3007043077351386,0.181342656629025,1.9493813802418865,0.05237271382930775,0.45698376062246726,0.3267857474672463,1.3242666108975678,-0.326699784686974,-0.5853993908541189,-0.22440997434963234,-0.07050970129665035,-5.060456252551966,1.959333321500871
0.4611188979597183,0.8636493983268811,0.1803133350764309,0.4516399716397002,-0.05353335327629768,0.12450131855315613,0.040924939529601814,0.5410013127861996,-0.19172162743697138,0.12476813175521607,-0.37670759113291624,-0.5628407700927397,4.3291194478576,0.21243505826155676,2.4304159880499996,0.740359640355237
-1.2059396511706948,-1.7068435615681612,-0.05978831829067858,-0.6057641908390065,-0.1587065106489385,4.103391054244647,0.021415830830046025,0.21023355546026035,0.018007380691799545,0.0869219639990526,-0.3758247399119912,-0.27032620238971494,-1.021919583514262,-0.12113759880125437,-0.44717578847343564,-2.765852960409885
0.9934344989392739,1.1882779928101412,0.0819889784319241,-0.36296108892720735,0.366089522759239,5.230964475581981,0.0731006086717077,0.6506079737501489,-0.20533280835830775,0.43555136352172696,-0.21395222863712765,-0.7421105172455941,-1.140679694809579,0.46933831330103953,0.4959818690237674,0.7252916947034578
0.7582756842368022,0.8935522449825987,0.0750968994052291,0.7702910338207198,0.1633961229816275,0.7025989737337661,0.04545761440316585,2.1829886501737725,-0.42197713546210047,0.8011232143072625,0.35464963068480726,-2.0300094103144244,1.4992335459015977,-0.047758088401823905,2.226124489346792,4.874091962597604
0.5898137118760809,0.7908128369291529,-0.1491856362054307,0.8775732362367248,-0.061889535152117946,0.4800272646101515,0.09139599159419508,0.01601002566301721,-0.2151264612694609,1.6903452455534396,0.6066659007372567,-0.4113788526808508,3.437329665878211,1.354475748819597,-0.14364104712654804,0.12905467087340325
1.1212403199286902,-0.7098297711613424,-0.05777633099661239,-0.4907001821651209,0.2514060583937445,-0.19927487446794448,0.10660599743296867,0.3966980273922966,0.13793402615199207,2.104447734984564,-0.14822804907221235,-1.5556495881285497,1.6257016498170345,0.6608785285429236,0.3082695518226939,0.032988617816077564
-0.24301139454076076,-1.7999638110164102,0.05320133950909781,0.24628820867359588,-0.17563454917118354,-0.24237033261303914,0.1276415495146638,0.9454222043765371,-0.2723796775580323,0.5849021231892653,0.6188564900635901,0.8231849223265314,1.5645778350150459,1.1976383759742018,-0.31703785083815894,-0.22976417457758874
-0.43336021635562005,-0.8443427893612631,0.1854860899811122,-1.3841696867884439,0.1543556107861409,-0.2807589461298931,0.06898370907242536,1.0571638613029404,-0.1175158167128194,-0.47243757189137287,-1.7592976065108357,-1.4153913871094805,4.798870446766461,-0.12934282594260552,-2.710005181759483e-05,-2.588101002302921
-0.42419745937280057,-1.2313972151542651,-0.08534748096271869,-0.21422989397409103,-0.19465032560338186,0.19879194180549412,0.061768989214213185,0.7171303331559027,-0.4488835820945124,-0.6827772579109276,-0.4692800396263312,0.9808986133144433,0.9577720585175219,0.707808098038752,-0.1744590600820394,-5.125259247743879
-0.29651397926770506,-2.70628689313866,-0.019188127662068327,-0.6578665161917268,-0.01891392067887643,0.7261911549093543,0.09039618681771786,0.7040584589881367,-0.3576443377054024,1.3590606211232417,-0.456762227859946,0.5982731913666611,2.003084671296082,0.4420872731153502,2.943821217732273,4.702351948390977
0.3267445307225085,0.3305078988638372,-0.016956426250955583,0.7071717774077688,-0.5861609459535533,4.984034634215932,0.012825553084620373,0.4729607292287041,0.09787093263809957,1.906336082296298,0.41971367670941034,1.0419849753876793,-1.0986594689129288,0.1765925390411696,0.21803060487355033,0.13984369577589187
-0.3701650929961017,-0.0883630884052317,0.028672759615040525,-0.24395175897600632,-0.2625528967004188,2.4961354483223146,0.1253177597799608,1.2817903814435287,-0.8506737924110453,1.8476651564603659,-0.489211597215521,2.207392213903393,-0.04540818091518993,0.651534121436632,0.37896632485053233,5.89345677194613
0.7241017687989351,0.7065124503285218,0.13284446642282352,0.6498294278710025,0.1815245129153307,0.498269422631836,0.07685066016844262,1.0328170285254998,0.16280135811872432,0.7620184543222495,0.6730994065882465,-0.6537095433487516,3.837374714545714,0.6301039201194166,2.646382070551255,-1.1596295159194028
0.42453415852690324,-0.07691536737257537,0.04380775849813592,0.20599991050652786,-0.09983433198656481,7.307388553385813,0.015836840773855027,0.7403300747307191,0.28131387818559245,0.4153513055948423,0.29990097973769964,0.2117122232969076,-1.6743991865534988,0.3200155202776484,-0.2573499081907423,1.2319185111041202
-0.4619016573512961,0.2328844159742522,-0.005853693676733784,-0.16585459059958133,-0.31805516862915,4.878522168663494,0.1199021734031213,0.9559342919527484,0.16161082902681703,3.1166442899684283,-0.1346632745818444,0.5784095932295279,-1.1703259769287488,-0.14322723368135115,-0.029602421158795217,-1.7403018716670282
-0.33542434058866233,-0.16537362931403812,0.41212980234263374,-0.2933324286182268,-0.1642194450774372,-0.6073767529447224,0.0703421879890519,2.2390901926910196,0.3133029034694635,1.6068494813206684,-0.21194392867431266,1.1071228378283324,2.321516802926121,0.8626875778003388,0.20834654589844293,-1.2288740449689382
0.3461294336402121,0.6229983202735646,0.05722847378569197,0.24233175522001027,-0.2287657492235225,4.700018201638069,0.040795666945941424,0.4438702337042272,0.39688005144138266,1.9816139629787486,0.5937061618391165,0.10807066580212214,-1.1576696812587555,0.6884146688289919,0.7572145252062812,0.8378050061180475
0.21690344154885835,-0.5435656965930865,-0.1058281355546983,-0.4928982765015564,0.08392806969031592,3.6044243141334986,0.10378766839540875,0.9799191227710343,-0.15164245071763782,0.6404246284471637,0.16254464766870635,0.3862547514252177,-0.7526118881809276,0.4077046917524787,1.854752730622061,-2.4092817617852895
0.7467093924739088,1.1820898759102376,0.1105835450939266,0.9857444335574996,-0.6623159132834151,0.2910073694749875,0.09228255559766446,0.7670460163144412,-0.03085983695516345,0.43222772657731123,0.7785937890742587,0.1990591388706489,4.511259124211597,0.5108932913848535,1.1121499377530608,0.8881660610100924
0.5042931436471352,0.023923674681095273,0.015133033939434383,0.3982879187801245,0.3021981192174628,0.678269460935917,0.03589477004127282,0.6142371181151376,-0.43292017551095746,4.457120498556845,0.5131897145870566,0.6241445614647779,2.8731245537605146,0.5345987459016562,-1.7216578629891197,3.0450597051592196
0.7610206432678763,0.9851586754974526,0.133451757695182,-0.18906994697416785,0.08967025853156195,0.37086956845623653,0.08510471411720771,0.5353870283255605,-0.541531535382282,1.5317219504872723,-1.04386055051231,-2.4356343844144845,3.5757953438792747,0.3688298212891438,0.48629957621004055,-1.1182538776420092
1.45027031612198,0.9440497521210963,-0.1365748186241795,0.688829815917883,0.29016168836264394,4.463540253734639,0.14637848318127994,1.610981674619042,-0.2469082794870174,1.7698448857638736,0.6711022865551542,-0.4022846960832299,-1.1097386402142726,0.3334687210388516,-0.014592208262487978,-0.5805627599957842
-0.5805684622037015,0.46578058845682196,0.01647329052438579,0.7000210037918112,-0.3091401497437633,7.645446429771399,0.03256936051424828,1.847412646956687,0.29177042591383107,0.3531821591970633,0.8860685344135147,1.8052500905100848,-1.2346751314988533,1.0859643106359964,-0.1057407823161067,-1.1673619467674243
0.47075833881921825,0.3704151101145219,0.03581709079942074,0.4306819783090096,-0.47630687067933064,0.7938876406228411,-0.19738124766551807,0.11070670238912333,-0.06950203329791085,1.7101908684394784,0.5400259779411016,0.3446078941415,2.7167553328819607,-0.3397024766062277,0.5977156756145154,3.7602095406151674
0.43476106579323204,0.711919725258114,0.0797579298313034,0.9760022253275117,-0.26454519103177676,2.9996643800618403,0.1292999224918944,0.12710299572824646,0.014137429167060497,0.40132501229609785,1.1672927986256136,1.123821147377406,-0.25595924982249774,1.0699766644574846,1.30391556891033,5.605941366561398
0.4394314289798029,0.7081514096825633,0.10620891911380628,0.755348291027875,0.1476984989076857,5.053886742782296,0.09719278127745223,0.27920302288864535,0.1410449700753237,1.0170968716834752,0.7014028660500555,-2.4346355107483793,-1.0173397636345505,1.019224549866245,2.897892377589167,0.9503514965093391
-0.18365282366817237,1.2058117566982296,0.0320115442154246,1.091336760953567,-0.40056178077885435,4.24307745845437,-0.04251651385461337,0.47190079116607053,0.14779569907688295,1.2883029457088386,0.6674699291987337,1.6273461060749954,-0.9945828093207884,-0.004251722088527688,0.8075160822518883,-0.6682847875037248
1.1948895338358643,0.6341533070727806,-0.09787762705382713,0.7746011450208254,0.23887810049327252,0.731409545053078,0.09733359641399622,2.291935273298614,-0.32367619156372696,1.4059914445162447,0.12694927608629594,-0.06723870666199162,1.452238158573762,0.5036042582485625,0.016403711494113127,4.244872330780257
1.0094277019979483,0.6580131842604021,0.28270036991703773,0.16475862860653973,0.26262650675231786,0.044448828748688246,0.14003909998116934,2.631441759294458,-0.7159502728112441,1.116760596898821,0.034974534969106345,-2.329964974984726,2.705346756579294,0.6353742783891038,0.7167300034855038,-0.1771871149474253
0.7989606304786326,0.6139909601674269,0.1329787975730034,1.1276233111953518,0.1872845795092025,1.093435841256665,-0.007138543594915228,3.0891118543898504,0.09111026896243168,0.7204091612519853,0.8227388898650089,-0.5160825435011523,2.277308886224494,0.5639919581053521,3.0359598114000654,-1.128615779498782
0.07123113402197198,-0.36494274698712004,0.009039869095815247,0.006589364114620618,-0.2893976429993802,0.5250635046396501,0.12858059764219779,0.49146280115531815,0.02856513035771891,0.6905932322465851,0.2364038789534178,1.2390903988029633,1.2956601974630158,0.48810943929940087,2.5302507067106257,4.748251796141046
0.5452978772403948,0.6295204384045778,-0.18538419980853973,-0.5092323713859321,0.39258234171718187,0.5838884967198814,0.07225217270564022,0.7196104342398529,-0.14906512920160742,1.6227621486264754,-0.16974715254102332,-2.869319050697803,2.5114263172442493,0.4391374808505314,1.2154652108319126,-1.4338783243467166
0.30696887088994723,0.5648204758002668,0.07681376794440287,-0.07443599162172146,0.08840808811605402,2.5582566581758144,0.07742573326437836,0.5412778469260652,-0.4418446083247813,0.8504873654137004,-0.2145577181058435,-0.6004420126558354,-0.1555994014600653,0.37339348994895016,2.9057530771256634,3.3985644584179053
0.2615893674300755,0.14495686202530889,0.0046440553499512375,0.44146270529917503,-0.7674833440361069,2.2673459267615144,0.22689313502891578,0.25387742295215776,-0.4119966105520365,1.493485841448041,0.02702255201063582,1.5086595048395306,0.022880439565528012,0.29897293492129473,-0.8605533224098317,3.896336470372449
0.5404098823462767,0.7002960287594674,0.0992174883507373,0.4447827010099893,0.17303040142436435,2.3670634276773628,0.05010669871587574,0.5680108321872049,-0.31117476643908154,0.6532613295813925,0.12854304341224995,-1.285536859745625,-0.194019467682729,0.5262914039042205,1.8134844489351698,3.4680641085628605
1.6789228292755238,1.0340744228631777,0.1194880472766685,0.03808103754291701,0.4684039947987801,4.621050373123463,0.10072658151476367,1.8331733446319214,-0.11081154455839239,1.5400257589036863,0.14973035138923216,-1.7755492435666642,-1.214269869900673,0.4400019483752136,0.36024028186786344,-0.4312176701243796
0.7952957216578153,0.6771823722780451,-0.09766480331778445,0.41086091311617673,0.23130615719723283,3.9194276407974877,0.08531496844859121,0.9849612522222696,-0.07406363017955317,0.10362729192196928,0.47113654117466514,-0.5471023718857277,-0.9814342803951699,0.10613380718556471,0.6695726146821104,-1.3326423371252338
0.5789181425574743,-0.6016524601967661,-0.07368121652954296,0.5508465618268492,-0.05003932143959873,4.131753519499525,0.067783700553863,0.5744811198468494,0.022422677511843733,2.30067434598877,0.05519335927632133,0.9425941429754641,-1.0938761671858412,0.24626151640381974,0.13006850100739686,-1.340618728471497
1.009836481354746,-0.010963748461756444,0.05678972164399773,1.228598788177878,0.3273853262307187,0.4999177785230751,0.10372209941145169,1.0990272559402037,-0.23897295804899674,1.1982337970630097,0.6957621525022424,-0.5821982832855698,2.522497217158072,2.2142387194151407,0.5315873063304087,-0.4722068111753958
0.9833413935590591,-1.4607488668924837,-0.16839244495589817,0.48547880952832023,-0.19322058591645172,-0.08137585398150551,0.06786492890013344,1.2776850923195624,0.18961673738629048,0.8825261613922213,1.7832755606386377,1.1287657726340596,2.3869062555962492,1.3537934683965485,-0.17764268045423348,-1.8532892323662906
0.041918849096505006,0.831259054936687,0.08566740471788191,0.8525463407279448,-0.38147041961328726,4.985787251798079,0.00736442966791535,0.5216780823513816,-0.2208368017613856,0.9245545741134071,0.676333540346864,1.3770482178331869,-0.851173997838057,0.4935678432329563,0.9655346802925702,-1.353604157213931
0.6612025576981164,0.5185234666387942,0.13686080395610473,0.5349895904005444,-0.2600164037997213,0.3935376058499163,0.11241351150197211,0.5684877480798213,-0.10761391953413078,2.233431700354613,0.9020429917238147,1.4455968755692292,4.469100215858342,0.739028550943523,1.0854832953999185,0.8758346812428165
0.15519988840821913,-0.17899951506749945,0.04296489262623824,-0.015409249491278552,-0.18100225751157778,0.7051002060056935,0.11042622892996368,0.007787204118134524,0.40830794736710746,0.42880444738386364,-0.05342303293084214,-0.25224516116845125,2.512229703139188,0.43130054972380616,2.8461586194781208,4.5017419064291175
-2.829104242332551,-2.837363217307355,0.10728240601525313,-1.3913228427743018,-0.1692066453970682,-0.594558263979214,0.05175779073456708,-0.08060832822786498,-0.37751393738057154,0.6543504414886918,-1.8766569502145083,-0.5257785425607132,0.9585807220311346,-0.46335816059494683,-0.4433902066966696,-2.2952807099717503
0.7577309118362997,1.1195205013555578,0.04730559448776567,-0.12166425268414839,0.2864693388176786,2.4899879347044367,0.08486397270128367,0.09021338188531675,0.5911069648598508,1.7730263064493554,0.042237834712950076,-1.4212884812923252,-0.1668488422159178,0.26227458931045095,-0.10028814855686197,3.4408584862421576
0.5605392648395428,0.18634488583595318,-0.04734941997047666,0.3000321301297843,-0.29877722564868,0.8590811110508851,0.06837481097285618,0.43279152361792456,0.233542912387093,0.9600327007774345,0.7513918486570447,0.06315012861409963,2.6595814666040902,0.7948541048665091,0.4908339410818158,3.3798618593308616
-2.4497805046470598,-2.4226785053066973,-0.13511955995393574,-0.9162287220258266,-0.3171826528321366,-1.5257095766866056,-0.020522731994933572,0.4934305580296985,-0.46911536952631344,1.4029129125686766,-0.3202611258876026,0.8851723933079826,0.872052891973262,-0.24041726549174194,-0.21453930021926007,-0.07536047202308825
0.8161481436683459,0.2664521560425032,0.020720489115415065,0.016685640961880757,-0.055697554984383287,2.7686590536903224,0.11625692876055245,0.19852100666727956,-0.05725943627165413,0.3613502966340579,-0.025723873090561046,-0.45028139849869503,-0.7843444818746979,-0.09997855000139197,-0.7019585556051725,5.124814636367079
1.2074347553938989,1.00190157066889,0.042766637872775334,0.9440399651873363,0.2021726872605328,0.6225137385325752,0.0728168338257439,0.5674069261764827,-0.2512436860069803,0.4748878542976019,1.2046021046848499,-0.8046593317714996,3.073036671620676,0.6426562136244023,1.3173416883985345,6.301542489303388
0.17351866422996123,-1.4217385763649582,-0.013368378371481584,-0.7975922505935092,0.07261140503916927,0.6301586167536231,0.05401764137829574,0.06517945606521566,0.04583366416256283,2.1065411173572737,-0.6623076736604424,-1.9598584825704424,2.3741110084195265,0.4476290943338824,1.3908439734042193,6.046731015131086
0.40820264138765616,0.7155703784284808,0.04483486303849419,-0.014385169877815,0.16304926627600383,2.4801353409253952,0.05424692359329726,-0.0573776693983946,-0.41652601307238196,0.3965189985943315,-0.04051495682443986,-2.0510850823189566,-0.26493326934199163,0.1208293894717976,1.1836739515344945,3.477851850749701
-0.23079526118491964,1.0770259198183023,0.37831829106575304,-0.26266123378671086,-0.15548023760992138,-0.8988724268769785,0.021661270020560806,0.4583064152453544,0.026303688626438247,0.2582874466003566,-0.15504277239058953,-0.28611891092635283,1.472828437987117,0.4609520393342503,-0.05025771011166951,-0.7129767469764369
-1.2065927567331742,-0.5210579469345054,0.07180715426275865,-0.6985110928025445,-0.3804956880070732,0.04446302141793276,-0.28166011470687563,0.5894703646080455,0.12102455966182614,0.9659479137569569,-0.26037061800713196,0.7873785636445874,2.653259264089964,1.6596239559075874,1.3254237501182942,-0.41572206019300706
0.7718082287521864,0.928485079330493,0.04990362385703584,0.3409132790566052,0.19489766575633682,5.433260408275875,-0.2726566449377319,0.5291570323547796,-0.220128364614265,0.16548683270159267,-0.2560804747808889,0.40172489926243,-0.9643839295530567,0.3530199120667292,2.583188386969788,-0.159463267993923
0.6159563390818004,0.3777099040585859,0.02139900169280694,0.23207301557449617,-0.4391435596569105,0.6690943209099771,-0.06666488118364201,2.316432515018685,-0.16836318094992356,0.04175261492744546,-0.31787319484709164,0.9671065417586128,2.8402463870985555,0.14569709561905791,-0.6160099665067218,-0.5442077576500016
0.7662888712325501,0.9366489842583,0.09020279421693941,0.1066000784318065,0.11994573703871196,0.3020035561239104,-0.14649186137341347,0.6043623119187532,-0.5760494986452237,0.04916165598591755,-1.0454890218187225,-2.0436907134609634,3.371369860608255,1.2472842177761008,-0.29536335030056526,-1.7781982192247927
0.23681132367305494,0.7057571164388624,0.039724676976801175,-0.5015793999456543,0.12366613400172967,2.346249987721499,0.07484496749423511,0.5313443065834706,-0.29091105371564,1.6016864820959984,0.11507974536224976,-1.5037642396648772,-0.13791066787637696,0.29259605233983743,2.7027058311326972,6.528439661017648
1.248152050293715,1.3157971915847484,0.03958074056462107,0.510010247302495,-0.2396001641282055,4.7894097986238595,0.24207735547187798,0.18524004302214453,-0.16554235339728599,0.16340040205555553,0.11649792274781666,0.024779716063903376,-1.5643175529753937,0.33579114766519014,-0.21918735523648233,-0.3126738987583457
1.180642535176338,1.5133568761126144,0.004610749402360529,-0.1752229344374417,0.36236600294752824,4.88075933191914,0.07413048365316638,0.6397887227975911,0.016587128108752954,4.4853300908085005,0.42566808896508795,-0.9147114497131476,-0.8897737979544144,0.49265375155641244,0.38359820958485646,-0.5466475118916845
-0.8117483717677667,0.1208581819347668,0.3641673354258634,-0.886500986738826,-0.3188683772076485,0.3983916439762838,0.17091408621063384,0.5857993206427189,0.15028546226690637,1.592771221673465,-0.8210952010098275,0.13617772344814888,1.3002919176187893,0.6775583684786405,0.6689171771515755,6.454395041450606
0.827054754342403,0.6917681181570987,0.046370790477596964,0.1217617526785275,0.20564106174230617,0.0025608277581192678,0.12148856929513445,0.7593410146890132,-0.7819650043356701,-0.17800725498968642,-1.5771311106789307,-0.3761425611945116,4.079754361964097,1.5510001226888148,-0.23246797289256,-0.07868366826570868
0.7122054985919574,1.1252541107354674,0.09633611426649477,0.9252648566854871,0.1852867161092747,0.4356519608683281,0.055226104624192696,1.1847231997179382,0.043057813003904585,0.23432338919301493,0.7184888770494667,-0.46915317143736673,3.7294983776172543,0.7705708871031627,2.430944915523258,0.2730918979495771
-0.3748824186844891,0.4772534385522384,-0.03052403922676266,-1.0810737087373705,-0.27775892909301686,0.4724323030321675,-0.07677132922745072,0.2505171993329331,0.10524535078542305,1.8567279878601315,0.9213796199263469,1.2175216142163594,3.6745386739482964,0.265301492867156,1.382017815795516,-1.1574216859823678
0.9874218141657795,0.7444216607426196,-0.046449925901664524,1.1600412454850846,0.2342409862075465,4.812628658153981,0.0380571847340017,0.6115149853641664,-0.09783191065185175,1.7440937294868948,0.3998676582549778,-0.7396247999405919,-0.9349885507798715,0.5496566939584464,2.716628279399997,0.41852686814101214
0.6840664561986126,1.2454821410469838,0.11391963481293368,0.5461432790742037,0.40102565023214615,0.277695163303371,0.03485327260998802,0.4428478173110094,-0.2580421308148065,0.9943510911517919,0.39515326810368306,-3.080979317398883,4.406988774176589,1.276331401672047,2.195931699572436,-0.0729163901824398
0.6210645299595333,-0.030274867445577617,0.04785314676180083,0.2628674476881934,-0.43509598664271903,0.4568397186499324,0.06375096475374169,0.4980534513213084,0.25170565018909125,-0.2974809890984767,0.8320011206106498,0.9517726191266686,1.585568769489987,0.7736479872394253,1.2616858298618578,7.60144169440879
1.0604830466591795,1.3262342665764517,-0.0027982855690406555,0.7538376673630187,0.012842355734834,0.7412593825360531,-0.18289523451819123,0.5723986270588792,0.07006421370534742,2.8516154831683345,0.6133213521455098,-0.6626405314950427,2.1754758949689457,-0.8796692539348129,1.5889120291208048,-0.6632534082474975
0.8586565298625237,1.2657896416767205,0.05101876349109471,1.0136658376064553,0.3509543523327389,0.6981409956408307,0.11032303725723717,1.4998261006696822,-0.11390315326442517,0.5571079126164574,1.0213193943671584,-2.399227237327559,2.5470023350859976,1.37451805551472,1.918381120228033,-0.7701427878856241
0.669171562265396,0.48963070360447525,0.013264707639288055,1.0807469714224942,0.2324684330981782,0.14118954062576897,-0.16823550386715422,2.4103914839164307,-0.6663729041834534,0.0905882260106462,0.6557958637146057,-2.0442772876944333,1.938802439931216,0.017987680670462407,3.726549204273698,-0.6753907928385283
-1.3781238572420775,-0.35482074914848416,0.13270769219666012,-0.41147793127814825,-0.23090794657197458,3.709753512728994,-0.13645254643280944,0.28123821281497974,0.08722058645900548,0.7171806946009815,-0.6309888640049561,0.11707789109405513,-0.9240428616779255,-1.6744542386596695,0.20578376703281004,-2.2622303895899134
1.535322629404184,0.6097497138616373,0.0903582161167942,0.6460427717792765,-0.14176909117479378,4.729183781305501,0.2860328951394507,1.1126344713231138,-0.48646805993192754,4.030841110650475,0.6610967867439212,0.22732123090041537,-1.3832675149312452,-0.1160102204750629,-0.10582636175253603,-2.070228349457341
-0.16101757961505864,-0.5596581201563967,0.22458346556896377,-0.2574993474336654,-0.09885245244788105,-0.38897046337504704,-0.009122385067542114,1.3472978129355087,0.20960684189140466,3.125474839945599,-0.47519836383935105,-0.03674070621067304,1.6801113291644465,0.4720722231529995,0.0412856931877121,0.20160719570116778
0.3610999271703089,-1.3295659739291243,-0.10844703996887158,1.2393173781873084,-0.2044234486378951,0.45584008519301167,0.010085062816668298,0.4034775518088368,0.023048447341794877,1.1964390093056223,0.4985956562066208,1.3169430026534115,3.067255499806557,0.3755327077855101,1.4338726258278047,-1.5424316129587003
0.8563513064349931,0.8153473499249269,0.036197446908684004,0.5882402814270663,-0.6055485496339676,5.607070198884476,-0.3847182002816832,0.5768315449618996,-0.26581482603422685,2.2350277015464832,0.2580247707941797,0.7237949777128561,-1.178259441807461,0.9727768741273127,1.289755043390053,0.8512126597230788
-0.1825298292969186,-2.978401977204346,0.004760565330596785,-0.40369201368244456,-0.27860033369642256,0.39822199979041023,-0.07048850722815267,-0.21839928605658213,-0.5489627796204624,0.8497357344609442,-0.24600695903316655,-1.6379344456168412,2.4302840963886325,-0.08041269798282731,-0.701091769594786,-1.429312329930728
0.21534269991773275,0.18270515324432673,0.25191780361835925,0.2066920003584902,-0.061724207558979186,0.14260214020818585,-0.07431140197807086,0.1367291383068555,0.3751112825265655,0.062009204834620545,-0.23356028857031538,0.8925488270001085,5.574943542482911,0.3068862633007653,0.35461132074654134,0.7463048372770076
0.4498822432435748,-0.1803397612843175,-0.02802293236382509,0.6729258921933889,-0.8574701041192283,0.8843496160026874,0.11743743645042543,0.6589736061962898,0.15101746271903813,1.5768801048703365,0.25406340416363715,-1.5191137386787907,1.3675156146459215,0.49121318504045736,2.739543684434999,3.870803342395985
0.31188849928018403,0.878479002497176,0.06822781401173228,0.528833796643346,0.23200852357915303,0.21370408321341178,-0.3060668337782052,0.7060618051040352,-0.05067275834056607,0.6153033831403588,0.5454463273047526,-0.41329118034130546,2.350693746492939,2.1959534622225965,2.1172142173380006,-0.11339972541784073
-0.6008923223261682,-2.6680520863125965,0.04456819503861323,-0.03412612812297732,-0.354813909888255,0.5268122782369725,0.0767203504857388,0.6073911591180834,-0.6628259154800041,1.647541919730578,-0.7169438655198618,0.5036130815866066,2.629584836775582,0.3897993672723183,-0.33125804352741506,3.915253917398521
0.952983722317784,1.01220410604908,0.01660169232398746,0.5859557581780452,-0.11309787753315158,5.890240971580006,0.08448626598381313,0.8163482002885402,-0.11380642730663175,2.4664537520812253,0.46485402238470985,0.88968896072128,-0.9987044918552239,0.5142153558979408,1.3245931675068006,0.7486721461178326
0.9360919232137735,0.9604138664648361,0.07231092578114602,1.092926671428481,0.36861314980607257,5.1922268224193635,0.13099131259766342,1.4706504489476826,-0.19566871301165153,0.20104677561836742,0.42901338632071007,-1.0945911766561176,-1.0993651378230893,1.2585993276535,4.076096638098205,-0.0020837591461657125
0.39650158618099335,-0.12664005217760102,0.04683216596089273,0.5841171623149723,-0.45585684555514344,0.7889298281972231,0.12964937329959905,0.29726243390643786,0.334950307212708,0.3972545340946916,0.4579842784566737,1.2519967373142864,2.484479873196761,0.46876937604558433,2.4190227446850985,4.058287857562838
0.7044657093682355,0.2588944333163904,0.07549002598650272,0.8374905496209492,-0.2837315220660616,0.7372658796509147,0.11434592591930177,0.8283069427379555,0.16051171578440152,0.30840266751833223,0.7547425356185701,0.3829431856756447,1.4521142599479842,0.46395588427938295,1.5094687323081717,4.021217099284271
-1.5921105993922275,-4.308742121421969,0.02132238090299054,-1.4738856588506555,-0.1860925442713537,-0.12098189451604364,-0.03731270154639891,0.3889717899597446,-0.12868617480124347,0.2354108114036457,-1.5526343799318385,-0.5062884731679284,2.6330335586506948,0.29081025097810204,-0.28153619497606963,0.15830726350292995
0.9723978061090996,1.0364658261578354,0.2178566451895776,0.5380231612235977,-0.16461846199229724,0.003077165169206915,0.12942196667131894,1.275663614686373,0.07393172649751029,1.323801156767651,1.2478128709426257,0.31895825313414145,2.0323467069474415,0.5611612375160823,0.13994191412483536,1.118131882286629
0.6310929980777205,0.9120862168352306,0.10757772339436954,-1.0464049504216264,0.6331748547538577,-0.23807393939040067,0.028453725297935325,0.34755330756238695,-0.3015254382884516,0.033947236061893635,-1.1699312938377635,-1.7380287984632046,2.345197277743618,3.8409246510052824,0.43239383564983797,0.08822366409221977
0.7593250390513399,0.9976181100976943,0.10720282432962162,1.0983482767078558,0.3605957253533349,0.2902994065498901,0.08231135522482809,5.004012577218467,-0.5544975282427432,1.2878910398535275,0.5723494061599731,-2.1575196626341913,2.138138740844758,0.6922628104261901,3.4340266873617424,-0.6222100913847606
0.41897567106764727,0.5858847174579465,0.026103786448721498,-0.9588622332211868,0.47134525751439904,0.4806868737511331,0.01610817393238915,0.5474040215932829,0.23253594802321512,0.2466197550174597,-0.5113334394123252,-2.282885660215922,2.626670071848071,0.38433180920732896,0.202525563517502,5.062830292664773
1.122376809258673,0.708542304753973,-0.12824574904674796,0.13872151408069489,0.5970462171230363,4.609708437904969,0.005024289294486923,0.5891937371343191,-0.368863290177072,1.240285138516306,0.44043140494623145,-1.2225290437053224,-0.7669100935704972,0.8688441221844397,2.409747764638983,-1.321165738949336
-0.14757391848751175,-1.6612937750490904,0.025481377647004127,-0.7409313419800017,-0.01565483768650947,0.40977976701911784,0.06866384226313821,0.30631203442526017,-0.29534267100797557,2.8259611158316456,-0.5095063937731873,-1.7422760584327763,2.4900823957193072,0.12019458303875738,-0.05696350681046081,-1.2352386367662966
1.1828857184956068,-0.5147175435350793,-0.11559874240305575,-0.5942538041369442,0.47397229310825517,4.418854775409758,0.049462609395126866,0.640178581640488,-0.06305177230472221,2.034415842109839,0.26717041359304877,-2.3352016379088107,-0.9257294986529262,0.5853850743316698,0.15310433493320078,-0.604679951329182
0.8919668424767374,0.8724464032915574,0.10474009396257004,1.0719096004816449,0.23885046273059277,0.3509910847206864,0.06776247982480693,0.8863976924998027,0.0049908622531674,1.0950610468820174,0.7593914793971632,-1.0547291653152848,4.032096238512063,1.1183507637649048,2.547698703587792,-1.0983857427964734
-0.40871025944653006,0.2981347017376333,0.18696858701589442,-0.3377782179584785,-0.3160775402918666,0.6107443362283405,0.14944780247249606,0.3128856105654925,-0.3815953840217138,0.4923705114100944,0.7125079840925719,0.01736636916514985,1.7200631468388745,1.631424747949641,0.5394360319188309,5.469383258640397
0.06107480788406914,0.4162308693158707,0.0527967286560391,-0.07438272660500385,-0.038714538675758976,0.9197677304740972,-0.11302721993972299,1.0096412112265771,0.07398334478566392,0.953949767322368,0.4690765796479607,0.8904356560528032,2.6910387517888,-1.6568443379820628,3.1189053401196496,5.517179165034702
0.4837479001338084,0.24063690989768458,0.05649952713149698,0.5036469473099694,-0.16758654068907944,0.703930506881283,0.06397010589290882,0.3634404535688446,-0.09697802548645866,1.5772718355637072,0.7016118657638977,0.9174884542401665,2.976328142673637,0.49675059443758923,-0.508831711182056,2.101128546184037
0.9966848257697225,0.8390946481978145,0.08877615824432084,0.08353465800857565,0.3941887298044024,4.633459336420907,0.04770302189881482,0.4504359321078355,-1.774750700115242,0.5798162105037016,-0.14963691952073596,-2.5987686432323844,-1.1765216851037312,0.7113296500391288,0.09708717235759383,-0.5591968910148502
-0.7245031927241166,0.8034506576892468,0.25276060568554626,-1.3526238638213894,0.11995546557956302,0.057344047816791366,0.05349669525255303,0.12790535296354874,0.06596810899185679,0.6958248325278222,-1.456099488157944,-0.8804271631411456,4.38438633930858,0.1165967249344393,0.19318166987723878,-0.6905005053218672
0.24090822343698573,0.9219565151277374,0.05165446848843882,-0.4750501071546794,0.01453368278546641,0.19697078385578395,-0.2167152500372037,0.3698861169054848,-1.0198473544343134,0.015308221653753496,-1.2362854946234023,-1.8635088773190045,3.6005168232280713,1.466746815266878,0.663894403868572,-1.3675013363581892
0.6501406358369667,0.3602740170326918,0.001548874376476323,0.03367028218472487,0.0368864195931085,7.6946286634997305,0.06608925634547311,0.47673110282405223,0.12356428297482434,-1.2861253245570676,0.622601325901727,-0.8609056713901587,-1.4538918028108332,0.11367571101663565,-0.5927870443685139,0.3651084594324721
0.6701927833098342,0.407646361812191,0.10984969410812301,0.6725434650138346,0.09598921320483818,0.5614304435327888,-0.0576890980089842,0.9639088938205924,-0.7073103968236696,1.7199604143143934,-0.5727716332890005,-1.5762210499837115,2.8757090801028906,0.17412364174238412,1.6741064665813956,-0.46618002098229033
0.79256448560065,0.07947793635732839,0.049120663240353676,0.5164344423532164,-0.22605123033893093,2.8597972672215093,0.06349822040190335,0.21744364108162884,-0.5502196551864716,0.2502078847962113,0.40179912548146196,0.19586898651720558,-0.4071504395441771,0.17426979932070547,0.21995366387584017,6.322659950558066
0.3544792285219493,0.3232832003039751,-0.02111377657994184,0.4481767879637379,-0.05080506345914679,2.602651500732466,0.0564137201385666,0.07174223398265275,-0.11110735324370367,-0.22179578615771056,0.3427423394642004,1.1794270868892247,-0.11147436569481078,0.5091143790983823,2.798959885304806,5.294345139661269
0.9987772344082272,0.7161427560705076,0.1133597859354578,1.1101987104915403,0.3368718354537804,-0.03869762232375636,0.11568917238529297,0.8590228609099633,-0.08008966730648093,0.5419710624116162,0.5671142558674542,0.3274532044149131,2.2711150885133233,1.8742278376291344,2.685497537623466,-0.29303692589912245
0.6125777982075609,0.5749608588989741,0.07204122076676327,0.844310992051447,0.11700624231971578,0.475061379438307,-0.00229739108999533,1.1414103603766643,-0.14009616470610636,4.61429259022229,0.2756545283668749,-1.0503022936668156,2.7378985549217987,0.01980843706765756,-3.699192886212477,-4.89476839078987
-1.0666584368358598,-1.0543413714963545,0.08472421356448885,-0.2742618617805449,-0.34461914197136745,-1.5011702672204834,0.08616701302904099,0.43007796524611286,0.332179605509982,0.1500693958607296,-0.26434379511162726,0.6318508807306161,1.8512215337337279,-0.17993097449467998,0.2639641089638186,-0.02069354900021624
-0.6020668274988028,0.28558984935587,0.13299291158674653,0.20329691144628964,-0.6085713084365735,5.5919555175111,0.08006131725260178,1.134703367093947,-0.10467569971393931,0.8220167145834256,-0.13718880149261822,1.577753025319308,-1.0860146655759544,0.7203344586750555,-0.30836993930513273,-0.22057407188632663
-0.44302061927072145,-1.428601130789445,0.027469246390220522,0.47518844924585896,-0.25925565290389224,4.872956133023236,0.07628772532269892,0.4805174265334741,-0.42168762152034456,-1.3883694498867782,0.768902651704038,1.330039746709118,-1.1953072137734493,0.2888712469592472,-0.5129894013032734,-2.0195114717138596
-0.8810583645676908,-2.0089763933041658,-0.03543714133565945,-2.480300083979249,-0.1523416009426283,3.680536025068404,0.23797487057310054,-0.390942213668045,-0.3012172337637476,0.10408216945564841,-1.9382621913300506,0.22797379646794302,-1.1047132420721766,0.03229154811426186,2.0814601146503486,-3.0673796980570827
0.26484817775070213,-3.9526595922961953,-0.30231362368093256,-0.44704473149713775,-0.045542579239926724,0.4640061448278738,0.07906620955810933,-0.05101006770885978,-0.1692248929967675,1.4501644075034674,0.26404576646422084,0.1747033665580546,2.0359929238153165,0.1676798030455943,-0.3458783267178979,-0.605888810444012
0.9339160055625746,0.9076995451773914,0.02997136211653314,0.20525790792775214,0.1288942613096288,0.26224570475687436,0.13885951629530283,0.9396839731039721,0.060787035693073505,0.4774938635717708,1.2231980402713654,0.027497176164544376,5.8644702086538105,1.2273302738450402,0.5967650765592597,0.5479400080341267
-0.08629027221656131,0.28920357134944685,0.056689782633470014,0.22391725347566882,-0.2456045786239531,6.156386277704695,-0.13539430765317398,0.6042289574009178,-0.4148980476210178,2.398443844302942,-0.33738022548246643,0.2372504952598503,-1.1687479878605758,-1.1203611645272515,2.208838028600125,0.10050687529147123
1.0676832755184988,0.8512531355980594,0.07566734526398147,0.6863335608045281,0.29386409425160753,0.7994535821894733,0.0965678936021377,0.4612865785247794,0.08806381399314028,0.6597610440253007,1.2845956324221353,-0.6496707123286575,2.9708731794778385,1.0341344664280405,0.6602402522379817,4.397492710586894
0.3298859858156974,1.57879473443361,0.01163190411893038,1.1229972883770052,-0.3654677445017283,4.384389699146833,-0.11066798880227416,0.6785119709855824,-0.3077618742444488,2.915574188557037,0.7007319480812809,1.2869303899000981,-1.1523377100043073,0.6986494063077682,-0.020109381712841722,-1.3048880606396622
-0.7731502797668781,-0.6876229654157056,-0.08711294522913765,-0.42104327870739594,-0.17215760380759226,6.770032011195154,0.07944659308510083,1.4762848824642685,-0.09530728112519074,1.0743490180129374,-0.25417320017766154,0.9353434881677292,-1.449884248863462,0.4392402430938759,0.03363098246678794,-2.0898913696085155
0.9324151574879926,0.30490035807626653,-0.003718247282370445,0.9064201668410862,0.22876214775105727,0.8121935939881938,0.04246604827801808,0.97478568967422,0.11255664665540001,0.5133152303371445,1.0491806882862829,-0.6473166008578646,2.126060491316231,0.221690434261263,1.2860075819026904,3.329473219887729
0.5656842060029048,0.31767507815014184,0.015044425878588947,-0.07041300116434981,0.010371149014808637,2.3911452049950226,0.13079315596253355,0.35801339237506324,-0.13684106181081934,1.6191715327685783,-0.4493704634732449,-0.8345571392397308,-0.3746855237819238,0.524650566103684,1.0325738735592989,6.470842961669665
0.2823055262658848,0.654652419656681,0.15905075620335357,-0.026604232283614707,-0.07514680720729686,5.537723437917828,0.05500597608843404,0.5854101008034223,0.027591666805503623,1.5784763657448742,0.25350920106404246,0.3805506281764519,-1.1988041615166152,0.6160335371456825,0.1029844207704868,0.9766639057932672
-0.6536506741709545,-0.4975733858253552,0.10943265172480757,0.2266639350301474,-0.23482000778330805,-1.6520906907023714,0.14685982947773554,1.2971151342645997,0.326741697435007,1.4124668824628912,-0.027891192180057648,1.2651784170361484,2.3175307266387506,1.1338298000823734,-0.26195230334983693,0.10290724680463083
0.6140033087793112,0.45948745707135813,0.021936170417130335,0.016969568550668113,0.025704073792291754,0.5005595545633396,0.06729541118946955,0.4426405136889028,-0.046073285843969,2.5681153531544596,-0.15905030815045923,-0.63547232402298,1.2611189517392127,-0.22330137349914173,0.3573893996256593,6.851291024173448
-0.7785719649529431,-2.360391373947416,-0.09350504002624754,0.41718712923686546,-0.24073869981797844,0.07337213865016164,0.08074872043431115,0.9941408919977205,0.05280596111371668,3.928727309305589,0.5809682027702594,0.9796413823827721,1.5403033740392595,0.6992645615071058,-0.4047747468808933,-1.0374485862417806
0.8521455052276691,0.7351914641748274,0.04686813505078235,1.0718850652986083,0.1262578156713664,2.4794138674513606,0.052487391150022156,0.928026241615198,-0.40730416401908665,0.2643243434052758,0.2866107636236398,-0.5016269063679032,-0.1282407660802872,0.31921256700366857,3.1724967896854794,6.263334378045335
0.28032398858773006,0.07550697123455127,0.00606810694255041,0.6495946445130586,-0.5446051812647711,0.8076231198339161,0.07716814611730777,0.33354415294374723,-0.2210627375378837,1.0029320814684626,-0.2196634509749841,2.1565226644379316,2.1826346264049765,0.395428832948314,1.8545058432554828,5.023795656278937
-0.8797002747234716,-1.1122977930667726,-0.01404819564172551,-0.7118888407342536,-0.2532817135448219,-0.04938827351139816,0.0541184881871226,0.35011472403140986,0.33469774971093397,1.7791774449182785,-0.9509454941186661,-0.7793156870165924,1.2810303303643025,-0.1320672439538465,-0.5435371369693296,-0.5145206348913423
-0.3442872313535672,0.00879468647197094,0.05539028754159943,-0.602475850222823,0.6515464719182769,-0.03575884214741683,0.11578421207018731,0.5566972247277527,-0.24107688835818294,0.5086163472505605,0.090063039046452,-0.22281564542078178,3.3787934487933433,4.41764541801669,-0.17197353696686432,-1.2777494584058988
0.24803011510010387,0.5923994863263846,-0.15560957743869405,0.6409213014220518,-0.0034264727002903074,2.3347880845154574,0.08512932341712805,-0.09938687683513253,-1.2503343629978423,0.6830062432326798,0.16300617605212034,0.030357643226714286,-0.3190049654374281,0.7989441168253918,1.8194529225774043,4.459706789405475
-0.20342764214743983,-0.7679986202813933,0.025523895832319513,0.72466061733291,-0.3642797432827609,0.015021227291010448,0.021816366491169352,1.0248166830356022,-0.23874675981111637,0.22106009564050352,-0.09897509343131469,1.2804046298115561,5.642676846900471,0.3526286414439502,0.011099314348177673,0.3649132245545114
0.5946179169755722,-1.4162414898042972,-0.023508101116875017,0.23422184169587884,-0.2380986363500515,0.21413464759366715,0.13201991934031707,0.03133562468437573,-0.16290787989474137,2.970694257875461,-1.080964522004732,0.44541990254464264,3.151917962697816,0.09881454667397695,-0.2546621448401886,-0.2054193505993776
0.14879809558359872,0.5236865720636379,0.07707058349312125,-0.012162636186167742,-0.2215505830529238,2.5148860182030393,0.06702840483211539,0.35330943940244874,0.015646512858774265,0.8743300801425133,-0.11868510644555891,0.19546618313368344,-0.15812605561657542,0.29625227955577443,3.7093303365016115,4.614975738982286
-0.26585297293772614,0.4329844778390008,0.040114331332883627,-0.6031510867091155,-0.16126081013396706,7.567525956526209,0.034733113273442646,0.8918999866338305,0.26386065091684424,0.24014646463976044,-0.4701803090125557,0.7308501258139043,-1.1992914472853093,0.45921711751531746,1.0112725660257917,-1.1833027927607374
0.6029558712710132,1.396517655573105,0.019187510853796295,1.0229740526848983,-0.1264958594503475,4.5685667282112625,-0.20510420825510184,0.6130868741383698,-0.2766374999113359,2.6009342251648118,1.0716270766030667,0.8363100792347228,-1.0505089920593345,1.0519405184304997,0.014926593816568072,-1.0972209160294302
-0.12373223411781258,0.3805527304626525,0.17359632325011023,-0.3272722877357938,-0.25787478411089315,5.225632584973996,0.047560479177046026,0.8345606874509642,-0.059096436365115926,0.7571002504864716,-0.777669003823721,0.9992702626788341,-1.4262605702512503,0.31189722694963673,0.07023915185248428,-1.294900152303106
-1.9031754612228846,-2.161822032675925,0.0711486176949258,-0.4075642025409396,-1.031330927843883,-0.7089283630581034,0.096868715063052,-0.12596540859905636,-0.5463686219202112,0.8315659226391763,-0.730599847388846,-0.19915969888115567,1.1898139204315445,0.7163872474794436,-0.756084234115433,-0.533953580296787
1.7988749400681707,0.7637528791596767,0.04197863703173507,0.8072956257156438,-0.09765297282637898,7.140384864352001,0.0928573552377522,1.7137086644662114,-0.19479088894391858,0.4621910842450959,1.286082511915821,-0.40103291333666324,-1.6498526310340647,0.5262969188712636,-0.22820548015773107,-1.653285511722478
1.0495486453400562,0.9259066509865853,0.029586015191310783,0.31547300427639235,0.3021315295144272,0.3710083395989854,0.09148124695511847,2.040816598907684,0.293345631428687,0.584501628947751,-0.014062757442714435,-1.5150811439302565,2.3877474980924855,0.438169000168331,0.6917894099238339,0.9838768020048896
0.9478019847135352,-0.877122315964342,-0.18241993341790597,0.2813413331091557,-0.056489033681644034,0.2704454906187133,0.03256058726964491,0.6511763575110584,0.3360475611705142,5.8742811981397995,0.10534444048162321,-0.23943819831316931,1.7453204121986028,-0.24347675445920292,-0.1599519591617022,-1.4029586186635665
-0.6226888262877709,-1.389075127892776,-0.018033454245185748,-1.1412043114274901,-0.029762939301797853,3.8268889059615057,0.04995813207513473,0.28563145637361237,0.05220338517597746,1.6819493563714933,-0.7619603946890885,-1.943769498788042,-1.1502496969769473,0.20650372211405904,-0.2555345665014156,-1.7220533621209566
0.715425497195328,0.4632581314394116,0.24854585742909432,0.4911431577418509,-0.21873697679512247,0.1797620530253509,0.07793852902252342,3.0143543694510866,-0.8353380636357925,3.824290532369928,0.7904948374469704,0.7723737113076558,1.9659944134222749,0.6327851218210275,0.6296709131459006,-1.3087837517409984
-0.3774826538014905,0.28518025555452153,0.011949311586683017,-0.465290372012725,0.21642388138047516,8.23733093792361,0.07682720527013562,0.5452651923595199,-0.4342104976536575,0.5655019817944509,0.046628235209897305,0.16218368997184457,-0.9906075652286007,0.6748137054656344,0.11748917535955947,0.33813899806342607
0.6063072570944757,0.9118510183698756,0.050536467440184,0.794202065638721,-0.058444748626943065,2.99616383236395,0.06663923968446048,0.3678772545901852,-0.3357174240586162,0.27177661847275375,0.459793452227789,-0.7277175456186215,-0.5006913811532792,0.3739179870148327,0.8895596051629502,5.993433525651897
0.7997287399780116,0.8036412738721468,0.05575484466495559,1.2197223794721648,0.13323738461437354,4.807548896597935,0.0566120786275161,1.38065493815137,-0.07208250640355192,0.7531431419594036,-0.018792943212568157,-0.8143089890792483,-1.2981703277984402,0.6473659625848975,4.32569085518105,-2.4075488575848163
1.1063972717054191,1.6771739019281535,0.016902822930612887,-0.009450500017230806,0.35990289120332386,4.765384126313663,0.07252799066131452,1.0257156727731682,0.21626962700004537,2.3105995743757504,-0.15624161840418646,-0.8224264173601336,-0.7182971083523697,0.9347806882213093,0.40347908845649394,-1.6410558441432197
1.0293178590448941,1.1171618959487495,-0.10815175816583372,0.04245735831210852,-0.0019927123408514185,4.419196206696055,0.047931678064979125,0.43600361015797684,0.18702918734821072,3.4249790422617377,0.6170341155053426,-0.12058453376350588,-1.2068402496213397,0.48795277292599804,0.19284048713512564,-2.656582042718584
0.48949117711272605,0.6700971086433347,-0.1145043908283874,0.5007947765308547,0.14506536416446103,0.6896608766769324,0.06465335338078558,0.9197044496014933,-0.1615758852776878,0.9199886230891933,0.7255456202873588,-1.2332808353077596,1.3352397459934935,0.37092609766980716,0.2671455836915751,4.963560327634185
-1.6703506976192681,-2.858638640116617,0.027613068189442508,-1.8774054531622122,-0.10954707717138443,-0.026928520257198895,0.11543060534583263,-0.7017319645052954,-0.3646501957935236,-0.08632855493080617,-2.8349773827730167,0.32795544509088465,3.6217227329880655,0.8411599529151378,-0.9152028381483304,-0.836160968429491
-0.16324934291981766,-0.8319382687626415,0.029411616804639475,-1.1003644745339793,-0.1966784997688848,0.31016972586400215,-0.031987245216333955,0.6876513463230335,0.27288591201146073,0.26498664822162,0.023971604932739404,0.6908146384215508,3.732221945880109,-0.01760567867350414,3.723585601698638,-1.308642014296512
1.0168392661491474,1.041200693628397,0.016297026634958016,0.7898784345879055,-0.11975890470188018,4.962251720781736,0.03584445564913149,0.2268596883805089,-0.2676696441268208,1.5754580774540352,0.4842623603651602,-0.4105939229383606,-1.1520610004698364,0.26136756965250935,0.8053129319288945,-0.5823255312106278
-0.33848472814884695,0.0888847752447955,-0.059196400382460115,-0.46326877712178477,-0.20919197282520227,2.4130346083681835,0.026930768678761485,0.6006558738398469,0.20786856530281977,1.5334778600826637,-0.07843740024085169,1.1623806319891787,0.035711961777503014,-0.08418729649313465,0.47683910804663304,5.699816716700815
0.22697943604487783,-0.2702467422776973,0.01990582137759574,0.5323883466424382,-0.28201521877178193,2.6223141924501143,0.1415740762682772,0.540177581808886,0.08995792306141039,1.0483022350921285,0.5790732709803138,1.0673789559363376,-0.7027022005402297,0.8749263762224404,-0.3091403990042471,4.367454531407843
-0.24385914345339024,0.2624828883365715,0.1863324586133615,0.11025382378576712,-0.43077739923826963,0.38447300912561755,0.13338019918535235,1.6937486330045244,0.2498582085218023,0.6525317776488266,-0.8859362302138634,0.12383453798339254,1.481894475282927,0.36289076826325667,0.5385798357280901,4.0835568415282735
0.7099429665993275,0.5772831637315555,0.03722481194500211,0.819949291901882,-0.2832469622835044,0.8772664894407779,-0.20516920491948304,0.758643895327857,-0.18888636006827797,1.2744976982898217,0.5303156520400939,0.8665368150998294,2.3021805999876706,-0.4065087137204178,1.6454364731338849,4.3713191743823305
0.6016028767077173,1.4558293235316422,-0.05448522590911087,-0.31007323247976604,-0.054254129728240195,3.8645535231365407,-0.2536330614004279,0.6101587727642309,0.11680637633464927,1.62868246765853,-0.47185296030811846,-0.20554094212169916,-1.0739836849128312,-0.3900471790672299,0.12020804814578467,-0.9267083129214533
0.4811602536227584,0.7148376753214255,-0.11234595944419432,-0.43904070661347533,-0.0023425237831828883,0.551178631710306,0.06996010900494137,0.7210075450084763,-0.3330183026685752,3.070342929242774,-0.46852088870343056,-1.7342876205924989,3.297478904894196,0.16788915149786063,0.38399321007195886,-0.6574415822407353
0.7353715151540242,0.6500469878814366,0.09769649837557683,0.6334477421266325,-0.010355907794286582,0.8566523416434021,0.07352628990730273,1.714937650579046,-0.570965557367543,1.3852833970349183,-0.10884090935739642,0.4506067652084741,1.3818688078915995,0.35655040664702553,1.539175715801155,6.579970930876684
0.908248733568603,0.6045427471126954,0.07281861048018513,0.8844975473500285,0.15036055092209943,-0.17160853162131132,0.13405590202207796,0.4753139949967835,-0.11906258223830808,1.3309371201950564,0.1432075753675851,-0.24866346351226262,1.5413793427301776,0.9705965702791374,2.0110338910739674,-0.06550187652696433
0.09325033206658355,0.45520494301533776,0.036177852536953665,0.7360171355078247,-0.29702811293195364,2.500284308104216,0.11830730149078433,0.8152209883392213,0.2462426563986387,1.2916586327055464,0.7890981084131897,2.155498441579852,-0.2327848264026821,0.9774927147460674,1.0514368115637145,5.686166412424181
-0.14967517196318117,-0.25517242902869264,0.03001572554243246,0.06581976418185376,-0.33514748549621565,0.6296782966873907,0.09213269524687573,1.0912618608102738,-0.13875666768650496,0.5427953646335292,0.9316546360257348,1.722358165500075,2.9289686893563927,0.6088077649314149,0.8448979095191097,5.440384885786748
-1.192005335017978,0.07327782285081144,-0.10989809006689004,-0.6828316411866027,-0.4850273186356515,5.268468157127071,0.06025423106317228,0.12231471816005272,0.22109932060200665,1.8564808572865759,-0.11300406796233034,1.0971963576748158,-1.4209051311503336,0.5228843911853082,0.8401272098776487,0.8979576439728548
-0.9495002063133062,-0.7257773570434612,0.03219277659153066,-0.7651892507748295,-0.08461273911526028,0.5426472337926762,0.1526203665920466,0.6006675738527455,-0.37059226096965,-0.012988610650959267,-1.3262344391270178,0.7168356262233311,2.6345604371928526,1.0836873016227102,-0.09500404098816512,3.4706900251952804
-0.22155798671023422,-0.7713717274470432,0.08149992850442454,-0.009971813491790563,-0.2807781492893199,0.4045285021338566,0.10548548179040902,0.6010942991376284,-1.0470095260719126,-0.19772229262130966,-1.1078731088120284,2.0394630849254964,3.582436654230832,0.43899651480758217,-0.549522800942668,6.2041638389297145
-0.1749520786818444,-0.14736174679405495,-0.06589076175684216,-0.3896633228723669,0.12573101321422947,0.08580436188989046,0.1074646584927447,0.9733431066098114,0.12022850449284925,0.40251593690928883,-0.20316067209147648,-0.08439160503966188,5.991815024818212,0.9225133703532483,-0.006324941954674813,-0.06361748701186866
0.3962170474180021,0.2062413216777461,0.10749366662352958,0.6803403597309396,-0.24220367890210706,5.4818389770797875,0.1717657527835663,0.7672307329629875,0.07535668024219136,0.3230764853275102,1.0867412397399463,1.45330551628879,-1.2620812130359107,0.08191719529448263,1.2911506223199598,0.34581930913264636
0.506521393559448,0.7351664969043452,0.12613572546327084,0.49025073477315406,0.121597901711675,2.485420655508344,0.032667296392941594,0.28615954678425465,-0.5398688028302318,0.41058501336717296,0.7401949671666385,-1.3240321548374496,-0.1425845805629492,0.21330193279558934,2.6795876947486903,4.2727541892856316
0.7459593315752732,0.616444891162013,0.004455411698886842,-0.136369321926588,0.3140815621543026,2.3220947835987054,-0.29071098956053704,0.156715966903801,-0.6055234115586938,1.6144241522554894,0.27316169691142406,-1.3961525468680032,-0.1349761945958116,0.3294504226651426,0.5913902265593016,4.975093333334024
0.5140975775845059,0.7178983067313608,-0.142447958140972,-0.5844744286343402,0.2926260851926293,5.049547797290499,-0.15867956874023517,0.21873181750637782,-0.08024980952305798,1.5881883075538017,-0.7781824373830936,-0.8417250526312502,-1.0281317513155177,-0.9941123940335548,0.7837531989084374,0.8035431769526595
0.3951476752321361,0.32484851305311147,0.32117851750740906,-1.0253355257401118,0.2633365810057912,0.5485283212243353,-0.17100099516501838,1.4256542059231274,-0.11921145008001853,0.8532466360800216,0.12253218241739168,-3.5922082150597965,1.8639323421198544,0.24525432553728335,1.2988836559974093,-0.8083479500199429
0.4783881196131404,0.02458423229659068,-0.02177364774035506,-0.09011399837735919,0.08490393249083665,0.7270185665586391,0.056268237621896214,0.08368710818446991,-0.24266006118798114,0.9319575908779353,0.5423544924466489,0.635435659004457,2.833362646534162,0.29779037370998857,0.6820092716909745,3.2333301174091784
0.4933541855602747,0.2576015768758086,0.03683992706005361,0.06789308583525067,0.25988951866526144,0.4483178560483904,0.06507533166662585,-0.018948358921764278,-0.1499734471681373,-0.35594637884859404,-1.1919133709240297,-1.6678040291989114,1.4738513365413946,0.7499914955866577,0.6721666878400273,3.1522375568607233
0.6391247540655383,0.47717384489388903,-0.023351990168117502,-1.0813638767963742,0.4053500744249794,0.39487117031162206,0.002775282829258856,0.31080021145925196,-0.0021870530607021694,1.458158256541519,0.004105970972649183,-1.168229626830667,3.297072056795365,0.366532897834696,0.7712656447034546,-0.3141605372390743
-0.29652232788960686,-1.6756854323022479,-0.03060555553631649,-0.7920595132103865,-0.07596741150032672,6.088970703426073,0.010285760796472093,1.2731778231465543,-0.1765648776402741,0.4905147644180248,-0.6645207970784925,-0.3874484742535294,-1.6671442273383799,0.2969384620797939,-0.40275008670727935,-0.6904965853017117
0.6142569061783444,0.18050083185818436,0.005171854969988244,0.783958033376051,-0.16647538888792213,0.3931179015786676,0.02302473571326738,1.4708496166941953,-0.8933856962088853,0.1454438682669628,0.7025715527287419,-0.5795822461681036,3.2442546080657486,0.14378402042907887,2.0826928819525565,-0.2540921702668034
0.4918767684356089,0.5332214848606914,0.27810517384583733,0.9900566466538128,-0.13933588021826612,0.1345984108507744,0.09676945635910929,1.0755853822828518,0.48699499902163706,1.1104989111609873,0.29268273726534216,1.1003018016199104,1.9143014211950389,1.1094745378810786,3.2845329774495515,-0.010266302574230725
0.48803485305667044,0.10094276860776541,0.030117523066584283,0.463276398975968,0.1213750587178868,0.8611941211488411,0.09646314283645871,0.5380246303192011,-0.029344397920305368,1.035377813007166,0.30826516331124737,-0.8988658012065519,2.1581599867479935,0.5150808875783298,1.922211360907742,3.6916820728239075
0.4614439259904336,0.9030424276579135,0.002054119899675577,-0.2759450268364556,-0.0013547659705817406,0.4565205405795762,-0.15426992057076702,-0.13463607959225604,-0.8471726986597135,0.17165094295867214,-0.7400407980260136,-1.2585014815666615,4.090379926725642,0.6026463873424253,0.5660832726298919,-1.952092584099316
0.14660284326121376,0.25520742022069187,0.043221168759764346,0.3145426442973447,-0.22158486665782992,5.419223730760066,0.07099461692163515,0.8329914674873234,-0.40937595924583775,0.2412193286922695,-0.6103889342821927,1.0675592679709727,-1.2552772149031823,0.7290003559446767,-0.7542552220688296,-1.083710826143254
-0.404776715458498,-0.583260919522742,0.11859379839562824,0.11174670601312765,-0.14972896098103405,-0.5935010778485904,0.11621894511881298,1.5924355162425161,0.41007269239595234,0.9114310022498223,0.38945785862396903,1.2122016304896739,2.3117562555549194,1.3205026653028458,-0.37310068270577734,-0.4818644227319741
0.7780672518462282,0.6566407357700492,0.010797352762654089,0.2840988396202279,-0.010360825505761478,7.499577411277065,-0.2892508607119298,0.7017785443589704,0.1563299493796936,-0.060710770897714164,0.01024797369669645,-0.5464987172348069,-1.4514797278094778,1.278264196000283,0.6096795413081948,0.5287302943797507
0.9051964583421934,1.0940635071268385,0.26448928607881317,0.45075772355729293,0.36481585666529215,0.29237830662891173,0.012304231630886966,1.7889135322774394,-0.3448052841888685,1.2322146427256537,1.4612314796210693,-1.4127131932321462,5.378471597432881,0.440017048814159,0.20972625975623863,0.3543341005372741
0.7174408525705386,0.9958735330702658,0.13975845889698635,0.7519799927601988,0.02000745046519281,2.989113487727286,0.05982172248940548,0.305485706433319,-0.12924612975346542,0.6534223236237605,0.6451135270714646,0.20278224256219068,-0.5475616822250066,0.6249779243620149,1.1887030260537936,5.950946357912704
0.8886885918831805,0.7605788952344578,0.2986929964883411,-0.0006281411069486507,0.5389566419835415,0.6758338884004578,0.1487507526970544,1.1875641040720808,-0.44649128958927736,1.7666811455994051,-0.1842115306696236,-1.4795645948706495,3.4503994364767046,1.0198426522091286,1.0162648323704415,-0.319092507342653
0.5675891584755844,0.2712761442556212,-0.07598772578640035,0.7007442892344223,-0.28729662330603045,2.3985930557011823,0.05301826248640104,0.10559743912162695,-0.2998113257441489,1.2002492158369398,0.6058027525309262,0.15575045808691187,-0.1173450923183917,0.5483424022282509,1.1171386180440783,5.14705817399589
0.8361221542643301,0.3496833513268851,0.04884182459008755,0.45689775281888567,-0.536033752104417,7.285086972597373,0.058481030064562574,0.651665606693859,-0.27215496987837,0.2463168666190484,0.09681503710729114,1.786539221116153,-2.1605190822370193,0.009295117740945701,0.7613562023295941,-0.731788580167397
-0.29774356996013696,0.3378041317924214,-0.005160702362463149,-0.6138989570812182,0.10071862593644525,2.5839025476898816,0.08228867912412578,2.0309802973588518,0.18339043792954038,0.4150758728095549,0.17083685223042974,-0.27974473575631836,-0.3485425490050169,0.37338200361156654,-0.08768730240084974,4.89779242082706
-0.40399935525085473,-0.9713143497022723,0.15790706705054391,0.6126682203200653,-0.30417084285475054,4.983658601480732,0.06435085564089667,0.7881761106946409,0.1142252785324528,1.0377811954505662,0.02682655899017178,0.5285803457205067,-1.033681445119485,0.5192460247182342,3.5305797240585894,-2.2284806370423236
0.9101318205541846,1.1565696868530946,0.03479548299693587,1.3883335861836126,0.3286589880233934,3.6904198964660373,-0.20027623034969527,1.18175371837466,-0.13843532526341737,0.5406845350544689,0.7039009870583776,-0.8917104322035392,-0.8690536364635039,0.33231246329379793,4.035655815848478,-1.5698949035968728
0.7949122243991025,-0.5300005571614496,0.04013492709454897,-0.6111706944800659,0.2743140701648238,0.7276536714202698,0.08470988543309386,0.510360893377539,-0.31120439431099606,1.7521511092531603,-0.11069787009239553,-0.8597359614415013,1.3083538963479961,0.3066875649424662,2.201338795314901,4.9444867966024075
-0.2908576789736551,-0.1254768005771241,0.10586934205835448,-0.6318087932500321,-0.10357226826621618,5.1773410363517005,-0.014511606530697545,0.47548547038267197,0.13751699996211506,0.23033341148272454,0.5469882948678211,0.6042700471122001,-1.1552789932383845,0.076388863591488,2.295930675444069,0.8638374405315679
0.4108266255053208,0.432411853122871,-0.011818683807781671,0.21841381054135675,-0.08761484610100963,0.18977249012576103,0.032971722125308044,0.411140803385103,0.30643362035296,-0.00437218985382486,0.9685553808786584,0.8992762419077344,4.682547923619452,0.33505602503017107,-0.16748871020548425,-1.2758485440424667
0.5556985388150533,0.2447682950616836,0.010558370868147546,0.607126774150449,-0.3562011993165647,0.7203495594839116,0.08398892346908597,0.18040554961879998,0.06495937479560442,1.4303215919221504,0.844656351605908,0.19622642967757223,2.792344167965784,0.42158003435639635,1.4302401647624245,4.257789983325472
-3.9910993136678696,-4.7466112630018635,-0.08918657439997871,-1.7327921721563788,-0.17504002206434938,-0.11238056639163102,-0.07372098262181233,-0.784261564568105,-0.865762501548216,-0.32961941527350647,-1.0897028654505692,0.30062589073552193,1.134154182816532,0.05476446781880812,-0.9587779195001389,-3.1648104391350955
-0.3225608158278885,0.1714986040955815,-0.013062970123518992,-0.066739573415536,-0.1673800624544779,-0.12672066966607562,-0.26662972932246576,0.9395716171806694,0.3728962898166862,0.24375462236289067,-0.10212078629839717,0.19884880666316512,6.290936927741263,1.1575540090889238,0.19907586943931835,0.8972819458228191
0.7952604788760603,1.2411547601086503,-0.2548217100595297,1.172690803821187,0.06448692484726298,0.47617470142091567,0.09590196931157585,0.9259908231847548,-0.31472692277462183,1.4459838972199932,0.9459028553085383,0.6467542593348479,3.714494854218213,0.4966918648810994,1.0580606846410654,-0.652560535147633
-0.5561263845892057,0.8132338338704168,-0.01725803496446544,-0.8396013151711667,-0.20714607308357155,4.040244501620837,-0.23563261402233066,0.5363193646568294,0.37132211334924975,2.3622929502675567,-0.45860755543781734,-0.17441671373915307,-1.0662237611891094,0.3469784516137564,-0.16128935525334553,-2.502594774065097
0.5971175275663656,-0.3863135077748639,0.1238234182002562,0.8810547500890673,-0.038401283162411926,-0.22677679763033168,-0.16958621645367614,1.149000944032422,-0.06354752864965461,0.9264968693037663,-0.44862714570513296,-0.49952775598210736,2.017114496583995,0.6271937121399513,3.5817415420403904,0.4492112001552737
0.6972299019087556,1.063721610749718,0.13642118332008527,0.7234693264921169,-0.3055151033826392,2.9590790339974777,0.1149034526267563,0.8896543124473638,-0.19876239023566677,0.6760172032866615,0.850090658829764,-0.7323286522894703,-0.4806057524256685,0.506937560484597,1.5590852452826862,3.6057133610255514
0.4385577840622829,0.5490582034011403,0.0023319806913602924,-2.3852962425251567,0.1720074805408553,0.3627600138190774,-0.04129150664846655,0.8149486418389755,0.20114464688091055,-0.2147300298840548,-0.33623668269281537,-1.9913016229836344,2.412364871430913,-0.12151706762164492,0.01203190309902085,-2.592889541416971
1.1493862295120014,0.6395573170796516,0.1167303575103461,0.38208128627630633,0.15672314635537085,5.875562030590174,0.08610889394085766,0.4756967651387017,-0.5210952399384072,2.162049842372609,-0.4979709120901592,0.769580668813723,-1.0780019938134648,0.43222278949840914,1.3485128778292945,1.0622284071795889
1.1369301641046434,0.7040576491686665,0.020300231953998094,1.379952106174095,-0.12228315637747748,4.527369157447174,0.06321592264909967,0.21766947081459503,0.13614624468418515,1.6368581880239472,0.43185890040909636,1.2321789514742014,-0.7744630229762113,0.6532748773044179,2.3473280837576125,0.7424812391977679
0.9371659371479218,0.8089581430732874,-0.1212538649734041,-0.011283282973507015,0.2858151329192765,-0.1268403477436246,-0.0022969140498361623,1.9011629693262608,-0.5277846819550561,1.3278739257519392,-0.04646653080463253,-3.195928534051116,2.00650167934881,0.10411087791733645,0.5592333964101324,-0.02846859639004656
0.7751173390051709,0.9456176192826425,0.006294359102845656,-0.19438378396565997,0.15065928941044762,0.1817293829158322,-0.3102699402055032,1.0098221246975838,0.0639088454278063,-0.6498921649709902,-0.044372411877835714,-1.2749938101238925,2.2265682278592616,-0.4746832311483797,0.2991330665632526,0.061339447585799706
-0.6958533869874656,-0.840817328116944,0.12906903732248906,-0.3238701126552264,-0.17127215809432134,7.001615300553658,0.06681423263433041,1.7017700552330917,-0.08056243149684321,1.05291272688962,0.18672820885016095,0.8166253962513107,-1.2616495889443753,0.6082924286827434,-0.17995328890469317,-2.2608614470870583
0.4231530220488,1.0672068060402544,0.04492658339576454,0.3358427202153817,-0.18658913579363376,5.528200428709447,0.07508205982378567,1.0395754310281684,0.25039455097992475,1.1458109976106083,0.6871254590419374,-0.18682757340375536,-1.2925424413476865,0.6691322424613776,1.242601053431797,0.2769634229095322
0.3606898716133271,0.6987933242762867,0.08166286567572924,0.6128625689886166,-0.01765656643501029,2.3072232074358316,-0.24157205149260674,0.11333833281463511,-0.8343697171505766,1.2736072412774917,0.2387834648718077,0.5506367767820233,-0.22492168829150705,-0.10399659346218215,3.4163855518670587,3.9938673778757
0.8904314604795824,-2.0845351016409364,-0.10278258050949776,0.3229936037166758,-0.009216186466798122,0.5755742775245932,-0.050420267274179836,0.06390265616221794,0.0037477277390550127,2.2559729121911234,-0.6262744745445343,-0.808847420756867,2.5326693968317358,0.11078162062958208,-0.24065494521721778,-1.3699971961109858
-1.2817371348436757,-2.9379489664169136,0.06468681376686218,-0.16819897327913932,-0.46200750326561013,0.2551079384027173,0.18699099992093562,0.8596116870170863,-0.9839863833483605,1.79535315839399,-0.8737802939235395,0.8290782045645245,0.8840132038531742,0.3703168753295232,-1.2163491286283743,5.092422375171586
0.515016004377626,0.5370107122210724,0.10788464403824911,0.5704899338050264,-0.03353562526343542,2.897140728438949,0.08610526819299053,-0.3582862279037532,-0.3423968759855453,0.794650942459909,0.8441562694926764,0.1684620737128615,-1.207445283243286,0.16968559875993036,0.01747963198075288,2.6792142593515402
0.4321458584969801,-0.12623219983143594,0.05601053703962072,-0.3980744038510729,0.0414883964605343,-0.3333266580089682,0.1488586970945045,1.2277666187434941,0.021462378583323463,-0.17238567378225741,0.13576331652576432,-0.24460254267936976,2.777621264083907,2.0163075009854334,2.3584565372294,0.4691026736997353
-0.2809869569641633,0.33585532703317883,0.3244994191695643,0.3008177889766213,-0.12150676674364247,-0.6007870677984799,0.11260991872429389,0.785761260281253,0.05778840006367792,2.9433534379702806,-0.13007827191523103,1.1399320322918012,1.955806008631562,0.6318311787526412,1.7994959273462467,0.3386063507683581
-0.3958455004061047,0.27570908514037695,0.07644873181425112,1.5397498534336873,-0.5103979615928538,4.849606124738703,0.052513127301437534,0.1479225003673152,-0.270877169089887,0.4020755195259012,0.10315829217389996,1.5885251708688684,-1.316433582864706,0.7805729691332481,2.7145578463666467,-2.175355826709752
-0.045701442864120104,-0.24269949823940767,0.12958937443172414,0.10753448933098067,-0.3354861701440683,0.5116882886699808,-0.08991897299717388,0.7519554267667523,0.11336856847871507,-0.19570491604247764,-0.5996889544692522,1.2672161132090223,1.3778606847264103,0.3127266631525093,3.5321020646779298,3.98994902712833
-0.21509194479308444,0.17908154728837258,0.11542133849583722,-1.2224054756357123,0.02657428259995444,5.336221010292398,0.09769853409602706,0.4647609606195842,8.023111498734735e-05,0.48844335058159843,0.23302539599388114,0.5117871656818476,-1.0760341533134978,0.8226062449711832,2.3690700424303635,0.05786163842135466
0.5740727391266818,-0.8875812584114308,0.015561602242180563,0.5006763332308373,-0.23430157822585373,0.6820370700340845,0.08801594928766386,0.4599175221550679,-0.40078824638250565,2.019153937323043,0.3970932371093096,0.20096375563260266,1.4646554176833628,0.4003285846471515,1.7306326525351097,5.7563256221894195
0.4028313351287279,-0.7962713117558314,-0.04092334283921415,0.6013897437120187,-0.3244187332298692,0.319634598863337,-0.07812279350182938,0.272758587579302,-0.06595173623787423,1.4292854434503468,0.3893774591609585,1.0297747028779862,4.629801236450055,0.15433927437847103,0.2506009164115342,0.8569618803461981
-2.034139892473024,-2.001209248397553,0.035812210318962055,-0.8080758829719787,-0.17588951749794374,-0.7279768497444621,0.04670026887575335,0.5309372046497975,-0.6465140136233788,-0.11244877773404498,-0.9707633315338047,-0.002530271476104311,1.3394065023324049,0.37758997366214675,-0.836258744078772,-2.278689186722381
-2.528813412171816,-2.818057473008166,0.07895065718188848,-2.047894432999208,-0.24739058008282003,0.13478296637232756,0.019431092464740986,0.2416247086931106,0.0736224321698005,0.33327211059820755,-2.110990633080822,0.3585191665725088,0.696847890801399,1.0212661935356075,-0.5843656259484209,-3.0229785714809454
1.1357034026372732,1.2607380409434454,0.04348845494254944,0.1161666482112371,0.5531693264755536,1.0500191027199361,0.041089312542585084,2.175479916154022,-0.4664455148905539,1.236209297865903,-0.33379768283881855,-3.0189030513296435,2.088773818207317,0.657146099314866,-0.07242999310074771,-0.802746343678888
0.8965479239104152,0.5910502775449717,0.025777377323611628,0.38941234566556593,-0.25730268931159667,6.687384231179582,-0.15792493333098015,0.9682395460952008,-0.3276027579354789,4.331978445904828,0.23626214415615085,1.0164684943922666,-1.5738087613062008,-3.099295169247438,1.8684379609540023,-0.4824823780987034
-0.05482700165458427,-2.097947249253505,-0.0782418785658963,0.061591540604424726,-0.17680050336144104,0.6092284082064061,0.1914282131721414,0.3447361081622011,-0.5145654752459322,2.122294786861023,-0.5490791324422888,0.00139000739228644,1.1488844681307677,0.6525460094333853,1.2278923641957855,3.299010225763042
0.8385222396831387,0.6767494441354994,0.024501697688784074,0.9634709251567504,0.11743456806006357,-0.17972228321717929,-0.26216208370859145,0.6051208339452222,0.06426024980083703,0.28212823847214624,0.47836154428909233,0.1533492707981917,2.223071464259106,1.4200442757478173,2.827640975457858,-0.12303881668013203
-0.52626135089741,0.18511635831295412,0.1810723617208005,-0.6167104298803041,-0.2069663917767543,0.4403402898085168,0.20899388167493205,1.8046862046767633,0.13708310244324498,1.7533241061529814,0.1815968920950864,1.1627370166750945,1.38035129510982,1.055441696740305,0.08443358921118836,5.919615903615165
-1.7951213383089348,-3.9776667062699578,-0.0037506996394605896,-1.5221694178237717,-0.12055869976345127,-0.22744564783263657,0.05472090526460183,0.2865699582111657,-0.3922739368176202,0.1725645264656998,-0.5036190690904359,-0.8240337248774817,3.341640354278475,0.25644148865852,-0.6031841864495747,-0.40393140872811095
0.6190309275011551,0.7043307770223832,0.03609328273103643,0.17320788767007447,0.3331905702398339,5.082924712131956,-0.2690052675411255,0.8249104880995829,-0.16916612322854352,-0.25596721621411866,-0.2273124104985783,-2.921895145269125,-1.0207293309213616,0.9059772070203566,0.6514569621321039,1.294220770227944
0.6510888189275755,0.7272654699478811,0.03329078225187495,0.2850362697306038,0.06465113229488961,0.8243322240085296,-0.04441681924349925,0.5369968304150983,-0.3346489636053864,0.49283440848952415,-0.662955333226263,-0.984568215256433,2.2053467081594964,-0.18730813485580863,2.9926338087589963,5.4656091886211735
0.44766447359984207,0.5581908133869203,0.15889534470441755,-0.37578458700558404,0.05903418372080464,8.021724245458532,0.06698811621452565,0.7131003159463352,0.24623615544822663,0.07550336373551472,-0.4581703591307124,-0.8741565707482631,-1.6717382754025363,0.667639588085688,0.1587173581357262,1.3629451915041066
0.7058617009930143,0.3772294421385671,0.12525450661168633,0.9054845171374977,-0.4789876531949801,0.16662627971030408,0.035862507965722004,1.1812472967777197,0.6694833016896442,1.0668681524051455,0.41524855032375524,0.8068677728364303,1.7993306526146038,0.5511742101891149,2.9974444282388277,-0.22829335118750177
-0.5636640850312418,0.16496491516968187,0.003536815967882106,-0.7070658496599207,0.15767321835175563,7.83947233652357,0.07656784971322968,1.0460001300378547,0.45408960219471456,0.4203158208440986,-0.564753668852848,0.2858764691351952,-1.1187896695711834,0.5896926538025588,0.007632944453224322,0.9538446882940775
1.3418971968082638,0.8366601917443494,0.05920579922675766,0.6822148200441462,0.014786708689424702,7.45389878505658,0.05846385243761104,1.1027820816571912,-0.017376756258721822,0.3791766378955001,1.126491943509984,-0.18078128707783206,-1.670815126299696,0.45470281760336945,-0.37477361807316956,-1.1894855923891523
-2.3181186052240332,-2.5152778719680327,0.17557558272952978,-0.8714981505575072,-0.5407699599691306,-0.2941627703831286,0.15062880819316177,-0.8073797182655842,-0.7547230922775845,-0.03355299591493058,-1.482358617390481,-0.11836123006854436,1.5454979923451917,0.9425012270419849,-0.9805734638913605,-2.2644008415884564
-0.4328021361780009,0.29886586429859424,0.02499191847286215,-0.13894756286136503,-0.49046972468953925,2.800697020166308,-0.43836053903425726,0.9295449049498552,-0.2115075063021546,1.49717846494221,-0.5060828879134709,1.0126367608466114,-0.2905627235522998,0.40829396898588877,0.0030446533636598896,6.642121581455109
1.0572541489359049,0.9216727136999635,0.013575720701140836,0.7795474276679664,-0.059218416560603226,2.3979467731947044,-0.26584782938187135,0.4780470795313648,-0.13738927851535918,1.3807096413376894,0.6653115636484962,-0.20780928330511578,-0.12207605312245193,-0.8437803610168946,1.798508175893907,7.093156335482983
1.3507279745386782,0.7275442476710321,0.05291277701678689,0.6592018364567677,0.020409058224775962,7.391751538574917,0.07657691762640094,0.7543049602471549,-0.11614371895545561,0.4762887316656892,0.9196029827850819,0.2887009594487191,-1.8372984941015835,0.8482157146244484,1.5571853109332936,-0.9393438585568025
0.8847878091512755,0.4634957717076833,0.10684057505523939,-0.4758519202457618,0.8199616397421092,7.77713425841692,0.06671415733471522,0.6336155287149239,-0.1453163311973197,0.7180920068413712,-0.05702245952033052,-1.63973495582959,-1.1982580169739434,0.8030818257696346,0.3197276879381351,-1.4849537755773419
0.8296241930769359,1.069991422889583,0.047778608689562616,0.6857296483323462,0.24389413530293974,0.8809636774049896,0.09226689599222394,0.9543177796082054,-0.06830050924980222,0.6921327384237551,0.6014641592304354,-1.7430062823400778,2.1628302885907336,1.1305902601245355,3.1343574337546785,5.916542580493536
-1.152980230947533,-0.9603939251608957,-0.015596064550974337,-0.09121771906896482,-0.22027497776905325,3.822810292194956,0.008174453735250888,0.152877163820129,-0.2749359335911462,1.7769689761276908,0.5258456837385859,0.6595143704014045,-0.7943711534612794,0.2604664586910023,0.14428339733875353,-1.9850668486392358
0.780445336419085,0.889921229113462,-0.17289364561870738,1.7090802862030396,-0.060192483778596956,0.5447154362019155,0.07360264340643938,0.6335183353114783,0.19330101640590364,0.9498202019739881,1.2353677370686487,1.5028746990864794,3.433979195231622,0.4480000930491963,0.4668973125831304,-0.7057910299128316
0.5561824274572248,0.8352564259887427,0.04625775476680828,0.5664296972694578,0.10272180093473528,1.023833323823203,-0.19031725632924296,1.1197514496952377,-0.2466076639674209,0.6095156457907227,0.240805431002309,-0.4889438903033888,2.476460637009494,-1.8647139025900759,3.328322535930827,7.764381917466785
1.0891428347818424,1.3229423612249176,0.11588047368729464,1.188685414824632,0.029149831957156792,4.27549286578982,0.04513120995200717,0.5865770234312282,-0.12258280558149212,1.3468816975783808,0.39531522944398495,0.29569760673939594,-0.923801838784401,0.5601994827628752,2.1445231405331477,-0.09231125411509468
-0.8458608165068987,-0.45776976239316736,-0.1093545769630627,-0.9639988107403723,0.2455027000747092,-0.018653117131039728,-0.013144566588985634,0.40817123348596435,-0.326837433287938,1.9988719458397395,-1.123944991133568,-0.5785814469644776,1.3667996413680572,-0.14845315599691655,-0.012294503704114952,-1.262103833530226
-0.3195419534789121,-2.419486364154238,-0.025963988587383233,-0.391389616731837,-0.20404154217202947,0.7024404826430982,-0.1739205607549942,0.1023865813478512,-0.14084558601823693,0.9163334652060322,-0.9855946665271996,0.978099148383889,1.9617197640587047,0.2833518897434437,2.1856208831387125,4.537717262440647
0.1427805981928632,0.32594893886084547,0.2384732109442867,-0.3365513152647077,-0.18946818159599213,0.38716277447588837,0.11563997355121235,0.6123821658489079,-0.03387240828245661,0.403874653748468,0.3984261685623148,0.385051611007645,1.4449414274893688,0.18162823139709217,1.4350716021143655,6.559614394292018
-0.7303751172393939,0.062077076799192145,0.4287081635725145,0.21402869438480546,-0.24232625013123607,-0.3196707176899365,0.08800347448631292,-0.4701178552771956,0.03167636237811338,-0.2525295289969275,-0.27485670753836255,0.9693942164848379,6.50224042734344,0.42881522924339055,-0.2760406922654882,0.5912244357654379
0.8731443013009605,1.2979603522227219,0.059394274805034696,0.8121191264510487,-0.28986266499182733,0.5864387095063958,0.09033867222382544,0.9002109701474383,-0.09192099995296683,0.46804853430612947,1.419302034459985,-0.6968484486736698,3.163160867192491,0.4401883074993613,0.7487163219483024,-0.7206326054032519
0.9397358404116299,0.5391294800562269,0.06744243936105473,0.3529075620626372,0.15273799339804595,6.856717824505145,0.09698376272657724,1.4693689909997742,-0.4307898951458292,0.5723990901593249,0.5856648739676935,-0.9421666571766188,-1.571019653305557,0.8043229527257333,0.12194014529312773,0.8288877768395748
1.0717978230032474,1.2133430014833066,-0.014626507898961649,1.6667722312001019,0.3192682942060806,0.7668138862665606,0.06326614805875647,1.051699372509165,0.055337230996391824,1.1636060001627295,0.9934854113542806,-0.628447935529917,2.8238256261310877,0.6775643472235714,1.6886978983578842,-1.1036057907787706
0.12123101905187443,-0.9304349060611316,0.019386545715485752,0.415529491766746,-0.4806263058481464,2.5758304382172947,0.19910469746600445,0.5267011518319002,-0.338441513382482,3.7085756816617863,0.1327107153425541,1.6493812495433706,0.10361613917260448,0.8047141384617094,-2.1496520911982993,3.8447847303683864
0.8620720587777015,0.8896764020329301,0.06686434345209706,0.6101749171731288,0.24322271038669532,0.784649190056858,0.07698748393361965,1.4014658757847038,-0.3985678312104256,1.0147436473060698,0.2371762296895532,-1.9650757232713034,1.4041931433457404,0.6506228627490276,2.716695565521188,5.471113597712566
0.8670919348049392,0.4687974287987348,0.052791525611894013,0.11933177516600225,0.06538997895181475,0.7881421367546292,-0.2137368813640258,0.5498743002675655,-0.1663719752755542,2.2586523742272844,0.7384165355669994,0.2847091872523838,1.506398060304693,0.6327375989329264,0.8602440476250653,4.54790214036631
1.0154399474226994,0.7398983321605141,-0.0033299366061059605,0.6053835681213033,-0.33342637289289273,-0.20766014790861104,0.05367463118748502,0.45735491300885167,-0.19370667628380087,0.5099116432724365,0.7234728833102496,0.8094827610395788,6.431627351014301,0.38760821785937943,0.033924967120912426,0.03354971557544981
-0.9137120551768266,-1.2677148942197727,0.06630561856318151,-0.41625157183603645,-0.2525141373707207,0.19056767765508348,0.013475572935262026,0.04014554863025592,-0.3204778611738572,-0.3551754806494126,-0.7365268305487442,0.7300534773123033,2.8825617114907702,1.5016065559911225,0.0480261589542451,-1.995244189676209
0.2207866178136042,-0.46903691170517314,-0.0005359512396351818,-0.9210099970975345,0.302965754210213,0.4907426839574041,0.06803089614388494,0.44626721102701017,-0.1687353458337428,2.1487443758100246,-0.7068579525395825,-1.4566221020883312,1.2652458465061196,0.6875367772169506,2.708309612025695,6.155354788635482
1.0079936782150518,0.8520171770030124,0.03332754215654077,1.1210292245212365,0.2905829640032847,5.616503662252697,0.05195977094430839,0.3331928589653592,-0.6916961325289273,0.7917265468122068,0.46427149064601736,-1.498547510335466,-0.8098788065014388,0.5526674516261452,3.1092264933442975,-0.1015501426861556
0.9021648653023732,0.8287108816721577,0.11657367093831289,1.246324490420857,-0.30395771879345124,-0.21507641010927156,0.14712198209373575,1.3671808367269043,-0.044702319612886045,1.7868522675159293,-0.05834584031457116,0.832113620111807,1.6800749956343533,0.8692999992164645,2.3022044252015563,-0.12758024461534068
0.6562380873327252,-0.17093381953960993,0.14537397071975552,0.21320184933713116,-0.06002751006993119,-0.2414772060102258,0.020343322926177205,0.47393957110724233,0.21365145241109298,0.088471564177865,-0.09479511325808414,1.1537768887352406,2.160727499240454,0.8982058506359014,-0.5652025696912055,-1.2616603640368789
-0.5009687569820306,0.6562326093096121,-0.016858239934205734,-0.08394109715529738,-0.2713184407369211,2.316054124907034,-0.31370155873330163,-0.22986812833647388,-0.35577991593971164,0.7380180150598865,-0.2398845968681148,0.34271893340754805,-0.10814643868829958,-0.033237948918962076,2.8549090601114475,5.577751662280776
0.6539962806907449,0.6539066338287992,0.002102511528826044,0.5130847385993911,-0.031794269332614436,0.8697615759703864,0.09917224540203087,0.8170028008385696,-0.06321290157028021,1.0283469329239485,0.31208244211143965,0.3146531303306195,1.4476937415354887,0.966510786355127,0.5265709109607134,3.6292825701484905
0.20199345803951166,-1.6406815880267813,-0.09570032658888701,0.360911825446455,-0.3436195698833083,3.9971888531524904,-0.021677296630132396,1.4524739895233523,-0.054716017771113463,0.36324872366419475,-0.06647327193044866,1.3360187881535894,-0.840612753550976,0.06544684969203206,0.1568168794567062,-1.8417632761987217
0.8053977995351705,0.7991529182290957,0.09038380787489819,0.6600900113357616,0.04122292275291663,0.8897183932353352,-0.25928107022104124,1.2264502402556863,-0.5128307595134884,1.0242106365469308,0.26111794011594786,-0.06901415845541016,2.104110793366862,0.7549306312526444,2.4379907736760873,3.5891028479246847
0.9995060724331659,0.48855568748241757,-0.0654722501865727,1.186427411147235,-0.33981023024177753,4.509456019986504,0.07011483363290465,0.41221980208162495,-0.018827942994639888,1.141697217292481,0.59356138279867,0.27696523397274014,-0.9174825596137828,0.6792698367644622,1.3835599240691503,0.2288472362716735
-0.12050684643057544,-1.4613163882210098,-0.054390250240070805,0.01825726329996728,-0.0790149496444889,0.6854471353461868,0.16583112867704575,0.8331525671631118,-0.10770086924686491,2.461201942801388,0.4569478532997993,0.5556886409210656,1.5680956750154362,0.062224716189057436,1.224177020221033,-0.3854575805667635
0.713081730316965,0.6702758424707034,0.1685389621099763,1.107154829193744,0.1234697716736469,0.3694859893430046,0.11136860953845223,0.4011711187074843,0.17527060598698382,0.5240968033515069,0.855043063292265,0.24313898824449687,4.3205624875555095,1.0273577738352477,2.740021113457878,-1.8316201582863607
1.371259551753559,1.1961755294521,0.10491375607872978,1.9135615090181002,0.0871338007587133,4.204024349436368,0.07912988254014579,0.6929482405306654,0.15280763820790993,1.2158030857530187,0.8804148447350323,-0.20491666425419494,-0.9078928476516942,0.8915210662827606,1.9833032066833671,-1.3063230963329386
-0.6601370783874774,0.35843380885432313,0.06957533951105495,0.4360312940555482,-0.5303241012820104,4.938422472922866,-0.24083779219612864,0.6275256041761008,-0.010774286874381834,2.1620017803810265,1.2731926882702977,0.5252501016866026,-0.8448404225194445,-0.4048856451964272,-0.02246202724708228,-0.5983998893778927
0.7875467073207073,0.8956834842116737,0.08036148354679709,0.7137265630275723,0.29938384136632706,0.7316725845414729,0.08089415140009845,2.233624171652043,0.0476981695293882,0.6056445320179439,0.5615554963586212,-1.2870205661106,1.6009431792444244,0.20692862691295824,3.8378353063847674,5.151553067647741
-2.9794424240062884,-4.190196686397998,0.026118347692327244,-1.0585882269076476,-0.29110808286029827,0.03708631734499538,0.1197414977416528,-0.6582758049322476,-0.6074278944473525,0.7617182434522306,-0.26253535633208674,0.1969145890740809,2.869411979711029,0.15666490574425354,-0.6832636524841513,-4.185270015228945
0.8212941005140855,1.0543490513850686,-0.020985159182856792,1.7644045902171621,0.1729446697132938,0.4680264983649738,0.05711881249268062,1.0286226757297763,-0.4853707428586273,0.9628504524436249,0.6672858217546926,-1.21531701299763,2.5092079089695,0.44053007997746874,2.077976719666358,-0.1310430401774286
-0.6805862756649549,0.07614198415867855,0.1097371490329758,-0.2712167501131526,-0.12136975310010971,-1.3456933393186679,0.12670910757307674,0.627107982009516,0.36539429922158734,1.043409071531531,0.15669605227182462,-0.4656189967334742,2.1917815485354577,0.7145893796045786,-0.17930440099237702,-0.3306109609482494
0.7234268356244548,1.0241380986601234,0.068802772152023,0.9999387140021372,-0.43741257345263207,0.39318842670830884,-0.17297606720819417,0.5661876552671283,-0.6746440567655396,0.991592859880571,-0.22705691639580136,1.1456614217935952,4.302258570368056,0.47743601620181597,-0.05103593247597129,2.204949519058466
0.5353977197616516,0.5980392316454952,0.08011354513459365,0.5982311146466659,-0.031082954467295063,0.7257284944090581,0.09567940706917619,0.4236070325441671,0.07425292848273864,0.43084508257515214,0.16460568148169913,0.804076933082471,1.5992672023593546,1.0045118068939087,2.9680082400814585,5.404819331544781
0.3911529649405871,0.09219194709704978,0.05235029951402038,0.4405963559262664,-0.06179548880339428,2.570633639416242,0.07688007252153002,0.11827067686513543,0.24203616576343523,0.07857685322080381,0.3520478213688308,0.9331075973272792,-0.12234643924487038,0.7867460153762361,2.6268478253796874,5.895268721776843
-0.07552573465426124,-3.6326971013423237,-0.07477980947641066,0.36591150859612154,-0.5519748685363361,0.7210885258135504,-0.3743089569294267,0.5494360929222248,0.012543139508666793,0.4347525629568668,-0.012039443030430846,1.5929854989100831,2.056636871892124,0.1451485268250034,2.0332995130643647,2.7543085329186696
0.8078951858235329,0.932905908537843,0.1194931779684403,0.26981355632883486,0.3446689275624541,0.6469993593571602,0.08718590838066241,0.6346965753540206,-0.4528373610796576,0.7383548821034196,-0.6790844141475126,-0.15287809254046092,3.2009070864062847,0.6747665917743177,0.8296813364643891,-1.4468517852530296
0.22192378221195494,-1.300000701954392,0.09021957519819614,0.37664425986091676,-0.05145898506625801,0.19857530801588363,-0.05867606255664048,0.1500395537757758,0.0007382177633723636,-0.3145869167716228,-0.8483618439896862,0.8629480279347349,3.4182549803312243,0.47968360700558405,3.475868438533191,-0.7917948104898521
-1.710852396732984,-3.0187985984376238,0.010794630592747817,0.4516750446281195,-0.18262748299625434,0.2718600625337257,-0.03888524846332233,0.4546265941747311,-0.23734605503672362,1.2841291963196306,0.7293913257539477,0.8694262278051583,2.458650069060434,0.0249637673840002,-0.5215120934454315,-4.178603587143026
0.004267451900011048,-1.1009677070630242,-0.024665400972581564,0.2663508490336037,-0.2177537163217634,0.5500780173644928,0.011183636482569089,0.3383233115424287,0.19035925420025612,2.145779921326303,-0.018258484315366995,1.3304790349733178,3.082689122109015,0.10678373139388801,0.4801805094373815,-1.202962539823966
1.3859418051246812,1.757190084277841,0.05000150583113256,0.17643140835791538,0.8346322314336608,0.4170237704296524,0.04632654562990724,1.4421020215649871,0.04188175735058809,0.042442694088077465,-0.8452388540793799,-1.9066711296672743,1.5615231452811484,-0.07018939906470467,0.1533745429234997,0.028665162342102896
1.1048334368678432,0.9536498112872949,0.06680325356304397,1.1201499641257406,-0.02154950109422836,5.398402675557768,0.08814967357888413,0.3852702150512098,-0.5312714687874892,0.5062671276034985,0.45268060917352154,-0.32708266564322447,-0.9637723605402952,1.1365902074193313,3.287660306714165,-0.3895024043775713
-0.36744332698004545,-0.11556828966291151,0.012438487716869524,0.2564025290079396,-0.5739123166291882,2.6235905926566443,0.01854867062313079,-0.002283064728443528,-0.3268183030405059,0.015169873684136716,-0.08614167698478827,2.313389505679328,-0.10613622374031847,0.3362022010721282,2.547575228683182,5.338259675548523
0.20181656458873773,0.5893764819803143,0.09525661038131196,1.0993314205809959,-0.9172978036690651,5.286939168329263,0.09361640589577495,0.40782783290335745,-0.23614654601243043,0.8637940706748797,0.24210884586189743,0.515239995635759,-1.2961288378108597,1.1071135664356468,2.7143478347026515,-0.17757698482482806
0.9177397388501537,0.31010685495277757,0.02680947470540096,0.4310802198068069,0.028820857955154513,7.769513570194046,0.09162286791512815,0.5134281665931207,-0.5214593670167553,0.44736097358303817,0.6471334115845423,0.5421962896425144,-1.8482016136726278,0.7060844766700695,-0.35305046828589853,0.39872600930601204
-0.34919967474051905,0.10806398574235228,0.09804981460626919,-1.1421523613463458,-0.0014587091349826573,4.289552198458685,0.08602349791805361,0.9519330301163775,0.6004425807870293,0.8608351672282079,-0.3789353059539695,-0.5436213120124745,-1.0087947187613886,1.4098146709852752,5.708499746930841,-3.7006791559249512
-0.4915729558077813,-0.3784283733132347,0.02054680369406666,-1.7773746026221353,-0.1526731243564944,3.235860274281933,0.03660808760513855,0.7434919706470248,-0.21197971947368577,0.8905616585550641,-0.13496185681650685,0.28875210241687416,-1.0391600595386543,0.26266938763058306,1.9157502942398463,-1.3224227004832882
0.23286300439446148,0.22068817249194814,0.027143659845730028,-0.1812594210590352,-0.11567886590575949,-0.5403914155857121,0.05019809024702431,0.296955207444702,0.0070826001197394515,6.317858326872484,0.3159515252554296,0.331327137724061,1.7372075067561834,0.8908949038735999,-0.059782188847463766,0.5228216258113584
-0.6072203616422434,-1.208557358376874,0.0631786143955388,-1.7326797272865575,-0.12866299512880322,0.010000463666857046,0.1633610598522457,0.40778663332748505,0.016177544869766792,0.4791016756340666,-0.9691513110662389,0.8361100105471989,1.508064028007852,0.771574577353502,1.313408627361589,-2.5818571397290806
-0.005859980932675618,0.588534371680589,0.14133990359681323,-0.3916439450688176,0.009030989705221587,2.4537986640193212,-0.5499355537979908,0.4872803547253135,-0.6665614701975614,0.7206462428322808,0.23487779052822166,-0.19902754725284302,-0.23400272224462518,-0.018873856176845637,0.3812604347679867,4.9632509505736495
-0.02754691436785914,1.029154170655588,0.1716320085627437,0.17054318785715877,-0.22858782220665713,0.4181457144900204,0.017517783507323265,0.011988389136995797,-0.12164858411294055,1.0281344328150075,0.11287113099298651,0.10227383560516659,3.826982307375458,-0.2690984134246167,0.027775167114969537,-1.4065776895045277
0.9275549753069668,-0.14346839431215205,0.026560830358552504,0.8857032569190557,-0.20557403626099544,0.09245770485943577,0.14128497233404902,0.6502657422144287,-0.14761115349058038,0.15334425165149854,0.6375585177535442,0.6761785014683529,2.176490072640079,1.864757174385226,2.5376224923906006,-0.2820830837331668
0.6301671190635177,0.951482132025243,0.028531238258702917,-0.07263809462618774,0.1495532515324485,0.3282936722598738,-0.11560404587610257,0.43853554923677435,-0.891908503299355,0.7773246135524878,-0.2706761057175498,-0.2215762519008428,4.67709835555592,-0.7440430212993677,0.3849790453174373,-1.9623216240584838
-0.0037073171907810493,-2.556784074862775,0.009071733867770717,0.29920280598770493,-0.105283016583575,0.5391859964457141,-0.21989108523442852,0.20946078296557333,-0.44836945936816847,1.3113267348402078,-0.8104519388493633,0.1419868404260086,1.0485120758572415,-0.5277814503691439,-0.35217880394011225,1.1841865485323027
0.9163467851527224,1.2811409992540002,0.0740700380347117,0.15903036955428299,0.16442386032707831,0.08180821507322733,-0.1779711105948399,2.1646112542214087,0.11398710823547621,1.4794091578753312,0.990060011433165,-0.5107686054056545,2.3910392242134524,0.9032330988001265,0.2709206315934275,0.062351092958001376
0.6540622935025432,0.5258742184260775,-0.04487786422008388,-0.019624750986134247,-0.024553002346658314,0.300290667376386,-0.19134304664436416,0.2816936742561253,-0.35631660147420174,3.256448239858645,-0.5542761627413901,-0.397785721515484,1.6713378504408494,-1.3035065894695825,1.3708192146992684,0.21619797116620312
0.3990217298233729,0.5130518114235292,-0.43479515959782167,-0.3583251474595995,0.23137950150877265,2.3356299408592136,0.045493045396513006,-0.48369971765672776,0.20086857919181564,0.8279566456117694,-0.5676291629277995,-1.7696537878556948,-0.07886221675629787,0.5567063393950021,0.41452122949521936,5.290415778476759
0.8548973002050076,0.5967373968333688,-0.004302493923572999,-0.2423816895326968,0.610154477022892,7.875251728307462,0.03422932284676671,0.6557989469116382,-0.31074909624339664,0.9640537056846441,0.029689598980892976,-0.8909797553300464,-1.3981686843263936,0.5300699415837355,0.6018038975468722,0.3411135561819185
-2.700538552848791,-2.5548331772825423,0.05258616838714111,-0.3809634371584532,-0.4672821365300565,-0.8156419912844228,0.0700822475477376,0.49329890975284696,-0.3059942677538932,0.9355719749135911,-0.22434472160377136,1.0411368781859829,1.1026121670753453,0.0715179813175705,-0.7889203312498905,-1.4203292781418169
0.680404536829108,0.6425781075347698,0.04988443729580254,-0.20014780143185154,0.0474592024183364,0.1260289642837815,0.0955780779133429,0.38629983974799953,0.46041349573045204,0.05602770710329778,-0.8601043687726764,-0.7100343244750751,5.583169119915638,0.49755128276424715,0.0023647231266976355,-1.550494293646823
0.7098435118779304,1.5705929625181705,0.025300603005336823,0.5336048998167733,-0.356648760477739,0.5771641896460714,-0.24426313865438706,-0.2099443949580023,-0.4122431981602592,2.427789560722682,0.6386751875079939,-0.10924313228535631,2.7744084024313445,-0.6590345154770116,0.3388826449641114,-0.8318937917057658
0.9600527374466019,0.8634428502762667,0.1001497921149951,1.127149848606256,0.41914858899725654,0.6020844006896785,0.09923942385527958,1.2341634480279637,-0.08136175265751103,1.6603294450555417,1.2176378007457704,-0.3912917796128577,3.177132698187744,0.5980589950353385,1.707785944676179,-0.087606227774933
0.5001757695726511,0.7810277305554116,-0.09431868796377738,0.2588925900972871,0.12493167541299188,0.7536728713284173,0.07148327582925995,0.3668177225381934,-0.4342798535535199,0.9470694573496844,-0.7156271858511591,-1.8558314560944904,2.2206465688949573,0.9781605193373617,1.8822392239983834,4.355897574505722
0.5734996593492594,0.8441580994841312,0.10353366882121864,1.1781461384430432,0.13101593969455474,0.48784079333411606,0.06088713696011483,0.30845164723032065,0.020536562691802755,1.0630929101956559,0.683399067744684,0.22561753222650036,3.8026670486214087,0.39464305863154603,1.8693481665768064,-1.245055957448287
1.4471665344472717,0.7874526462785781,0.11205550122243521,0.1430446127291684,0.18305644885869024,-0.15808068854696578,0.14548880634883032,1.1751981474202815,0.4152524381307472,1.322734692486746,0.53886112725522,-2.2151924649792787,2.4898669710137695,1.5062945733094915,-0.39576301775694306,-1.634821149364349
-0.504786257861451,0.34981216950212896,0.02464119352458566,-0.559090160818575,-0.11467709925106248,5.928425058787669,-0.15482118983878285,0.5102636320977472,-0.31521978426758074,1.0275841188669157,-0.43338443744779004,-1.3054560980702676,-1.8186940062941692,-3.5502867344590756,0.9996784013734393,0.16875809014215204
1.0107317844580535,0.9407133078996598,0.03248870615906548,0.8557498859063886,-0.31631110515067623,4.429258328284374,0.047988110204108106,0.13837789616577753,-0.5181263944028578,2.5236391192453804,-0.46493148824326197,0.16962246429913932,-1.1716154387062074,0.2531277778777173,-0.06793179248302202,-0.9080182311160393
-0.2944457085504837,0.18956571513554044,0.12417096443629087,0.46860642114597284,-0.22281814047522286,5.123642513087024,0.11041749663758324,0.8101675056760774,0.15755379906028188,0.7265684302547737,0.4821550973830025,1.2176830184041936,-1.0368356420175637,0.6722060208873725,2.8996520093227165,-1.4031166549225529
0.1999807254899114,0.7582385564642339,0.00957709727322674,0.37666248700723254,-0.18890533198996545,4.885318656023425,0.04024075307044792,0.4423277289931028,-0.012509680693951147,1.9787232657355844,-0.13743641227298878,0.23973153845077785,-0.9243994457446835,0.9924697174129153,0.7878428851904054,0.15263192350481802
0.997145873059262,1.429482540354536,0.05311455313805164,0.7996568942860636,-0.1734829143725535,0.6235273327512187,-0.019209655512415116,0.9216865039750591,0.1665532755307942,2.0274412669404405,1.317215519554636,0.7830209362587297,3.5697987578172325,-0.2368023807420151,0.09613550135631305,-1.0102029171518168
0.8608065990813935,-0.35790445947742144,0.051841288254746445,0.2555279028531443,-0.08085813092642997,-0.38510207154592657,0.12496273568503671,0.7125688303739242,0.009402189555548309,3.6179343812512736,0.2677729866667635,0.9819077858535082,1.7122915926237345,0.388647090751349,-0.20923135982060428,0.08434803732470147
0.11793848627939586,0.5149146562167003,0.14617010885717013,-1.4336618742891942,-0.02268751405485165,4.944839219881014,0.08466592657044493,1.2549875360915321,-0.32508248690383773,0.3827407242898128,-0.21684012010103035,0.4842373316674502,-1.176121709770914,1.012331067422194,2.139364784226972,-1.7594854654535306
-0.6408778548361664,0.017837639437070014,0.005040637190405766,1.2937788309281462,-0.4543177855345881,5.741618183153631,0.032228807769565194,0.7919840800100002,0.0017318387587487252,0.5747443821988463,0.005820373509950063,2.6043321295351154,-0.9426665060465491,0.6032121032376229,2.920534180123454,-0.212946729642594
0.5217375383471822,0.47439717104533985,0.10293808000869056,0.44831689292790444,0.14936079712652142,2.332667254192265,0.09699964617733775,0.9696506944518493,0.04558093747480348,0.4241551977985661,0.4802963892462171,-0.6814138883998287,-0.3361495571189931,1.5815626272085956,2.6690358850051106,3.5583373916650096
-0.055278602431550014,1.3237805846392234,0.0708910222770822,0.7955679248734393,-0.4516008859568885,4.560813998473228,0.01772497586638627,0.549410758532599,-0.27154795979229573,3.875983877576271,0.3032778714288174,0.3929581809738623,-0.7968450599025895,0.21155591161760917,-0.21994919662561574,-1.8110141912687934
0.7993164922395746,0.6505375499345682,0.16550608916887477,0.45608891119035033,0.1232484517663401,5.495684833452352,0.0907955741591317,0.3041937745190093,-0.3013173141988761,1.2548621106669733,0.483365264065646,-1.0946625862500838,-1.1029078994358827,0.4962393101995068,1.5344374366829712,-0.593054917137041
0.5291354418057443,0.4296446680904775,-0.011967061260088898,0.19506715742040923,-0.25584469117927605,0.6917330074276415,0.0902378653299719,0.09262721635380786,0.2521386132001912,1.2757920617958856,0.7481715763691663,1.0354737262227454,1.295024301637614,0.28768877478296945,0.07945422893137125,3.8802371544705374
0.6258951234565961,1.440494453362865,0.01358346786472186,0.34069465531488935,0.07701083242749134,0.41813525760715353,0.024446260423795642,0.6920004005923648,-0.29203112965319605,1.8257260584875123,0.4063827306295302,-3.5611949404214474,3.8392082324791064,0.13724645861286897,0.559219113331611,-0.996382427734582
0.7491814036509205,0.5495677264259204,-0.008708572834662854,0.45022963459015,0.28558382056263154,2.3824790777487084,0.18957392210487256,1.1890024444575762,-0.07783522524709727,4.402663542764919,0.22772105561401582,-2.0781042442678843,0.21687316355444766,0.7593340516096537,-1.7033548512738996,4.622537811106436
0.9105486398429067,-0.981824639885997,-0.15310970851751063,0.2919266379824567,-0.09088501668402374,0.43192475258517693,0.10566848574540656,0.46659228449268975,0.0516652358700731,2.552413903301565,0.2154745677962986,0.5966946199837977,1.7210463894782033,1.1302172182571237,0.07803637247734416,-1.406970043925758
1.1555049442937764,0.7888964173081521,0.06230695315554318,0.7543210251190866,-0.23303769004217495,6.5439656461257005,-0.2587594955173581,1.3872251607291677,-0.2607339722228222,0.25146529118436106,0.6026112021893035,0.21220387862846615,-1.8233599968509049,-0.7436308752564141,-0.25710535231240067,-2.4685644718531314
0.8879481261723351,0.8865267634016755,0.06344846644083181,-0.8659860101077009,0.5687518839354327,0.5558485649686815,0.14198156016060554,0.7836728943456329,-0.3883141432234906,0.9745906773563769,0.22318046929499544,-2.7783489132829153,3.418300945070946,1.2869232432906215,1.279456593074143,-0.1352585201039619
0.06966582712401186,-0.47798243914225547,0.018296883639397837,-0.31414756404311955,-0.03647643241067743,-0.012528657587291521,0.0957146555732713,-0.13130088280854513,0.05965234416829085,-1.1426765879649066,-0.773483542532166,1.2113407745600837,3.3762195143511637,0.06309890775696596,-0.04441766136715259,-3.5153387767774045
0.3222879479849507,0.1890087110071352,0.07298488237782239,-0.08152651353619605,0.17270101931699908,2.303193091766262,0.07233776397526376,-0.11250602146944476,0.05633527574197156,1.6384254724783114,-0.6099203481971841,-1.4458085306433064,-0.022087842967022955,0.43123661821641046,2.073737089856728,5.181638430043386
0.5578182665406742,0.7411111984666,0.1359165113704637,0.24941681870412513,0.2040518610826454,0.31869410007606047,0.0678480457109575,0.12864267716243394,-0.601474404965471,1.5938277195933157,-0.010594237036959477,0.09905137758472687,3.974315992205219,0.4942577368695515,1.3561857433240327,-2.396004611199255
-1.5010798717938643,-0.5571159241320386,0.07674167142959369,-0.28098527571509024,-0.6638881215266637,5.452019683276904,0.052562668225824595,0.5177253399133793,0.03178889421279565,0.5889384880316119,-0.4283023195238314,0.4027580003305454,-1.1418024991794697,0.5977054444963936,-0.6796564423404172,-1.9588266633437623
0.8448195965118185,0.7737583211632634,0.18040001516675613,0.7217046335671213,0.351828851549811,0.24946622929771076,-0.2275196650186503,1.4536637781394701,-0.39525388682434665,0.23272421465430013,-0.19410722452488113,-1.372986224546616,3.561704437389905,-0.530687954159243,1.80088311081734,-0.7520376377929034
0.6949037696425636,0.6284293672449633,-0.052538922544666126,1.2997776627154196,-0.344797617321257,0.4779241597087437,0.02944745412061354,1.0570764923420117,-0.4920176517687056,0.6494806196929115,0.9242027441263285,-0.9813886960661214,2.7517280303227647,0.3387516950993232,1.8777971055137384,-0.372514741721322
0.957630716534311,0.535884051414394,0.09022309847233106,1.2162466744331915,0.17930444395228032,0.6244641880939698,0.07002120826375333,1.0153917473501832,-0.30496106296070474,1.0115933894597213,0.41137404946136485,-1.9924836445217717,2.2869278891495926,0.551204210327273,1.9053719735369925,-1.1758120601469828
0.491529765823566,0.5456007111019161,-0.03592305932729562,-2.349261033401468,0.26983695758890947,5.125828192521845,0.09878272179496812,0.3816983330295491,-0.09717434119540468,0.470535097281934,-1.6471195602317226,-0.5191804834882371,-1.1605790584656017,0.18152398881865384,1.0913077765352626,0.40895480089972724
-0.3586958449472278,-0.5050711732062491,0.09047263651016,-0.8182702954129458,-0.17217634857863806,0.5479320170194858,0.10759144129946696,1.1839300708430303,0.1306418464586661,2.1573671118759257,0.7221625916769813,0.20890357099089216,2.9828476794429206,0.7488616670722813,1.0674053044881708,-0.40030171305740847
-0.8354713987064485,-1.2667542692663314,-0.04120962788776106,-1.0034637019546542,-0.24424330773314692,-0.07168738665100662,0.033769723766106145,0.3843256944381319,-0.27197259202378665,2.3424850219540247,0.22198640581007942,0.7382733826837784,1.4045170527750983,0.377637157241445,2.5638539501182467,0.31703264520842644
0.11485692368250876,0.8006790383955107,0.06468413362547734,1.2240135681522055,-0.30900213676241045,0.48911931421096794,-0.24410246934150165,0.4441261286647267,-0.5954863938571685,0.27585916046396464,0.714263399715468,1.1440322672685965,3.3409174930733196,0.40475994065049586,1.2093213054958083,-0.869728063528045
1.1422112161440632,1.0131777839002305,-0.026126562508042683,0.5786984148909924,-0.13241959445975468,0.4506583694339897,0.06541400388560326,1.3845966416608522,-0.177345337789167,1.42669499123991,1.0280647734649215,-0.5566703975250972,1.9848808661674258,1.4961752314171468,0.06877941258262556,-0.6105022901492341
-1.1974328430871017,-2.8064853914187404,-0.09761911853768376,-0.5229236475801489,-0.30839790721077054,-0.2580681481235552,0.06649827867275339,0.3829901857021563,-0.28338066400744816,1.5108922613581866,0.23020832815334502,0.3244900007296135,1.3134964713347084,-0.02655682473788811,-0.40207301345827723,-1.0946453378340337
0.626168524963898,-0.1432636913935398,0.020078952901099848,-0.3373529055521814,0.31602850089411894,0.46425590858171445,0.07541717752579077,1.3017505589382026,0.078978546844541,1.4584395870073235,-0.19480487874919183,-1.1642920215908459,3.3950547311094437,0.5559597649005193,0.3257474481042352,-0.8810525614775576
1.0127281598389217,0.8274837334471669,0.0928868524512055,0.5990821986980365,0.2617637786500501,2.5216193954714488,0.09605946449827496,0.6433437685407384,-0.10597475589359188,1.6214427406759433,0.5084047549077213,-1.552070116745304,-0.13692777037482443,0.3702142164541774,0.09295083383002835,4.755168082916818
-1.060988253554592,0.045435071564434104,0.04862677647649957,0.2708913026639163,-0.21346348453188108,-1.9020014995365735,0.05128869863026269,0.6919092009778933,0.31662550853001886,0.04831826623538117,-0.19535122019317455,0.7095154283640883,1.4424103296152442,-0.007773131865238268,1.4434913403670344,-0.7516111345607924
-0.9814434973421934,-0.7972677226640547,0.06214698939570837,-1.2243184277639605,0.2199602254257067,-0.789513100481047,0.011491187075305071,0.018898601841157603,-0.3583889277529005,-0.11971502252237652,-1.396958075657246,-1.0416142302223463,1.3642555675209758,-1.1626337526354096,-0.2241076290652874,0.32000841346143366
-0.3777826263771896,0.14955150758323982,0.07286207849121677,-2.0743105030516285,-0.16181606918080366,4.795288883034892,0.06590443047597802,0.48673404690906125,-0.31401713185021896,0.5710592140922717,-0.5831888657100613,0.20050673619239973,-1.148358297078192,0.8197524416810187,0.9555571791709944,-1.7418723866889663
0.8209370282084831,0.36610344379997123,0.1010826464587186,0.9186194919708703,-0.5067224652191803,1.1030626832229244,0.001780246671815311,1.1058262730228354,-0.04099907535150504,0.8568699388816999,-0.2686832175574337,0.9610151160702518,1.9520607892755777,0.45788230816610354,1.7745405979758695,-1.0019105265825399
-2.4597955204933792,-0.7347443899368123,0.04282155297254942,-0.9849874256001073,-0.16346944231742075,0.18393076439512243,-0.08281562074638141,0.06928420037112805,-0.11002892292962507,0.7961988111195536,-1.1939694153607525,0.47822213273348174,1.4639651800624045,-0.5776344453705805,0.27608465195358545,-0.7385448863419657
-0.19564295575161592,0.9761682135750097,0.083785053041142,-0.09230906215467498,-0.2133991666946242,5.058248649983622,-0.29787503483926175,0.6801494042349491,0.02553360374708897,0.15762573237971103,0.3846538782252647,0.3178101720153135,-1.2400896391041292,0.45119948784441566,0.9962277992817801,-1.3182239793263142
1.564536842031131,0.9767177718773732,0.056189161111791217,0.8658601019552773,0.0021280336712645345,6.087962183092034,-0.30364187915060153,1.259221495187883,-0.19083093262857684,0.08637984383578735,0.6933074185016523,-0.4648248281706979,-1.979470824106426,1.6504364654904027,-2.2285920107954844,-2.725631171631931
1.0701062153115999,1.5851817081488153,-0.061071864202176515,0.7555702897626001,-0.18161145626569253,0.6072313455415057,0.046428215238720615,0.8730139861854491,0.013953238074985733,0.6641898289700287,1.1360623226203812,0.8521283341108854,2.8983970366694254,0.810523959120915,0.28952975347589166,-1.0257189502366262
0.2649754077818187,-0.3747179392936622,0.06348354641460924,0.3608512840594365,-0.3993718997392556,0.6748099746549613,0.1065298069731175,0.7609159307213882,-0.08308996101636386,0.2334982048124638,0.4496228544345561,1.4126260362702716,1.4494643793744864,0.698835197392252,3.127204954151703,4.809482091346644
-2.2206532083615027,-2.3639151367860087,0.18315789796734427,-0.89503989281945,-0.5981466502196474,-0.7271753979263159,0.09421997243768453,-0.4775194622328706,-0.3522115225856696,0.995934042039975,-1.0914001209208473,-0.39579377890147543,1.5430326939021404,0.015136708873102532,-0.7593401082781769,-3.4155908791934975
-0.2311524022480432,-0.8032821872254933,-0.20955655565250925,-0.6216900119085925,0.08719412250976107,4.867358488084065,0.05379879420133646,0.07046020344699509,-0.21185353695869855,-1.4937192641617794,-1.161426114535553,-0.6287546833861402,-1.0930335720074453,0.012569023483753735,-0.5576420245582847,-3.654528026039952
-3.0990848026867117,-3.9676648437481505,-0.028091963899608115,-1.7963384647720122,-0.3622683880124368,-0.0198694684846183,0.03990867263957827,-0.6966122027405418,-0.29679229177041383,1.5133300933640998,-2.163397136502302,0.4006831226582596,2.4534594092472704,-0.2563163043086761,-0.6443768836232336,-4.014135581285617
0.6626498152133764,0.6708957658567918,0.19250258494964548,-0.5682103382626242,0.40660534665980574,0.591139182506681,0.05575226229935729,0.8481648581851771,-6.203362952365434e-05,1.1747115836211248,-0.014941556084998867,-1.736496179771142,1.2559658867597503,-0.21070800166122475,0.8884195545966053,7.022354241481246
0.49320107492967075,-0.10919287958552129,0.027205122267857082,0.5532247168949388,-0.4281412906251334,2.4199415788958425,-0.08621903970550955,0.07683350636863949,-0.3029983085435957,1.5706128551820173,0.1104618492220615,1.2492598451437733,-0.05883896396982343,0.10746486755604426,1.1486499270371977,5.492502375456502
0.7426012440533515,-0.6921716603946902,-0.04958568343376489,-0.29107869402914816,0.06615934971045612,-0.29845620800386624,0.09884735253094752,1.6045926949526648,0.1232227223637826,0.5013538059079893,-0.20161376602765613,-1.0685341889449602,2.5607333807062522,1.7854360743033058,-0.32324592048114564,-0.21579750434331457
0.8979498958188613,0.948335825515767,0.20575484266637678,0.7119350232696552,0.23068819727298195,3.5201903562632113,-0.13283667420279874,0.567199315489169,-0.5801311561165912,4.667259556544549,0.7291422184911401,-0.5892816090089152,-1.435039132627799,-3.130933683407352,0.23574061349550224,-1.3300883082287225
-0.34466432446716116,0.33185507049063895,0.05689129267903312,-0.2104355718563776,-0.46046604614430325,-0.5700059819210601,-0.23064818965843165,0.2175312891459861,-0.16016853482032337,-0.3470450948918734,-0.04051021452531057,-0.1681750778859806,2.707795850223725,4.745699974932074,-0.5416948451972868,-1.1823517502508583
0.21267249328508742,0.12951977052524616,0.011592698872788229,0.9285450797342509,-0.12524892471665428,0.24838477392561706,0.040275668845959046,0.6994265574172518,0.674496456661527,0.3885575657699389,-0.7714073565706858,1.6006194927859625,4.2199134462208,0.6755231367439717,2.5455988945893955,0.2895723660214796
-0.358455156279883,0.1820487354763783,0.038877220020552314,-0.7074222893555425,0.009624328552435944,-0.04014233732501739,-0.1414611473972732,0.09537298655071309,-0.16428011518963784,-0.39815783996064325,-0.8787697738920326,-0.8950111561210541,5.680885371018869,1.2083882765054836,0.28077774268901284,0.767812360552272
-0.11152283499345203,-0.10935345226369272,0.2525811624165378,-0.13404077424366456,-0.10562464924729625,6.810413356635996,0.030122314049857213,0.32540412445642275,-0.03601800876271053,0.3660960039146002,0.5995365246759494,0.2847398540270233,-1.7000967021241755,0.38381744465958356,-0.6041743336985541,-2.443269866297849
-0.008643261036670376,0.2851634753133389,0.048181338262609445,-0.06034203972351159,0.09473001458544221,0.8172819688488503,-0.2538001995904725,0.4638090784142037,0.1817538606076777,0.1682018817093536,-0.47112860880180985,-1.4001253674665401,1.4606601209617103,0.20150569429231513,0.3918564365421275,6.184067966277808
-0.17130522507538568,0.8607020330443363,0.03085000733286063,-0.204248949887687,-0.09408896734979352,4.647617281547057,-0.03199524084797958,0.9964626083083349,-0.1168938691413063,2.1599938905241522,-0.007483457485353393,0.03323032201089471,-1.0029232371851065,0.07181505157246662,0.3310740053729235,-1.8184845895754815
-0.4836025727576212,1.028465988212413,0.11314573707107445,-0.34284334304185027,-0.2209301556545962,0.5559439306705449,0.0072028654048734205,0.3556439703008076,-0.049426467564080416,2.4988683094041,-0.15274838874393687,0.12599380473537622,3.4072603835219075,0.9265117011382576,0.3011527027727817,-0.23936498934919648
0.273980664261016,1.6613556880926794,0.008476679467601946,1.0760212530581723,-0.3657419204066278,4.401942075678641,-0.09936746640195225,0.7760740437418121,-0.13827318893054852,2.8657489786584858,0.8267083172497746,1.6463972183253366,-1.1026926390573129,0.8431616463539441,-0.11998829480804206,-1.9373158737935416
0.6633834733822285,0.9244918555657476,0.07445674594190062,0.5686797783289745,0.1449120377621782,0.6115078921400768,0.052695069456877616,0.19253241560681933,-0.2908753900931639,0.7621034724900192,0.6359000683104553,-1.919166162953127,2.763980289909963,0.7349547896674267,2.6555104295628578,4.009025033192477
0.7025739257974968,-0.3854808609612369,-0.09936603577384327,-0.07422233990665955,0.003099137448495272,4.994237504724457,-0.056848221130318,0.6667813717240101,-0.2310140776472706,1.8362164916718957,0.31394370062134025,-1.3253563024834751,-1.1808156281792832,0.09071157422689746,-0.048759070929783266,2.0520004095383384
-0.39631155350143704,0.6174170726186613,0.042789862771996666,0.26953674255829935,-0.34741709818660443,0.268851609928562,0.07216939150886736,0.5857134821240534,0.7561606676603875,0.8485868159628337,1.1389153169341826,0.762375977613633,4.749569418241292,0.2847541041096184,-0.15590852153629944,0.3407344231158396
0.3121467947029303,0.3421444094295615,0.020799272286981665,-0.22669799383042805,0.097711505568813,7.878213813322311,0.1388271998112932,0.7565381517902774,0.5773756663386391,0.40225880399549957,0.44856492775076695,0.4155850969932781,-1.055870154972458,0.7104252098100275,1.1387829653120107,0.8815316944091159
0.13241070789125944,0.7925809552853236,0.06013410241434492,-2.2666210597761025,-0.09062944596019427,4.471889020413882,-0.02000203677898535,0.6864600313050058,-0.3490058718531501,0.33693089040625496,0.0038801465387213164,-1.013462072921887,-0.8190532379720469,-0.16624581810645386,0.2831613192689993,-1.7230826947335534
0.9440841520665347,1.2875047773214154,0.05111221361716946,0.6417816504604903,-0.2906452689810658,0.6145685726710437,0.09808774589303175,1.4237675600677924,-0.07716945174188292,0.5645053683496362,1.1806523595222005,0.537883148153926,3.319896155735399,0.30088006051488375,0.9365282601253974,0.22518685193569785
0.39297748375524894,0.030582915022002794,-0.009958515200692936,-1.036593527685848,0.022051644939668314,-0.18536049522152395,-0.11491636672037277,0.6511808680163755,0.05999049993112152,0.8094506997856087,-0.14346272973156113,-0.7974037011684505,1.7407636574668177,-0.0360372599392465,3.794599241719389,-2.155044301602282
0.5095222231196409,0.47216374005640094,-0.04130839466548416,0.6161366916471618,-0.28662731353914916,0.8946717024481824,-0.18070398977075683,0.6582750184333227,0.02010536364432471,0.9984746186047291,0.3684162851590147,-0.48441220251697276,2.056092004482158,0.27000544788994113,2.91583992376257,5.965624551092607
1.2890307528002374,0.8906643350600062,0.10241304032599273,0.6582206735888073,0.14254515418694905,5.598410831060759,0.07779252681627523,1.1250712881814975,-0.18822889717594365,1.91340285569535,0.5037210297877827,-0.7969965289853136,-1.1194345075279657,0.551569828751329,1.2384521714093306,-0.313377576822055
0.5079155810267943,0.027314656971620818,-0.11526808318183623,0.3373659983169158,0.29073708853840213,2.3708944847523306,0.03250653970129686,0.618967956681964,-0.18107809099214303,3.326011970144703,0.38713651154711326,-1.7273080277452373,-0.04751809831742701,1.0533204431721597,-1.510144986266802,4.448912163751968
0.8822987480920278,0.815706208036923,-0.0144941141140113,0.5229291587520882,0.09104066814259962,0.31276209497225144,0.05665382938949691,0.9999547941742495,-0.08123038386673749,0.23076087633316045,1.559947181264916,0.12345612752382741,5.0740711089931665,0.7007528989484516,1.2826556585625777,-1.3938749362449738
0.5040144164269843,0.21613557668591588,-0.075842481216367,0.06257169966846675,0.23954375834621183,0.7126636815995263,0.14267182175061438,0.1846167649882127,-0.33960501291153217,1.9075964390845963,-0.29521333160151836,-1.903995586983844,2.2685280278122955,0.6293623180889222,0.5021987903565992,3.34619696379019
-0.05018691691016525,-1.788632510952524,0.07720526459031192,0.8051708791322472,-0.4036629020340817,0.6246132281022568,0.037857409918986354,0.5164401820056759,-0.03236631630976887,2.341419304621407,0.4915071171222147,1.3048047482322043,1.620409489479332,-0.09982492434892949,-0.018028382859527202,0.6151508866204365
-1.086072729512934,-1.1226470397371415,-0.025479695939764582,-1.0576009237433428,0.240744633666107,-0.0052840246092052895,0.05722425029987788,0.49828529009408745,0.28991530641099783,3.581990108850315,-0.7865353957551854,-0.2412453383785337,1.6413510513773266,-0.09751340695470755,-0.05908770121487434,-1.233345571605322
0.8301114461267458,0.9053499938861564,0.02994080724948649,0.42406225885857085,-0.3551167434831367,0.18508837299292286,0.09574702825474532,0.6461460113196041,0.2527299667700147,-0.10271545222698743,1.44578210196962,-0.4119997662419103,5.347404388818436,1.3311974494961603,0.6013295753115863,-0.02279877127916419
1.22049949251963,0.5808821575931531,-0.01666787961182313,1.0385937211037841,0.23727472885636053,0.7635877154548275,0.13896429473536948,1.0412976996943815,0.05434315995388759,1.2065852648670148,1.245038844277694,-0.5918722521670755,1.4666460320697092,0.4226131236657674,1.7091570066755077,3.418683923389059
1.0221169859111252,1.4605340116387335,0.12038942254666724,0.5732214994898898,0.19804976078697312,0.6800458938983764,0.06627975096777873,4.9722005561183655,-0.34201510666506785,1.1918466080198031,1.112892856026036,-0.7462774393180722,2.3909480681582482,0.6156552220089556,0.23470969992255053,0.08874595036745908
0.7121938440354316,0.7509954865882518,0.07285169670440962,0.7140424545577861,0.12275984599523668,0.7737762827243628,0.07646020599623624,1.6960479044044656,-0.6019197687043621,0.6169439854201906,0.5756116081555412,-0.6700552481895199,1.5436349356104775,0.26623526294145694,2.674314143376839,5.239356573549304
0.5564112799536429,-0.024043855684572145,-0.15911527601450362,0.26828175274568417,-0.4303807284606489,0.45824605881875047,-0.11342552566006806,0.14803375421543463,-0.2930560489713983,0.8068421496739876,0.022189393542230935,0.8848988449200177,3.7060537913707967,0.8798683052410166,-0.34645639365867714,0.30432857694354404
-0.7493374158057923,-0.43687289137179386,0.021202406985056592,-0.45673011206287784,-0.38609434855220887,0.11740461974943885,0.09239933656221376,0.7234581434752281,-0.31063405274142064,0.7222490641570094,-0.97194035949801,1.4078348607792075,1.2976924431272006,0.1721785971469493,-0.6314688784376947,6.1567486011737005
0.4292523320359534,0.3054038575648372,0.041701745366028116,1.163549219100799,-0.2678950665566055,0.12661086097203172,0.028985260512558283,0.4531532660811587,-0.018835107188864157,3.438137172034753,0.6938184110762177,1.6151040723204193,1.5687377864325014,0.7033759352580792,1.873666299262152,-1.2487354178169099
0.9427294378289564,0.5382723016669111,0.025276496029615594,0.095525495377288,0.5870506209217573,6.621390690750077,0.06789367754400483,0.34014891394240176,-0.7069413527403771,0.056155693842355824,0.0680789098024322,-1.815893091432845,-2.022748173906712,0.6844315495477233,-0.1719641335392108,-0.2751056813235247
1.0079366186435932,1.2459163434011022,-0.16731195232800516,0.6853279192623808,0.06309449238222141,0.6477723384815635,0.2237302437567233,0.5797863461720834,-0.08058263145609486,1.8593892180873122,0.45037001335720167,-0.040618288497290135,2.699520289807889,1.1059840050665102,-0.9853311934016156,3.81420878446382
0.11211004483724801,0.7453642767060112,0.10130184273339812,0.8021428238279155,-0.42154603742734775,0.3865345429397975,-0.29253726176841466,0.3919909044744608,-0.3795580761626833,0.9540867118238658,0.6246946997410434,0.4643963890970368,3.5562582448299636,0.9808772070833747,2.2348688634997966,-0.46053574210613857
0.2694597569108503,0.13521950106294636,0.0544862762966032,-0.3346560310555754,-0.21248479594878153,0.26736721492396637,0.1338304683009533,0.6902410854133701,0.11211591552405976,0.4146358996660849,-0.7255094511485104,0.6709243188055097,1.2162944951157943,0.23565997171320568,-0.6824836439700624,5.381639156550698
0.12161343339085527,-1.5158193707256997,0.0433450774732529,-0.7276982042303827,0.10473191495454988,0.7480955375120357,-0.07603325778874057,0.20450458743768418,-0.9521450220312508,0.8957270823531517,-0.4460834535929444,-1.3685618175932557,2.0979002510418336,0.3265638212865693,1.3257185769975668,4.762349691185265
0.8540562342014686,0.7356805159938948,-0.06687134431278473,1.0979892179173747,-0.04653329412881525,3.940068459056389,0.12560399225289534,1.2138767922625628,-0.13038865430439844,1.9522687354113542,-0.9582102558942107,-0.5371367645696724,-1.1293220977710494,0.9838817704269972,2.8749639896511825,-2.7390216726507925
-1.188495323595402,-0.47532676498797594,-0.01615036854754711,-0.2945091791836166,-0.15110784908492322,4.3375088596822,0.08045263459545662,1.1406884203297405,-0.34215953371438645,1.1492594702011787,-0.5724728658260552,0.932954359640764,-1.5382476741600306,0.16719108536844218,-0.4211666323361285,-1.2567471310257894
-2.3571954459239564,-0.6232932418990547,0.07989412859515749,-0.5423093541546754,-0.5968535337273383,3.5959199002295335,-0.17058858666923063,0.057172638362383385,-0.5948627078548907,0.92168976794862,-0.6670548675846345,0.05832596503471968,-1.0554592407955496,1.554157270940984,-0.4592864013675184,-1.2629113705187136
0.6991328260617166,-0.06582669173146358,0.05441915485223742,0.6107938442116467,0.08630949158976538,0.7582278675777046,0.05476109489440613,1.4805265301768884,-0.5814491365297714,0.36392365872167937,0.29984772964101264,-1.5115143912619242,1.5243839336582032,0.14623533619951515,2.77721943632373,5.07827503442951
0.5979597431912719,0.750057946540928,0.15801179746267766,0.41619431981784893,-0.24915748020134143,0.36723437467006476,0.02363793637513969,0.0678831924226054,-0.6577477002524018,0.007521511844829992,0.25170123064743444,0.36633794211305754,3.404593006157564,-0.2373911065955307,-0.09642023388493587,-1.418111857980629
-0.48213162149935657,-0.7321147001272021,0.030288486264282263,-0.5183159193859554,-0.0980394046292115,0.5959611199296192,0.13058093561094672,0.49386828832836616,-1.5580535103788609,0.09126977953354466,-0.7682315450253037,1.0321777303730173,2.92210256018727,0.5105547481971735,-0.5460086251152102,6.3853979874102595
0.9119483329553566,-1.5781218081622943,-0.1230311247795156,0.2980792777669359,-0.005153149759077189,0.5282008333078569,0.07261862578363114,0.5342816399886865,0.07133073920490213,2.4393813911612328,0.04673683586941468,0.7962684046900066,1.4868096520314278,0.17566549884482902,0.13246797877580538,-1.2739655848834819
0.8127309060253495,0.9363819630736142,-0.057754143474439155,0.12815089015777414,0.29738717676161236,-0.21274285847848629,-0.18647451447764865,0.6140136239357304,-0.14980960687002767,2.3291341398022696,-0.8231058780877987,-1.5037456321140508,1.857042338586615,0.5881785007283907,0.06848507160002,0.21863108438563647
0.4548770450351925,-0.16390069222440626,0.19268592452411298,0.4313672588356756,-0.34639187147225303,-0.8945930882658164,-0.010389618361973886,0.5431743734013965,0.3902730826709108,0.40082065022444735,1.540571026983154,0.5986287577326462,1.525219910756945,-0.6181294846664533,-0.6819120869781776,-1.8110967681856902
-1.2758529326751387,-0.3820472949771634,0.016423444842556836,-1.0282524098126358,-0.07834191706413374,-0.7934443390406651,0.05896535215405433,-0.030184390805789715,-0.3194600427945937,3.4782851149066305,-0.2557436635988128,-0.2212640178920187,1.093109138435273,0.1522981125869129,-0.2485801078725883,0.0024861392081813646
0.5544787079560657,-0.9627736325692599,0.06231919594341886,-0.5930432739599977,0.13075789475241478,0.997280253986487,0.010871829446346827,0.8329725014185886,-0.20551090632527233,2.8886832608704096,0.29802904124104707,-0.8911259422796848,1.7488069912046942,-0.1736746557935883,2.5698492877833377,-1.0001063362935438
0.6286444974826151,0.7051439345972492,0.15426777826455162,0.7125750579123596,0.23064842438705646,2.11659042293753,-0.09774104812569978,1.1071755485244419,0.1672241131576976,1.097205957053598,0.004190536874136689,-1.5779553496939782,-0.08859793544000874,0.42682808695049906,4.713611223397602,4.937666527262294
0.6594018116351428,0.26761832100203103,0.03095858208962367,0.025106018515054188,-0.13324963884472546,6.078556606447146,-0.07404314173577234,0.4718968591660018,0.16805331410260008,-1.9419595788683457,0.2022738503047464,-0.5737750654124552,-1.3344858873724021,0.2531420661622251,-0.9441481108103612,-2.437599054503229
0.39920567635645604,0.20757681257151384,0.03801527854576486,-1.9651408726971331,0.32164501287560215,-0.06393950138934662,-0.18956166438664526,0.7039322496633075,-0.272700226881201,0.033344835046460054,-0.5079021995159869,-1.4257925476747542,2.0569511064431363,-0.046461305768391706,0.35427932971292764,0.06214582142353647
0.7038468743788051,0.8551934843533501,0.1293669356876911,0.6783750765950587,0.2195540933652587,0.9958842984659906,-0.12602266350977986,1.7066041627678277,0.18097506062175814,1.0884453081988417,0.1336506878047939,-1.1959128287221772,1.6587436862654077,0.5596844074667566,3.6885998830539526,4.400322711958245
0.024470844531911798,0.3809732181429686,0.08693360043198442,-0.13112372965747068,-0.2959802998416097,2.9892753779652,0.08031030886097124,0.6907858432564951,0.4393832219787942,0.4742637339350655,-0.9676634127383499,0.49984336611114377,-0.23446298133122725,0.7140276644728857,-1.229179290534512,4.0562985175711255
0.6322816947440295,0.828224751444995,0.014930031206651016,-0.24568654906395765,0.31891892553513257,0.784030343281544,0.0828978260645244,0.5333602030353235,-0.8453473149284193,0.8637572531334391,0.34157607141594004,-2.8372847732749236,2.1483706782779,0.12085561245824869,2.89997969212671,6.189597954007338
0.2834404952757074,-1.1744125783018793,-0.06830342576514051,-0.04845607029561433,0.03451460947928265,2.2191169949430027,-0.22409823704463397,0.2525533417329592,-0.2821107366090741,0.8399211173067417,0.24789662992572545,0.9708698975287819,-0.005782287860867377,0.08894938169499844,2.0816957165326233,6.11337159816912
-0.6551032515497172,-0.2957096879061268,-0.00027382216283527056,-1.2904279930362856,0.18779096622882374,0.5703445208433144,-0.24542721500942397,0.8776237622847374,-0.4431516505001455,2.0655606919695306,-0.5610466536805035,0.14761732409293338,1.2794286901163183,-0.09565194181633255,1.1037987599524943,5.077214646321699
-0.312329776718672,0.3330647797717887,0.037751839848376045,-0.5002979670272123,-0.2785759514905044,2.2969196157561433,-0.13753848551114548,0.6432153373278497,-0.6832903994683287,1.0159059441883518,0.019528100767448837,-0.09612355350069669,-0.4791282915757783,-1.2818033280180812,0.5264140134103229,8.200754371354975
-0.6712663440748732,-0.1746653588735061,0.03031672134210072,0.275276628707294,-1.0180949252504012,2.5383635256829673,0.05093592902265665,-0.20540884143937313,-0.31282054307036145,-0.0349527811885396,0.06830608109189222,0.7964249094733165,-0.25316012614431527,0.3086832533056115,1.8608855913430544,4.357128530762623
1.0162889486600597,0.5208906146909235,0.18167520812014787,0.0654992830869018,0.16668496303967414,8.121065791989992,0.013003466734734763,0.5379223237896976,-0.0022509056494358646,0.49164617215666084,-0.08953703907775577,0.1898845813832649,-1.6823698160095424,0.19639456242890646,-0.36937571052859103,1.065306197161895
0.6934651947868417,0.1982287737029688,0.11509180070637388,0.3121120002582234,0.19874178243986476,0.153962824541602,0.1079401048984603,1.2386891169331604,0.34969551103476737,0.5870014234518157,0.12322456449126815,-2.1576524771450005,1.8963619179036562,0.6177296949477951,2.705197154318079,0.10859586061652937
0.9786014357649638,-0.46171053481597385,0.0984604641379715,0.14774021661590958,0.03829101762752845,0.23487152654924004,0.005626310000865169,1.7314492877879486,0.5086771280760005,0.655361876057509,-0.10329167961915664,-0.5318092620727413,2.115972338984954,0.5192982629930921,-0.3722467100984793,-0.14591636830675625
1.7311668353561411,0.5698963482394503,0.14238929638101752,0.13667083022929002,0.0748217359855349,-0.03432794434854623,0.14825142276160866,1.6490712861146168,0.48963507243752147,1.790097632081769,-0.6992754155695543,-0.15013944916134686,3.224992893776798,1.5616169009806815,-0.02431313162523231,0.9276479684670963
0.40555974909679665,0.6750313100655986,-0.033893283338645976,0.34355124402676485,-0.17760201254878272,0.41722470271732154,-0.5004418164127696,0.34646992811721705,0.17194557954759088,-0.5255362869247422,-0.9505627465925397,0.8795866569364877,3.8403247670124494,-1.856498966630339,-0.10030928213643804,-0.6230370724563287
-0.017791506537716287,-0.1861788621788282,-0.02890234995368834,-0.4350405215983884,0.017034819099566983,-0.3219638084826537,0.07725526806826603,0.35936470721318176,0.5847813642353202,0.30544620526167193,-0.4937336890284981,-0.8196219154823818,6.5751517645477575,0.3454007339079239,-0.037739562171158654,0.9795457228838159
0.7930361117099624,0.4078226984695549,0.022907658943738158,-0.0908259482435373,0.23237403113248542,2.8205048977426617,0.10472817556370011,0.2963018558968811,0.07526812942732841,0.3952177594514584,0.32606105085633086,-1.58455269783498,-0.3819806199678735,0.6717680284040722,1.0298640889368949,6.516195334447904
0.8232530058816689,0.7691756880900028,0.10089941635063668,0.5325917699190396,0.204074587978144,4.800240822416716,0.015245604167951893,0.8187090455553241,-0.10559651623260309,0.5484773482706754,0.4290511019263376,-0.8905019172266391,-1.2479117033301055,0.8333164809487525,3.57148171248334,-1.720878746844635
-0.46244063173297895,0.15449834869118662,0.07900100386657975,-0.4278388821355507,0.010326428249951294,6.806249912728024,0.09321980526943811,1.115893426845601,0.5371783640984091,0.7440222817776432,0.39853473077751883,0.5521084605790965,-1.0004525578042744,0.9739055637483851,0.40444385099900987,1.649849844366441
0.6847861996538858,0.5061235277969801,0.03286924174121395,0.6964589910404727,-0.13169796045081972,0.7641142935028188,0.11858916013771591,0.40250350612285607,-0.4394599188116472,0.4068443102667656,0.0024408737643748218,1.2517166918895553,2.6415794671074764,0.37765688171265255,2.6778674884131113,3.2879735891125197
0.5649043850270832,0.45609306386159604,0.07674387302962364,0.6632417827540152,0.1627026570821879,0.7572900795393365,0.09438595152218575,0.8186721453212079,0.19003891442243284,0.4458158996547646,0.9137684023764853,-0.2911090303442231,2.6359726126860106,0.511223390504309,2.4018734016092624,3.9456617188255065
1.1320104635627923,1.1098186972631743,0.20861339759890551,0.5723023443620721,0.2169796088393321,0.18436567998933473,0.05858334241422438,1.4653701501099075,-0.5484591944049405,0.9878999358901434,1.7158671685980662,-0.48524416353059163,5.982295396024313,0.5752905009134022,0.36151681321662094,-1.5930515818625381
0.5831126126105386,-0.9457400928666712,-0.07346582812810092,0.5247365726982282,-0.18748449255741345,0.04013232326596532,0.12564883311483357,1.009815480397622,-0.1363179023157119,0.4348263245304742,1.1790127128046488,0.22380066069423485,2.1565581566186163,0.7056570825124189,1.1930729063312386,-0.8282603221844432
-0.6471070935139194,-1.2166439537021987,-0.13116706333394942,-0.8559769799398539,-0.015459631470557391,-0.13108628286763774,0.055968029844890695,0.39566221596385504,-0.1657152173558935,-0.5116112290113184,-1.0597208680865347,-0.5347240706169453,1.64108190149275,-0.1328024391204771,-0.29086913932530967,-1.7040934949415492
1.5910678893350108,0.8917048580142948,0.0222799255790282,0.7725774901763199,0.001035106188448872,6.996037709827859,-0.34713948588022253,1.3761186059820683,-0.07345569508827085,0.7267809566635267,1.0338776711144317,0.2107404496651624,-1.7714225803930193,1.8406306571234892,0.1929306403463417,-2.2482545857756113
1.2026785352575737,0.9744529720730933,0.05316329468161323,0.4772681972021514,-0.021317970258059874,-0.14113399643015617,0.11405919841198224,2.4773955927708786,0.14384105404525363,-0.3442725806946712,0.596590503099275,-0.5947843265667815,1.9080309374938407,0.16853676599182188,0.11564265174609768,3.507057385034836
1.0593451666653062,0.22391919684248832,0.15923533657702782,0.5241935292008936,-0.3102376017766994,-0.9033945406361202,0.12623654104230217,1.6183295914808602,0.3261664182064473,0.7104358844247441,0.6356338160107212,1.1922420765590607,2.465945616786087,1.574775296129987,-0.13221929724581508,0.23492211230345342
1.2446693362636094,1.2388286514919244,0.22176110370150828,0.5530587473579105,0.23417150799900438,0.5079465805869378,0.08676485911367626,1.694218980451137,-0.04572685624484815,1.5054334037750856,0.8456346429776062,-1.356422590168141,3.5931808874891957,0.3719425455518248,0.2890824632179032,-0.6348969847125193
0.9264756646857928,1.3692467882867796,0.03532724735302463,0.9049455264534086,0.2529646502340739,4.301174784921565,0.0612822087084946,0.027678195555957255,-0.12920281661284888,1.9940986156503713,0.7649939257330497,-1.053484413016123,-1.1754897994362268,0.16898655653952718,1.7045646386387587,-1.655332138000874
0.2785642967529845,0.07092056575201656,0.051501500085913345,0.43929559805620344,-0.4031614378604145,0.4617059252781941,0.0703410926270236,-0.013990137210956329,0.24481927442991142,0.5845305153070997,0.35388942946157853,0.7482712951088498,1.427578057295158,-0.06892439760848193,2.544901978918835,6.367239298112238
0.92209725391688,1.226039924217514,0.014798094898637346,0.7276310140900397,-0.21310869710525213,4.726529767689042,0.09259961476963192,0.4849595118710087,-0.28963737159297087,1.3762478653943904,0.6089452120295208,-0.3170945194105277,-1.3264118709026576,0.3215815466440976,0.729637236870842,-0.30078403981630963
0.6340304302537974,0.602609321076172,0.009089734503401642,-0.1005607589621002,0.22226305860752002,2.3628239707921677,0.0667011128051461,0.18596581695179262,-0.09965707916285632,1.7419949850519039,-1.6075135002912104,-1.0396945966713165,-0.1781373383910548,-0.11604222628358726,-0.01233370758811312,4.38585188010555
0.8459071245160571,0.7475032553612849,0.2252411532012155,1.173573110366793,-0.2242013927788728,-0.46547610367532444,0.12591526035354042,1.4070570329418866,-0.9512928554897839,0.4118798106587064,-0.30009647450710375,0.9026374950168424,1.7098862631451148,0.3513815786434501,3.832731547237199,0.018183176464451004
0.5465173707986472,0.8539138684632827,0.172624209235708,0.06163479073643952,-0.13121694133919692,0.07308291268973034,0.10352366646095063,1.2350114397470933,0.25603918858337615,2.5265356179333827,0.7585197154371217,0.7933793742142887,1.6344681858884045,0.5347419319721513,-0.02163055609876903,-0.15124232199082907
0.04605341163943442,0.4308538180489859,0.09464610483882108,0.044748359609623166,-0.17368340954312278,7.485769119008912,0.1009045196969912,0.4152514524856301,-0.004811155402119019,0.5106361538229525,0.36356555591181133,-0.22462323297954512,-1.324593533798024,0.37276187918641246,1.538395276998344,-0.9015597742210383
0.5371599810128194,0.37161373045533164,0.02607295771508524,-0.22952879608443777,0.07774018388809421,8.036510093870486,0.07543336711452919,0.7291958650057725,0.23901510277176244,0.20422169260216608,-0.04749599539425199,-0.08856212750737268,-1.6591696899136357,0.9457056018720572,-0.20114255945137,1.0771902383780732
-0.39433316224885256,-0.7086346006737854,0.037843077014296546,-2.285886242768957,0.004644973251671662,0.34209522492215816,0.1356095891696868,-0.1257639568855599,-0.08068598685946793,-0.04188342300170985,-0.7994554811738696,0.898251899747186,3.094806440748324,0.9468995978113818,1.889790347622093,-2.794276406406138
-3.0068573667037963,-0.8842582611637378,0.00039383990692913796,-1.3994065443513302,-0.22235782922998734,3.359408136588728,0.033268513624210405,-0.7661437125612667,-0.9237823270681544,1.617839519127474,-1.4528067110709382,0.4050941229906142,-1.1055190802646448,0.09878118242801524,-0.5226468468616257,-2.3610949879423764
1.1285372387626889,1.2260598657466872,-0.02128760329281206,1.0434491664935568,-0.01264021379304132,4.495239565765059,0.012482312431030018,1.2766638747453503,0.06360015208803743,3.0136404071514478,0.9115938509065199,0.13041279209210932,-1.2025903893740677,0.509061359030717,0.2827982174824101,-2.3622323028626626
-0.20495170484229128,-1.42400180262308,0.07782475270478148,-0.6113796646247424,-0.03515551245329539,-0.7644522367542481,0.05224719067240411,0.11283490804896597,-0.280358802416376,0.29473355181586686,0.17258837323239168,0.3783062053846192,1.5095681288967056,0.4041658948267366,-0.20750874392036206,1.3659674994703697
0.9030531396151447,0.4437576893974057,0.1006290980734146,0.152639887414741,0.3418099167649083,0.5991610654762681,0.14142792985681352,2.2953142688760586,0.24483348811531616,1.5626303778386168,0.603763680351482,-0.48726414236093796,3.6492751554417606,3.032881669735115,0.2557994642117088,-0.7974176651862829
1.038545855463317,0.6181571328651291,0.2959287625832855,-0.23617752358671598,0.4380164836685364,0.22350359913938636,0.06996914261312939,2.2694622953764454,0.11361003705776747,3.5625506906870616,0.2661170052770127,-1.7262975359638693,2.135590483156848,0.7800841810013132,0.7427306030372443,0.3065786641225451
0.8678842863044632,-0.13007179067619146,0.19314162361243595,0.474533174617954,-0.3049084751957934,0.06985981212920646,0.06778785457361362,0.30445090270522357,0.4892211279213291,1.1148236868124404,0.8025133387238257,0.5514142214054247,2.564596194414297,0.7830462433053795,-0.03428209823078234,-0.21223400382827606
0.9503972020349593,1.1264259428366339,-0.06448497804195198,1.8175106443576015,0.23580754658709394,4.367575388821486,0.04819160903240107,0.9079124483588812,0.014379656906100722,0.9337544922706152,0.43323659702877876,-2.3548817078460864,-0.6081641570254213,0.5390220702251449,3.0832351522045203,0.2806085203734542
-0.802339448358067,-0.19049111439168917,0.08299917835421958,-0.2012884853161134,-0.3171832807383122,-1.694114500490533,0.12143784396799526,0.3878005375070418,0.19227580237979341,0.7254793127220114,-0.12244135254405812,0.7133829831522494,1.6269125572791792,0.4555802060272527,-0.39199435484880724,-0.1042104463602014
1.2525739516606293,1.00595981703838,0.07782398236348796,0.9463121876845744,0.33907831327941473,0.7361484872994657,0.059686986948502115,1.5706440632299403,-0.3225696370253142,0.4265303856342519,1.2602515250523083,-1.2418724342741125,2.586010551424495,0.3561587454438492,2.1094284916733503,4.888586340023026
0.8955387484865344,0.9463136759564605,-0.023150338661319193,1.1807228312218765,-0.0150455311756365,4.529699413469403,0.06024482830998132,0.8975140853434117,-0.6511575660377438,0.4926464398266627,0.5395818700382145,0.21600338580476905,-1.278367650120459,0.891006004407373,1.9736868754966597,-0.8318783442479631
0.5400036220949158,0.3318316400474207,0.03451294114949188,-0.187465289023279,0.03795672616511117,2.889744163870247,0.1061365549170806,0.47645881499272186,0.34345580278818505,0.23934928808685008,-1.1765899645004607,-0.420231111829884,-0.5852430550805046,1.0079177194389202,-0.32017954430064205,6.120164650930952
0.19544058954038693,0.7978091310815623,-0.008239931695528117,0.15388524388158728,-0.2666723247768988,0.4188278783381948,0.12222188054055376,0.019698502593343614,-0.30504433869043796,2.0271456001552814,-0.750860021964033,0.27010130829582274,3.5910821651548246,0.7112012291105902,0.061826059477114746,1.0126343856790712
0.5194977342295167,-1.1011993334887722,0.015414498888806687,0.9322474109038725,-0.23125241252667944,0.36010410732886416,-0.0007653537817799007,0.2552311681620142,-0.39047309216173115,1.0624595309936398,0.5712630419930826,0.9038597197966461,4.128611180643529,0.1562668624381662,0.09790661105757081,-1.9237593943997584
0.8147220782490228,0.946862021375239,0.01515898802326623,0.015837218852402152,-0.016719542118450965,0.012601470752453419,-0.005549703167258387,0.6280386214269514,-0.0131258015543749,2.532147132392955,-0.5429161239163092,-0.35934138343760785,1.5029579019211692,-0.2867580778547377,0.20559761858259484,-0.9951104825269185
0.5037966356930177,-0.9071462846568986,-0.039699852608165304,-1.0093193566400338,0.43940014734024896,2.280434335814413,0.049303386362522135,0.3544335057101153,0.030314230260539875,1.4972538174828878,-0.31764973560849125,-2.012074321168387,-0.16887847964523509,-0.06291442539236726,0.9674850312940587,5.879060392461037
-0.9425506925431223,-1.8186278951042802,-0.002981001178084554,-0.2043448196635318,-0.2776026044921009,4.207446646074315,0.057282611227237705,0.4948754072025995,0.18512814721956009,1.8616791429344448,0.25966910429465595,0.7555376725778653,-0.5797387597386865,0.23651996749036572,-0.0582091565688508,-0.9424660772667185
0.779081005651392,0.5195627949131582,0.10530301128833956,1.0854199552686807,0.18801204726138998,-0.12410298191641021,-0.05508234606399356,0.7842199325809219,-0.0038936566633372585,-0.15049818112541197,0.5837650666205949,-0.5066754117932669,2.2163926851992746,2.6419205292089467,3.386580379344603,-0.36242866813093993
0.9474042926281105,0.7413174908919629,0.1493369305626221,0.40909994023642055,0.2918445227542888,0.47730350343888966,0.09856809008595523,5.620957576866636,-0.6250208641264356,1.3231330813087778,0.7732343521580779,-1.8019281360602457,2.848451998930175,0.8618538988700333,0.3128250658732049,-0.35433806814987506
0.5558890653923162,0.6230505177566344,-0.032053626408059234,0.7648385654407389,0.19225274363085895,2.2189909229238056,-0.055521815393357404,0.9322411183238024,-0.3212491358614917,0.5524398663441972,0.35707252956530805,-1.212438844393095,0.01217525928369495,0.603801409075801,4.63091044993551,5.227205309605439
0.2448332048430602,0.27025550264732306,0.07625423133605909,0.2921385198239048,-0.4355178604869859,0.37337333293439345,-0.2988579050297314,0.7038927041174803,0.07835515771499431,0.18802669455414384,-1.2161957914436383,0.2599268620523352,1.3940333854967377,1.3236646916973995,-0.6352061745394891,5.066367551306484
0.4250685179901126,0.7455546465704466,0.07611252981547201,-0.2809914413325302,0.21608079920557022,2.3698878434051003,0.06540799644452171,0.5778130150573263,-0.24558294144172227,0.311071775543704,0.3649505294014292,-2.9331480954660085,-0.06035501213534975,0.26753650456024197,2.450790441238474,5.308269419673857
0.3822225449153598,0.4942548420058984,0.08550020351092398,0.7556057753001723,-0.44928248627156725,0.5126987967911598,-0.2080019375254922,1.927177456867558,0.1599565265736153,1.5207763379289243,0.21391870086958745,1.3685856767659041,4.015840333921406,-2.5089996069512357,1.5089549026735671,-0.16349758471635115
0.5973598092927299,-0.012594642160918804,0.10219414337145648,-0.31958320196226847,0.06861408916632104,-0.2137962484134582,0.07899977199531677,0.7177272992800088,-0.16715503777039983,0.4170032951856745,-0.7062643853935465,-0.7808275860340632,1.5924103005493342,0.8318473130085458,-0.37668589292064714,0.3238808118255518
-0.3822911000435515,-0.4300901388021952,0.03803260620169483,-0.2611532282906811,-0.20731320635736133,-1.4974124204120978,0.1394976124145889,1.1860040236972,0.3761500550279587,0.510462286509705,0.24876983577421707,-0.12138157169821168,2.029401292837417,0.3255478342364499,1.6015761805368502,0.09656109445924202
1.1203437517933956,0.9520324543640805,0.2566691788871182,0.4364026601198255,0.09841817017504512,0.3545798170651444,0.10984551011012135,1.0869812308157736,-0.19142736320746237,2.1955381097610136,0.7241023187691291,-0.6456537604484468,4.898968660409737,0.5068027927517353,0.15476207187359242,-1.1538462753606928
0.9243066241181196,0.7722117204597833,0.14592844845289524,0.2489468414091481,0.1799997682530489,0.42411963326986934,0.04927892645438057,1.1427808069845358,-0.447505255758134,0.8821221417054119,-0.5380341676210454,-0.8060331075146739,3.5284744321480668,0.3435621477372598,0.9168544070150608,-1.106935483451356
-0.8778009888098576,-0.3068945139098002,-0.09192160065668925,-1.2786707867901757,0.16400672068234626,0.4021887749116128,0.07446832400114828,0.47385941745622445,0.1337944450278391,1.1199002107847613,-0.5526214685862028,-0.6012222843403295,2.7126371081655636,1.803264161049348,-0.0016207863257941015,-2.2443557406774057
-0.9598890855944591,0.150599635885567,-0.13380505805697343,-1.0858892896336623,0.1414657930838186,3.2453276537570406,0.0700123935862956,0.6930634108158614,-0.2557476861644404,1.7452507903952985,-0.6637513422282548,-0.39426106555679546,-0.7303571981979461,0.6518056904238407,0.122933106514138,-1.9807217739924923
-0.7470952496533756,-0.3073347934380477,0.007810743541141761,-0.05355110326330634,-0.5374081259532595,2.1252440754358477,0.09675926088453414,0.19082133113324223,-0.026702781343279698,0.7759713389257061,0.26255219897661053,-0.051044169682142516,-0.7452211543933664,-0.005445847950650182,-1.6551395957245794,3.455931059436459
1.2751657327768193,0.9860513759300491,0.07562675110758148,1.3044235126122221,0.3478994779773788,4.7783627259751675,0.08848287258624864,0.5207785252336704,-0.4005549821342317,0.32715573418009053,0.5180672445796832,-0.7898973371628396,-0.9693190845338724,1.1406627356606192,0.6180648340950949,0.23250067174500577
0.3935308901152123,0.26404526694467173,0.11199974237169372,-2.359169729076923,0.08726347859006116,4.186772225283726,0.09633193240165434,-1.3818003394569518,-0.18609342527968872,0.7387464194527873,-0.2967226748949503,-2.6924602724540185,-1.206128938662576,0.7228281981749527,1.8277495237167303,-2.6344515912954
-0.13565282918118357,0.20593803223972956,0.0005312104043981103,-0.39866369586239475,0.06491713805386799,2.2021814706769876,0.010724733871779597,0.4052616149870851,-0.0952038197190317,1.3466584237847292,-0.00405092130322976,-0.27021859758181366,-0.16826629166560034,0.391731509915983,0.8932327066725704,4.209593599231641
0.1365824069308914,-1.0399460767825928,0.09307477635652227,0.33358329359512906,-0.24699942722341858,0.21733496348056075,-0.07561576195947564,0.459140396731478,0.355294005944212,0.4312606392078442,-0.2261058854417943,0.1889809208835896,3.9234112503224554,0.2634740264549801,3.139262898685468,0.601393952382055
-0.1140703268184605,-0.4281910977731033,0.12914465744537254,-1.0442614909286263,0.39299551441443176,4.970136694322163,0.059539338091548155,0.92800669450364,0.15846047494638593,0.9700200654511151,-0.9999914997516612,-2.0744924114989725,-0.31771190945685784,0.5020149969499091,0.18267615202267903,-0.5670125549396557
0.7844121214576375,1.0207802002325532,0.07180803075694582,1.2727564879401698,0.27745069377716125,4.574543289338241,-0.021240233241374543,0.794682828709818,-0.24729080122355235,1.647734783776672,0.4033265742725087,-0.4270912833535361,-0.6762014751965246,0.07800992616724652,2.2199595922420525,0.20102158313279517
-1.8100566790545696,-2.4952098458860106,-0.015125793917157068,-1.3021606190038353,-0.1665176578144416,0.5017741785949595,-0.21357345485623702,0.38210185336871993,-0.24841629466228937,0.4232415689666373,-1.337152197934513,0.1521941612544544,2.7138925345970653,1.3770399072308206,0.20911417548637698,-1.2438764805043614
-0.6273186018276199,-0.629139869100504,0.04900377539978924,-1.9122853688585244,-0.19824004916756827,4.202106729690176,0.08148686784774131,0.8854518153974966,-0.2536040112815213,0.36516056572415456,-0.25136606922276006,0.7663900058402695,-0.8541719848276712,0.2236655266979655,1.8278423391657255,-2.2737602298308053
1.0292449123652498,0.9125895353414875,0.09816517101732845,0.5969514828662341,-0.14853204810085016,7.526201998187578,0.04111695387416439,0.9430820701075456,-0.39392641090762615,0.1371007838600331,0.8875869016348484,0.21870544597236433,-1.0655529204530636,0.87922596677195,-0.31278491889927845,-2.471616237186331
0.616832276223758,0.6186401817109947,0.01634938093033603,0.5273610977033993,-0.17130131695483194,7.61216331026748,-0.36645513787716194,0.5159003830880533,0.1268188180273546,0.2549073365034848,0.8497261557278404,0.5042527832508769,-1.3185960226194755,1.397808604196287,0.7745022115742434,0.36579910996678766
0.9303920046928661,0.9517076018592012,0.09387390465648582,1.0789425263823649,0.44823082641927087,4.999358425618123,0.12084692216187254,1.6711725310415573,-0.1749585985897163,0.4480478341474032,0.48413120023239087,-1.3957085624084433,-1.3070530733177803,0.9322991107561216,3.5479370318982815,-0.13828758954096246
0.3431232691909616,0.7585031835330126,0.05195274384161052,0.6672277450461636,-0.600902082889812,0.6988136326539297,-0.40045525134877225,0.15281556452387007,-0.10822262138715888,0.4081671073744056,0.4752376610842471,0.2538274518079579,2.615791095871057,0.8115294961741211,2.237186952571111,4.434211380075848
-0.909862984415331,-2.215008753536629,-0.005956383648476408,-0.32388063401893286,-0.49031287777894556,0.6046531032353349,0.15911802431358868,0.6742488020890234,-0.2570949662429105,0.44049715257944455,0.029203546797442366,2.7189158390124244,2.2186340818772363,0.6519129120448879,4.015066961732756,6.4376884478108805
0.9123947312053607,0.16691982293622762,-0.10877722453965956,-0.2867791892492449,0.8318075889192001,6.285486477469523,0.19179077118621574,1.176381526595005,-0.495787456965288,0.29261222932452285,-0.6208778552828162,-2.3204462238894465,-1.8594251731631257,-0.3049243199099804,0.40791935683964387,-2.9445097197420598
1.0664036059342732,-0.05453361855533378,0.0736989625132747,0.3978690956077928,-0.25054823295351814,-0.08841926245410482,0.09502566366761105,1.0325355812486896,-0.3903527440309525,-0.8177919196190271,0.9139947454457321,-0.3834738690384647,1.5956932750619317,0.2573228808159784,-0.4310231649647275,0.49319956027869455
-0.45544110749860717,-2.5566107100781674,-0.1438918893756228,-0.7464756177439784,0.2366639264532086,0.1307921672435166,0.0644453730023123,0.17056590949987704,0.14102531595638138,1.790622941671246,-0.8193669598726273,-0.09165109131419168,1.6183202008643705,1.880573427527935,-0.19835232207909073,-1.4405283867792322
0.5306977276262873,0.6790761534815564,-0.009235785070499537,-0.06802636149991172,0.3165419049546999,2.3147473977433424,0.0529218805635854,0.1670928437181839,-0.18099911046192757,1.5955357593471464,0.1872071624511592,-0.357951673671696,-0.4019950857320116,0.7022087930944709,0.8149601662711848,6.553335476213148
0.7690232973573693,0.5799969299711045,0.043343115486039266,0.03090792322672342,0.047524631756590746,4.3823348686237535,-0.1207615886244758,0.940779568912507,-0.1772990337474881,5.38104568085454,0.04633364732446879,-1.3593196834840913,-1.4043572989208013,-3.042745398460995,1.1674456125726531,0.9515220608598067
-1.8064567260612505,-2.532523864292947,0.0625151443400015,-1.461469580671983,-0.2559346845129665,-2.142161217296633,0.043996831667534764,-0.943101759582577,-0.8922424418667982,-0.2113335057281798,-3.205112754286644,0.0061788920919431676,1.5167957277015984,-0.3739077796894427,-1.1293773978044677,-0.3791631274662361
1.0020831935158125,1.069000899131305,0.0646708069747518,0.11342494079792166,0.05608370938631514,5.384207969031259,0.07548669830230943,0.5940681711901666,-0.06567149552143996,0.03127296429113645,-0.9662086823704932,0.23641161683914025,-0.8759492590234214,1.189180269344377,-0.36767280110789613,-0.9884425670597825
0.1496829235404545,0.5733724128640016,0.11412824452839102,-0.6494976537621313,-0.18135537840018498,3.7007316502810057,-0.14293787349397377,2.1932732008551956,-0.370201174568429,2.717607031899055,0.06033283904371893,0.1824886878044391,-1.0641042082518335,-1.8880994715582975,-0.12460706991950797,0.11579149147652126
-0.2984238254377767,0.3966109872333521,0.14585240363965415,-0.10333239060102106,-0.22264605984111419,2.9400870831378088,0.1143775691320315,0.5858493055994924,-0.6215527172351774,0.3822599937762651,0.7756018185080236,0.3482248864272165,-0.7537160660341792,0.5520254353696946,-0.5981719182456893,4.686774554935497
0.3441316197610674,-1.0017347825977136,-0.04113120946265631,-0.30043982367462574,0.07265385570422443,0.6171043283359184,0.07523208858944612,0.07844056216648099,-0.3538514083584466,0.5280455906365621,-1.229021658186992,-2.2135050033765555,2.2124518024138027,-0.12944955627720098,0.6186946672862589,2.6306606103203976
-1.8681688721666316,-3.4253710427546187,0.017620222755283597,-1.5443455719239896,-0.11411085752241813,0.1851748741095515,-0.04694664352378582,-0.15539797144431614,-0.05150107116076742,1.1137177205812596,-2.1589432447944734,0.9592783723050716,2.049294533465057,0.4805793133502947,-0.27989577534622256,-0.9656820230093001
0.40298219117793377,0.5982606316973581,0.08848034292267262,0.25407552954483925,-0.06515522694974857,0.7278516445411312,0.08253867871031295,0.19760995755318925,-0.2989100743740829,0.9830953831951293,0.3846699877066764,-0.2093247046100285,2.503796915571289,1.5532468689818628,0.9326119063271183,2.701412403014788
-1.0415410386793036,-2.273862171681111,0.053686787657817786,0.4206111691205426,-0.3580432510720064,-0.0205631743581282,0.07876051421099436,0.3139340124187603,-0.2947339402538856,1.6480014590919343,0.1993517654736579,1.0768410509881958,1.5181663177520595,0.4997930200985016,1.4968237897956196,-0.8611395655239629
0.7373858486588892,0.5357769604397014,0.04367652211070494,-0.21724604237405895,0.18162333303325495,2.475996417849474,-0.2503491029395354,0.6587845409918222,0.04037583857056557,1.8524953311900212,-0.13519450251176338,-1.405992483066874,-0.45667571515448324,-0.7226255767482564,1.308058825623911,7.305891166220708
0.2568720145924201,0.6927324939074035,0.18731162115537575,-0.6041130237347518,0.15524201969508103,0.19349436717136842,0.09641305003385761,0.16321343689681597,-0.39581835689556805,2.4013691804646564,-1.0272761306854585,-1.2913837763161922,3.3748832697155997,0.7741012974457657,0.22395442073194302,-0.12512523998714772
0.48415081518588754,-0.5100691064277293,-0.03183400672292948,-0.19064950762910243,-0.05181206139189054,4.019666186038022,0.07527969248082843,0.38111256090249257,-0.44173410920348233,2.199840910354576,-0.1471439646146557,1.0053914837605076,-2.3007731373975515,0.3613457330913509,0.2315657623138,-2.902256796164992
0.8542435982247609,0.6271925144360364,-0.10845517759617848,-0.03034978154288981,0.34649146743488146,0.5821643771736588,-0.16910707272878725,2.1270022294558557,-0.14502076825142976,0.6702826020207977,-0.5241494420396838,-2.327801983828928,2.1530416181782246,1.6167764331750698,0.934746682507516,0.19019369754781787
0.06454165630622277,0.2880715347746159,0.09381702942536986,-1.5705850072117506,0.2542989982350145,4.513199805718344,0.028229448799518678,0.5093134796420136,-0.29333680223239483,0.3265550111184594,-0.1639369231500326,-1.3782641943614635,-1.3313809233932745,0.6617308708017734,1.94404191801934,-3.1056774732173595
0.5047763028164847,-0.04771491515031006,0.07344284407688481,0.59102644348398,-0.20665643582269064,0.5215937053252321,0.09209150420998452,0.7002488268871997,-0.05831663057636945,1.0035125579549766,0.7106239961717613,-0.07796796062491154,1.3803936537750474,0.49293138048006985,2.0262986641447833,4.05805795591811
0.25106862573649413,0.2811386588699792,0.08461081561470518,1.3514533362956866,-0.33110377451479145,4.481149751145335,0.03271708794444729,0.33148334430948534,-0.05645192499693711,1.3883177198196437,0.1444790090688585,2.5103573145060936,-0.8831547161777287,0.6142884873498363,1.0637591228209968,-0.3298782892777356
1.3064472406106094,0.6291231415768125,0.09768896308812801,0.371383303188993,0.001514917016168626,0.5462908972652033,0.08280645269980433,5.439696581405323,-0.657698328147932,0.16390634209542373,0.7150728715236458,0.25483123416188036,2.470698690953798,0.3749964354307384,-0.07667404093096679,-0.11059114682896959
0.8249646090319507,-0.636614296980735,0.03388758183218562,0.4504349970561489,-0.14420369579222986,0.0036780510713378717,0.10530390791791679,1.7141390692219145,0.32418497864705054,0.35111822470150095,1.8615503312096306,0.897833665633112,2.4067495997233794,0.7381377538302341,-0.3538700899916069,-1.9241600177481446
0.6080541499323499,0.486219585808667,0.12886722567458092,0.38024534256385967,-0.03168827656440589,4.038891809041747,0.050428799637375364,0.4344140823466885,-0.00837260127525312,1.6569957881787567,-0.13701201517037623,0.05167418552264003,-0.9865422355082222,0.4492341557873523,2.7076068265458106,-1.9365210055712614
-0.4175230979646145,-0.8409384853159598,0.012381614712439096,-0.24255530771592834,-0.27454226592587,0.21804136304190558,0.09262916707644599,0.7432079018988201,-0.028311562234958034,0.5816341509569295,0.08429131838115025,-0.04228832659402937,3.6927669324764856,0.8272193356022258,2.434047805883217,1.2596009244677668
0.6727684102468835,0.46134905330245873,0.02093370637812751,-0.2924903754268116,0.2630188742824041,0.505384302035394,0.05235317097526091,0.3632337088921214,-0.10337857642987514,1.8009209989726367,-0.7704920379373335,-0.5498999046536869,1.4251748331781984,-0.39087931725697916,0.4967969243860209,6.1732464485439005
1.1436589120445426,0.7997449435666001,0.06391807731725983,0.7402663549907762,0.2626539154023043,0.7554653981397706,0.25984008764048505,1.5128646370323466,0.08187524209253877,1.7259158949358973,0.8484397563497557,-1.453774223443297,1.5258139026348378,0.753693440908198,0.722330346925089,5.739006724618611
-0.9468488701521798,-2.73162561653626,-0.005069999875752745,-0.305827352225655,-0.1810126181873852,-0.22491846887740374,0.045843467147174806,1.1882609107911009,-0.7812664329020181,0.5410007393676274,-0.4874448754696659,0.6081781842058175,5.0376546081890226,0.3049891157033177,-0.48393462802753673,0.3046982626589319
1.0650854065449327,0.6130379276392713,0.08949842501491018,0.18294125288268312,0.14931619984325945,0.019773832386958966,0.057293164961741506,0.6099856041375751,0.834573183753825,0.9574295668651454,0.736429753215979,-2.0832229840308925,2.605058708184193,1.2996226257798666,0.8880781942209253,-0.6076925246947354
0.00927992457586038,0.9608589310013268,0.07505256795820812,0.2650476491365318,-0.14214607996676776,4.828115538968933,0.02639068163886472,0.8220340094122245,-0.44449108620903666,0.8853553436612647,-0.43329593178570525,0.8408905639324061,-0.8896221426414337,0.5469287447727621,0.741050873213299,-1.1765381751267827
-0.3704364288024027,0.03126825070447132,0.06058560968919813,-0.544004281944079,-0.3481562222737247,0.5845084813364111,-0.18869119308681395,0.5354156024032597,0.0122272500566537,0.3610921686094578,-0.296089372660413,0.7138649825405309,1.402513182266895,0.38602715810004323,2.9721961923115696,5.680473745634482
-0.0970318476839085,0.25319909959027204,-0.014758814880411803,-0.3446869094569703,0.15116572421681015,0.7054261418297878,0.13147653398515188,0.38771019688330743,-0.0657920560423044,0.5891524131227375,-0.36956932898246453,-0.48635341325791426,2.9325797055540317,0.5889801286661028,0.48192707564175025,6.279250839251685
1.168938748938024,1.0639965789431771,0.011535226739558417,0.728909022377323,0.0020938151105207373,0.753053773311721,-0.31057156137272385,0.4770173890296368,-0.15076023357266288,1.218201329064719,0.7533952720809912,0.302659826772681,1.515307287511859,1.0380503790953315,1.277045475852357,5.496748712523473
-0.8856073265662537,-2.3169172140323013,-0.14042821036340475,-0.2607399927246828,-0.2766663599115491,4.0261370777488406,0.05130624214100478,0.8341007680424309,0.16610663400298992,1.0439881962709325,0.47947795917445335,1.2381531570795148,-0.722873039822513,0.3383322512339314,0.06486277962655095,-0.2691702346713226
0.06365945878307583,-0.9239181773502279,0.05789157120029258,-0.5875108287202061,-0.002166938194459147,0.7709868495804203,0.10782270824387483,0.3836631226598259,-0.2862569748828509,1.2862940782475851,-0.5869432531930894,1.1878832493626204,2.3574644693186735,0.49352856601662565,2.6509785654339475,4.358437333901783
0.8759556066332935,0.91640296914244,0.1456161654579266,1.0624397225853162,-0.5248868005148231,0.2644064095886574,-0.20968813685073662,0.674159607445098,-0.14864033907327867,1.6895302418029225,0.3883070435330095,0.23740952027917453,1.6819480957392807,1.0198933298834025,1.6271106914107465,-0.030918551538144275
-0.3553647188384839,-0.6633540705816562,0.032728201724673306,-0.5444706950866548,0.04710720236239132,-0.6015432745113006,-0.006594522719193478,0.8099451517177442,0.0972216407827598,0.9610686760784936,-0.4922088538012699,-1.0957447035662558,2.5209151038376043,2.08815891013149,0.031978500814930144,1.1170971611024239
0.21253114077854823,0.4569171255498136,0.03466835390553262,0.030331416790636632,-0.48464545546450327,2.3992579680312316,-0.49284708594072013,2.718739988121417,-0.21912268603504356,0.7063926626191679,-0.5554251618210377,-0.6554067626251562,-0.4158520312206901,-0.6668251897353195,-1.3973114060699259,2.5201627839703526
-0.3078043837857065,-0.5844422197712874,0.051778101899978245,-0.4448475111485055,0.11792679945664411,0.4187793331882482,0.040580771060121056,0.4812217475099058,-0.2577425956557409,0.04935195831451446,0.16041489052196556,0.1129171541838402,1.5350926747873128,0.018956192960185907,0.7728830630710981,7.013188130508187
0.48149591040935674,0.258086806126693,0.10999856256560576,0.6277191638532912,0.028039381564706933,5.3604651123819345,0.09026420201734697,0.6418098025413607,-0.13371857930115075,0.5759952815526795,0.805235395761624,0.43991818226039914,-1.1652726736496102,0.8972319999224377,3.237291261074557,-0.173030299157455
0.8249185744610392,0.970989569316136,0.04588658996257062,1.324542806258273,0.4568295177664471,4.96951051178424,0.09870888086991074,1.6763267944043636,-0.2776504938581275,0.32942056969112016,0.646895873616653,-2.0422708145891244,-1.052925988366221,0.6382685039088422,4.118348864192208,-1.2380328421943154
-0.4043915318540052,0.6106271979716233,0.1956562895137612,-0.0858675857517294,-0.21270846190019907,4.869959306026972,-0.3753791697407401,0.8571872039488748,-0.0709292097720059,3.2913968853386804,0.19454835465342107,0.1406081220985763,-1.3200745580157112,-0.34434459209065144,0.15643507046780342,-0.7560220911653968
1.9638287344144039,0.9615607918156405,0.1367693930847432,0.4407883384533927,0.2420818415540812,4.570801287072079,0.13196123593879913,1.2261932923625993,-0.09098355135694688,1.1332997457040148,0.6429680919646658,-1.1619400238609685,-1.3036283890617837,0.10415092537921988,0.09061369019642418,-0.5344997761436511
-0.5719827202674447,-1.9781197848462349,0.03369762489942831,-0.322767924797119,-0.2785655752480779,-0.06925442604351828,0.098308632475576,0.7723039797373014,-0.3385782351687049,0.23579031250916482,-0.8344068738844926,0.7060382948105615,5.806310816666045,0.49707482649777684,-0.2863352011338535,-1.3100138643794776
0.8736844677228032,0.9866163325680135,-0.05334262505730926,0.6265173598989103,-0.22667265284137508,0.9336747479693295,0.04250999980024419,0.5711037030423808,0.007748604671193327,0.6008224844151836,-0.5943758892149149,0.7399387279148566,2.901192376375647,0.4193204398404453,-0.2406042975335532,-1.5730619129585421
-0.8226051533609904,0.3110748192189792,-0.07264866390695492,-0.6286607007253272,-0.05552961286263739,7.071355611129372,0.09085436498333566,0.2874160505034274,0.2508045642467601,-0.04699878512253125,-0.41731548126528,-1.8876878107716233,-1.3402126087878523,0.9015626356017408,-0.061592270352952276,0.0946338291406585
0.797439336448783,0.7866754507080519,0.1355021115093744,-0.34425207197404445,0.22523500126565804,0.5497363347878453,-0.0038083504704559527,0.7691519307023844,-0.27041479566568777,2.01587619421539,-0.13128893073718848,-0.5306727143204036,3.3614150027572562,0.48697381193714545,0.5718522201043865,-0.6495033709709792
0.14561376045062888,-0.6013240780005413,0.09102172360777981,0.2895976786251004,-0.26395938661597085,-0.07058439480623459,0.13620497791532318,0.2939267678543184,-0.0893845618895899,3.0739554658225403,-0.3419798262691714,1.3645060323081537,1.7077481029383845,1.0472450512638645,0.5072669767586501,0.44510872518296046
0.6021107197540599,0.698182908412854,-0.2769532239114737,0.3392387007215271,0.14743231427560016,2.4000952342141817,0.05396851019276037,0.33666830429220324,-0.7478407368963063,0.20643138737382935,0.2463537237540627,-0.06358486152684738,-0.199125525179916,0.04020275539712935,1.4950580843575112,4.998581314073968
-0.24874956316180558,0.395357480745729,0.026361479431634166,-1.1801327057074602,-0.24279215721699166,4.011822056538317,-0.004826893331592358,0.8291157171480225,0.20895857546521293,1.3292508877689606,0.0964067929209898,0.4951816763078347,-0.505315046292342,0.17150738223138032,2.3118334710593738,-2.02515851005982
0.8219621028291159,0.3013332228998742,0.019517047087210505,0.4649104644970923,-0.5860823895649306,2.527268072767738,0.00953559235676663,0.31135394007788947,-0.14912081755609136,5.684004283864966,0.3001266401976383,2.150827398162174,0.26963313975964576,0.5701980711521715,-0.656418006796701,6.0173014287963875
-0.4211961437277813,-0.6129152285650183,0.009880760059606622,-1.6194119881234634,-0.2281699329224021,3.833176273933965,0.05954722306768655,0.49225562557593244,-0.08233033720429243,0.38618562891577934,-0.31360455882632826,0.31317506196530853,-1.1754629577518343,0.4831958671916847,2.1731005459492723,-1.978093677843309
0.7372290700693477,0.6218790200847957,0.016097285885784792,0.8054041942772765,-0.5308216339141549,4.359289648618983,0.1622109063750781,0.5027876738984169,0.008665079638610471,1.276053140765733,-2.259614819071042,0.9775053586870373,-1.2170594533960348,1.1086712227559987,-0.11147818802218594,-1.9125136566395524
1.1199618146431913,1.6287194505724634,-0.032714181677700044,-0.036892492656292374,0.3488225578311335,4.231876960460338,-0.16125643955318647,0.7953193585109025,0.08875741365248743,3.500533090483556,-0.04646279780613846,-0.870305687329225,-1.099172887230508,0.8517393795569013,0.4721770981024685,-1.9886460562054102
-0.06293866104227681,0.2958830568474095,0.058170473066824144,-2.025776722394051,-0.05320140491931366,4.374906842141179,0.04625057122859898,0.3385830009033782,0.15262686204992218,0.465110735810594,-1.009794825344829,-0.2978997316776141,-1.3455179777665454,0.5550828223652677,2.387879752400586,-2.473675140085858
-0.15316547232515126,-0.7417048482990674,0.14438729654380206,0.6553412656769176,-0.2702713600550092,0.49435313929935193,0.33741413406998877,2.3491377281264443,0.38858780901032564,0.787013044229547,0.02427371553683894,0.8378171748168054,2.903270927018037,0.838196752397011,4.0953486276588515,-3.876038719958098
0.153920117324468,0.3165381466078224,0.04308187491620908,-0.01785474930699375,-0.1265105267147231,6.820319416772738,0.073007321429382,0.37719050885012223,-0.21599684559197851,0.012555448868464313,0.4573239140061364,0.007600144791173825,-1.6307691104480253,0.866369619780399,-0.6163260513337816,-2.2607960708600747
0.49515296201654113,-0.15813836462420416,0.02029778627248226,0.6354553651412369,-0.22559937718426473,0.803118530215816,0.05306858558529918,0.25661963279765415,0.04601787272859665,1.0303502921114542,-0.5963675629669755,0.5604382926462139,2.4440189178262877,0.3840683109463374,1.3888593028784193,3.4419945934908065
0.49983570386876186,0.9236075322195352,0.1504820402600018,0.469229246366795,0.19305813882155623,0.756133152152984,0.00837029193346951,1.1948004907794272,-0.11595822085353683,1.9688138306691196,-0.024328858429046203,-1.730366705731283,2.87293851026619,1.8375242089996393,2.7371281511663907,-2.096069144353563
-0.618910517431771,0.32779739421347076,0.15041641303660785,-0.05717906075018886,-0.2587016215736657,4.929119717837074,0.08724551570798927,0.9428939225022881,0.29126606714973763,2.867593981208872,0.17003829020258543,0.6513414998687761,-1.3771023226861836,0.5774467058033889,-0.20269109372226574,-1.2348139666507232
0.9477483081936511,0.8924453995860222,0.033296129011090254,0.7312174388483472,-0.05723718229315182,2.661760678255091,0.0791283310802167,0.35761460407570367,-0.24584477035386704,0.25237887602023495,0.8264513054430195,0.23445324414658003,-0.4219282837264852,-0.04792543115157054,2.4171363386788762,7.837942398246028
-0.015896808606409317,0.15533238550968326,0.06012191391741171,0.10432479206502845,-0.1944340144436367,5.6770900323992075,0.12014663477357507,1.1589091047856503,0.2265067464105973,0.4712977775698654,0.9402336569398196,1.2407712279986927,-1.2959664777314703,0.7540280760409105,-0.3273662574779619,-0.5649307469579965
0.3536052300376177,0.14112484829990707,0.015046341905780532,0.15696447099053992,-0.07561835079111223,2.3629124367430445,0.10205571151753814,0.06471683256468569,-0.1379707274783114,1.5388836053464654,0.6200558097403062,-0.04160666702447797,-0.7779849100993026,-0.24744707416496906,-0.5652353287737988,4.3294985255741665
1.28647554008538,0.8203583475267962,0.12461470717334826,0.6788106941178633,-0.12484166935538726,4.869135775705083,0.06278396515218461,0.7045972547568888,-0.1315950353207769,1.8489189293277297,0.9675705848281791,0.350531164265863,-0.9572042338694449,0.5671906604279495,0.12029709851063726,-0.5131844671769296
-0.2573150526730055,0.5120238478697783,0.006638248976125128,0.3362202029148251,0.07355789766496164,2.2687622762584803,0.1015188148260168,0.10026456708467278,-0.24357156620587986,0.6050861913945653,-0.020772881954923803,-3.0428065685218826,-0.2264289663788987,1.1420601382594668,1.6559410237143322,4.682840653424591
-0.2651465235717696,-0.9022096424432661,0.05442684079600291,0.16802499760888617,-0.37833699086103323,7.522225270015429,-0.015132607335776722,1.0801673796085576,-0.0006358051412720221,0.3861256924033606,0.2117934827465123,1.1126432958290862,-1.6145007336661508,0.5884265344708207,-0.10243101135556923,1.2957875971044723
0.6299310903742553,0.6547191122017209,0.1875816825149286,0.381470467711797,0.23980566646988583,-0.00194393794493966,0.09995194631368165,1.1946697482704032,0.10566983944894955,1.452586615949481,0.005445661881538966,-1.3801543063395807,1.827584046954669,0.713812315084221,1.9435281001459572,-0.14307942294582207
0.03556681377492131,-0.28792824707491405,-0.01797873998150949,-0.30750288472902565,-0.12735480117450304,0.18269227914501743,0.07679128042220226,0.6107226944982326,-0.02762574609868911,0.18805795992825125,-0.008450575395634138,1.2723310454792285,2.3613140469855307,2.3863267841163966,0.6916011947814802,-0.7492036555318531
1.101455384210092,0.6377498502040567,0.25171590900310914,0.46918562526549706,0.17110821861165862,1.2176324886416467,0.09318026114888543,3.8428442507868326,-0.5813506757802025,2.6805224988955163,0.14858501279959915,-0.835157117992943,2.0980732412363,0.8409522687024964,0.15458587297395415,-1.8435107625769838
1.5115440645004334,0.7631851735604515,0.026122676517811364,0.6525038371262427,-0.0528033709636552,7.121930010468542,0.10967861541561495,1.254255909609741,-0.24686132033937233,0.5903894531336739,0.9229870970936698,0.04694290699915315,-2.033520044300968,1.0123461075887936,0.0787662001895801,-1.2020860539619098
-0.3552996929189075,0.6161111957036316,0.11656918150675294,-0.8755873841915812,0.17451413454307327,3.8551330309947245,0.0552499258164113,-0.9860897441519271,-0.05292004691169526,1.4021742116094553,-1.2178177783360125,-0.7368594736653052,-1.1749746926175177,0.9338219195188141,0.08835282766485407,-1.0318478948127638
-0.45088884406696117,-0.6125042060420601,0.005396250434347022,-0.9042526630290012,-0.08428064263875872,0.4872941909319123,0.02524594404322258,1.3472510102532145,-0.7501524835816655,0.43876346660358445,-1.1758603181970073,1.40396422826636,1.397938429657662,0.24423772060410556,1.0071652549561028,5.855774965365832
1.2293728977226224,0.7826940627740686,0.08211899833715033,0.9856701428666484,0.3799422015349464,2.4276717261623775,0.05623408771525343,0.9406037867964638,-0.206250165732662,0.6842783154636682,0.9712312219265276,-1.495418984006946,-0.3890811559157394,0.06102347620689564,1.8841592074540257,4.483856447012889
0.9217827469966182,0.7723706046744984,0.06684612104047934,0.8291739835715282,-0.03622431544667567,0.5791038872918547,0.09833803493918959,0.4442576392761087,0.20688604287969378,1.7501731046870386,0.7974589066774892,-0.1501684070172046,2.691350032020023,0.4221213768504247,0.05250247280638191,3.0558289323964187
1.6769294116785582,0.7186828745106991,0.11776405586749794,0.6781902685153849,0.05419547734121192,4.921067381972047,0.07320924849208414,0.9242886877744347,-0.2665400605684721,2.9326713464515537,0.5898286129925095,-0.5879162785381311,-1.3945855648957644,0.5221007159524751,-0.33178742323647775,-2.11220926170926
-0.025129121812796376,-0.9445260790834424,-0.020026921824325028,-0.38188683422428676,-0.14839879649660193,4.103880133706962,-0.023328396203032852,0.6899314164783732,0.23589444727391154,2.1970549917168603,-0.36339202376585483,0.4043795054878037,-0.9680195858446787,0.24431410952071209,1.1027589239603628,-0.5977025518690524
-0.057221926896159715,-0.750729934323025,0.08291655142738438,0.2687939248882686,-0.2687506873969683,0.5090367058342197,0.09728730815471491,0.6245710707336304,0.08499906006104668,1.25472100706322,0.5522283715263753,1.6351880489909527,4.2087159315322396,0.13782241626911632,0.10447078586636756,-0.7314483637281044
-1.1054115045341364,-1.9157401726400496,0.013909814101813644,-1.8784472099506277,-0.14974003224707982,3.2033075043467623,0.1415161434844882,0.6287498306420846,-0.33659812552549856,0.745830219070931,-1.9350508356405565,0.3087112646174217,-0.5043606534125811,0.30881962885560554,1.9947126074934725,-1.978544512097549
-0.384262767202446,0.5913561396023043,0.11650602530126912,0.45760526729388723,-0.49925884038600654,4.850016860205927,0.07817875154386254,1.447802338467557,0.22361917994598363,1.2312852732370734,0.5202169855216544,1.1852598723992733,-0.8203315486397326,0.09297943871519868,-0.13277232693371893,-0.7612427984934371
-1.0789433805983457,-0.25269044932854107,0.019000423280771315,-1.2930631553186336,-0.1303410055399414,0.1943255955055817,0.10743408102185405,0.8134277853904556,-0.19487234650809804,1.9539863089466296,-0.3772404937155019,1.006975570935753,1.5405978882240934,0.26700244232351295,1.0331179371644983,-2.2515494483274834
0.552662633814452,0.8321132164687086,0.06299381291671537,0.23529423357354462,0.10161649242832546,4.316037171601412,0.09015754820417264,0.42700273977714515,-0.5302439373716649,0.5697948916489127,-0.6066203041758713,0.05406106295956739,-1.2059143250255637,0.3245436128506627,1.0910406750367174,-1.2267504359492916
0.32724849493071445,0.3293856458039707,-0.05751568683278292,-0.6633827999204843,0.16336268174977936,2.2422359837229617,0.05688562116917399,0.16552848895633968,0.07615043488033543,1.2947771225614553,-1.2642310562230399,-0.5867624441663435,-0.12605594029733225,0.5497748905197002,1.7678790611550612,6.253192022358708
-1.342894539388759,-0.44152356929456255,0.17654770617581772,-0.2750209796631302,-0.1988150793540346,-1.3883476944430249,0.09911738656132542,1.294967467164306,0.08272852941701261,0.22997117550827606,-0.23631164964051926,0.7160708427465666,1.9218949632861297,0.7028007186059783,-0.16569246814022195,-0.14572261811074308
0.326708865158785,0.6903105973442689,0.05254527763948525,-0.07999624603347273,0.11564484403173049,2.3992202644308898,0.09773733512929232,-0.01637471953875291,-0.3572533691120522,1.2395242582857127,-0.7594614104273415,-0.6487649277342312,-0.0401963024757888,0.45040286407863656,2.5476330957522526,3.5933992457336243
-0.9927461955494161,0.06767999525440774,-0.08913786286522668,-0.7569250983124081,-0.1482011111675271,3.611491778771711,0.10936864564544052,0.8412656746125771,-0.28315260875198234,1.5726719339345454,-0.21531822173454357,-0.10982340262830512,-0.44758138781251927,0.9595016614327284,0.23733822778501645,-1.6868458836461069
0.845429331776995,0.8686637999747857,0.16395504594644592,-0.14631439527973847,0.44325425422101616,2.5898301101387884,0.03440575210466963,0.9231408221024174,0.13397447115672967,1.6602928744333423,0.26855078429604096,-1.3013680998762909,-0.14464480005806848,0.23724348314328733,0.8268626573796153,6.558885881618483
-0.43943959437818847,-4.793164858801981,-0.04687630971201736,0.07655965649191901,-0.4656147912315028,0.7447544349884855,0.15861458669110376,-0.036273583916728004,-0.9499285033933642,1.0719340113899267,-0.42744435843907125,2.1647189853328332,2.005674493537882,0.3588276509967338,2.0293181358549277,3.5020238649911493
0.4383099089516208,0.13012389660762672,0.0019082386264898576,0.5625462990324345,-0.09782658584557204,2.6483476961833023,0.08570384729684134,0.16474221315052406,0.24522767828094127,0.22911404015746725,0.42427221784899793,1.1584098305737656,-0.20161183307496966,0.5668066137883425,3.147573784866726,4.869454016173385
0.7925081334564011,0.7062168560578616,0.01725864070449797,0.4908558436493613,-0.11912105132325969,0.8615971746492112,0.07116578861663848,1.1435505552005896,-0.8140324747103539,0.09294534151823115,-1.3588787308821135,-0.16745344204716767,2.338938468092318,1.0301387769313315,1.2234035315295029,3.1306965661767987
0.9135650252291257,0.5104713202918485,0.06627249584167832,0.5271463165658576,0.27278977270321486,0.6078016152356571,0.07869250147200947,0.9418069134256882,-0.09720786178091136,0.5012839253325295,1.014965717747963,-1.2660588009517852,3.068396031488399,0.1749954293703386,0.39207250478073197,4.350260464279216
0.7082081200938022,0.5008114041700379,0.0030963232917586656,0.3696964891893236,0.04276627041502977,2.2102486337558878,-0.345488063872917,2.4874760032154617,-0.29922465529028475,1.4386756140468018,0.5359780539308711,-0.5462852549988996,-0.3067411456014328,-3.2610736521191366,-1.322721209654367,4.791554742286661
0.7151043429572242,0.7822295076066663,-0.06178926353437013,0.6785392230602866,0.18314410206436083,0.8627404840914946,0.07143688803862813,0.7299592222153608,-0.39097808839629183,0.1070136301924869,-0.16396429069435967,-1.0593183986140358,2.1452399574708276,0.8206773085294184,2.5269232176413103,5.18629742397847
0.0656340050060829,-0.0946439901311581,0.013985684992816102,0.4854145332548059,-0.46504775703541273,2.8812664563856827,0.035055660060485334,-0.13956260521133035,0.13061612877779627,0.6470543768763334,0.12001161319146807,1.3328359673583159,-0.5159912806344701,0.39140941563482257,-0.19458385336797876,5.708711751009928
0.9971517507435363,1.1666306088545888,0.019894358629060176,0.712487778891507,0.4146147541412212,4.430559698017341,0.058769286411033704,0.9308602776389975,-1.1012965948237377,1.36575784300112,0.8332801254150031,-2.5062094198302116,-0.8718047665428366,0.20798683667830353,0.11199612467680274,0.06597695682534184
0.31253106684827536,0.6535970067059617,0.19870886994844816,-0.2257983148077714,0.03679236914061202,0.7968414739129847,0.013048194778982126,0.9392366458093848,0.2182853361561357,4.786732953685565,-0.23901314252993644,-1.3064554779883293,2.163433832371991,0.47147585502432043,0.39279030253770886,-0.48692705870620123
1.3478665662031486,0.911940338987207,-0.13366871895161936,0.6061575020329637,-0.15857182520823748,4.5834971517093335,0.07090293337437487,1.125301617249222,-1.1228945691269312,0.4942117587228313,0.6659710306622548,0.3467934800305837,-1.2719922445566654,0.9906861658144663,-0.08649014432998907,-0.4073576217545158
1.231643387167415,1.705334943608351,0.061418938407091166,0.7194241921358459,-0.09780129242300484,4.2119954599388665,0.16114132300732772,0.22939648344366517,-0.42259056416761354,2.3375838881323223,0.6973821174466808,-0.325739162860534,-1.2821104842559325,0.34935611274887884,-0.21656148060891792,-1.788984718070843
0.7623993549033017,0.4979759951441582,0.12070291547860988,0.7812205404880554,-0.06336133866146346,2.957322860477986,0.09156643233155926,0.7824449484907623,-0.020625240333935445,0.5818154884406114,0.730619916410597,0.25238047104852135,-0.7405726333776651,0.30407630727107327,0.8634030493787486,3.702315793062456
0.6554028286476382,0.4208011830591023,0.01768182017292073,-0.6221144233407282,0.2622833696435878,0.39981486975213537,0.11570703811579522,2.1803676634246476,0.23218322741264225,0.5217352048656873,-0.3327775565570349,-1.376134133973881,1.3645877668862751,0.407788508801864,0.8454817396019285,4.868117102507367
-0.13783739815914264,-0.25363221956102905,0.010452374083940967,0.2508800234751613,-0.5407814498631586,2.427695894913291,0.10624217948489152,0.11865951209221573,-0.23985987907880454,0.18561872159994355,0.17219710551462278,-0.18904777748100096,-0.2534602277106674,0.5064518768076007,2.035920589530907,5.376144915529851
-0.06889716424158386,0.068217003795567,0.03646370284159874,-0.025880883330251712,-0.2675614885621972,2.42760794572808,0.12061809570000612,0.2488368846090008,0.3241400247465115,0.41150461609956596,1.0940371807060596,0.10452978194255257,-0.5532482557386433,0.6516600341575314,1.7735896600746828,4.562126066374562
1.0304248731999035,0.37521855709500135,0.08228657910545818,1.0611684291942227,0.04549465178822483,4.407814404396315,0.08438677995420144,0.17046950601016603,-0.027424930322194847,1.5300602003546402,0.09457883426193352,0.4328784524202712,-0.9933449637652864,0.5157681880358934,1.8742520792173307,-0.22083499814129526
1.2735556435967028,1.2717727114765531,0.036241412957194914,1.0238535105489013,0.4453951153314187,2.3766991763289425,0.0966667538185119,0.9649335736767993,-0.26234215967603347,0.3167365015462163,0.8429771272032686,-1.3474076591047803,-0.17264926530884525,0.3608385139035314,2.438653935740661,6.118468780016876
-0.257014040950229,-2.280606718345368,-0.06930212373695863,0.24163151886342507,-0.21208316859106494,0.6353241024703857,0.09109964988441817,0.3420739025482575,0.006767020006108275,3.522994467502164,0.5970291027175488,0.8555089411085685,1.6983589280257332,0.573178440357636,1.293711749781933,-1.3421602481882846
-0.48477134356185353,0.6296784213016062,-0.020505892677341354,-0.3156563139083039,-0.28504994125847716,0.4239815496836887,0.0713846125468846,0.5827110862337271,0.36362493182518957,2.673941474376621,-0.4451338075941666,0.9637724398994292,3.8565881937602082,0.5416008629286833,0.3351195256755006,-1.3215013878374802
0.8142094052370377,0.11520808566121737,0.052492876205361104,0.6354750015814044,0.12995131322306602,0.7882621504054491,0.11517901597552482,0.22709795850278638,-0.0349031413288745,0.8446562061518651,0.8159020319623722,0.7399645732258654,2.591540519318384,0.7522234892687613,1.636407311404628,6.360732866429084
1.3257685884338348,0.7477928355964496,0.022154084737006852,0.528411328853603,0.1534105763179334,7.867646966382531,0.0862936885713109,1.2220924123468018,-0.20406552234388647,0.3522811620455436,0.8728025703692317,0.3742972027689342,-1.713777506830505,1.6967307511696863,0.0639418903443897,0.7154996946873882
-0.18027795516102102,-0.32471611991694954,-0.05401575086810878,-0.46482261822205895,0.004336237162810033,4.078640066993663,0.05884409667605533,0.3321222011415102,0.2724809756644587,2.054259684060474,-0.05254719889684788,-1.4616920884141453,-0.5876071590385894,0.17295312145987266,-0.03745827927192098,-0.9902412021361121
0.5561987211263166,-0.6367366448079447,0.052049156242335234,0.3863732756395187,-0.3507877001593444,7.138196816811286,-0.16490577145568672,0.5067025231158225,0.27376713527149293,0.2671224177717815,0.17131108128620712,1.5206602025074838,-1.7646062437038703,-0.34592697843733866,-0.13017569152208033,0.010000394512263368
-0.12069405847465979,0.5557815119147596,0.04930296125332906,0.014344882427495535,-0.2651303728586726,5.64732494004943,0.1442761456702899,0.8533394948010444,0.22231244655675952,0.7255485812941537,0.6473742210191111,1.229354213229653,-1.3065324817597235,1.0717341071201603,0.23060746487017666,0.4514346548463889
0.6565452198851317,0.6991722378438799,0.024016438018780808,0.5705764982900889,0.15617391642161296,0.7654006548818817,0.07506534185608822,0.648034684421402,-0.16212947243296794,0.3305102755985437,0.34052227141578484,-3.158596889931562,2.341811489897284,0.7170175270321647,3.6218180373353657,5.537567035622887
-3.037210904009198,-4.283550459934946,-0.18060829719904928,-1.8725807911287289,-0.33184793403188345,3.1335124083197394,0.08178047940374215,-0.3562826303981593,0.12771210409879585,0.6912357986596949,-2.065570265413638,0.2761220769767164,-0.6171207310642056,0.044194580096001274,-0.686262784955005,-3.0636407741136997
-0.39713518444063645,0.2805938906081307,0.13620367273301814,0.9127524719727396,-0.3404350240725856,0.21785118477471313,0.05702753691658695,0.4367110453492862,0.6034498851550257,0.5618873677131488,0.8615710117627541,0.6683998841224215,4.228717102348417,0.42027778125081655,2.4592181399058584,-1.1658723203052193
0.24503402613971506,0.06348065451347058,0.037699841338689456,-0.10213561461295856,0.023107412125461115,0.5428478650366882,0.030291307157174745,0.5363184543619318,0.3294751247017519,1.831199764948355,-0.008773390431005374,1.4067383718071165,2.850964898078295,0.33699956562195,0.8599506608591718,-0.8343078218210156
0.5228959963408363,0.48649731869084833,-0.08679320532044861,-0.28387308090630486,0.08796859317444887,-0.17535326701042564,0.08855557712635875,0.9391651371577231,0.09117171014892511,-0.5240970392955148,-0.789979882671788,-0.1972019136646673,5.213058004831512,0.5416060569894299,-0.35551499477894144,0.76137171737852
0.7166905180680416,0.4963105792449561,0.05659270666603371,0.34414981143201623,0.13120000679919566,0.8310690152335072,-0.14621033897933933,0.5968181346386319,-0.2642016251594306,1.0906769941919858,-0.4102403018756582,-0.06684811549011295,2.4372755048161294,-0.8031116614781466,1.2798537718228378,2.88537336203747
0.10332799177339848,-0.059423101551359866,-0.08435930779999484,-0.2304886236158579,-0.05894233230370025,-0.013244510322854085,-0.015883947188724438,0.6515470822913018,0.18233423527365722,4.53502694037257,0.06187361659066274,0.48510626529251294,1.5840393973296565,0.12693874542943648,0.012980284043377461,-0.549450455631152
-0.5280798511279561,0.2477532147750773,0.3062835705663445,-0.6128550853977499,-0.2210572114020643,-0.7014599480214545,0.0631274916120336,0.6529154201980483,-0.04318440790531553,2.6165768094287403,0.4323683316907982,0.2620384752700534,1.4759179335564037,-0.8896514133603697,2.3543600104279245,-0.7745145692454353
0.48619915746960896,0.7067989581420473,-0.0020590581310037334,-0.05911499389063859,0.0402179496565184,5.070453630514987,0.02626652059803781,0.322072984160859,0.2226748904791058,2.3919923364391384,-0.638552301308257,-0.06792836682470357,-1.0155635190261254,0.2413268963028829,0.4769010816798959,1.2758374885320178
0.35769964393051207,0.5504652559343437,0.04485321495017723,0.7061977704493074,-0.6962871435345509,2.4266069528681933,0.03624943794895811,0.42836490706689234,-0.44987707281721484,0.668626207311082,-0.5325317004477895,0.08122651466829017,-0.15851183384151146,0.24429785971712972,1.8469175104154514,6.203283611915558
-0.2783737071691384,-0.12032379768582892,0.06746510959677426,0.35063534673775204,-0.5386330851406076,2.5868066171329027,0.08271783185164851,0.09676534910265101,0.05137292832641254,0.22642265948404636,0.21572268679355727,2.731171484163764,-0.10469694677989194,0.6155573583389641,3.3432836958800825,5.200970176759596
0.30844741621484006,0.3059674224097557,0.045801358912832796,0.21459069127981997,-0.044210946999504785,0.8302029447955094,-0.11116462612801005,0.3315031844931447,-0.07272202349578377,1.0605975806358827,-0.13686567139268382,1.017493945339373,2.206137044720986,-0.25738856215494765,3.632305118836615,4.4969376730308355
0.455280707513683,0.6690813630793943,0.012190658290334624,-0.3333275772679103,0.217665249957866,2.232187783272055,0.10896883755454773,0.8345872996511666,0.08090568417692076,0.991792506099338,0.0022893924285744423,-2.8903292509962206,-0.05363416352611531,1.0288667737228625,2.7370422751167243,6.192984015130163
0.7069581975171924,0.42003150413307266,0.06631936927703669,-0.49102354346294025,0.2805471873307825,-0.8593927742597526,0.10744906824862123,0.6097735929900129,-0.11282487006044921,0.006287959703840158,-0.5245958298251799,-0.31043119621755944,2.7442242567654027,1.1707733701948098,-0.4609016915542537,-1.2647015361129996
1.2915039657872844,0.7318550765451054,0.050107939550337474,0.5620948516876475,0.5610962763725698,0.8813064612213473,0.158032570846906,3.4059319836487223,-0.35801083475023865,0.7306523679093527,1.0823429364674626,-0.5938245320668695,3.531560634935444,2.375123906287452,1.3938067855208915,-1.365024685313397
-0.3718424362888061,-1.0088248513750595,0.1185727698358735,0.17879997817932616,-0.18826301720827715,0.1208322653378965,0.11098267177051835,0.5846566527182403,0.1619863169062449,-0.27884822549743765,1.0128989629066785,0.8992031404913757,7.110744869404814,0.25354916517779946,0.4367720492661583,-2.0291136761090747
-0.3094276006417287,0.1430209529169622,-0.20258026264557885,0.1319433748946445,-0.2476700004664457,0.4571554892391511,0.07653657039309639,0.8482370952631018,-0.015247450952488731,1.7046037479567049,0.20364378323780769,0.7251980257936351,4.077487368349131,-0.12207929572051833,-0.21220410668809048,-0.6271651705346154
0.4043830908943906,0.28577872063253745,0.24409610393638298,0.5892740064040699,-0.25260587998409956,0.1380458267194946,0.10206704601996172,0.9538515603628825,0.41841369607418477,0.5885069996331425,1.2438065299338765,0.9842193625678728,6.515831332122234,0.5981413507513063,-0.10609599255973699,-1.6465477834142481
-0.8749671104650044,0.059112119159264884,0.02568176160723753,-0.25740965029977636,-0.3673017095056938,2.979227324737594,0.09796627037286906,0.6809523642611636,-0.1189906501154201,0.21337337516986224,0.0015453650808138816,1.381712826712358,-0.32674971885047144,0.5926969005405235,0.922265265047217,5.704957214185838
0.9896878619411051,1.3552244667879023,0.04240288323502808,-0.08506120972718344,0.1644033804270104,0.2575705870324552,0.04592331417239294,0.7114642372907507,0.2824822950227306,2.2145511910818785,-0.2655771764355131,-2.065399078796503,4.338251091850517,0.3871462414103295,0.2891308327810912,-1.5550219415777786
1.146647824983436,0.3660174080680012,-0.01402328087601639,0.7236753586836064,0.3182630705178867,0.9791870292476688,0.04598034438329698,1.081971431748956,-0.01348414204111001,1.5460042657377548,0.8094219665658597,-1.6187242823997927,1.521460139174608,1.061044954872716,1.532471900624682,5.248240456232532
0.8407454051862259,1.5519600328074195,0.05896205668511728,0.20642553340839323,0.12811441487454803,0.44296461191917874,-0.32218653344150844,0.9587159399658557,-0.21925799160994114,0.6824239528640553,-0.34116400372647476,0.03389714271135188,3.2896814504362384,-1.6550237659621758,0.05959720946210207,-1.882001913817965
1.0351006940947824,0.6408588148308784,-0.13766061824453008,1.0155700379214265,0.33104102565169863,0.7322922648763651,-0.20708632843784477,2.7046896017059505,-0.1478329366830328,0.7940907094629512,-0.022827536167698226,-0.5612333246257131,2.1073824093834403,1.184066090937087,1.5151756754882242,-0.5879848703655576
0.6044610154240377,0.5312950728387974,0.040494763646948984,0.6711313645672926,-0.19349559780857017,2.983206335245849,0.11123151289242136,0.2735488993243112,-0.27819709607062737,0.425252123383195,0.7172381337971825,0.5481164025071991,-0.24227215532788887,0.5053833179310417,0.48235063077797957,6.811910483957644
-0.8093546364736497,-1.1676000430304472,-0.016364211502801707,0.0637983120327565,-0.28204879788339393,-1.417395362176116,0.07400762110483063,0.7994218097079802,0.26201161957201646,0.6605660313082051,0.6151688006172847,0.8604623670934701,1.5526210601713504,0.5520493970895469,-0.45903341051402874,-1.3395772474065721
1.0855410539048818,0.8831408264696058,0.04512646448526059,0.8053953045392154,-0.14320964938957464,5.56159683374014,0.0779447582309553,0.9324563832615782,-0.1099139291269544,0.8145377331577264,1.1294746619661027,0.2573770049205437,-1.100252911224583,0.5986302600907126,0.4151216666138457,0.41768395280657183
0.1028560375002695,-1.220869602980846,0.012215128804339082,-0.2605166629478337,-0.0789512482361232,0.6109693546202368,0.11843463792043589,0.36166254725858016,0.01405731755401442,0.4154805109246851,0.2064385336335835,-0.3144784297561221,1.8615773757435712,0.701065446134321,-0.514797992345433,-0.24300086159376666
-0.5392957420836415,0.5702131575392112,0.0859644260402472,-0.2260506894726936,-0.3376968884260651,5.018153171159591,0.07535134967755588,0.5253263265489705,-0.24170115434520306,2.943283522028913,-0.10583260038673584,0.29039531579577277,-1.1860854944797794,0.49297823497000126,-0.04881025165705342,-1.5723753513916356
-1.2121675548221555,-1.1670016991691008,-0.031110313098372647,-0.47022214169375254,-0.5173644987552564,4.9229691203053365,0.121064182116074,0.05838571186674058,-0.41346907704550534,0.6888352088530499,0.03428917240539817,-0.3171879011890008,-1.058058693617436,0.4288533323255353,-0.5725773616950205,0.34741441395908584
0.6961399668250684,1.2212817605328932,0.23648597124959775,0.2531918824234892,0.08717397862669626,0.2688174287510468,-0.1604914670933135,1.0863798348872407,-0.15128957359973022,0.92957953684917,0.16214889851967956,0.22924338852987217,6.1472657596984055,-1.071727035978842,1.0979129098548113,1.257751431960144
0.5760128833113678,0.8619142743482715,0.0064905192943455385,-0.2982731404747647,0.3870662466389912,2.5263960057510935,0.05201194116699365,0.13807396931718371,0.042847529845590426,1.7082168201522128,-0.32556109340085626,-1.0094280596690917,-0.003466389521633545,0.5013640102591992,1.151641121843653,4.393240900297567
1.0003978832087626,1.1895846064204891,0.10188178921421505,0.4855902034070076,-0.2925564054647862,0.3690277839177424,0.0521355483025623,2.269731759470653,0.6343971945060867,1.2770927610985108,1.0879563271950854,-0.7467225878303676,2.1911022007659224,0.5690930895263991,0.35018585256228474,1.6693078843387825
0.4883312030823686,0.6406177499743224,0.0593963467905247,0.2519646503668716,0.10231303546008796,4.203036940978466,0.03923179975645283,0.20000321254538284,-0.08003172822667552,1.431534806440582,-0.5817668773312324,-3.169392636214075,-1.1495512619370414,0.7113135523822633,0.34057447322781376,-0.6548613099919997
0.5823617638848827,0.2720313035737521,0.03363685652003647,0.659131805444742,-0.08244112061516887,0.8338554620541289,0.13400557842115146,0.20203110722045212,0.1213470636968449,1.342242838831821,0.2931167339706937,0.38467854267583,2.3343173567733215,0.6127549871692084,1.97474188289052,4.011754966486849
0.6211044412912516,0.4968982103438203,0.1253118355733814,0.6221915644476634,-0.4145636713317798,0.6933586347002554,0.1469304240245745,0.5358921582180438,-0.11625819595811485,1.612381234631296,0.8794971721079451,1.0166033298938775,1.6130971671522707,0.5445448060217157,1.7038487126066517,4.533555018656871
0.03360547201579805,-0.1552298232211212,-0.03653335505777953,-1.2561995458900201,0.17406319425028205,0.6652603034542811,0.08859180852395873,0.38448890403927116,-0.16232257300492223,1.4438372627378748,-0.7057586278255197,-0.3714552629733972,2.143348091515182,2.197465017957268,-0.20850168319012954,-1.9997966034176191
0.771435471381614,0.9831151014133338,0.15881151660366633,0.2527938280807605,0.1517633049045455,0.5378378107371558,0.0965471818747814,1.0496282848908296,-0.1724559060360823,1.7409795451493657,0.8294409172302554,-0.5050079962189414,3.8336143135066294,0.6545327790795322,0.36012385297118854,-0.19255107347239897
1.0694914878800867,0.8368016819853359,0.02381373999509602,0.5234979538078779,0.10658428421688651,0.40895637837639925,-0.011653077524917389,1.204084752286178,0.03500336025168195,0.40235294779735015,1.590008260674782,0.10189043758210044,5.8944008175266775,0.45548761780095925,0.13431124404045885,-0.9740930879860784
0.8077709086138568,0.9333001750383031,-0.29911458927221785,0.20497029916031137,0.2365322889196936,0.2081585697260794,0.037527154408660286,0.6717814443578903,-0.7683179419526827,0.9676071258999314,0.2463777344794633,-1.4941360467531557,3.9651470413807046,0.5496636427003434,1.8227281639082973,0.2818195235922639
0.38976662975228155,0.5278271295822612,0.0874551212891206,0.7901109282621117,-0.2350877078290991,0.18152765648183183,0.05674359910923406,0.4513718476306251,0.16175181547010675,0.7003506375091703,0.40990049753337804,0.21262445873097177,4.615905857065219,0.43842283589907133,1.9219089333967565,-0.12694324826947315
0.7719053910294016,-0.11312523430702077,0.051717365030401245,0.17341590698235274,0.04771643138226581,-0.243476012094856,0.07176825551889912,0.8456231837684935,-0.021305154217176034,-0.6583675715341117,0.20530448641440532,-0.20269934788444732,1.6201329470537507,1.3528221990026972,6.018248290457136,-2.0243214342099
-1.1142978326747337,-2.986923295904447,-0.2036464578929715,-0.5884026134717336,-0.19305901278300966,0.20167594602410288,0.03941886726546863,0.25265056956923204,-0.2620448407209369,1.6472930246218138,0.16900009642707983,0.6363634123090115,3.0270399847138005,0.06407564922198024,-0.4011451325487535,-1.942916191949083
0.3700578514362974,0.3789413081385536,-0.2444822857186136,0.5702228142485397,0.11460248473181087,4.4740954083718325,-0.2496541286585397,0.18129980263200696,-0.06878717534668025,1.574487256782709,0.29276154466415844,0.23877864282748967,-0.9894376958408788,0.824959879178523,2.0067710686476223,0.3049430369780773
0.6864237808925953,0.8999922348633602,-0.002889662756821179,0.7689724855344864,0.17016450310189002,0.8269279246693779,0.13083618955854057,1.302601379494099,-0.4132473984168668,0.40208932082827314,0.8005455507713605,0.07238358807847445,2.3465813700340306,0.7295652861133274,2.4415167002879614,4.281333810425231
0.7203153860630782,0.9537870973256051,0.024407786421432095,-0.768618956534001,0.506848174889873,0.46655004504269015,0.08831588415407161,1.1075769995885403,-0.40587634036659714,3.0327518587337234,-0.47848737747647196,-2.354578510059245,3.0425436885186006,0.31585398590729297,1.3272904496169373,0.20932802525081814
