GC_spacer,GC_target,GC_target_5p_context,GC_target_PAM_distal,GC_target_PAM_proximal,GC_target_PAM,GC_target_3p_context,Tm_spacer,Tm_target,Tm_target_5p_context,Tm_target_PAM_distal,Tm_target_PAM_proximal,Tm_target_PAM,Tm_target_3p_context,MFE_spacer,MFE_sgRNA
2.0391367381916274,2.0132864362539498,0.24496324629000157,0.9096200857021842,1.5883201333301522,1.3120533349161738,0.012097028864185838,0.3492223988157415,-1.1124044777151403,0.5290385194237284,1.4166968496302172,0.03695733482280652,0.8875078408583957,-0.049915746761093636,1.99463654382072,5.936050605686168
2.0483057390867394,2.0524290073810105,0.24496324629000157,0.9097464278010449,1.5243428958926875,1.3034500390122874,0.01359439958292427,0.35739445711801326,-1.3010336972928396,0.5407098797071634,0.23561989193105196,-0.04301001768231445,0.8370674857750248,-0.2933957683870055,2.044805014769381,5.942296233700656
1.9878869122902032,2.3073239175295837,0.24443411387381794,0.9497726069020095,1.5770919869149946,1.2959673211000815,0.02543994315839561,0.5882827558422894,-1.7153694600636369,0.6894611224780842,0.5220577461551472,-0.3799999825549761,0.8221411496894386,0.26602276689923215,2.140511063541495,6.001600333222591
2.052329436547506,1.962944679145463,0.24606822815082222,0.9135198924322899,1.415125847548883,1.1612321810137536,0.003832974333875307,-0.03488043935419692,-1.0488678328306054,0.45473058693814367,-0.04014247454298715,0.1574513895866449,0.8648026032128678,0.025474145809589604,2.4914495064948237,6.2752686960860204
1.9928165106429265,1.9604370600184422,0.24606822815082222,0.8976551083431725,1.511048370216568,1.3023813035999705,0.011782418538198612,0.13916233389917182,-1.4824384015451253,0.5713047428625655,0.5339188080282752,0.2380941142514827,0.8360580451502094,0.26816511567119616,2.2297936062002863,5.965244278486732
1.9878869122902032,2.3073239175295837,0.24443411387381794,0.9497726069020095,1.5920384673904282,1.2959673211000815,0.02543994315839561,0.5753521455812507,-1.7153694600636369,0.6894611224780842,0.5079251829333264,-0.36505350207954196,0.8221411496894386,0.26319297943122494,2.140511063541495,6.001600333222591
1.9789193673772638,2.3704570902240856,0.24443411387381794,0.9444718733750282,1.5811750242206626,1.2938295080586146,0.025675380805704133,0.1613644085081562,-1.4719738099429078,0.6647608580495585,0.618859113738979,-0.1521221746088961,0.8228511465667189,0.22326711479312167,2.1138341783292938,5.924352968261257
2.030153876099543,2.2687980601267106,0.24443411387381794,1.3907884800559727,1.5636930852292514,1.3092690067367987,0.021462859583697785,0.4770411966421255,-1.783820791568301,0.7248032580410743,1.0280634195195537,-0.3280278785978746,0.9233089086628189,0.23955054243891427,2.2687623334189144,6.240891892450961
1.9928165106429265,1.9604370600184422,0.24606822815082222,0.8976551083431725,1.511048370216568,1.3023813035999705,0.011782418538198612,0.13916233389917182,-1.4824384015451253,0.5713047428625655,0.5339188080282752,0.2380941142514827,0.8360580451502094,0.26816511567119616,2.2297936062002863,5.965244278486732
2.0581585710720662,1.9616007094723635,0.24606822815082222,0.9135198924322899,1.408358762226925,1.1600821200897287,0.003832974333875307,0.05797747768792135,-1.158226175401141,0.45812063902270267,-0.12826562343689576,0.18744499746483634,0.8647303309631665,0.02559506998248377,2.4710008500477323,6.275819747207604
2.0483057390867394,1.982174454739311,0.24606822815082222,0.9097464278010449,1.5110524671831564,1.3035757710885894,0.011782418538198612,0.14597230112339102,-1.3462242873771466,0.4838099483526305,0.6612801943777759,0.21129707595910807,0.8360580451502094,0.22124544540532776,2.2527935354094395,5.8297060995116015
1.9876606697724315,2.3073239175295837,0.24443411387381794,0.9545567314004192,1.5559618350911246,1.2966339539226077,0.02543994315839561,0.6032738904651307,-1.6581803639543198,0.6983966537236296,1.0974537577199723,-0.4397176442414125,0.8889542623722794,0.18200788229353232,2.196686649815814,6.0192158085529375
2.0581585710720662,1.9616007094723635,0.24606822815082222,0.9135198924322899,1.408358762226925,1.1600821200897287,0.003832974333875307,0.05797747768792135,-1.158226175401141,0.45812063902270267,-0.12826562343689576,0.18744499746483634,0.8647303309631665,0.02559506998248377,2.4710008500477323,6.275819747207604
2.0483057390867394,1.982174454739311,0.24606822815082222,0.9097464278010449,1.5110524671831564,1.3035757710885894,0.011782418538198612,0.14597230112339102,-1.3462242873771466,0.4838099483526305,0.6612801943777759,0.21129707595910807,0.8360580451502094,0.22124544540532776,2.2527935354094395,5.8297060995116015
1.9876606697724315,2.3073239175295837,0.24443411387381794,0.9545567314004192,1.5559618350911246,1.2966339539226077,0.02543994315839561,0.6032738904651307,-1.6581803639543198,0.6983966537236296,1.0974537577199723,-0.4397176442414125,0.8889542623722794,0.18200788229353232,2.196686649815814,6.0192158085529375
2.0581585710720662,1.9616007094723635,0.24606822815082222,0.9135198924322899,1.408358762226925,1.1600821200897287,0.003832974333875307,0.05797747768792135,-1.158226175401141,0.45812063902270267,-0.12826562343689576,0.18744499746483634,0.8647303309631665,0.02559506998248377,2.4710008500477323,6.275819747207604
2.0483057390867394,1.982174454739311,0.24606822815082222,0.9097464278010449,1.5110524671831564,1.3035757710885894,0.011782418538198612,0.14597230112339102,-1.3462242873771466,0.4838099483526305,0.6612801943777759,0.21129707595910807,0.8360580451502094,0.22124544540532776,2.2527935354094395,5.8297060995116015
1.9876606697724315,2.3073239175295837,0.24443411387381794,0.9545567314004192,1.5559618350911246,1.2966339539226077,0.02543994315839561,0.6032738904651307,-1.6581803639543198,0.6983966537236296,1.0974537577199723,-0.4397176442414125,0.8889542623722794,0.18200788229353232,2.196686649815814,6.0192158085529375
1.9878869122902032,2.3073239175295837,0.24443411387381794,0.9545567314004192,1.553988231427811,1.2956528041835238,0.021462859583697785,0.5712185854529357,-1.7284186782061632,0.6681956622255885,0.547626549205439,-0.32949833216184693,0.8233096324358044,0.2671510514930597,2.13280542728811,6.004928828956766
1.9878869122902032,2.3167633502286265,0.24443411387381794,0.9497726069020095,1.5946893998487375,1.2939910173868634,0.02543994315839561,0.37646254119517075,-1.6286602915228658,0.6882182301372707,0.6559906398551735,-0.36005078799987383,0.8221418625352706,0.27759858175933566,2.108161475441637,5.969784701888971
1.9980250016157168,2.2693577959642117,0.24443411387381794,1.5445204082354973,1.5148873840751462,1.3140226307250007,0.021462859583697785,0.734204262833325,-2.1198631780149744,0.7199902995223281,-0.5077829815024874,-0.15202367009826506,0.8187903420742504,0.3572318819534127,2.4692340826031924,6.450293170553251
0.8105894442158997,2.064886322011199,0.223190374475452,0.3602913430273639,-4.233382894524742,1.2275052032370928,0.07515804390407786,-1.4735256727363513,-1.5353198105666936,0.5201820692124924,0.4249533086241896,-0.11601979411003856,0.6548409833615731,0.1906281166950604,1.9017519679220831,5.718721066977827
1.9919889423134423,2.300695403362605,0.24490576377978215,0.9444718733750282,1.5470572827347708,1.2933015759877329,0.029084325813452567,0.36693735107820447,-1.5766991268596178,0.6403136982994896,0.8705391561908882,0.10660008833640688,0.8245092894247702,0.2528753941707455,2.0299815946908586,5.972253215673671
1.981392465045338,2.3046065617601927,0.24490576377978215,0.9444718733750282,1.4836429837297185,1.2955947571359172,0.04570277971640427,0.07648634254817621,-1.5281705208902967,0.632314386711369,0.9833542096930104,0.1887338746318278,0.82483727781461,0.34528799170434177,2.0134051246955362,6.0022499569212755
2.1620683329638135,2.363473333072491,0.23771996343682167,0.8968889317740247,1.8317768103516887,1.2683157111712808,0.09785038076761297,0.6195564062619617,-1.6103087666568958,0.579439778858235,-0.008299197753698988,-2.4137563087461262,0.8362516426796279,0.31592374308052046,1.9424963618874997,6.128366848385337
2.2403696367487296,2.333235777973074,0.23771996343682167,0.9399134578697529,1.8952843365274958,1.2840594568058794,0.09785038076761297,0.7167851322319103,-1.6097836678640778,0.5842898801045964,0.07212060005112217,-2.1700993533834945,0.8370159524791495,0.31318965501492074,1.8014969322605965,6.323184672111416
1.9534606752086645,2.5734194944308526,0.2226754717586786,0.9449736589637562,1.6244406853754232,1.2867568909152143,-0.002346608319998022,-0.15878907997559713,-1.407687576175752,0.6647514884916913,1.0663018798623891,0.6656581808556323,0.8411117357079674,0.5513322601840478,1.9718868668389147,5.946760127479557
2.195096720933977,2.332867837622208,0.23801195482372223,0.9399134578697529,1.9514415010770614,1.2957267314652716,0.09147867506417966,0.8563047720642796,-1.5973064424781798,0.5986363129764547,0.5123052613803957,-1.187518384306267,0.8465823262092714,0.3856934899163002,1.607199560187769,5.980202579315237
2.1691854583185317,2.339023649543353,0.23771996343682167,0.9399134578697529,1.909133590935752,1.2718283776372705,0.09785038076761297,0.6140962296107642,-1.614747695320126,0.5742753402722622,-0.014692586884383234,-2.3079541915529314,0.8407738885653525,0.30335574169858964,1.8123890914926954,6.2317043463302415
1.9534606752086645,2.5734194944308526,0.22266124205926838,0.9448693436116666,1.601120877981784,1.2867568909152143,-0.002346608319998022,-0.15467587010739262,-1.4077918915278416,0.6626652914355811,1.0658911111278582,0.6880794732189256,0.8411168880309752,0.5460687243985769,1.98039657907966,5.943013930057649
2.2403696367487296,2.333235777973074,0.23771996343682167,0.9399134578697529,1.8952843365274958,1.2840594568058794,0.09785038076761297,0.7167851322319103,-1.6097836678640778,0.5842898801045964,0.07212060005112217,-2.1700993533834945,0.8370159524791495,0.31318965501492074,1.8014969322605965,6.323184672111416
1.0778896802239415,2.290155647142446,0.21919216780656978,1.1520230561730684,-2.265953253477839,1.2610521226384193,0.07898803931388194,-2.6781835417314213,-0.6813060402364216,0.5637479681752289,1.1835340098052478,3.866401641987143,0.7434672354037507,0.2927347500223789,2.156020886308381,5.781753792215985
1.056269421961009,2.073815638744937,0.2193714669757589,1.1393122548473498,-2.886574771619781,1.2421211421662464,0.04322648025219936,-2.0868725125032888,-1.1957288190256325,0.5537653930790275,0.9257556702255587,1.8925355738411014,0.6835883403935298,0.07691745013994823,1.8507475696306117,5.858606677094679
1.981392465045338,2.2966404296894978,0.24490576377978215,0.9444718733750282,1.4836429837297185,1.2955947571359172,0.04570277971640427,0.08412207102177506,-1.49756632231491,0.6410829644993137,0.9933754325665953,0.21574470162035844,0.8234385336051864,0.27019281931031125,2.0133295330065177,6.002745042585397
1.9845080489634088,2.3648834476853726,0.23560577983536835,0.7507225560137639,3.016916923555284,1.251388286907552,0.09788607655334879,1.2505663448133095,-2.2932752087724433,0.2655175100842683,0.03442941411066952,-5.332555664548444,0.8122528299301848,0.3186913035454741,1.8896615831392929,6.034360456794377
1.069038722050178,2.0727345651368516,0.2193557490849757,0.892168457847799,-3.089891706479616,1.2280606635771016,0.038648595312753505,-2.0816377868410565,-1.1303734904236151,0.5455938309532643,0.8509336903856056,1.0739522168951336,0.6192463510340698,0.16431132690051892,1.8186238392641008,6.071549060147255
1.085875427309212,2.0866111799244558,0.2192671011552967,0.3639306356272568,-3.6086774494658638,1.2156264921443982,0.07515804390407786,-1.6490654368126383,-1.4750819606275818,0.5586657133270824,0.8294205036744277,0.9938619651509484,0.6754908251846928,0.3021177406259373,1.9232700352949315,5.611330200685977
2.18131994696045,2.369625812625871,0.24065441408822047,0.939047297172429,1.1378752813454729,1.2974188072105364,0.09101742759108555,0.693122050981427,-1.6975281751385023,0.613733603763622,0.6725075185433022,-1.3129948534886777,0.8124747898751852,0.23911832801870514,2.0367864674950367,5.972294454378406
0.7382145631792223,1.991484336287838,0.22320460417486224,0.3603956583794533,-4.328584052730618,1.30408293584682,0.16344143584487303,-1.3432833794996484,-1.5717377244820938,0.508764063904299,0.46405300527500976,-0.6790068734543099,0.6561266771036643,0.07763199291547387,1.828982211454877,5.862805250074756
0.8105894442158997,2.0762496713275653,0.223190374475452,0.3602913430273639,-4.235790021079098,1.2265859636448504,0.07515804390407786,-1.6663757849640208,-1.4935102960398212,0.6291189219881249,0.45598611688204754,-0.1330629102848287,0.6523308223332249,0.2769106044155417,1.9040922857941707,5.652685492085932
2.0586779225643728,2.327971534617426,0.24065441408822047,0.9390477066078382,1.062646122779974,1.2983999569496203,0.10391635415157133,0.6853922054587849,-1.5678432113114573,0.6286039289328988,0.7596139490702942,-1.3176551448701173,0.8108112785288915,0.29121012534706087,2.156897666897885,5.9045811789578915
-0.6491079026804303,1.5648487032583789,0.16869902509699594,0.2697847395596906,-1.9507693339109662,4.858805386245238,0.06643793372432255,-0.06656914721866929,-1.629053236138635,0.4550826543215244,-0.49340291918590445,6.334589150582699,-1.7610326944488934,-0.007025854217160612,0.128667793793389,-2.521330537221162
-0.7510516082159775,2.227459039185995,0.17696128610974124,0.3124703471615882,-2.1003037068974946,4.896764208381335,0.058947147371614925,-0.1820312131864496,-2.343726891671226,0.15356825292533355,-0.6835070569409548,6.966697157305038,-1.72653017486515,-0.06863425953889142,-0.06601583424449786,-2.5707959743917446
-0.6609022395802804,2.271056680472905,0.17558210772609195,0.3124703471615882,-1.9926549999134098,4.897894228537587,0.06224455380507126,-0.35244551720152634,-1.3360226718857378,0.4435380110181869,-0.9586533193001764,6.623470134263947,-1.7174215355981317,-0.01489791589196228,0.22559932658821236,-2.771815966403622
0.585281156844888,0.8470293922924323,0.23613554040051196,-0.06651863625335173,-1.7663404542215806,5.555024008412623,0.017303834332977275,0.9025356360670038,0.291839942013648,0.4334243012899938,-0.032587668220464217,5.8507366585307885,-2.0345972846172775,0.1111936846691886,0.187994016599201,-2.4398160413347654
0.585281156844888,0.8470293922924323,0.23613554040051196,-0.06651863625335173,-1.7663404542215806,5.555024008412623,0.017303834332977275,0.9025356360670038,0.291839942013648,0.4334243012899938,-0.032587668220464217,5.8507366585307885,-2.0345972846172775,0.1111936846691886,0.187994016599201,-2.4398160413347654
-0.20851716369548248,2.1131976092767677,0.13707801237981132,0.2741460653720637,-1.8831047383952468,5.572826013394352,0.057699489470300847,0.6124683898629222,0.09000236132484493,0.46196470992010386,-1.0882404116691142,5.918476019141365,-1.9450337961890238,0.10433384337201373,0.20545677720212424,-2.7641585414376566
-0.20851716369548248,2.1131976092767677,0.13707801237981132,0.2741460653720637,-1.8831047383952468,5.572826013394352,0.057699489470300847,0.6124683898629222,0.09000236132484493,0.46196470992010386,-1.0882404116691142,5.918476019141365,-1.9450337961890238,0.10433384337201373,0.20545677720212424,-2.7641585414376566
-0.7200329066368434,2.2261008000485814,0.17696128610974124,0.33655515493393756,-2.0294958307747786,4.903109442138791,0.058947147371614925,-0.2384064704750608,-2.1375355155857374,0.2941752614113882,-0.5881443188950667,6.788473105991327,-1.7594551110779935,-0.0667728857817655,-0.17811590794968973,-2.4972579010009355
0.6554951384824386,0.9526171286046439,0.2346317480052917,-0.06624211472203546,-1.802180822834189,5.5653352819533275,0.016941218935492806,1.1641654045677652,0.6038077656081792,0.4826187351546172,-0.06290833469894604,5.256575976976728,-2.0604484260314293,0.13325791957179967,0.1736642702491993,-2.2803547423371606
0.5859611461826354,1.4736502360305006,0.23613554040051196,-0.0665195943004177,-1.8211165237262052,5.555204281028942,0.054199777748064046,0.9260562735604935,0.2232972798340401,0.5861229506559046,-0.22919538442048415,5.646602714026039,-2.049054775966199,0.0791110055638538,0.16569672697636567,-2.3708680251153944
-0.6491079026804303,1.5723607252544913,0.16759404323617527,0.2697847395596906,-1.9562691169162467,4.859039441720188,0.06641881544315495,-0.3548153887940155,-1.6395253758158979,0.47778156706147934,-1.2418980148670287,6.454921873808925,-1.7622173905978402,-0.12532392630277678,0.32598629446941013,-2.6060486588744065
0.6511509001511209,0.9527660247380925,0.2346317480052917,-0.06624211472203546,-1.8000466960988808,5.5653352819533275,0.016941218935492806,1.1393057549548367,0.6578728047621742,0.49367581475957634,-0.00919512795305606,5.262191201364725,-2.0603432339999164,0.1166832162429617,0.16934042022752316,-2.35709106583551
0.6511509001511209,0.9527660247380925,0.2346317480052917,-0.06624211472203546,-1.8000466960988808,5.5653352819533275,0.016941218935492806,1.1393057549548367,0.6578728047621742,0.49367581475957634,-0.00919512795305606,5.262191201364725,-2.0603432339999164,0.1166832162429617,0.16934042022752316,-2.35709106583551
-0.20851716369548248,2.1131976092767677,0.13707801237981132,0.2741460653720637,-1.8831047383952468,5.572826013394352,0.057699489470300847,0.6124683898629222,0.09000236132484493,0.46196470992010386,-1.0882404116691142,5.918476019141365,-1.9450337961890238,0.10433384337201373,0.20545677720212424,-2.7641585414376566
0.5907690847197467,0.8591846867281329,0.23613554040051196,-0.06651863625335173,-1.716736858934802,5.555024008412623,0.01665926843546852,0.9567004092570992,0.28712264349074074,0.4249821045231831,-0.04293954931719395,5.686880238128325,-2.034530238193745,0.14836106634586751,0.18700670037323508,-2.437769862302958
-0.20439441235326547,2.192365157413121,0.13707801237981132,0.2721231143596525,-1.8891955224733845,5.573067105098864,0.05780203950563012,0.6150324667492643,-0.053681862354069486,0.4540022099605343,-0.8050766161004421,5.896410966899803,-1.9607690493304493,0.1180838156099338,0.18861976467554573,-2.6078540388602662
-0.7517505068216753,2.2254174599951977,0.17696128610974124,0.35829265943528293,-2.282358459953027,4.901765688090102,0.058947147371614925,-0.5888952337702373,-2.2152071575417667,0.3341151892400221,-0.3179631316548734,7.18620682593597,-1.7128792202310208,-0.18250872721528702,-0.2954475038659835,-2.4981179910311795
-0.6610939835976235,2.264702229793909,0.17558210772609195,0.3124703471615882,-2.095165720514446,4.897957795013903,0.06077892998690752,-0.20871612830566383,-1.428573358510613,0.425105718175374,-0.5557975199544332,6.748391039825981,-1.7572057120369249,-0.021048465364012368,0.01317332459741765,-2.7227733357193857
0.6337923147696094,1.4902538046854406,0.2346317480052917,-0.06624211472203546,-1.8000466960988808,5.560405622767393,0.016619727014481427,1.1116662412707023,0.12506534581008605,0.4937945734291773,0.030236371280422076,5.2663086176980025,-2.0520813036360623,0.09900213896625557,0.13716554448857116,-2.3135957882427345
0.6530484199048897,0.9633246506846277,0.2346317480052917,-0.06557073854780605,-1.801872844222073,5.5653352819533275,0.016941218935492806,1.1352098197698788,0.6847233229149338,0.49031813522777523,-0.10049792467836222,5.2317175130218105,-2.06176779570643,0.11743602556651879,0.1468398177263623,-2.4233891236194234
-0.20470008378032772,1.7108214923551872,0.13707801237981132,0.279981746083311,-1.8859142583046589,5.569029707779431,0.057699489470300847,0.6605026339689664,0.6227324561951377,0.30375755175502,-1.0053999108116713,5.941658571727961,-1.925671047050756,0.1382270310513238,0.24376507351250015,-2.707804298251062
0.6573327016029865,0.8330974840901746,0.2346317480052917,-0.06557073854780605,-1.7938465386340285,5.5653352819533275,0.016941218935492806,1.1826077990885886,0.7795432055990922,0.49427079428977694,-0.19591133440332736,5.2765720674945955,-2.06176779570643,0.13954501542681652,0.14649727972626866,-2.422850661984004
0.7648893086546407,0.8880889108820623,0.2346317480052917,-0.06508855474488372,-1.7944638898472371,5.562961415082748,0.04577366443181276,1.287033302049918,1.2846633252528585,0.5228886165309681,-0.4852520611776524,4.908778248008762,-2.0538242841248495,0.15896950329909457,0.08387526217050655,-2.245148278850965
0.03222556559591254,1.8614372663778802,0.13731330011982978,0.2747684130940798,-1.8956414812178703,5.606844987900874,0.057699489470300847,0.8791889559524636,1.16283064332528,0.7410275851915804,-0.13344690756310812,6.065996978478017,-2.025042880764862,0.09359317797338315,0.2950308795986251,-2.5736488561998523
-0.20477543300156584,2.098804108139833,0.13707801237981132,0.27995402854431334,-1.885908518291765,5.573243148366221,0.057699489470300847,0.6164818955608847,0.06676618047701863,0.45907473993640346,-0.8046032996985518,5.923649861192305,-1.9457286525550965,0.11951396445143284,0.2024887826103668,-2.710125156401629
-0.656488773839744,2.2680639985245747,0.17558210772609195,0.3124703471615882,-2.0628480521414705,4.8976601730626355,0.06224455380507126,-0.13239735171745898,-1.206791360501589,0.4632073811205159,-0.3588285938513042,5.918817882324871,-1.6880142630106119,-0.12284931403423813,0.06286597474654204,-2.7094666506192455
0.021438171432048642,1.0439550819506127,0.1300262411247121,0.2763641850168008,-2.4852993998805846,5.592752236718894,0.057944724887377126,0.42731965334605837,0.5446854789269587,0.39080782566665295,-1.1166840808380056,6.17755349713945,-1.9931995853066018,0.08865633775941716,0.20008438085136118,-3.023249883903204
-0.2524249329431759,1.5970018691203312,0.16869902509699594,0.2658675204781803,-2.052792583345546,5.565138248272478,0.06127931178697098,0.1434457437753115,-1.306674257578983,0.5137904104054493,-1.222963385472541,5.334147038028885,-1.9486640092722445,0.10493978374052627,0.12272232696884088,-2.8765434346087884
-0.00145889652122094,1.9499106065612304,0.10092763799203741,0.26782381203432765,-1.6620095849895211,5.591795989628031,0.057822542367860386,0.6968464807910417,1.049604896214132,0.4755752358120833,-0.8856130768387334,5.709701826485623,-1.9954724333930143,0.12880289965933703,0.30923998173174944,-2.800174779773722
-0.2908002757524774,1.7991128018983933,0.17872105860766316,0.13319176693334853,-0.77874808626791,5.523905225439571,0.11113091169767025,-0.1758241903039342,-0.7863337999159871,0.8856822340135492,-1.8899183163695499,1.5229608461204922,-1.8240200116670608,-0.1529074931060963,-0.015448394237565815,-3.657623072593848
-0.209128223042957,2.112772295586818,0.13707801237981132,0.2741460653720637,-2.00017727322832,5.572826013394352,0.057699489470300847,0.6032279477431293,0.10164186000228317,0.4618535087764364,-1.092536838720883,5.396539587935997,-1.9450329417910652,0.10874397184666695,0.20380872942038608,-2.9611348438017906
-0.26501903529068566,1.6137544139802216,0.17751525248546488,0.17081888537529788,-1.2796851729073644,5.53855289282267,0.06594250238095664,-0.2015596245876607,-1.1336582057574331,0.8840142177773069,-1.9944446069402775,0.6299274156748503,-1.8293903611266993,0.0008811000401483007,0.03416325956222382,-3.762448125410078
0.021723306795998914,1.0439550819506127,0.1300262411247121,0.27636318740796884,-2.4852993998805846,5.592752236718894,0.057944724887377126,0.4286992424050651,0.5459970129041873,0.39260695353562414,-1.1158566411811772,6.082530440515166,-1.9934404368311378,0.09216964546926192,0.2856484542034439,-3.022665185133464
0.06597386112415356,1.6129470663860983,0.20125432654502504,0.3491344931786582,-2.426764516745677,5.553762169003802,0.04773493808733554,0.48486162867909777,0.23594712196490628,0.3747437810481189,-1.1353438334328962,5.969405678138053,-1.6191088562709548,0.01850819187262828,-0.0007366186220293603,-2.8193137320453516
-0.3817954573431176,1.1764965989484835,0.16869902509699594,0.26874222393142383,-2.6761225365441383,5.538962939123169,0.07753819860901788,-0.397423102742334,-1.3896470716291802,0.5013878723880469,-1.2196556296155443,3.9600374719060287,-1.9286499217483952,0.1230246423056713,0.12405323729330979,-2.8718879773592176
-0.00145889652122094,1.9499106065612304,0.10092763799203741,0.26782381203432765,-1.6620095849895211,5.591795989628031,0.057822542367860386,0.6968464807910417,1.049604896214132,0.4755752358120833,-0.8856130768387334,5.709701826485623,-1.9954724333930143,0.12880289965933703,0.30923998173174944,-2.800174779773722
-0.260209210207973,1.5878482722828038,0.17751525248546488,0.17081888537529788,-1.8373525774683561,5.53855289282267,0.06594250238095664,-0.32624156536190463,-1.366591448616536,0.8759905522068607,-1.958010509438779,0.5882597024650209,-1.8287953173266065,-0.036364589217942125,0.04596601252432509,-3.7652473447852026
-0.2908002757524774,1.7991128018983933,0.17872105860766316,0.13319176693334853,-0.77874808626791,5.523905225439571,0.11113091169767025,-0.1758241903039342,-0.7863337999159871,0.8856822340135492,-1.8899183163695499,1.5229608461204922,-1.8240200116670608,-0.1529074931060963,-0.015448394237565815,-3.657623072593848
-0.209128223042957,2.112772295586818,0.13707801237981132,0.2741460653720637,-2.00017727322832,5.572826013394352,0.057699489470300847,0.6032279477431293,0.10164186000228317,0.4618535087764364,-1.092536838720883,5.396539587935997,-1.9450329417910652,0.10874397184666695,0.20380872942038608,-2.9611348438017906
-0.26501903529068566,1.6137544139802216,0.17751525248546488,0.17081888537529788,-1.2796851729073644,5.53855289282267,0.06594250238095664,-0.2015596245876607,-1.1336582057574331,0.8840142177773069,-1.9944446069402775,0.6299274156748503,-1.8293903611266993,0.0008811000401483007,0.03416325956222382,-3.762448125410078
-0.2908002757524774,1.7991128018983933,0.17872105860766316,0.13319176693334853,-0.77874808626791,5.523905225439571,0.11113091169767025,-0.1758241903039342,-0.7863337999159871,0.8856822340135492,-1.8899183163695499,1.5229608461204922,-1.8240200116670608,-0.1529074931060963,-0.015448394237565815,-3.657623072593848
0.06597386112415356,1.6129470663860983,0.20125432654502504,0.3491344931786582,-2.426764516745677,5.553762169003802,0.04773493808733554,0.48486162867909777,0.23594712196490628,0.3747437810481189,-1.1353438334328962,5.969405678138053,-1.6191088562709548,0.01850819187262828,-0.0007366186220293603,-2.8193137320453516
-0.3817954573431176,1.1764965989484835,0.16869902509699594,0.26874222393142383,-2.6761225365441383,5.538962939123169,0.07753819860901788,-0.397423102742334,-1.3896470716291802,0.5013878723880469,-1.2196556296155443,3.9600374719060287,-1.9286499217483952,0.1230246423056713,0.12405323729330979,-2.8718879773592176
-0.00145889652122094,1.9499106065612304,0.10092763799203741,0.26782381203432765,-1.6620095849895211,5.591795989628031,0.057822542367860386,0.6968464807910417,1.049604896214132,0.4755752358120833,-0.8856130768387334,5.709701826485623,-1.9954724333930143,0.12880289965933703,0.30923998173174944,-2.800174779773722
-0.2908002757524774,1.7991128018983933,0.17872105860766316,0.13319176693334853,-0.77874808626791,5.523905225439571,0.11113091169767025,-0.1758241903039342,-0.7863337999159871,0.8856822340135492,-1.8899183163695499,1.5229608461204922,-1.8240200116670608,-0.1529074931060963,-0.015448394237565815,-3.657623072593848
-0.37651726647600825,2.0250665656753886,0.17630518192381722,0.21658161803249268,-0.8346208872151822,5.585473899249695,0.07506916848848959,-0.13739509194128796,-0.753644724896588,0.732851351325027,-1.3215066969751168,4.502459045306441,-1.761886265090576,0.07143167787932526,0.02664364713332048,-3.0318549131458377
1.9712190653505959,1.3061207551030676,0.24553909573463858,0.7433475761676976,1.439294756913055,1.2069000721934091,0.012485525262535107,-0.3944828282796069,0.033081633239929305,0.6637706395449705,0.29282880168836634,0.4794357945813314,0.8802377637466634,0.1190968717462432,2.4102117416037943,6.118638536001998
2.1862495453131756,2.0311646716226472,0.2411835465044041,0.8922305321405732,1.1461594783757634,1.307660789090863,0.08156056303112648,0.7724072177355463,-1.397314387643385,0.5675241505692186,1.3567362240524248,-0.820045842868115,0.8680711197111433,-0.06817181954913701,1.9543833112804085,6.048585498722805
1.9555319319748359,2.307269412606089,0.24443411387381794,0.953638406545092,1.554577231238864,1.3004064281717258,0.021462859583697785,0.8656681940735216,-1.9588817951672988,0.6692466860047644,-1.1536296730359965,-0.3141245312114285,0.8217426488509362,0.29890978867716905,2.320713272275416,6.184402944193646
1.055354874003638,1.1115553799678066,0.21994731642039592,0.854023175208244,-3.350270493684086,1.1487247997591676,-0.03183362626429295,-3.0762702171979326,0.07859747667599616,0.34557299054409657,-1.0799837407208095,1.0977016880483828,0.6937140878072272,0.17775513256662218,2.225812989054818,6.0803972261454335
2.0586779225643728,2.3153587528682467,0.24065441408822047,0.9443484401348194,1.0323022570891451,1.300178071178657,0.10391635415157133,0.8864742615438171,-1.6530194570343666,0.6719397910316356,0.5682201859880256,-1.3214991829912737,0.8089083280629467,0.2755867521386712,2.189247254997743,5.961631842958927
0.9926414583615859,2.534627299979359,0.21884233455957527,2.2264981489067597,-1.6440712815892597,1.3392432531158533,0.055182711125962576,-0.9795267735006319,-1.6862922052588092,0.7083033282466019,2.115631726148803,3.4898928339122626,0.7648639339698803,0.3469560748800361,1.6064507860507673,6.321306298897823
2.0175486611460594,2.2681228206667154,0.24443411387381794,1.2972946661187972,1.756481723777288,1.313858251562347,0.019195219055092253,0.8249917153660082,-1.1891851095725656,0.5302524739757959,-1.9207550617636826,-0.1641069774934577,0.8977871383185216,0.46455823769003557,0.9744087865713167,6.338718600944345
1.889337266368993,1.2122462371843516,0.24521796181143177,0.7543018989727869,1.4330436288852832,1.2048402248448726,-0.03944100751240868,-0.5400737188026689,0.14294346582849796,0.6920801400403263,0.5056642643985334,0.2624329103121222,0.8946160425080532,0.015541800699215092,2.469755479497633,5.972874924566828
1.993870111767347,1.9752700052769596,0.24653987805678637,1.0476671094355636,1.2221412723058254,1.1946910814605611,0.02409581089188393,-0.3251874435718162,-0.676150820537816,0.7256429909666785,0.13575487861809116,0.4663500360859424,0.8737758114719693,0.2240099939827152,2.5662794757811245,6.333913781145209
1.979540021223797,1.3131666749072572,0.24612201830859162,0.7543020904106111,1.4016568104800997,1.2048402248448726,-0.0346908275667152,-0.555818127041588,0.0009255739660648213,0.7100769580881705,0.34882285537576374,0.2121689844809703,0.8969092921496613,0.1128330093050674,2.4517251600056036,6.040458125395711
1.0693193462846236,1.6521220906034197,0.21976801725120673,0.8439797920343898,-2.784972950000259,1.284480955202969,0.080480144713154,-3.7931924073178953,0.5542658483278587,0.41158918334420486,-0.42428207282389563,2.868343979587738,0.6934102155674362,0.46840260881750984,2.0436798314471245,5.460086220496742
1.96646954438392,2.5528843465653654,0.22266124205926838,0.9549542016370576,1.512943371563699,1.2892016379667772,-0.002346608319998022,0.08762395006867747,-1.4149952985494745,0.7215221779004769,1.489683292646306,0.5636749778615305,0.9046228486276102,0.45683274063466384,2.0674256156062105,6.009025875466543
0.8103632016981278,2.077003446297107,0.2230657247254292,0.8633303928604913,-3.149549590066337,1.2818302384770097,0.07515804390407786,-0.8299547342298321,-1.5038176574806683,0.6730605859420614,2.0682088541953965,-0.17465438992377086,0.7178091663623267,0.30456827062173986,1.9709664220656327,5.7760525139103365
2.1419965894254287,2.36085289760274,0.2388249452976423,0.9074581944361249,1.9122336461762768,1.2677838698145039,0.13855555758920646,0.6477391430231446,-1.5159181207727714,0.5304586836176248,0.06642697003441568,-1.70571844439409,0.793098299208943,0.4438776584685363,1.8753486879593022,5.83995776502851
1.9810735606717855,1.3212501700950785,0.24612201830859162,0.7543020904106111,1.4501247369311923,1.2048402248448726,-0.039693690856683804,-0.5863473469234373,0.007204842460159962,0.7085136140871596,0.293051762584577,0.21601038589602203,0.8967316151965954,0.11303443724898526,2.451422475621859,6.037090466763635
2.0350867744318895,1.990645258586716,0.24653987805678637,0.9096200857021842,1.334300411258473,1.3135846172573482,0.03213628893665437,-0.2179833154450843,-1.073093555837203,0.5287268584024983,0.5989091033776813,0.554970154390031,0.8445410630617762,0.2833835921098066,2.0813870291867156,5.797797472910784
2.2570002868142818,2.0286021818897564,0.24228852836522474,0.8961303388706789,0.9387283889377787,1.1556895742644173,0.07322821097727283,0.6211190627882209,-1.3769343495164297,0.3743664528007391,-0.22428705477344094,-0.7907036639586154,0.8452936098159134,0.07991640963713152,2.3505733477992177,6.4235661175717755
0.8839404252996289,1.569472981932599,0.2242953563362726,0.32577199867249135,-4.476429370006622,1.2907576544262003,0.07584830822101661,-2.521754738255149,-0.47811674927521647,0.4693168787836466,-0.36239692571558096,-0.2833696154810685,0.6759483045783479,0.5075987211428847,1.970963780957189,5.401350782750155
0.6229196224983692,1.3773352317087348,0.2241707065862498,0.33306770182803386,-4.563490278887383,1.1417929171416585,0.06780783017624616,-2.5079006267300037,-0.3020556421460892,0.3685699085225231,-1.1532003878257806,-0.36105711480284725,0.6976606986100817,0.35419962226543256,2.2767309138405576,5.992488873336035
2.1698141264433173,2.46760522262446,0.2388249452976423,0.8530939339576967,1.9670908245089707,1.140231285231249,0.09613529162319734,0.7832145502900782,-1.4623701888534058,0.39633872191825364,0.16031325243653802,-1.1897869107087882,0.7714587565367792,0.19151998886321428,2.2222279042027906,6.4116561858532215
1.9939750378559784,2.2446999303875597,0.24490576377978215,1.5445204082354973,1.4670248869927305,1.3154281809898731,0.04172569614170645,0.44551551661528066,-1.2527026661744514,0.718176450908224,-0.08449134903629195,0.6506826726264029,0.855835027843488,0.4488019817895277,2.3704991629781897,6.5055150929654335
2.1620683329638135,2.343494485929121,0.23771996343682167,0.9604537325095396,1.783685737365391,1.2671852431718844,0.09785038076761297,0.6242617626593023,-1.6013254521021085,0.6306187345246085,-0.05760833216748279,-2.3909106707236427,0.834349405059515,0.30067080066301793,1.9089657392709998,6.146284108205801
2.1914917063304005,2.3357282649315487,0.24065441408822047,1.5645454898065652,1.0269721847822117,1.3186112770536924,0.09101742759108555,1.0540446359645452,-2.481782459887679,0.6192024283055748,-0.9242243529753063,-1.74999829268815,0.6664650431382112,0.23849185344812854,2.343428217483518,6.7523831547395154
1.085875427309212,2.084003018804551,0.2192671011552967,0.6263488733454325,-3.0882174317223527,1.2441429774018637,0.07515804390407786,-1.3023766662016714,-1.4686317324270184,0.6174338390347052,1.2636060088965573,0.9616764251318681,0.6735948860004832,0.2964935129720177,1.9242432556605784,5.68607596761302
0.9325108585877527,2.00373909478333,0.24490576377978215,0.35901583327614695,-4.753643301217589,1.2324315158075896,0.1530547129054822,-0.905202530539216,-1.5707730698895324,0.46487133920838036,0.08521997775812591,-0.9475539120415597,0.6378852251101432,0.11352917323528182,2.22064424354615,5.919804686261473
1.9666957869016917,2.5757908235647786,0.22266124205926838,0.9448693436116666,1.601120877981784,1.2863108338237568,-0.002346608319998022,-0.26944222286037806,-1.3491215667150007,0.7583152264149493,1.0733943518690563,0.5415442706705114,0.8386130254385304,0.65966569059704,1.9787522457803988,5.917882830783387
2.195096720933977,2.332867837622208,0.23801195482372223,0.9399134578697529,1.9574305193507162,1.2957267314652716,0.09147867506417966,0.85866912447936,-1.5373979437252616,0.5981857179729448,0.5100144726428298,-1.2662876683989999,0.8420965293679447,0.38913091637198965,1.6210960431071644,5.98060326517363
2.0586779225643728,2.3350206959219793,0.24065441408822047,0.9390477066078382,1.0356786640942814,1.2983999569496203,0.10391635415157133,0.7435076773442197,-1.5672997593709075,0.6286976463653203,0.7486951831182581,-1.1766006713330885,0.8119677396716791,0.2854684617886158,2.0136838703635522,5.883410126445621
1.056269421961009,2.073816550654359,0.2193714669757589,1.1393122548473498,-2.9131154308555915,1.2450088139472795,0.04322648025219936,-2.084334839389498,-1.181081543530209,0.5600292884342887,0.9237420774031484,1.9223874104195282,0.6853784178525145,0.07638035784300096,1.8229873286148324,5.857478920773282
0.6299809513624071,1.6587009377471202,0.21957407546966515,0.4247620778804075,-4.859799078070225,1.28145132383269,0.07939171739655958,-2.712391903602299,-0.5015574447065764,0.4819134346948825,0.9057505088967419,3.223635875315554,0.7469077174531275,0.3963940897264354,2.3001792089661275,5.831722361570545
1.166832599633211,2.1424676697105514,0.2192671011552967,0.6048931140236531,-3.2558076396738627,1.224744727720628,0.07441015437443609,-2.053179224565402,-1.1098003467821431,0.5555161891141459,0.9186900744324102,0.991566814439314,0.6437433553082704,0.19545743821689332,1.8807380587127691,5.8814867379736935
-0.06991161822446275,1.5687806947885725,0.16869902509699594,0.2743653137534724,-1.9393952764579212,5.587698968399839,0.06127931178697098,0.4064041516523666,-1.2573217227108455,0.7563202851234322,-0.16783867808869243,6.164895294221073,-1.9771396671710093,0.08456177988465491,0.14912779920995664,-2.642591490531045
-0.4720276725754925,1.9955083987387499,0.1396467936240332,0.32294742984332875,-2.7213323991217195,4.860979663930084,0.06503979246359323,-0.4708652661155424,-0.3678577547897426,0.4084462465363513,-0.6411527875838956,7.957196619592201,-1.701340063107609,-0.2590635648226188,0.19944365138556314,-2.8975541123751243
-0.7516626675634521,2.2270337254960455,0.17696128610974124,0.3124703471615882,-2.217376241730568,4.896764208381335,0.058947147371614925,-0.19127165530624307,-2.3320904008690357,0.1534570517816663,-0.6878034839927237,6.444762230037295,-1.7265278165295674,-0.06422413106423838,-0.067663882026236,-2.7677722767558786
-0.740928132465716,1.5158069062631663,0.17872105860766316,0.14009632759333115,-0.7910319505284175,4.810060641557812,0.11852640762254024,-0.7872362184517758,-1.4004562042232318,0.616124139286581,-1.6254035952364596,1.3674401727396182,-1.61301497738739,-0.19787173748893408,0.027490509793282943,-3.5626655055342877
0.021723306795998914,1.0439550819506127,0.1300262411247121,0.27636318740796884,-2.4852993998805846,5.592752236718894,0.057944724887377126,0.4286992424050651,0.5459970129041873,0.39260695353562414,-1.1158566411811772,6.082530440515166,-1.9934404368311378,0.09216964546926192,0.2856484542034439,-3.022665185133464
-0.6610939835976235,2.264702229793909,0.17558210772609195,0.3124703471615882,-2.095165720514446,4.897957795013903,0.06077892998690752,-0.20871612830566383,-1.428573358510613,0.425105718175374,-0.5557975199544332,6.748391039825981,-1.7572057120369249,-0.021048465364012368,0.01317332459741765,-2.7227733357193857
-0.6491079026804303,1.5637514291891303,0.16869902509699594,0.2697847395596906,-1.9507693339109662,4.858805386245238,0.06645539044039941,-0.0663332965396619,-1.6295704853099944,0.4545950651272562,-0.3470217256530766,6.344104843886692,-1.7620671135683383,-0.005035008598697954,0.12947031081598132,-2.4989434871806586
1.1765768311256048,0.9098745760274941,0.4449629670526782,-0.3450357491473989,-2.013766047005098,5.6047869248992965,0.03230620228620816,1.7875268621967901,2.6519453195795863,1.735478483766393,-0.17894114491799223,4.587022553851951,-2.061414761944103,0.1528060087485679,0.23503629320059755,-2.345260112602295
-0.9624894231881204,2.3595275466483723,0.1789952551304918,0.34810608965785117,-0.5884893994323022,4.819256974120703,0.08972952381282351,-2.083466490168249,-3.6590035355986124,0.49164106384261574,-2.12473624248514,2.2630057567788513,-1.5623235934628266,-0.2379874271619302,-0.24490484715106517,-3.3716905534535706
0.669597762979754,1.4298195782356091,0.1364032185443058,-0.22058008260786302,-0.6046822540077647,5.50752601039978,0.06973667783166036,0.4906585289646628,1.066032373596247,0.8274177559425956,-0.017947986762646296,1.8252938355414592,-1.919900487603377,-0.12407321138205044,0.16267587326074448,-3.2468410094495597
-0.7595987117926564,1.7043945000962972,0.1776160767468425,0.14009632759333115,-0.7816011900975052,4.810294697032764,0.11850728934137264,-1.3514009155873068,-1.5216353003789036,0.6518007293877869,-2.102257596225622,1.497629276987028,-1.6131653744445458,-0.29647115079146874,0.23149342470615691,-3.6287224568598258
0.8048548535595071,0.7305660054571773,0.19064592575750836,-0.04913488807614747,-2.431758626565246,5.567227971054574,0.017227430040111184,0.7339896788009783,1.962121839863019,0.5227929394927596,-0.15202569519192818,5.427247429185959,-2.0109749674700583,0.130957879131392,0.05859863517596578,-2.8198091357822594
0.7615381916418674,0.9896702537832816,0.16273763716912423,-0.06476117141410831,-1.5688215868543796,5.565256693351108,0.017064271833052338,1.1097733740362832,1.0847359764261082,0.48321283205493815,-0.06331031811046176,4.500108392876135,-2.049282151088362,0.1304102031215696,0.13959016973582816,-2.5087700924359306
0.03222556559591254,1.8614372663778802,0.13731330011982978,0.2747684130940798,-1.8956414812178703,5.606844987900874,0.057699489470300847,0.8791889559524636,1.16283064332528,0.7410275851915804,-0.13344690756310812,6.065996978478017,-2.025042880764862,0.09359317797338315,0.2950308795986251,-2.5736488561998523
0.7777286879463594,0.8801901193643912,0.2346317480052917,-0.06508855474488372,-1.8133885188872207,5.5616016079954695,0.04577366443181276,1.3142220937413673,1.2835974201069593,0.5752810594995742,-0.38560709093516177,4.885134818005086,-2.034571495382444,0.15645751710603173,0.12040455615786934,-2.25117392777401
-0.20439441235326547,2.192365157413121,0.13707801237981132,0.2721231143596525,-1.8891955224733845,5.573067105098864,0.05780203950563012,0.6150324667492643,-0.053681862354069486,0.4540022099605343,-0.8050766161004421,5.896410966899803,-1.9607690493304493,0.1180838156099338,0.18861976467554573,-2.6078540388602662
-0.26127730459676896,1.599359969055885,0.17751525248546488,0.17662684854754748,-1.2824889528038828,5.538970027794539,0.06594250238095664,-0.16111154240166647,-1.1639209953940333,0.8815864802375108,-1.5491152018125363,0.7787252693352594,-1.8300874552304165,0.01449011156575415,0.024342431442840963,-3.709176533469269
0.4505554208590863,1.616780128317099,0.1363792065579504,-0.1341747322495199,-0.7445031027162499,5.566799405941544,0.06250738011879971,0.609728364528968,1.1803916449274323,0.8098705228113703,-0.4342208691403607,3.877525041156146,-1.8018930125980221,0.1676134511725102,0.25285300492293245,-2.603143497516164
0.42732795625785197,1.1267647508880005,0.16847308774897635,-0.18342850385195827,-1.1524610929021537,5.503027658281843,0.036573469835219856,-0.15387430182331005,-1.4455291536859896,0.9361560996134215,-0.42389209402077915,0.7907195280124505,-1.877690971189303,-0.03385391357216193,0.04272077537511892,-3.407139611701269
0.42732795625785197,1.1267647508880005,0.16847308774897635,-0.18342850385195827,-1.1524610929021537,5.503027658281843,0.036573469835219856,-0.15387430182331005,-1.4455291536859896,0.9361560996134215,-0.42389209402077915,0.7907195280124505,-1.877690971189303,-0.03385391357216193,0.04272077537511892,-3.407139611701269
-0.9653293126206952,2.0996476983987127,0.1789952551304918,0.3699699362580574,-0.4772109235315059,4.82880240484099,0.06788235940050011,-2.406289146334331,-3.760880458276202,0.5361279778291161,-1.3662577225037793,2.8267167298531253,-1.4496821976847867,-0.3583458757781888,-0.35266593374676386,-3.4025167257540274
0.4481458160196669,1.6087502765387396,0.1363792065579504,-0.13465691605244223,-0.7405793254900812,5.545911267389433,0.03367493462247974,0.4545156892323965,1.2382482732076787,0.8250361495132723,-0.09642932208862567,3.8201173122683274,-1.7988927323882928,0.1397932966579586,0.24233774223149393,-2.766208350055003
0.7020883819439864,1.4836435214745418,0.13519741242210756,-0.18269476815001887,-1.1005123589350594,5.49899026096241,0.032954106097562594,0.40131794858982806,1.1747650855773668,0.937838897862411,-0.14616528235389173,0.9062475233356747,-1.9179546851849028,-0.04952977081118066,0.16163633117243587,-3.344953410736875
-0.2200130779982595,1.543078040737375,0.17751525248546488,0.17662684854754748,-1.8450033247644069,5.538970027794539,0.06594250238095664,-0.1544364088458165,-1.2065159869465905,0.7864845290160594,-1.7121393409928836,0.7502314003955812,-1.8305212906288115,-0.020955721110471098,0.031141243287029698,-3.709176533469269
0.6524373605574151,0.9628993369946778,0.2346317480052917,-0.06557073854780605,-1.9192533576672617,5.5653352819533275,0.016941218935492806,1.127153026447884,0.6896773076673381,0.48758631840174393,-0.10444659316524266,4.717836786262013,-2.060897750769896,0.12184615404117193,0.14519176994462418,-2.6212076201108765
-0.2200130779982595,1.543078040737375,0.17751525248546488,0.17662684854754748,-1.8450033247644069,5.538970027794539,0.06594250238095664,-0.1544364088458165,-1.2065159869465905,0.7864845290160594,-1.7121393409928836,0.7502314003955812,-1.8305212906288115,-0.020955721110471098,0.031141243287029698,-3.709176533469269
-0.06878594612698008,2.223477946471126,0.13707801237981132,0.2747605654786826,-1.8825541222056013,5.593944467046507,0.057699489470300847,0.7569116815843614,0.07017661712408949,0.6670675832008442,-0.06648617854673809,5.981612370434191,-1.96830782442534,0.09140109084825529,0.227622250724397,-2.6371738022776547
0.825246497134159,1.0440518831378698,0.37481477691102083,0.006273795293320416,-2.4453823124170295,5.480634126799057,0.038697911840142894,1.0279214174049287,2.6632715614636426,0.7019602684431822,-0.47189397461103916,5.036808500502429,-1.5404872991732477,-0.0033865510259168292,-0.1577524366408932,-3.019953924530601
0.6536438817565231,0.9582235398033099,0.2346317480052917,-0.06557073854780605,-1.792630399749083,5.5653352819533275,0.04577366443181276,1.2733482748258427,0.6872093377875218,0.49485307345989477,-0.3113311314243159,5.257299339825605,-2.0635931351483547,0.1468416385840567,0.1717094264990298,-2.4123912361972675
-0.647527792334384,2.599765589378274,0.13958260355278188,0.31395109903169105,-1.776826018913806,4.898300945630365,0.06470628741494615,-0.18667117108698245,-0.909112893045033,0.5164582105460757,-0.5920730487088266,6.513143624595262,-1.669882951326709,-0.03854451822551982,0.10344673775060831,-2.7803339966875087
-0.2415386308810328,1.609741330548593,0.18131387605559734,0.16968591775503364,-1.8267248359736472,5.538700113676114,0.06594250238095664,-0.1933206432844175,-1.1432695614617636,0.9124392794930583,-1.9930243491186297,0.36722496073577426,-1.8538809530781113,0.0173327151366253,0.04869493561781734,-3.7815981885741445
-0.260209210207973,1.5878482722828038,0.17751525248546488,0.17081888537529788,-1.8373525774683561,5.53855289282267,0.06594250238095664,-0.32624156536190463,-1.366591448616536,0.8759905522068607,-1.958010509438779,0.5882597024650209,-1.8287953173266065,-0.036364589217942125,0.04596601252432509,-3.7652473447852026
-0.30226107838623745,1.6929321420740353,0.17815694380854744,0.13319176693334853,-0.7756244809480104,5.523905225439571,0.11113091169767025,-0.1753871466852996,-0.7132862447694762,0.8856822340135492,-1.892852882299576,1.5044109697028374,-1.8238154348705744,-0.09222571917596412,-0.015448394237565815,-3.6554276078005965
0.8847481293337333,1.4613669459253635,0.223190374475452,0.32577199867249135,-4.510101525058142,1.2906319223498983,0.07582128398278447,-1.759443878927116,-0.8116791350300027,0.4898998329951184,0.5928002173359179,-0.0834151344013384,0.6674388535061164,0.12490921518208854,1.7988203637030087,5.469335917922531
1.9101647201985756,2.49445349515874,0.2193714669757589,1.713782291600699,2.373620502547986,1.2342086473914466,-0.039065415202393185,-0.5501862818439227,-1.416626932399234,0.8039195956507678,1.372052909100621,2.098820295555584,0.8563763013302974,0.5479227670747099,1.9880815363514177,6.121131528577602
1.9928165106429265,1.969300164676879,0.24496324629000157,0.8972319286925731,1.5285688623453477,1.3034500390122874,0.01359439958292427,0.35207971935193316,-1.4287290061507938,0.6370748910774108,0.8304940702181965,0.0032173370340028234,0.8370737842109283,0.08016535489550973,2.1597621547665846,5.963218827099663
2.0793623321174666,2.0629065463391125,0.23974023566830827,0.7759766370453834,1.9243942130215916,1.1386234205019425,0.08362874760109701,0.960672466116621,-1.3738335980089036,0.5850910736657724,0.479066151941675,-0.7057835473376084,0.8454968738563843,0.05642484365192047,2.0965889839788314,6.37760549790779
1.9993395720707392,1.9693783651484347,0.24496324629000157,0.8972319286925731,1.567642627198019,1.3038097378247175,0.013358961935615745,0.5578666666909884,-1.5107352393432705,0.5887621375636974,0.8426543596807914,-0.25684774678719974,0.8384418009755693,0.1430281147002508,2.1413481526783484,5.982381611659488
2.046309795752967,2.0551035165878164,0.24661357476351825,0.9110755630796952,1.109098447585916,1.3059090984066335,0.013023062683773628,0.5464615258102172,-1.2581888680532811,0.5133255569155293,0.2561922377459287,-0.6426047194704976,0.8481621871363634,-0.28885000592999516,2.117856182805176,5.905009700343188
1.9872409336834005,1.4515125964982747,0.2469260360112687,0.7433565458632704,1.3284425263233497,1.2069790256997919,0.015294896944316726,-0.6739821632682008,-0.3892436304691337,0.6660429474341891,0.29648425682861396,0.5550415985146737,0.8984262269707854,0.19373254765094805,2.334372473539031,6.156718101079223
2.038202495974034,1.9567427822576267,0.24653987805678637,0.9135198924322899,1.2887030138173194,1.162637731278626,0.02409581089188393,-0.19072377666395002,-1.1592147155267947,0.46060932104430435,-0.053030159349700914,0.5160273584825218,0.865420717696118,0.12541207646155766,2.3765997350943153,6.329962579219326
1.9809055173732244,1.9636346910342557,0.24606822815082222,1.0476671094355636,1.34856410603739,1.1569135658216132,0.003832974333875307,-0.08664738365515148,-1.1382209440301991,0.7141803063762838,0.1729557922581909,0.11603491961886889,0.8691520303735576,0.024419180635178842,2.468205036165969,6.275641380402393
2.2570002868142818,2.0286021818897564,0.24228852836522474,0.8961303388706789,0.9387283889377787,1.1556895742644173,0.07322821097727283,0.6211190627882209,-1.3769343495164297,0.3743664528007391,-0.22428705477344094,-0.7907036639586154,0.8452936098159134,0.07991640963713152,2.3505733477992177,6.4235661175717755
0.5788251905496321,2.1579039321146603,0.21957407546966515,1.3578526242084348,-3.981341481720101,1.2855593978561284,0.07889700547343483,-1.9491554650096494,-1.3371001068475241,0.6883913035510265,2.525485440836945,3.6719465628776686,0.7906872391487717,0.4134923617623817,2.390739409745075,6.182624360185512
2.063684120855929,1.9995518689883394,0.24608444234733462,0.8939068700436404,1.0085424580210682,1.3074504244025769,0.0921891350267237,0.6953889550449723,-1.3411182481909083,0.6139331337718291,0.48017552096045624,-0.9995318552822798,0.8098300963288362,0.03538630993063816,2.1530704553126547,5.92279213465624
2.063684120855929,1.9594969644129232,0.24608444234733462,0.8939068700436404,0.9932392421901848,1.3074504244025769,0.09195369737941518,0.6940406597928593,-1.3580162377649596,0.6143900213451065,0.7874932372113859,-0.923493376696546,0.8013340453585608,0.15755070024169712,2.1941706763739948,5.925359373013253
0.42701809386775424,0.3612529013810106,0.2186139706287416,-0.08453080142299281,-3.904538560345472,1.1117586168476352,-0.01144503146781186,-4.144244263975148,0.5750199266657601,0.6359661455189302,-0.5888855838793486,-0.13023695554784848,0.6206619591475679,0.23170807779255265,1.9748460315949679,6.142045535503991
1.9876200741801513,1.320204903628306,0.24659366821455578,0.7543020904106111,1.3354732259110178,1.2039525939615607,-0.03604930820162686,-0.7616358955857088,-0.02833148887450318,0.713064320356762,0.2707538315380142,0.5323148087880311,0.8972039858522347,0.19565494276138715,2.358456134840799,6.06631879615278
2.0488842520155623,1.3563000409121306,0.24267468631970707,0.7609554854043522,0.780868760343196,1.2120774066616793,0.0901269252824355,-0.17621007489879048,-0.48541043381776244,0.6528763472101689,0.3594982370360754,-0.6491272554411155,0.8496498531616138,0.14074823371800887,2.4750419943181687,5.967579823671863
2.0502548378950087,2.2483391655363385,0.2446546585221444,0.8938976992531006,2.0746895701976102,1.2975543836026964,0.12457430501784737,0.4693315026159939,-1.5324548153953588,0.47810437725263916,0.5208071237908253,-0.40562398613317197,0.8011855799091556,0.3899345613166118,1.814587324991475,5.6087673763507375
1.0945835221478908,1.5077814141967492,0.21994731642039592,0.8537961254962579,-3.361279690438118,1.147271658272492,-0.03641151120373881,-3.10002067055973,0.17658707436442284,0.34895270314477944,-1.0941503588174089,0.9086952315158977,0.7384091238736317,0.19893108269785886,2.128346616892295,6.106432020731863
1.0828409211314378,1.146166531623974,0.21994731642039592,0.8312691821464955,-3.4483124101829277,1.2835127954566488,0.04014070071202553,-3.21587468599644,0.14229149688199405,0.41334018742672773,-0.5540210489541084,0.8448041643812817,0.6699311390034053,0.34140396641719284,1.9031444576686458,5.547805960166317
1.9852161862873043,2.308689817845986,0.24443411387381794,0.9545567314004192,1.5597148734934996,1.2966339539226077,0.02543994315839561,0.6042909414035031,-1.5203221011388208,0.6915181826863127,1.1063752095381654,-0.4810056395629096,0.8874067486410718,0.07344641831226051,2.201246378243867,6.022460303390462
1.067955441761702,2.292195571721387,0.21919216780656978,1.3095437303182271,-1.6967133711670395,1.290647116632397,0.07914111667278735,-2.4710803885927115,-0.6792046912339397,0.6232808919457414,1.6853610434710502,4.659498528823322,0.7787740122687568,0.30854835475034326,2.385404059731977,5.938807746323558
1.069038722050178,2.0724244660685534,0.21935961864701956,0.892168457847799,-3.0812974903127333,1.224744727720628,0.038648595312753505,-2.0798723449319603,-1.1222706176637938,0.5521394304889441,0.9310041263319275,1.2107781837592058,0.6433219307303827,0.16431132690051892,1.8405831015483562,5.863339350281851
1.981392465045338,2.2966404296894978,0.24490576377978215,0.9444718733750282,1.4836429837297185,1.2955947571359172,0.04570277971640427,0.08412207102177506,-1.49756632231491,0.6410829644993137,0.9933754325665953,0.21574470162035844,0.8234385336051864,0.27019281931031125,2.0133295330065177,6.002745042585397
-0.4275917212705628,2.749542770848483,0.17696128610974124,0.47022437470229844,-2.576300661727019,4.921774019961606,0.0669973544020247,-0.8120012551458193,-3.14781040687755,0.32144308412524475,-0.43526328075441495,7.177698026539721,-1.5707702536801043,0.010708972304862016,-0.23675231513869888,-2.7416158539527737
1.2239426240130076,-1.2705966000070195,0.2876691730245293,-0.682365303414083,-1.9304009036701226,5.644737676304875,0.10269877502179654,1.4348359279400493,1.6148939041432508,1.49780695440876,-0.90516669368564,3.649492399446564,-1.8702155083998022,-0.24639696592912347,0.3282042450852183,-2.293547596849819
1.162381791631283,1.0354532273723642,0.44069809970139,-0.33600670341847994,-1.9569077539781958,5.611573961284679,0.09810504422119823,1.745071259978189,2.205027362786899,1.3294546030807832,-0.033668161596053445,4.477246317129071,-2.0061536300901626,-0.037329622520971946,0.23716591987779112,-2.5952853645413465
0.6694381911680658,1.6608567071998301,0.1364032185443058,-0.2198395113512215,-0.6081395624896114,5.504434794767169,0.09856912332798035,0.5871890380318859,1.2565231394588268,0.8528678301514997,-0.40735128824392197,1.994488046780946,-1.9229314870250132,-0.09435676231509453,0.15340704665332486,-3.18615658528438
0.5800992674425101,0.859092193277685,0.1649074549801989,-0.08416260348862166,-1.942789508448073,5.599899293250749,0.01665926843546852,0.9351941408688834,0.23646866052467277,0.5432661685255677,-0.02264164860076416,5.125153308711667,-2.0338379927472863,0.14188945834691488,0.1793065374680372,-2.6426733456446145
-0.8185376348318765,1.658898539314197,0.18010023699131247,0.14009632759333115,-0.7903177716164359,4.812430526706318,0.11669462500724764,-0.9939110835411293,-2.289701388183633,0.32158775057617056,-1.2569351646415194,1.4131251934890365,-1.612329269557922,-0.22262661532995992,-0.04965464681498732,-3.3913204380215283
-0.656875633431716,2.4564812234808717,0.13958260355278188,0.3380360982418647,-1.8017366914474737,4.900739556990286,0.06090198288446706,-0.28883545156834023,-1.109887225064105,0.6004008108782248,-0.49430571203228096,6.709152223072906,-1.7115280956234502,-0.004523749740082831,0.009968159924928032,-2.823525603402115
-0.3817954573431176,1.1764965989484835,0.16869902509699594,0.2477095166571943,-2.691053079980333,5.538962939123169,0.07753819860901788,-0.39141647825744336,-1.3940551350851547,0.5034645984437769,-1.2716783511919258,3.974140336274825,-1.928653103904054,0.12291166076961947,0.11712172185307601,-2.7946324773939093
-0.6437937902465293,2.517491278493549,0.18181398254699216,0.24019455006536586,0.19155977178103753,5.550464001975948,0.08366794666368768,-1.921729809535781,-3.5726272010603144,0.5282539639501435,-2.2517168510683656,0.46450114196346765,-1.7095021361151255,0.05198980862960224,-0.16094971176057038,-3.911472577599724
-0.6587500257889036,2.314782950169715,0.17520020006299655,0.7315281526481312,-0.2792577363768534,4.890390092817266,0.08213666801194155,-2.0983685007972865,-3.4493963822016793,0.3529087416854359,-0.4942020652111213,6.140223739368396,-1.3606982074063558,-0.07998909078586734,-0.21424893409569265,-2.7932152797184
-0.07021728965152503,1.794294370844019,0.13707801237981132,0.28267157618635347,-1.8867857063535893,5.5836615710804045,0.057699489470300847,0.7956454597713883,0.7908044255267699,0.6675168929449744,-0.1344160404020194,6.032410464974379,-1.9301769847974024,0.1057268589556844,0.2761595604216248,-2.71311815595053
-0.7042399463275733,2.186675033680276,0.17641027062464423,0.27460150497072155,0.6530144649377846,4.928977656626252,0.028788074880278264,-2.441659959122549,-3.83890804260366,0.5653022463283291,-1.9858918721850851,1.842827556232242,-1.4590621934586019,0.04156565096017659,-0.17832748603981757,-3.611649791634458
-0.47442317598925926,2.1563418724437557,0.10003771641693196,0.28044288788650157,-1.476630299846838,4.860826227626732,0.06992940176671086,-0.5527673032429168,0.14417090820303916,0.4540232836379141,-1.0697348326098888,7.565064755738596,-1.7030524477724216,-0.1662017571762332,0.6699044307408956,-2.908170898572179
0.550435888266616,1.5931529339946202,0.13655408875876968,-0.23392823178626213,-0.7140058874853692,5.507701850119037,0.06973667783166036,0.37651529730839906,0.26612585794583193,0.7437255480620615,-0.08461939182000791,2.447637520042025,-1.847579520245873,-0.08913526978037756,0.11581226551243767,-3.328398894457681
0.6666963004874185,1.4289793369267014,0.1364032185443058,-0.22058008260786302,-0.5960688064385226,5.50752601039978,0.06973667783166036,0.47565744474458294,1.1520097087212562,0.8436750028100728,0.034279793504844204,1.7786926236684917,-1.9200962346769683,-0.14175089760018622,0.15842327533262862,-3.3224467881646427
1.11998682043287,1.100365684647045,0.22902450804766142,-0.3888270496459798,-1.5578223601705803,5.623005817512006,0.04538472394548898,1.1546779144674593,1.802402207851615,1.8350475875222514,0.6707732096767637,1.0723198801560312,-1.9556336103392509,-0.1471289658508875,0.2763950931990279,-2.9694253717274117
0.024596694563744397,0.9659504763513015,0.1300262411247121,0.30165909951408676,-2.4847084485634503,5.593169371690765,0.05667289302784443,0.24378160187256853,-0.14517860135188745,0.4385322399927952,-0.8220735246437815,5.947825588572925,-1.9514951278291688,0.10288103318085888,0.45441188886057204,-2.9575196179187233
-0.20500547170073993,2.191939843723171,0.13707801237981132,0.2721231143596525,-2.0062680573064577,5.573067105098864,0.05780203950563012,0.6057920246294713,-0.04204236367663138,0.45389100881686684,-0.8093730431522113,5.374474535694436,-1.9607681949324907,0.12249394408458672,0.18697171689380762,-2.8048303412244002
1.2198483154925353,-1.0374794438882604,0.21720526037118057,-0.4222099286741238,-2.4169123254298057,5.629577356366853,0.02942674553694519,1.1240435701831173,1.5858848608669553,1.0282472337500062,0.5174333274482218,4.197973713319233,-1.638607229257945,-0.19617823378549648,0.03523249353104616,-2.327240698802848
-0.5224550177854073,2.19543439427443,0.17778944900829355,0.2073525505192581,-1.8387550780604955,4.83969421850883,0.07241082114914019,-2.0723705143306637,-3.7798697219840305,0.4762931720143078,-1.9754636279433277,0.8965012046148906,-1.559002253475523,-0.03217942149400495,0.019299924412983983,-3.557425782803687
-0.35987686589331563,1.426178015349004,0.17893133250417737,0.2674916707022119,-2.449259533209854,5.521173028344954,0.07506916848848959,-0.43132118510749706,-1.6613432014476712,0.6632298635229664,-1.3659948795460386,3.3902205257257902,-1.8863794555931872,0.18336657973663112,0.28912566997526556,-2.912399228090717
0.05258777258904806,1.6097096961399868,0.20125432654502504,0.3488579716473419,-2.434382741165213,5.548380554649032,0.04773493808733554,0.48019697739846323,0.209198070903121,0.3753839987427543,-1.1240373614678523,6.002331043034485,-1.6180425148013569,0.018021644149407514,0.015606742617679628,-2.8197954201582887
0.23318904010957514,-1.1123678718088026,-0.034232218258051,0.3517424539809557,-6.771106385391139,5.5200375321378345,0.04747104683689235,0.5640461969527524,1.1267895324602009,0.3498701985066328,-1.426331681254294,6.783369806217764,-2.3511636550229382,-0.06125117646258827,-0.21341151143735476,-3.4294142615151513
-0.3823695763574124,1.4183423704143276,0.1765394678066868,0.2674916707022119,-2.4464714153881615,5.521173028344954,0.07506916848848959,-0.3973889339577103,-1.6707971874881833,0.5352995333653776,-1.247632504563822,3.7597615420881003,-1.9458748207578513,0.11135810126367386,0.2092046084517121,-2.9099445397921744
-0.3760940454199741,2.2277633604125815,0.17630518192381722,0.22121378035019806,-0.7909173652469901,5.585880616342473,0.07506916848848959,-0.13993750921459974,-0.32937158892320884,0.7321529434054757,-1.3094680051705807,5.136248419010354,-1.6518772764247276,0.07146762782092776,0.04569237228330079,-3.0242590619440475
1.6784616213520012,1.192821953023177,0.24088593634141345,0.6267073431969625,1.1895748692876316,-28.39613794179879,0.10120944405346348,0.33952436437113676,-0.6783462758801057,0.5935461548198667,0.4113477071046144,-0.2726360081247358,1.0117529307317543,0.019934800523003785,1.5193946211201441,3.23527197486417
1.6784745799762284,1.0597051048612598,0.2410021968732646,0.627046406460935,1.2021460389939418,-28.395798878534826,0.10118403627343918,0.21934602030126682,-0.5365883072331552,0.616729900324866,0.40618722546162117,-0.24921955705276885,1.0247079511788684,0.10445377348137723,1.5485628143586094,3.165374189260775
1.5768205611300241,1.6693704777876426,0.2405185004651669,0.6059403769307423,1.3572734782075222,-28.52202017795972,-0.14663369074342367,0.385633237837466,-1.2199912030470026,0.8960085182472342,0.38843098581447666,-0.27473283166858825,0.973451972583002,0.9693028221739136,1.3250959364658275,3.163922265033963
1.6687515882594728,1.0827790019772157,0.24088593634141345,0.6267073431969625,1.2232589439316996,-28.414460727569328,0.1014600447772357,0.1036928267377201,-0.14949748257138218,0.5888389193171327,0.48938960301818935,-0.2339504400048071,0.9223540700183769,0.014991140225921004,1.5163594350253433,3.261780678002533
1.5768205611300241,1.6693696718585314,0.2405185004651669,0.6063635565813418,1.345634659971167,-28.522343574420823,-0.14663369074342367,0.38257400827327703,-1.1503250770888662,0.9063825779578191,0.39443820910694216,-0.27946498780581425,0.9735475399353012,0.9077466829679993,1.320234084293821,3.1635285067757737
1.597757965522257,1.6985371785122312,0.24088593634141345,0.6102535616715636,1.2366502805453226,-27.403928779434466,0.10111841021301636,0.4955936902297643,-1.3917632317720394,0.6923058992843945,0.4219835552613698,-0.20925147306153696,1.570550617227992,-0.06114795391235511,1.546163595038181,3.2499913544121473
1.5977709241464837,1.5509486329504412,0.2410021968732646,0.6105926249355361,1.2497943407226746,-27.4035897161705,0.10109300243299206,0.48266598506535646,-1.326750852640925,0.6911626885834052,0.4173212071836055,-0.19406328331144024,1.570643722303862,0.021240513701220664,1.546502658302153,3.239365961001117
1.4689111249046165,1.8765166963272637,0.24142513258478837,0.5810591160209255,1.4277973564673025,-26.54674740269744,-0.17093896569208514,0.19550395295360407,-1.2798206473142408,1.1705006828816158,0.10457521936515111,-0.14305619999803465,1.9755507259271052,-0.7178895254788251,1.751914762400551,2.6180303479217155
1.5654193983029203,1.9568813914020875,0.23998936804898327,0.6054855170667638,1.3963359776901487,-27.47299583685544,-0.17581604315524602,0.18001261681220726,-1.2117523063186797,0.9704304635170818,0.24551965407750356,-0.1273191792313774,1.6491218041867126,1.0690327161101556,1.3205012218264174,3.1255634825117573
1.597757965522257,1.6985383262759484,0.24088593634141345,0.6098303820209642,1.2506962253360332,-27.98890112253413,0.10111841021301636,0.4956297671449531,-1.3553926274026762,0.6938013228847214,0.3799402803126847,-0.2872415846438016,0.9091575231310659,-0.06328615748246297,1.6139701401885318,3.299502088671775
1.6687515882594728,1.0827790019772157,0.24088593634141345,0.6267073431969625,1.2232589439316996,-28.414460727569328,0.1014600447772357,0.1036928267377201,-0.14949748257138218,0.5888389193171327,0.48938960301818935,-0.2339504400048071,0.9223540700183769,0.014991140225921004,1.5163594350253433,3.261780678002533
1.6723836350668693,0.8861661048372784,0.24047306445708097,0.627046406460935,1.2359476895846688,-28.414121664305362,0.10203528715472955,0.15759604130157095,0.13549757302885151,0.6173818533910539,0.5133499110397585,-0.23902305798733564,0.9212141587443935,0.03722640516718941,1.5079149786000996,3.217747253258647
1.6687515882594728,1.0827790019772157,0.24088593634141345,0.6267073431969625,1.2232589439316996,-28.414460727569328,0.1014600447772357,0.1036928267377201,-0.14949748257138218,0.5888389193171327,0.48938960301818935,-0.2339504400048071,0.9223540700183769,0.014991140225921004,1.5163594350253433,3.261780678002533
1.4803959152196928,1.5900045929765279,0.24142513258478837,0.5810591160209255,1.3864017067866061,-27.590094325627383,-0.14163828882963903,0.3987412872298391,-1.1640756892309079,1.1044378414625702,0.24883684042220533,-0.3439400196773975,1.3407240192704917,-0.8200169783378616,1.7562337120567268,2.6473650706618885
1.5977709241464837,1.5509486329504412,0.2410021968732646,0.6105926249355361,1.2497943407226746,-27.658054376148762,0.10109300243299206,0.47831538050435113,-1.3250753626498368,0.6911626885834052,0.4173212071836055,-0.23914549198306043,1.2780754400271839,0.05172387638532124,1.6178632124076362,3.239365961001117
1.4689111249046165,1.8765166963272637,0.24142513258478837,0.5810591160209255,1.4277973564673025,-26.801212062675702,-0.17093896569208514,0.1911533483925985,-1.2781451573231526,1.1705006828816158,0.10457521936515111,-0.18813840866965548,1.6829824436504275,-0.6874061627947241,1.8232753165060338,2.6180303479217155
1.5654193983029203,1.9568813914020875,0.23998936804898327,0.6054855170667638,1.3963359776901487,-27.7274604968337,-0.17581604315524602,0.17566201225120176,-1.210076816327592,0.9704304635170818,0.24551965407750356,-0.17240138790299783,1.3565535219100349,1.0995160787942568,1.3918617759319005,3.1255634825117573
1.606477420836541,1.6985371785122312,0.24088593634141345,0.6102535616715636,1.2366502805453226,-28.047577011927693,0.10111841021301636,0.4884085960005579,-1.4442408337862496,0.6923058992843945,0.4219835552613698,-0.27290147741977405,0.8417118388787322,-0.06114795391235511,1.5411187943477693,3.2499913544121473
1.65281060700947,1.609203311354544,0.2410021968732646,0.6264454932458527,1.2311201290627143,-28.038634652759843,0.10118403627343918,0.38276294623352825,-1.0047794637073393,0.642724721758628,0.3947280699471981,-0.31077501019096704,0.8496698473829193,-0.008659542828933211,1.5058784307402995,3.3158784279301443
1.5741388536172045,1.9568813914020875,0.23998936804898327,0.6054855170667638,1.3979436943923311,-28.115662919609576,-0.17183895958054818,0.195941694623038,-1.2421920106436926,0.9830192669060189,0.25461762645872765,-0.2647219894356579,0.9202805183987165,1.0704428306034586,1.3107859982151597,3.1291743087087216
1.597757965522257,1.6985371785122312,0.24088593634141345,0.6102535616715636,1.2366502805453226,-27.91376613137484,0.10111841021301636,0.48969048764203554,-1.4443554767432722,0.6921912563273719,0.4219835552613698,-0.27290147741977405,0.9863433289034044,-0.06114795391235511,1.5906905540526162,3.2499913544121473
1.5629749148177932,1.9603892421094027,0.23998936804898327,0.6054855170667638,1.401696732794706,-27.981852039056722,-0.17183895958054818,0.2159368215582316,-1.1374456541558473,0.9507927033643502,0.2634491765262702,-0.2678217065919046,1.0649048270371377,0.969569932647695,1.3603577579200066,3.1280438353609394
1.6440781930709585,1.756791856916334,0.24088593634141345,0.6261064299818803,1.2179760688853623,-27.905162835470954,0.10120944405346348,0.396972543039413,-1.0699064857954774,0.6437532895025947,0.399390418024963,-0.3259631999410639,0.9942082323317222,-0.09104801044250886,1.5551111271811737,3.3265038213411744
1.5977709241464837,1.5509486329504412,0.2410021968732646,0.6105926249355361,1.2497943407226746,-27.913427068110874,0.10109300243299206,0.4767627824776279,-1.3793430976121566,0.6910480456263827,0.4173212071836055,-0.25771328766967666,0.986436433979274,0.021240513701220664,1.5910296173165883,3.239365961001117
1.5629749148177932,1.9603892421094027,0.23998936804898327,0.6054855170667638,1.401696732794706,-27.981852039056722,-0.17183895958054818,0.2159368215582316,-1.1374456541558473,0.9507927033643502,0.2634491765262702,-0.2678217065919046,1.0649048270371377,0.969569932647695,1.3603577579200066,3.1280438353609394
1.9209034628872723,2.1507160947641077,0.24035680392522987,0.9575730306318344,1.3414107481157662,1.4405342782961466,0.1269961017939836,0.35711175335423284,-1.5197173300357512,0.6979393081310838,0.6074678090133253,-0.2701237936293139,1.514420862204872,0.20023862069385812,2.168713164428868,5.495793341029204
1.9209164215114995,2.003127549202319,0.24047306445708097,0.9581552705209683,1.346680330834451,1.4405085766223769,0.12697069401395927,0.3492771283888213,-1.4493878310652129,0.6970392740552558,0.6028270959750531,-0.2628100813378847,1.5145139672807422,0.2875794432091156,2.1692954043180013,5.485167947618175
1.7967458908265481,1.9151950118287684,0.24142513258478837,0.8653163173689837,1.424899450110499,1.5187893467713491,-0.17263336944696417,0.026273349814165615,-1.9896789495190121,1.2202486577312472,0.048060657422680064,0.03809721799242941,1.8223502206516202,-1.206526204590568,2.793949463291271,4.515447491112135
1.8970333212734454,1.9966874597932713,0.23998936804898327,1.012415407636965,1.40058579871116,1.4802079893493965,-0.17751044691012505,0.21069181377901003,-1.9447594773577117,0.9778690823541069,0.44307494245238455,-0.0768371729739469,1.4929180549273844,1.444914244900208,1.9483457403226891,5.307706721146799
1.8072119197789094,2.1576568927358353,0.2436928749159904,0.8529449077952506,1.5985220266350928,-0.07639184807499044,-0.22935443601867922,-0.071676768616137,-2.0476152053953456,1.2480319959645476,0.9828562422704408,-0.006899009576174758,-3.901033279372998,-1.5182423067221933,2.223451343241409,7.11857304362731
1.907499350225807,2.2442048933138588,0.24251162095881382,1.0000439980632307,1.5741853193680722,-0.2300195130394159,-0.23423151348184013,0.13879533518643572,-1.9516015180584287,1.0132850208159836,1.3793329627383328,-0.11328652327144517,-4.111879634023138,1.2521435752371386,1.3756653732943822,7.90485178344254
1.606477420836541,1.6985383262759484,0.24088593634141345,0.6098303820209642,1.2506962253360332,-28.047577011927693,0.10111841021301636,0.4927952774767525,-1.4371477233983425,0.6938013228847214,0.3799402803126847,-0.3058093803304173,0.8417181373146355,-0.06328615748246297,1.542092014713415,3.299502088671775
1.4776305802189007,1.8765166963272637,0.24142513258478837,0.5810591160209255,1.4276666066557446,-27.19039563519067,-0.17093896569208514,0.18958809507564162,-1.3289363479495075,1.163656556054296,0.10457521936515111,-0.2067778424607598,1.2467119475778463,-0.7178895254788251,1.7472927553539825,2.620022931291052
1.6440781930709585,1.756791856916334,0.24088593634141345,0.6261064299818803,1.2179760688853623,-27.905162835470954,0.10120944405346348,0.396972543039413,-1.0699064857954774,0.6437532895025947,0.399390418024963,-0.3259631999410639,0.9942082323317222,-0.09104801044250886,1.5551111271811737,3.3265038213411744
1.5977709241464837,1.5509486329504412,0.2410021968732646,0.6105926249355361,1.2497943407226746,-27.913427068110874,0.10109300243299206,0.4767627824776279,-1.3793430976121566,0.6910480456263827,0.4173212071836055,-0.25771328766967666,0.986436433979274,0.021240513701220664,1.5910296173165883,3.239365961001117
1.4689111249046165,1.8765166963272637,0.24142513258478837,0.5810591160209255,1.4276666066557446,-27.056584754637814,-0.17093896569208514,0.19086998671711905,-1.3290509909065302,1.1635419130972733,0.10457521936515111,-0.2067778424607598,1.3913434376025156,-0.7178895254788251,1.796864515058829,2.620022931291052
1.5629749148177932,1.9603892421094027,0.23998936804898327,0.6054855170667638,1.401696732794706,-27.981852039056722,-0.17183895958054818,0.2159368215582316,-1.1374456541558473,0.9507927033643502,0.2634491765262702,-0.2678217065919046,1.0649048270371377,0.969569932647695,1.3603577579200066,3.1280438353609394
1.9237610420392104,2.2796461464978117,0.24492440606680885,0.9413547662067764,1.4293391789617929,0.7429588993131596,0.12514831454600836,0.2941197830960345,-1.5897777660688506,0.9066621165309557,1.4649993055920028,-0.39054417646108713,-5.706107068009968,0.5217258828893313,1.1278425587619567,8.031109099152502
1.7971743347249187,2.102259099585519,0.24256046768758366,0.8490980529439258,1.4573375972044813,0.7579611980054876,-0.18915675437232743,-0.02600550040809389,-1.9572399107710285,1.4183421578438737,0.9642542971761451,-0.050309036145572,-5.8668964991150006,-1.61471743370812,1.7412086220530496,6.881713382969996
1.9049517938263023,1.889195986424965,0.24210836989163956,0.9357217484205071,1.2496848519796033,1.1654613663785192,0.10548533934941587,0.38686637146338954,-1.611818132946177,0.6495855635478512,0.7499705934661006,-0.49045821056506317,-10.30654359655985,0.38755437340425963,2.2540872149791435,6.311170780503785
1.778349738280451,1.655040803806029,0.24317669855119806,0.8434650351576566,1.3369265923767122,1.1188202171811714,-0.1941441318915319,0.07948604292972916,-2.012178259475553,1.1813323535057132,0.18077594421869206,-0.18655821583979115,-10.591698840372711,-1.7231175899383202,2.8811776960524407,5.04729965448032
1.6360406428412293,1.726423959249144,0.2405185004651669,0.6222164248916584,1.341703310129833,-28.513740278516938,-0.1468612753445415,0.39688591175648213,-0.921107078523118,0.8258666490922849,0.504108856871241,-0.3016004175443227,0.9813979075633629,0.9121953339478815,1.3427416302324784,3.1903784374015363
1.6739989419502148,1.0903420011973906,0.24035680392522987,0.6267071517591382,1.207434585537145,-28.416498855471673,0.10235291970001607,0.17516345601874544,0.4242516193879159,0.589802808898965,0.5328520238704596,-0.21503010646718645,0.8125318233877593,-0.06639548840209689,1.517730839458286,3.1931985924268447
1.6723836350668693,0.8861661048372784,0.24047306445708097,0.627046406460935,1.2359476895846688,-28.414121664305362,0.10203528715472955,0.15759604130157095,0.13549757302885151,0.6173818533910539,0.5133499110397585,-0.23902305798733564,0.9212141587443935,0.03722640516718941,1.5079149786000996,3.217747253258647
1.6231407886787252,1.7274939397907332,0.2405185004651669,0.6222164248916584,1.2916780075271042,-28.513740278516938,-0.1468612753445415,0.3496033281288221,-0.8213163101755464,0.8674527359615415,0.4465036767445221,-0.2755018467353069,0.9766317962508458,0.9099882873611783,1.335949388641012,3.2034113508444015
1.6440911516951853,1.6085690136130133,0.2410021968732646,0.6264454932458527,1.198244814832968,-27.86610756349828,0.10118403627343918,0.4287216456788277,-1.112563043844894,0.6476458716883463,0.42222703048739124,-0.2967055400061152,1.0386129403205404,0.02048249038836517,1.5181054259157651,3.32910469461335
1.5629749148177932,1.9603892421094027,0.23998936804898327,0.6054855170667638,1.385896600680625,-27.943135830348012,-0.17183895958054818,0.1969520861654607,-1.1008895442404865,0.9426103346850144,0.27181114960419794,-0.30283120008843706,1.1179498222594022,0.969569932647695,1.336886106856568,3.1309667584394143
1.475186096733774,1.8800245470345798,0.24142513258478837,0.5810591160209255,1.4331581115718603,-27.18373706727724,-0.1669618821173873,0.23014626605815053,-1.211071938057896,1.1566549838602493,0.12250474181391796,-0.2835587273585628,1.2466925941311908,-0.8230248948047962,1.7421995387892937,2.6205107007708976
1.5716943701320774,1.9604689276064067,0.23998936804898327,0.6054855170667638,1.385896600680625,-28.115662919609576,-0.17183895958054818,0.19336917375960316,-1.073585726277353,0.9427249776420371,0.2712181049508915,-0.30281972676802277,0.9234787485412981,0.9689768879943885,1.3139230865447427,3.1309667584394143
1.6687515882594728,1.0827790019772157,0.24088593634141345,0.6267073431969625,1.2232589439316996,-28.414460727569328,0.1014600447772357,0.1036928267377201,-0.14949748257138218,0.5888389193171327,0.48938960301818935,-0.2339504400048071,0.9223540700183769,0.014991140225921004,1.5163594350253433,3.261780678002533
1.6723836350668693,0.8861661048372784,0.24047306445708097,0.627046406460935,1.2359476895846688,-28.414121664305362,0.10203528715472955,0.15759604130157095,0.13549757302885151,0.6173818533910539,0.5133499110397585,-0.23902305798733564,0.9212141587443935,0.03722640516718941,1.5079149786000996,3.217747253258647
1.5358015161755336,1.6321707290493068,0.241954265000972,0.5940284749933761,1.3728700722956608,-27.590417722088485,-0.14175661328026273,0.39259117707942176,-1.1434947125182349,1.0200217463202337,0.39497047681206376,-0.2733880652351359,1.2847554411869215,-0.9001207313939251,1.7748639421646883,2.746704831050569
1.6360406428412293,1.726423959249144,0.2405185004651669,0.6222164248916584,1.341703310129833,-28.513740278516938,-0.1468612753445415,0.39688591175648213,-0.921107078523118,0.8258666490922849,0.504108856871241,-0.3016004175443227,0.9813979075633629,0.9121953339478815,1.3427416302324784,3.1903784374015363
1.6687515882594728,1.0827790019772157,0.24088593634141345,0.6267073431969625,1.2232589439316996,-28.414460727569328,0.1014600447772357,0.1036928267377201,-0.14949748257138218,0.5888389193171327,0.48938960301818935,-0.2339504400048071,0.9223540700183769,0.014991140225921004,1.5163594350253433,3.261780678002533
1.6784745799762284,1.0597051048612598,0.2410021968732646,0.627046406460935,1.2021460389939418,-28.395798878534826,0.10118403627343918,0.21934602030126682,-0.5365883072331552,0.616729900324866,0.40618722546162117,-0.24921955705276885,1.0247079511788684,0.10445377348137723,1.5485628143586094,3.165374189260775
1.4803959152196928,1.5900045929765279,0.24142513258478837,0.5810591160209255,1.3864017067866061,-27.590094325627383,-0.14163828882963903,0.3987412872298391,-1.1640756892309079,1.1044378414625702,0.24883684042220533,-0.3439400196773975,1.3407240192704917,-0.8200169783378616,1.7562337120567268,2.6473650706618885
1.5768205611300241,1.6693696718585314,0.2405185004651669,0.6063635565813418,1.345634659971167,-28.522343574420823,-0.14663369074342367,0.38257400827327703,-1.1503250770888662,0.9063825779578191,0.39443820910694216,-0.27946498780581425,0.9735475399353012,0.9077466829679993,1.320234084293821,3.1635285067757737
1.597757965522257,1.6985371785122312,0.24088593634141345,0.6102535616715636,1.2366502805453226,-27.98890112253413,0.10111841021301636,0.491243085668759,-1.3624857377905837,0.6923058992843945,0.4219835552613698,-0.2543336817331571,0.9091512246951626,-0.06114795391235511,1.6129969198228862,3.2499913544121473
1.5977709241464837,1.5509486329504412,0.2410021968732646,0.6105926249355361,1.2497943407226746,-27.988562059270166,0.10109300243299206,0.47831538050435113,-1.2974733586594676,0.6911626885834052,0.4173212071836055,-0.23914549198306043,0.9092443297710328,0.021240513701220664,1.6133359830868583,3.239365961001117
1.5654193983029203,1.9568813914020875,0.23998936804898327,0.6054855170667638,1.3963359776901487,-28.057968179955104,-0.17581604315524602,0.17566201225120176,-1.1824748123372244,0.9704304635170818,0.24551965407750356,-0.17240138790299783,0.9877224116538855,1.0690327161101556,1.3873345466111227,3.1255634825117573
1.4689111249046165,1.8765166963272637,0.24142513258478837,0.5810591160209255,1.4276666066557446,-27.131719745797113,-0.17093896569208514,0.19242258474384227,-1.2471812519538426,1.163656556054296,0.10457521936515111,-0.18821004677414388,1.3141513333942756,-0.7178895254788251,1.8191708808290985,2.620022931291052
1.5654193983029203,1.9568813914020875,0.23998936804898327,0.6054855170667638,1.3979436943923311,-28.05698703021602,-0.17183895958054818,0.198776184291239,-1.1604369146480271,0.9830192669060189,0.25461762645872765,-0.24615419374904143,0.9877199042151475,1.0704428306034586,1.3826641236902766,3.1291743087087216
1.597757965522257,1.6985371785122312,0.24088593634141345,0.6102535616715636,1.2366502805453226,-27.875067022641073,0.10111841021301636,0.49193728911085904,-1.470335078303168,0.6923058992843945,0.4219835552613698,-0.27290147741977405,1.0360249459532929,-0.06114795391235511,1.5640818146595947,3.2499913544121473
1.4689111249046165,1.8765166963272637,0.24142513258478837,0.5810591160209255,1.429405073169485,-27.01122707799062,-0.1669618821173873,0.2149617238747354,-1.3420271820196832,1.1887669044448956,0.11367319174637529,-0.2804590102023161,1.4410128825919997,-0.7221519968490324,1.7651625591011186,2.62164117411868
1.5629749148177932,1.9603892421094027,0.23998936804898327,0.6054855170667638,1.401696732794706,-27.943152930322956,-0.17183895958054818,0.21818362302705463,-1.163425255715743,0.9509073463213729,0.2634491765262702,-0.2678217065919046,1.1145864440870243,0.969569932647695,1.3337490185269851,3.1280438353609394
1.6527976483852427,1.756791856916334,0.24088593634141345,0.6261064299818803,1.2179760688853623,-28.038973716023808,0.10120944405346348,0.3956906513979356,-1.0697918428384547,0.6438679324596173,0.399390418024963,-0.3259631999410639,0.8495767423070489,-0.09104801044250886,1.5055393674763269,3.3265038213411744
1.606490379460768,1.5509486329504412,0.2410021968732646,0.6105926249355361,1.2497943407226746,-28.047237948663728,0.10109300243299206,0.4754808908361507,-1.3792284546551339,0.6911626885834052,0.4173212071836055,-0.25771328766967666,0.8418049439546024,0.021240513701220664,1.5414578576117415,3.239365961001117
1.4776305802189007,1.8765166963272637,0.24142513258478837,0.5810591160209255,1.4276666066557446,-27.19039563519067,-0.17093896569208514,0.18958809507564162,-1.3289363479495075,1.163656556054296,0.10457521936515111,-0.2067778424607598,1.2467119475778463,-0.7178895254788251,1.7472927553539825,2.620022931291052
1.5716943701320774,1.9603892421094027,0.23998936804898327,0.6054855170667638,1.401696732794706,-28.115662919609576,-0.17183895958054818,0.21465492991675383,-1.1373310111988246,0.9509073463213729,0.2634491765262702,-0.2678217065919046,0.9202733370124642,0.969569932647695,1.3107859982151597,3.1280438353609394
1.9854553874293033,2.173714054033378,0.24455037440566904,0.9450541132641621,1.6320486794178617,1.294163505197275,0.02541453537837128,0.38514869982452116,-1.4709628740418792,0.6352933429508248,0.7026627616925969,-0.35318153538545044,0.824130023845001,0.25759571117360003,2.108743715330771,5.932793802462744
1.861300204975911,2.129298033859801,0.24309948235858958,0.8522151601121777,1.6509139720333093,1.4090479716119726,-0.2740830307642208,0.05745686290443556,-2.055643694344797,1.1022280819867765,0.14210013611267697,-0.018385242441403823,0.7527084655091678,-1.6507708830438415,2.7215349583049924,4.554559226767265
1.9237610420392104,2.277109645473806,0.24492440606680885,0.9413547662067764,1.4276007124480525,0.7325527301039466,0.12021313222158792,0.27015088547905425,-1.609156110976442,0.9075804499068743,1.455901333210779,-0.3144651337724473,-5.766259437592828,0.5018487707152354,1.132935775326646,7.993440598597253
1.7971743347249187,2.0849119492946855,0.24256046768758366,0.8490980529439258,1.4571331407569528,0.7565045460287606,-0.1753327581263306,-0.026373991519332226,-1.9792355538344755,1.4408809008142887,0.9692803305200622,-0.04793923987784257,-5.866181029398425,-1.5892883310771486,1.741505126445295,6.8755960885316005
1.8974617651718164,2.167675652281936,0.2424085205944039,0.9961971432119062,1.433159430009148,0.7676014297384057,-0.1802098355894915,0.22024145693216993,-1.869406545353713,1.2067834215936228,1.4763440631085496,-0.15040466569615932,-6.165945700497921,1.0921792344328207,0.8937265760705286,7.727966390681317
1.6440911516951853,1.609203311354544,0.2410021968732646,0.6264454932458527,1.2311201290627143,-27.866124663473222,0.10118403627343918,0.386291639343829,-1.0308737082242576,0.642724721758628,0.3947280699471981,-0.31077501019096704,1.04398295445748,-0.008659542828933211,1.5288414510521249,3.3158784279301443
1.6440781930709585,1.7561575591748033,0.24088593634141345,0.6261064299818803,1.185100754655616,-27.905162835470954,0.10120944405346348,0.439348330078855,-1.1514811784590882,0.6487890823893355,0.4268893785651557,-0.3118937297562117,0.9886802515512374,-0.061905977225210324,1.544375102044814,3.339730088024381
1.6440911516951853,1.609203311354544,0.2410021968732646,0.6264454932458527,1.2311201290627143,-27.90482377220699,0.10118403627343918,0.38404483787500565,-1.0048941066643617,0.6426100788016055,0.3947280699471981,-0.31077501019096704,0.9943013374075925,-0.008659542828933211,1.5554501904451463,3.3158784279301443
1.4689111249046165,1.8765166963272637,0.24142513258478837,0.5810591160209255,1.429405073169485,-27.049926186724385,-0.1669618821173873,0.21271492240591203,-1.3160475804597875,1.188652261487873,0.11367319174637529,-0.2804590102023161,1.3913312655421124,-0.7221519968490324,1.79177129849414,2.62164117411868
1.5629749148177932,1.9681983856695664,0.23998936804898327,0.6054855170667638,1.385896600680625,-27.981852039056722,-0.17183895958054818,0.1891317500479581,-1.1076168025365938,0.9338417568970706,0.26428877933869815,-0.32986569581972675,1.0695089827753952,1.0424478008040896,1.363570437938608,3.1304716727752924
1.9213165585540837,2.278713842188171,0.24492440606680885,0.9413547662067764,1.4149230915019702,0.7459287342321269,0.12419021579628575,0.291286116464489,-1.4346577398602238,0.8953196645651867,1.4744399766860596,-0.429364931846333,-5.672312654914099,0.4205756773210218,1.1324022871900088,7.998122478962113
1.9213295171783105,2.131125296626383,0.24504066659865995,0.9419370060959102,1.420192674220655,0.7459030325583572,0.12416480801626145,0.28345149149907756,-1.3643282408896846,0.8944196304893589,1.4697992636477875,-0.4220512195549036,-5.672219549838228,0.5079164998362786,1.1329845270791428,7.987497085551093
1.7971743347249187,2.08435493834997,0.24256046768758366,0.8490980529439258,1.5056653852990454,0.7591309520797966,-0.1753327581263306,-0.02322223002303111,-1.4301448746549519,1.4147726938470553,0.9963564079577711,-0.10542558320726367,-5.884254043202827,-1.6254342833281126,1.7418653732912197,6.8920544807632576
1.9025073103411752,1.8905618867413678,0.24100109086220692,0.9357217484205071,1.2534378903819783,1.1654613663785192,0.10548533934941587,0.42280708229206543,-1.5412333989487212,0.700708088112304,0.74160616772841,-0.3767269535577031,-8.809061341727125,0.27737190594693245,2.2540872149791435,6.318438968607065
1.9025202689654024,1.7509394732502737,0.24111735139405802,0.936303988309641,1.2429073409865825,1.1654356647047495,0.10545993156939157,0.38605097269590455,-1.4412780463101633,0.6883784219375627,0.7353062048944806,-0.4314335617513367,-8.80678438310187,0.43980790085622173,2.2572014248962584,6.310241412610388
1.8786371687273486,1.7359735159330318,0.24063365498596032,0.9905641254256367,1.3601080529977578,1.0802388597592192,-0.1990212093546928,0.27734412159583643,-1.3329578355555156,0.9779902281455098,0.7221444030708845,-0.24000625457074756,-9.269080876883532,1.1019227678880796,2.034315177788745,5.924949721157319
1.597757965522257,1.6985383262759484,0.24088593634141345,0.6098303820209642,1.239057407099678,-27.98890112253413,0.10111841021301636,0.49257053758076447,-1.330345931913798,0.6934075646265326,0.37987976380697586,-0.29888040288015677,0.9091575231310659,-0.06114795391235511,1.6139701401885318,3.2991083304135858
1.5977709241464837,1.5509486329504412,0.2410021968732646,0.6226837299832757,1.2497943407226746,-27.988562059270166,0.10109300243299206,0.4741686650811044,-1.3142325711098575,0.6911626885834052,0.4173212071836055,-0.23914549198306043,0.9092443297710328,0.021240513701220664,1.610059700865016,3.2514570660488564
1.4689111249046165,1.8765166963272637,0.24142513258478837,0.5810591160209255,1.4276666066557446,-27.131719745797113,-0.17093896569208514,0.19242258474384227,-1.2471812519538426,1.163656556054296,0.10457521936515111,-0.18821004677414388,1.3141513333942756,-0.7178895254788251,1.8191708808290985,2.620022931291052
1.606490379460768,1.5509486329504412,0.2410021968732646,0.6226837299832757,1.2497943407226746,-28.047237948663728,0.10109300243299206,0.47133417541290373,-1.3959876671055238,0.6911626885834052,0.4173212071836055,-0.25771328766967666,0.8418049439546024,0.021240513701220664,1.538181575389899,3.2514570660488564
1.4776305802189007,1.8765166963272637,0.24142513258478837,0.5810591160209255,1.4276666066557446,-27.19039563519067,-0.17093896569208514,0.18958809507564162,-1.3289363479495075,1.163656556054296,0.10457521936515111,-0.2067778424607598,1.2467119475778463,-0.7178895254788251,1.7472927553539825,2.620022931291052
1.9313541436080743,2.3227640740465954,0.24502750643121876,0.9444718733750282,1.5758505243552723,0.2797636317036309,0.07016853790393712,0.2422118710141148,-1.4790487607709901,0.6722047580956744,0.7092301794310569,-0.38981702475499397,-1.283894920582897,0.2247531573587463,1.816940169425302,7.492920817199197
1.9313671022323011,2.1751755284848113,0.24514376696306986,0.9450541132641621,1.5811201070739571,0.2797379300298612,0.07014313012391282,0.23437724604870347,-1.4087192618004523,0.6713047240198463,0.7045894663927847,-0.3825033124635648,-1.2838018155070268,0.3120939798740036,1.817522409314436,7.482295423788168
1.8072119197789094,2.1249086483550323,0.2436928749159904,0.8522151601121777,1.6664557866259506,0.4172574338102295,-0.22935443601867922,-0.07458999670382832,-1.4200762534655533,1.1357256183300524,0.27453547618099305,-0.0671025283522107,-1.4268351469167107,-1.7094386013450034,2.4264106750987717,6.323074020632597
1.907499350225807,2.2114555464306966,0.24251162095881382,0.9993142503801578,1.6423568484314386,0.32102395549877244,-0.23423151348184013,0.13580504787945433,-1.3543268117871048,0.9009786431814882,0.6842004734569082,-0.17913188435370128,-1.333175506877364,1.3688087316272215,1.5789212095439908,7.165127937391989
1.933798627093201,2.3533511107683207,0.24502750643121876,0.9452016210581011,1.5706110570309035,-0.23268362310190177,0.07016853790393712,0.2508190953377047,-1.5466941487718227,0.7344077927798481,1.4784450733755625,-0.34720747024736326,-3.909553596124262,0.33184859895823954,1.60978135598581,8.229671212298035
1.9313671022323011,2.2073651395304723,0.24514376696306986,0.945783860947235,1.5614645522897654,-0.23270932477567147,0.07014313012391282,0.24044223563269596,-1.3187097449590799,0.7230181711294471,1.4832450314313472,-0.3779359512142196,-3.910684172081838,0.3111940105163182,1.6149233243029961,8.22294161870679
1.907499350225807,2.2436451574763576,0.24251162095881382,1.0000439980632307,1.6227834092150861,-0.2300195130394159,-0.23423151348184013,0.14187003746344662,-1.2569468166594187,1.0102134718683609,1.524264064641748,-0.16762450820617583,-4.06856462120558,1.252513562984566,1.3763221245325519,7.905774132310664
1.6619666492803549,1.7417029307778302,0.24088593634141345,0.6223448811294361,1.2348314406470178,-28.047577011927693,0.10111841021301636,0.48426188057731107,-1.3083664550090115,0.6048111047744587,0.5283991132908719,-0.28136969923416294,0.8417118388787322,-0.04444421204816395,1.5604464798381423,3.2990937295018865
1.475186096733774,1.8800245470345798,0.24142513258478837,0.5810591160209255,1.4331581115718603,-27.18373706727724,-0.1669618821173873,0.23014626605815053,-1.211071938057896,1.1566549838602493,0.12250474181391796,-0.2835587273585628,1.2466925941311908,-0.8230248948047962,1.7421995387892937,2.6205107007708976
1.5716943701320774,1.9603892421094027,0.23998936804898327,0.6054855170667638,1.385896600680625,-28.115662919609576,-0.17183895958054818,0.19336917375960316,-1.0746806567665474,0.9427249776420371,0.27181114960419794,-0.30283120008843706,0.9234787485412981,0.969569932647695,1.3139230865447427,3.1309667584394143
1.933798627093201,2.3533511107683207,0.24502750643121876,0.9452016210581011,1.5706110570309035,-0.2154513084724536,0.07016853790393712,0.24475410575371237,-1.5507962608168837,0.6811945822351088,1.4784450733755625,-0.34258516811056355,-3.8177848643465655,0.3394511872512031,1.5519357313226947,8.229671212298035
1.9338115857174283,2.2057625652065367,0.24514376696306986,0.945783860947235,1.5758806397495884,-0.2154770101462233,0.07014313012391282,0.23691948078830072,-1.4804667618463445,0.6802945481592807,1.47380436033729,-0.3352714558191345,-3.8176917592706947,0.42679200976646164,1.5525179712118287,8.219045818887002
1.8072119197789094,2.157658496152081,0.2436928749159904,0.8529449077952506,1.5987264830826213,-0.05915953344554232,-0.22935443601867922,-0.07766469898083908,-2.050290109313687,1.1948187854198085,0.9778302089265237,-0.00177522663842905,-3.8078889934298124,-1.5089045428692882,2.1653092141860495,7.11857304362731
1.907499350225807,2.2442048933138588,0.24251162095881382,1.0000439980632307,1.5741853193680722,-0.21278719840996774,-0.23423151348184013,0.13273034560244337,-1.9589281405560586,0.9600718102712448,1.3793329627383328,-0.10819081901305475,-4.018735348079951,1.261121717695591,1.3178197486312655,7.90485178344254
1.933798627093201,2.3533511107683207,0.24502750643121876,0.9452016210581011,1.5706110570309035,-0.23268362310190177,0.07016853790393712,0.2508190953377047,-1.5466941487718227,0.7344077927798481,1.4784450733755625,-0.34720747024736326,-3.909553596124262,0.33184859895823954,1.60978135598581,8.229671212298035
1.8072119197789094,2.1570995426174306,0.2436928749159904,0.8529449077952506,1.6476145832369684,-0.07639184807499044,-0.22935443601867922,-0.06852500711983579,-1.0996861647193776,1.2449604470169244,0.9778302089265237,-0.061208915831550956,-3.832962656159392,-1.5178826853277403,2.2238115900873345,7.117866001399947
1.907499350225807,2.2436451574763576,0.24251162095881382,1.0000439980632307,1.6227834092150861,-0.2300195130394159,-0.23423151348184013,0.14187003746344662,-1.2569468166594187,1.0102134718683609,1.524264064641748,-0.16762450820617583,-4.06856462120558,1.252513562984566,1.3763221245325519,7.905774132310664
1.9049517938263023,1.889195986424965,0.24100109086220692,0.9357217484205071,1.2496848519796033,1.1654613663785192,0.10548533934941587,0.4040938469983496,-1.6384058323680815,0.7106399714649986,0.737435572450889,-0.3736272364014565,-8.809054160340873,0.38593336992820565,2.2540872149791435,6.319569441954847
1.9025202689654024,1.7429733411795791,0.24111735139405802,0.936303988309641,1.258707473100663,1.1654356647047495,0.10545993156939157,0.3936651564340543,-1.423451928911152,0.6971469997255074,0.7453274277680657,-0.4076015194315243,-8.807353543862574,0.364712728462191,2.25712583320724,6.310085193292252
1.778349738280451,1.654480567054638,0.24206941952176542,0.8434650351576566,1.3843395888292576,1.1188202171811714,-0.1941441318915319,0.09292565763099292,-1.4558406008544467,1.2203698035226516,0.3170932311661624,-0.12797689856925748,-9.119119823551587,-1.7258154301812807,2.88177308296821,5.073412785203394
1.8786371687273486,1.7359735159330318,0.24063365498596032,0.9905641254256367,1.3601080529977578,1.0802388597592192,-0.1990212093546928,0.27734412159583643,-1.3329578355555156,0.9779902281455098,0.7221444030708845,-0.24000625457074756,-9.269080876883532,1.1019227678880796,2.034315177788745,5.924949721157319
1.9025073103411752,1.8905618867413678,0.24210836989163956,0.9357217484205071,1.2376377582678977,1.1654613663785192,0.10548533934941587,0.38903869031264526,-1.4648716959496029,0.6563619495945804,0.7494295650435325,-0.5268836859931799,-10.305765668606144,0.2767246562194537,2.256543593318106,6.3129632302344785
1.778349738280451,1.655040803806029,0.24317669855119806,0.8434650351576566,1.3369265923767122,1.1188202171811714,-0.1941441318915319,0.07948604292972916,-2.012178259475553,1.1813323535057132,0.18077594421869206,-0.18655821583979115,-10.591698840372711,-1.7231175899383202,2.8811776960524407,5.04729965448032
1.8786371687273486,1.7359735159330318,0.241740934015393,0.9905641254256367,1.3601080529977578,1.0802388597592192,-0.1990212093546928,0.2648614857735668,-1.3168261847998026,0.9363051439387547,0.7216058273080791,-0.3551534935096961,-10.766570313102509,1.101275518160601,2.034315177788745,5.916551059706257
2.0722304779362766,2.420698095531246,0.23568822970448874,0.9452016210581011,1.5945852150954183,3.7927341607841334,0.07161943669242524,0.11027490931757457,-1.5105732099803748,0.6870926873141208,0.7097391799615483,-0.31387131512530175,-1.2178404744972355,0.40029372229576715,2.1597341414519358,5.781431121751901
2.072243436560504,2.27310954996946,0.2358044902363399,0.945783860947235,1.5998547978141031,3.792708459110364,0.07159402891240094,0.10244028435216294,-1.4402437110098365,0.6861926532382927,0.7050984669232762,-0.30655760283387257,-1.2177473694213652,0.48763454481102436,2.160316381341069,5.7708057283408705
1.8768926573582325,2.6912904797069905,0.2342046926080945,0.8522628005166588,1.657774378183215,3.4056883154655857,-0.21495480798089864,-0.22973315818626935,-1.6262983662776331,1.2245679614741054,0.22193860956964168,-0.01807499823201653,-1.4283208554186295,-1.9975530460319815,2.722189149308209,4.315512156400963
2.0324169122315454,2.8158659051585877,0.2330603303884861,0.9993618907846391,1.6345890849429905,3.8889766060100137,-0.21983188544405954,0.058284652978704,-1.5248968319776566,0.908423129324229,0.5025689614542533,-0.08300245476204851,-1.3349199039820085,1.4056470284844618,1.8530625764528017,5.095332838542027
2.062192892882286,2.3181666906456133,0.23558512934007883,0.9413547662067764,1.3843087105717742,0.5902432797067765,0.10890995846251017,0.15615915185589835,-2.089659436298209,0.8337206807263455,0.5545307432861892,-0.31231664784517643,-7.502636825359311,0.46377730617489,2.039707563529899,5.693379640939385
2.0622058515065134,2.1700184092463264,0.23570138987192993,0.9419370060959102,1.437906081385023,0.5902175780330077,0.10888455068248587,0.15139922916749754,-1.4711758990095687,0.8297490977028945,0.5909296903259998,-0.3593409204884792,-7.5554844884578785,0.5514881164375754,2.0409465546572028,5.68367659639648
1.8668550723042419,2.560840091960999,0.23307228537968777,0.8484159456653341,1.4958867167747485,0.665651686874284,-0.1924463812065331,-0.17852979699135665,-1.4720479708386909,1.3462972700490643,0.21117605064696526,-0.07143311704324234,-7.532371164986375,-1.6222021660870383,2.6028119030520744,4.227125759703913
2.0223793271775548,2.6652062302671493,0.23295723002407617,0.9955150359333146,1.472647299538129,0.6131877659648485,-0.19732345866969397,0.09656562522625387,-1.3674622666048433,1.0389938525796731,0.665793245866625,-0.13606317237919888,-8.225083947459076,0.9948841745200941,1.7336927497689307,5.073038004179472
1.7971743347249187,2.0849119492946855,0.24256046768758366,0.8490980529439258,1.4571331407569528,0.7565045460287606,-0.1753327581263306,-0.026373991519332226,-1.9792355538344755,1.4408809008142887,0.9692803305200622,-0.04793923987784257,-5.866181029398425,-1.5892883310771486,1.741505126445295,6.8755960885316005
1.8974617651718164,2.167675652281936,0.2424085205944039,0.9961971432119062,1.433159430009148,0.7676014297384057,-0.1802098355894915,0.22024145693216993,-1.869406545353713,1.2067834215936228,1.4763440631085496,-0.15040466569615932,-6.165945700497921,1.0921792344328207,0.8937265760705286,7.727966390681317
1.9313541436080743,2.3547170110847233,0.24502750643121876,0.9452016210581011,1.5743640954332785,-0.23268362310190177,0.07016853790393712,0.2695323306314203,-1.4495217153524624,0.7244759094271537,1.4826156686530838,-0.35030718740361005,-3.909560777510514,0.223287134976968,1.60978135598581,8.228540738950253
1.9338115857174283,2.2057625652065367,0.24514376696306986,0.945783860947235,1.574142173235848,-0.23369047451475572,0.06616604654921504,0.21930700464726072,-1.493208116075299,0.7122422984515245,1.4647063879560662,-0.2662125902143789,-3.909457983609653,0.4196118370164352,1.6154568124396325,8.217427576059373
1.8072119197789094,2.1576568927358353,0.2436928749159904,0.8529449077952506,1.5985220266350928,-0.07639184807499044,-0.22935443601867922,-0.071676768616137,-2.0476152053953456,1.2480319959645476,0.9828562422704408,-0.006899009576174758,-3.901033279372998,-1.5182423067221933,2.223451343241409,7.11857304362731
1.907499350225807,2.2436451574763576,0.24251162095881382,1.0000439980632307,1.622701293647247,-0.2300195130394159,-0.23423151348184013,0.14187003746344662,-1.3140801402799016,1.0102134718683609,1.5240492232194538,-0.16762450820617583,-4.07545306273715,1.252513562984566,1.3763221245325519,7.905774132310664
1.7219718185049757,2.0272698286869324,0.23556206711196573,0.8809321388042821,1.4252006957301087,2.734465503626131,0.1041450143353512,0.2710259062550703,-1.1890156381669337,0.750240506764916,1.5847301078307123,-0.5099931074132507,-11.486717101935598,0.3529651375623494,1.9771837203710674,6.839083755017917
1.721984777129203,1.878982719005033,0.23567832764381683,0.881514378693416,1.4304702784487935,2.734439801952362,0.10411960655532687,0.2631912812896587,-1.113541533060642,0.7497352522623433,1.5800893947924397,-0.5026793951218215,-11.488593612031085,0.4383363449062496,1.9777659602601978,6.827556770360697
1.6320822151817553,2.2692403797567207,0.23297188033984645,0.7879933182628396,1.4496920081716718,2.5812084607749557,-0.20785902246215757,-0.07400105412551064,-1.2501954315576782,1.2198368841596976,1.230254740042496,-0.15067496555720888,-11.605671006903357,-1.9369350213407246,2.525473272324636,5.518920150281954
1.682158252800245,2.3903224834917514,0.23285682498423485,0.9350924085308212,1.4652122689652198,2.7335517241813068,-0.21273609992531844,0.20717641111079818,-1.1446638551730421,0.9559911262873325,1.6901831868088684,-0.27286428415436464,-11.710686651901321,1.2678484567411388,1.6678388051396258,6.353012392125415
2.062192892882286,2.3181666906456133,0.23558512934007883,0.9413547662067764,1.3843087105717742,0.5902432797067765,0.10890995846251017,0.15615915185589835,-2.089659436298209,0.8337206807263455,0.5545307432861892,-0.31231664784517643,-7.502636825359311,0.46377730617489,2.039707563529899,5.693379640939385
2.0223793271775548,2.6652062302671493,0.23295723002407617,0.9955150359333146,1.472647299538129,0.6131877659648485,-0.19732345866969397,0.09656562522625387,-1.3674622666048433,1.0389938525796731,0.665793245866625,-0.13606317237919888,-8.225083947459076,0.9948841745200941,1.7336927497689307,5.073038004179472
1.5977709241464837,1.5509486329504412,0.2410021968732646,0.6105926249355361,1.25220146727703,-27.988562059270166,0.10109300243299206,0.47964283241635647,-1.274146600085559,0.692219423155144,0.38128515552738573,-0.27646215456983353,0.9092506282069363,0.021240513701220664,1.6094473512804979,3.2884829370025557
1.4689111249046165,1.8765166963272637,0.24142513258478837,0.5810591160209255,1.4277973564673025,-27.131719745797113,-0.17093896569208514,0.1911533483925985,-1.2505431533327855,1.1705006828816158,0.10457521936515111,-0.18813840866965548,1.3141513333942756,-0.7178895254788251,1.818748087185256,2.6180303479217155
1.5654193983029203,1.9568813914020875,0.23998936804898327,0.6054855170667638,1.3963359776901487,-28.057968179955104,-0.17581604315524602,0.17566201225120176,-1.178046062523084,0.963586336689762,0.24551965407750356,-0.17240138790299783,0.9877224116538855,1.0690327161101556,1.3877573402549654,3.1275560658810937
1.656978047233462,1.755087578633214,0.24088593634141345,0.6261064299818803,1.235126057258344,-27.64979014350884,0.10120944405346348,0.4878196893383906,-1.1718819222565193,0.6083044854353319,0.48502822764365155,-0.31942450487861124,1.2858390010152785,-0.060873496305160445,1.5818726197678732,3.327450806685129
1.4689111249046165,1.8765166963272637,0.24142513258478837,0.5810591160209255,1.4277973564673025,-26.801212062675702,-0.17093896569208514,0.1911533483925985,-1.2781451573231526,1.1705006828816158,0.10457521936515111,-0.18813840866965548,1.6829824436504275,-0.6874061627947241,1.8232753165060338,2.6180303479217155
1.9313541436080743,2.3244531143129388,0.24502750643121876,0.9452016210581011,1.5928306710246938,0.14369596363352258,0.07016853790393712,0.26346734104742797,-1.5418072034885375,0.6646864239700407,1.4822353906732666,-0.34436975683929033,-1.9722376203869496,0.23796779314672878,1.7685044373543728,7.563722174389413
1.9313671022323011,2.176864568751155,0.24514376696306986,0.945783860947235,1.5981002537433786,0.14367026195975288,0.07014313012391282,0.2556327160820165,-1.4714777045179992,0.6637863898942129,1.477594677634994,-0.3370560445478607,-1.9721445153110795,0.3253086156619864,1.7690866772435068,7.553096780978382
1.8072119197789094,2.1273945993803,0.2436928749159904,0.8529449077952506,1.6167508331539995,0.27073495612372817,-0.22935443601867922,-0.07766469898083908,-2.0638024761123073,1.1300172335204257,0.9774559373454345,-0.007873515230680026,-2.206896341622064,-1.746388246530612,2.381877920217726,6.453754479066435
1.9313671022323011,2.2071284655229393,0.24514376696306986,0.945783860947235,1.5796336781519633,-0.2154770101462233,0.07014313012391282,0.2556327160820165,-1.3832943284269847,0.6703626648065861,1.4779749556148112,-0.33837117297538083,-3.817698940656947,0.31823054578518944,1.5525179712118287,8.217915345539224
1.907499350225807,2.2436459397792086,0.24251162095881382,1.0000439980632307,1.6230734195224192,-0.21278719840996774,-0.23423151348184013,0.13580504787945433,-1.015650818459378,0.957000261323622,1.3793329627383328,-0.16252880394778532,-3.9506647248663445,1.261121717695591,1.3184764998694352,7.904144741215177
1.4664666414194898,1.8800245470345798,0.24142513258478837,0.5810591160209255,1.4173579794577802,-27.011209978015675,-0.1669618821173873,0.21244342230685728,-1.1746304710995592,1.1483579722238915,0.13086671489184537,-0.3185682208550942,1.4443690793781248,-0.8230248948047962,1.7682996474307016,2.6234336238493725
1.656978047233462,1.755087578633214,0.24088593634141345,0.6261064299818803,1.235126057258344,-27.39532548353058,0.10120944405346348,0.4921702938993957,-1.1735574122476071,0.6083044854353319,0.48502822764365155,-0.27434229620698986,1.5784072832919567,-0.0913568589892612,1.51051206566239,3.327450806685129
1.4689111249046165,1.8765166963272637,0.24142513258478837,0.5810591160209255,1.4277973564673025,-26.54674740269744,-0.17093896569208514,0.19550395295360407,-1.2798206473142408,1.1705006828816158,0.10457521936515111,-0.14305619999803465,1.9755507259271052,-0.7178895254788251,1.751914762400551,2.6180303479217155
1.9313541436080743,2.3244531143129388,0.24502750643121876,0.9452016210581011,1.5928306710246938,0.14369596363352258,0.07016853790393712,0.26346734104742797,-1.5418072034885375,0.6646864239700407,1.4822353906732666,-0.34436975683929033,-1.9722376203869496,0.23796779314672878,1.7685044373543728,7.563722174389413
1.9313671022323011,2.176864568751155,0.24514376696306986,0.945783860947235,1.5981002537433786,0.14367026195975288,0.07014313012391282,0.2556327160820165,-1.4714777045179992,0.6637863898942129,1.477594677634994,-0.3370560445478607,-1.9721445153110795,0.3253086156619864,1.7690866772435068,7.553096780978382
1.8072119197789094,2.1273945993803,0.2436928749159904,0.8529449077952506,1.6167508331539995,0.27073495612372817,-0.22935443601867922,-0.07766469898083908,-2.0638024761123073,1.1300172335204257,0.9774559373454345,-0.007873515230680026,-2.206896341622064,-1.746388246530612,2.381877920217726,6.453754479066435
1.9313541436080743,2.322527400039062,0.24502750643121876,0.9444718733750282,1.5940196502174702,0.2797636317036309,0.07016853790393712,0.26346734104742797,-1.539531232193834,0.6727624623175528,0.7039601036145207,-0.35487454865295515,-1.2826784209357023,0.2241871043346541,1.81238044099725,7.487894544031631
1.907499350225807,2.2114555464306966,0.24251162095881382,0.9993142503801578,1.6424389639992778,0.32102395549877244,-0.23423151348184013,0.13580504787945433,-1.2971934881666218,0.9009786431814882,0.6844153148792026,-0.17913188435370128,-1.3262870653457937,1.3688087316272215,1.5789212095439908,7.165127937391989
1.7971743347249187,2.08435493834997,0.24256046768758366,0.8490980529439258,1.5056653852990454,0.7591309520797966,-0.1753327581263306,-0.02322223002303111,-1.4301448746549519,1.4147726938470553,0.9963564079577711,-0.10542558320726367,-5.884254043202827,-1.6254342833281126,1.7418653732912197,6.8920544807632576
1.8974617651718164,2.1671175388348645,0.2424085205944039,0.9961971432119062,1.4815103356941641,0.7702278357894418,-0.1802098355894915,0.22331615920918094,-1.296171890653598,1.1806752146263895,1.5174442549210672,-0.20791908770493514,-6.209182980009222,1.0593887385052694,0.8943833273086983,7.728056577266893
1.9213165585540837,2.281012046814214,0.24492440606680885,0.9413547662067764,1.4149230915019702,0.7429588993131596,0.12514831454600836,0.291577548356437,-1.4343768893932403,0.8961725289563828,1.4775318739474514,-0.4286215117825463,-5.707330749043415,0.41316441890805883,1.1324022871900088,8.035004898972284
1.7971743347249187,2.102259099585519,0.24256046768758366,0.8490980529439258,1.4573375972044813,0.7579611980054876,-0.18915675437232743,-0.02600550040809389,-1.9572399107710285,1.4183421578438737,0.9642542971761451,-0.050309036145572,-5.8668964991150006,-1.61471743370812,1.7412086220530496,6.881713382969996
1.8974617651718164,2.1844614633190176,0.2424085205944039,0.9961971432119062,1.4815103356941641,0.7690580817151327,-0.19403383183548834,0.22360759110112907,-1.2788279661694408,1.1811731296755852,1.5174442549210672,-0.20714052557797477,-6.244766204095833,1.0667604981548224,0.8943833273086983,7.735006033987838
2.0529685904967656,2.3265011255960726,0.23556206711196573,0.9392657780906052,1.4438908489793867,3.435222844919263,0.1068207949990018,0.16641919605577382,-1.4441709202544215,0.784856029936022,0.6076194467964319,-0.30340682525935414,-1.299446745243031,0.4328919459737189,1.9739183080789307,6.080284359098552
2.052981549120993,2.178912580034287,0.23567832764381683,0.939848017979739,1.4491604316980715,3.4351971432454937,0.1067953872189775,0.1585845710903625,-1.3738414212838836,0.7847276241579456,0.6029787337581597,-0.29609311296792484,-1.2997394543160365,0.5198469543401009,1.9745005479680637,6.069658965687521
1.857630769918721,2.569862847685477,0.23297188033984645,0.8463269575491629,1.5067491246806697,3.26038466511594,-0.22984530871213718,-0.17189774453103526,-1.2767815448491262,1.2943315668591135,0.22415250654964364,-0.010894690794023006,-1.6410808702362132,-2.00815256924099,2.5043600160745347,4.651529527517296
2.0131550247920336,2.69356100586723,0.23285682498423485,0.9934260478171438,1.4835097074440495,3.4344385133429127,-0.2347223861752981,0.10319767768657526,-1.2228511318555075,0.9927623480909512,0.6787697017693024,-0.07552474612997978,-1.6121374392701175,1.3305899848049294,1.6668573384871703,5.483239425084229
1.721984777129203,1.8789819367021816,0.23567832764381683,0.881514378693416,1.4303452237481564,2.734439801952362,0.10411960655532687,0.2631912812896587,-1.2720540802146654,0.7497352522623433,1.6211290548705226,-0.5026793951218215,-11.372994266794572,0.43870633265367714,1.9777659602601978,6.829186161456184
1.6320822151817553,2.2692403797567207,0.23297188033984645,0.7879933182628396,1.4496920081716718,2.5812084607749557,-0.20785902246215757,-0.07400105412551064,-1.2501954315576782,1.2198368841596976,1.230254740042496,-0.15067496555720888,-11.605671006903357,-1.9369350213407246,2.525473272324636,5.518920150281954
1.682158252800245,2.3903224834917514,0.23285682498423485,0.9350924085308212,1.4652122689652198,2.7335517241813068,-0.21273609992531844,0.20717641111079818,-1.1446638551730421,0.9559911262873325,1.6901831868088684,-0.27286428415436464,-11.710686651901321,1.2678484567411388,1.6678388051396258,6.353012392125415
1.9878869122902032,2.3199366992787596,0.24443411387381794,0.9444718733750282,1.6214183415946195,1.2932080571319609,0.021462859583697785,0.3493233874199402,-1.6542414242705954,0.6248598001268515,0.6940349070721239,-0.28364272467458945,0.8240466075941214,0.2792387681825513,2.113254692006328,5.942931426393928
1.9878998709144304,2.172348153716976,0.24455037440566904,0.9450541132641621,1.6282956410154867,1.294163505197275,0.02541453537837128,0.3664354645308051,-1.568135307461239,0.6452252263035194,0.6984921664150758,-0.35008181822920387,0.8241372052312536,0.36615717515487206,2.108743715330771,5.933924275810526
1.861300204975911,2.129298033859801,0.24309948235858958,0.8522151601121777,1.6509139720333093,1.4090479716119726,-0.2740830307642208,0.05745686290443556,-2.055643694344797,1.1022280819867765,0.14210013611267697,-0.018385242441403823,0.7527084655091678,-1.6507708830438415,2.7215349583049924,4.554559226767265
1.7967458908265481,1.9151950118287684,0.24142513258478837,0.8653163173689837,1.424899450110499,1.5187893467713491,-0.17263336944696417,0.026273349814165615,-1.9896789495190121,1.2202486577312472,0.048060657422680064,0.03809721799242941,1.8223502206516202,-1.206526204590568,2.793949463291271,4.515447491112135
2.0529685904967656,2.3265011255960726,0.23556206711196573,0.9392657780906052,1.4438908489793867,3.435222844919263,0.1068207949990018,0.16641919605577382,-1.4441709202544215,0.784856029936022,0.6076194467964319,-0.30340682525935414,-1.299446745243031,0.4328919459737189,1.9739183080789307,6.080284359098552
1.857630769918721,2.569862847685477,0.23297188033984645,0.8463269575491629,1.5067491246806697,3.26038466511594,-0.22984530871213718,-0.17189774453103526,-1.2767815448491262,1.2943315668591135,0.22415250654964364,-0.010894690794023006,-1.6410808702362132,-2.00815256924099,2.5043600160745347,4.651529527517296
1.8768926573582325,2.6912904797069905,0.2342046926080945,0.8522628005166588,1.657774378183215,3.4056883154655857,-0.21495480798089864,-0.22973315818626935,-1.6262983662776331,1.2245679614741054,0.22193860956964168,-0.01807499823201653,-1.4283208554186295,-1.9975530460319815,2.722189149308209,4.315512156400963
2.0324169122315454,2.8158659051585877,0.2331723442320838,0.9993618907846391,1.6345890849429905,3.8889766060100137,-0.21983188544405954,0.058284652978704,-1.5874176795165054,0.908423129324229,0.5023974209812518,-0.08276629920478676,-1.3349199039820085,1.4054946036883014,1.9155592198599536,5.095332838542027
0.014309209503493115,-2.5459489036828145,0.26539976557281064,0.2555530500705381,-1.8745970800488208,-25.24582839851627,0.16864304651108913,0.21011587279581684,2.4075003438732923,0.8666317182267277,-1.4231554179555583,4.3090119928798005,1.0872399718909584,-1.8715400826901956,0.1660567743119246,-1.6908571610844825
0.014854619068680954,-2.506922114125228,0.18695705237690155,0.2486752065658113,-1.9507638493534276,-25.240012449706196,0.16864304651108913,0.24154654062207645,2.401683869052783,0.882610734058575,-1.5355690732583827,4.35229496255798,1.0336436177967656,-1.8375654841799478,0.2059672972785851,-1.669944521684348
0.04555790440338106,-1.2710286965295163,0.2681917176593015,0.2417284612603214,-1.7535875373296692,-25.86967505500684,0.03897369024079533,-0.028349933508598355,1.827049113669379,0.24808440654242686,-1.5687890402766134,4.245801930806779,1.2445757949259004,-0.08608866432655478,0.22139415254868558,-1.752016552157439
0.01560397757545641,-1.1702699665707865,0.26727791497252634,0.24275051675665643,-1.8419592331030248,-24.838648313386162,0.15767868930133874,0.2410026961330429,1.8677744493033956,0.7458238264162435,-1.4262192061646057,4.317304589570384,1.6899482869360167,-1.7334887575453124,0.11961471949232387,-1.6650534313907452
0.031967225467605574,-1.24034213661489,0.26511218930313035,0.24334585550179524,-1.7845319602916707,-25.510684452400405,0.17576423530050214,-0.11004700906230543,1.5883763425617277,0.2329404949963772,-1.335980628614739,3.859834461400217,1.0308339072695845,-0.6008416778022004,0.1367549986760273,-2.021352227239202
0.0033913492821838996,0.5764956132522722,0.3312698451793056,0.2751568855695081,-1.6633852256217398,-25.580758654645077,0.04305792943022216,0.13474954507903403,2.1875952791341806,0.4468761216482579,-1.5466713960073883,3.608783905747068,1.1241265138881336,-2.6951185612105863,0.10767709351392392,-0.5930432803915264
0.014854619068680954,-2.506922114125228,0.18695705237690155,0.2486752065658113,-1.9507638493534276,-25.240012449706196,0.16864304651108913,0.24154654062207645,2.401683869052783,0.882610734058575,-1.5355690732583827,4.35229496255798,1.0336436177967656,-1.8375654841799478,0.2059672972785851,-1.669944521684348
0.0679149288748255,-1.269311944674221,0.2675916295501499,0.2427675846522159,-1.694929468784689,-25.870338372865554,0.047798295738847675,-0.03706216960363616,1.947524409328142,0.23785357389781264,-1.5701147238759665,4.139689973260866,1.2450692238809116,-0.11843985202756316,0.2212988719414554,-1.7434080983745568
0.014854619068680954,-2.506922114125228,0.18695705237690155,0.2486752065658113,-1.9507638493534276,-25.240012449706196,0.16864304651108913,0.24154654062207645,2.401683869052783,0.882610734058575,-1.5355690732583827,4.35229496255798,1.0336436177967656,-1.8375654841799478,0.2059672972785851,-1.669944521684348
0.04168664572681421,-1.3341487891512882,0.2657942412627287,0.287635940682588,-1.6701036155953513,-25.856210101843693,0.03931078448826883,0.031814612559459915,1.3939868101480928,0.044365477449988554,-1.5715858442121151,3.432208826653165,1.3550572813273043,-2.8927772779789542,0.01800189044761897,-1.1456815553395177
0.01354166794458559,-1.1729970903431821,0.26727791497252634,0.24275051675665643,-1.8419592331030248,-25.229819243140383,0.15767868930133874,0.21910587003766338,1.8562137448791363,0.7605029283570203,-1.4262192061646057,4.269299117543624,1.2482186610180823,-1.7725074617809613,0.10706816857093328,-1.6571288467158212
0.031967225467605574,-1.240328972727939,0.2642395522602776,0.24334585550179524,-1.7845319602916707,-25.228489680762966,0.17576423530050214,-0.11004700906230543,1.5996621702297555,0.23176265644139876,-1.3362858301268647,3.859834461400217,1.345705973302896,-0.6401655835499752,0.1339030479905807,-2.021352227239202
0.007465460975033452,0.7424941703368962,0.3312698451793056,0.2751568855695081,-1.7106468350535862,-25.235863715997816,0.04305792943022216,0.24980883981725804,2.70987353689513,0.8746850424225938,-1.4809272183586495,3.4161544939949384,1.5024412089060037,-2.612319037550499,0.1083185711495037,-0.586197280392966
0.0056428672481164755,-1.1729970903431821,0.26727791497252634,0.24275051675665643,-1.8419592331030248,-25.434157708838473,0.15767868930133874,0.20962549613549633,1.863729063627621,0.7605029283570203,-1.4262192061646057,4.268168361591971,1.0176701398397547,-1.7334887575453124,0.11903163859818565,-1.6571288467158212
0.026130734402007163,-1.2376150128424943,0.26929435464936907,0.24334585550179524,-1.7845319602916707,-25.432828146461055,0.17576423530050214,-0.1195708895255197,2.04034399873747,0.24680176134410325,-1.521116710855218,3.8607407331585293,1.1122826142951283,-0.5688825609412058,0.22956899925703644,-1.6868489726797873
0.0018912133799519125,0.8624721405890183,0.5184162940830259,0.22924940614724176,-1.7944372929759183,-25.499107218057013,0.04428269751275435,0.17229811895191852,2.9659904743054355,0.9824262012597318,-1.294150257297821,4.2117698002068265,1.0961283902614545,0.10627271290761788,0.2433475459891775,-1.520827722094178
0.00757378408700244,0.80206600785269,0.5210736200755445,0.2751568855695081,-1.7109533712416005,-25.387159181745414,0.044619791760227845,0.24938390859192694,2.969544367955869,0.818111767965025,-1.4817779419616788,3.3997264515613344,1.3312395503374381,-2.66815158237166,0.1180766457319201,-0.5825832211122162
0.009382733132698487,0.8624721405890183,0.5184162940830259,0.22924940614724176,-1.7944372929759183,-25.40062413490856,0.04428269751275435,0.189262869084916,2.9694401617179325,1.0067915921547568,-1.294150257297821,4.211282528004991,1.2236329017654723,0.10627271290761788,0.23776642659378275,-1.5234214724895598
0.03286151484526627,-1.1685532147154911,0.2666778268633747,0.24378964014855087,-1.7833011645580445,-25.336337943548735,0.16864304651108913,0.21823372456059228,1.9776814904498377,0.7542667277432445,-1.4272012742548632,4.238817298805722,1.1388843537615003,-1.8027587609485856,0.11254745451309621,-1.6564449776078631
0.031967225467605574,-1.24034213661489,0.26511218930313035,0.24334585550179524,-1.7845319602916707,-25.334345063312604,0.17576423530050214,-0.10256263283147478,1.6167488465734545,0.2511378606988484,-1.335980628614739,3.858703705448564,1.238753074920741,-0.6008416778022004,0.13810462406404742,-2.021352227239202
0.007981065030725118,0.742746846320244,0.33142071539376944,0.3807385600730756,-1.710814625607711,-25.408030755264967,0.044619791760227845,0.24125919490866965,2.750380819725469,0.8530137355939875,-1.479480387078805,3.4132777361588373,1.3199882279489537,-2.4737637267257515,0.1123851515724427,-0.579429593367651
0.17829913197787894,1.2383852280034013,0.5179587661632894,0.34726691107337904,-1.998486573536117,1.0847422613550253,0.16878127654210281,1.1868287507703457,2.673520222706429,2.1528299288694854,-0.7819614391229489,5.383052548319423,3.553932016748525,-1.8608361381558023,0.09354741318580848,-2.178002491982929
0.04555545078327807,1.7670173855128857,0.19247473607650642,0.4341513162723753,-1.6642350935656127,0.8286944091631603,0.04800190430764591,0.8906981042866986,0.4228357265459289,0.7703487846940775,-1.0165836208475985,4.499319468897405,3.74663622947462,-2.908739919477991,0.09344518547482562,-1.1342922325138485
0.12560622003212438,0.8260118471598532,0.1962140985250153,0.3720144132296615,-1.5684551236023365,-2.490736053843601,0.050816350605580235,0.887225299013749,0.631040354012166,0.36210781468192765,-1.2048988789672885,4.938506823137346,-7.004800451312645,-2.7575172098258336,0.1826175749038325,-2.331340486483333
0.024068424771136337,-1.240328972727939,0.2642395522602776,0.24334585550179524,-1.7845319602916707,-25.432828146461055,0.17576423530050214,-0.11952738296447202,1.6071774889782406,0.23176265644139876,-1.3362858301268647,3.858703705448564,1.115157452124566,-0.6011468793143262,0.14586651801783274,-2.021352227239202
8.226433425585788e-05,0.742746846320244,0.33142071539376944,0.3807385600730756,-1.710814625607711,-25.502289101309554,0.044619791760227845,0.2348968550302652,2.7558494855386675,0.8511365862751733,-1.479480387078805,3.4132777361588373,1.2140803432963232,-2.4737637267257515,0.12014704552622808,-0.579429593367651
0.0018912133799519125,0.8031529790565715,0.32876338940125094,0.33483108065080924,-1.794298547342029,-25.52105238403248,0.04428269751275435,0.25967249292526795,2.7282437270027886,1.0152211672185592,-1.291852702414947,4.2248338126024985,1.1064736947243565,0.27315901625558214,0.23983682638809048,-1.520267844744995
0.03286151484526627,-1.1685532147154911,0.2666778268633747,0.24378964014855087,-1.7833011645580445,-25.336337943548735,0.16864304651108913,0.21823372456059228,1.9776814904498377,0.7542667277432445,-1.4272012742548632,4.238817298805722,1.1388843537615003,-1.8027587609485856,0.11254745451309621,-1.6564449776078631
0.007981065030725118,0.742746846320244,0.33142071539376944,0.3807385600730756,-1.710814625607711,-25.408030755264967,0.044619791760227845,0.24125919490866965,2.750380819725469,0.8530137355939875,-1.479480387078805,3.4132777361588373,1.3199882279489537,-2.4737637267257515,0.1123851515724427,-0.579429593367651
0.009382733132698487,0.8624721405890183,0.5184162940830259,0.22924940614724176,-1.7944372929759183,-25.40062413490856,0.04428269751275435,0.189262869084916,2.9694401617179325,1.0067915921547568,-1.294150257297821,4.211282528004991,1.2236329017654723,0.10627271290761788,0.23776642659378275,-1.5234214724895598
0.27215043076548706,0.9873590350361383,0.33175813146901695,0.32163383055800865,-1.9654111830069012,-1.32252266359683,0.17322715682509446,1.4083449823423406,2.135459595515845,1.5909025024116046,-0.9790224706964894,5.505440373087275,-8.876390034614788,-2.2703655858455396,0.17861526749544338,-3.5172185977200985
0.28670855049788535,0.8778277940671162,0.33241701716669453,0.2994904099157564,-1.8310087807038669,-1.3528069092807729,0.1895950507441501,0.8786374576800313,2.0577839371117888,0.7265722328237005,-1.2059935921013614,5.208548871343035,-8.88822554087984,-0.7942140510428605,0.2687689430920348,-3.637337473957991
0.12397181294508744,1.5840342890160835,0.19611099816060534,0.37589490332247516,-1.6398784637573376,-1.416582583939739,0.06001062874155,0.8741787916761317,0.34749660175494945,0.2238498664055506,-1.1957461483766574,4.6532611373769965,-8.19383981841432,-2.406492341514841,0.2670333399569082,-2.1527001852396106
0.26589041913130795,0.659301610885072,0.3299065572334602,0.2665060962038381,-1.9339523371294922,-0.2886594780305742,0.1749981477160924,1.1980967028160456,2.3597975908611875,1.8823338212084026,-0.7756389229487851,5.4043591028783915,-10.758385607590146,-1.799452274501187,-0.11256871104751438,-3.0679028919439815
0.03328017659170071,-2.59687361553216,0.18897349205374428,0.24927054531095014,-1.9057803973076866,-25.23868288732878,0.18672859251025245,-0.07892545721943177,2.5568547142158544,0.3835886689864339,-1.5572481221577015,3.9707724362874295,1.1206740711234153,-0.7207209731455527,0.3151316674615089,-1.704191198937543
0.03328017659170071,-2.59687361553216,0.18897349205374428,0.24927054531095014,-1.9057803973076866,-25.23868288732878,0.18672859251025245,-0.07892545721943177,2.5568547142158544,0.3835886689864339,-1.5572481221577015,3.9707724362874295,1.1206740711234153,-0.7207209731455527,0.3151316674615089,-1.704191198937543
0.028519650697298612,-1.1032180368555218,0.2666778268633747,0.24378964014855087,-1.7833007352009258,-25.189516362163282,0.16864304651108913,0.26867416144894457,2.6217163181192986,0.7542205436113202,-1.432412609789073,4.267671950769522,1.532175640926654,-1.8111150853203724,0.11611844120265498,-1.680198256247599
0.05128707236828622,-1.235898260987199,0.26869426654021744,0.24438497889368974,-1.7258738917466905,-25.268580389778336,0.18672859251025245,-0.10138376916864685,2.112165058219094,0.2552446626711041,-1.5220987789454763,3.828466407017147,1.3169863575377263,-0.6381525643444791,0.22587819310098087,-1.6782405188969052
0.0026402891553281784,0.8309843652491291,0.5210736200755445,0.2751568855695081,-1.7107167105224932,-25.32587000726061,0.044619791760227845,0.23125810176220554,3.2612472231087946,0.7975204467577949,-1.4803989613985153,3.3020830848652527,1.4156645073078207,-2.7458988176598034,0.09620010783932,-0.5024003766730926
-0.003449562495445019,0.8913904979854572,0.5184162940830259,0.22924940614724176,-1.7942006322568111,-25.504246034965192,0.04428269751275435,0.14423770580328324,3.2750181890574326,0.9680029052450567,-1.2927712767346573,4.113639161308906,1.1038475444482667,0.02852547761947446,0.21948541425000795,-1.443238628050438
0.014854619068680954,-2.506922114125228,0.18695705237690155,0.2486752065658113,-1.9507638493534276,-25.240012449706196,0.16864304651108913,0.24154654062207645,2.401683869052783,0.882610734058575,-1.5355690732583827,4.35229496255798,1.0336436177967656,-1.8375654841799478,0.2059672972785851,-1.669944521684348
0.04168664572681421,-1.3341487891512882,0.2657942412627287,0.287635940682588,-1.6701036155953513,-25.856210101843693,0.03931078448826883,0.031814612559459915,1.3939868101480928,0.044365477449988554,-1.5715858442121151,3.432208826653165,1.3550572813273043,-2.8927772779789542,0.01800189044761897,-1.1456815553395177
0.031967225467605574,-1.240328972727939,0.2642395522602776,0.24334585550179524,-1.7845319602916707,-25.510684452400405,0.17576423530050214,-0.11004700906230543,1.5910240572968597,0.23176265644139876,-1.3362858301268647,3.859834461400217,1.0308339072695845,-0.6011468793143262,0.1367549986760273,-2.021352227239202
0.007465460975033452,0.7424941703368962,0.3312698451793056,0.2751568855695081,-1.7106468350535862,-25.58046477266381,0.04305792943022216,0.24980883981725804,2.7012354239622347,0.8746850424225938,-1.4809272183586495,3.4161544939949384,1.1180670759529403,-2.6428024002346,0.11117052183495028,-0.586197280392966
0.007981065030725118,0.742746846320244,0.33142071539376944,0.3807385600730756,-1.710814625607711,-25.580145407248896,0.044619791760227845,0.24437722893243263,2.739696053857287,0.8511365862751733,-1.479480387078805,3.4144084921104905,1.129756798441339,-2.4737637267257515,0.1110355261844224,-0.579429593367651
0.031967225467605574,-1.24034213661489,0.26929435464936907,0.24334585550179524,-1.7845319602916707,-25.272521674953385,0.17576423530050214,-0.10469154936044407,1.9982126313968733,0.2614808632848799,-1.521116710855218,3.857817469803396,1.2995302693492288,-0.5688825609412058,0.22460048323228463,-1.6789243880048632
0.009790014076421166,0.8624721405890183,0.5184162940830259,0.22924940614724176,-1.7944372929759183,-25.338800746549342,0.04428269751275435,0.1875331735041312,2.9338341135703985,0.9868223621694099,-1.294150257297821,4.2117698002068265,1.2848973683957956,0.10627271290761788,0.2396736585140307,-1.5234795657690974
-8.739558990647099e-05,0.7433059661048842,0.33142071539376944,0.2751568855695081,-1.710814625607711,-25.502608466724467,0.044619791760227845,0.24032846591509055,2.719388298474224,0.8506943025130459,-1.479480387078805,3.4147304319802756,1.2163808760120358,-2.641707549288389,0.11929986049705325,-0.5821651158913432
0.34341534440724164,0.8673562782347939,0.5197284980938713,0.2935463699412845,-1.991901732686041,0.17496150516213396,0.2013378800516574,1.4674002188025845,2.6564379334792916,1.8271279271584218,-0.8147475372563749,5.50851645444575,0.6051905840753637,-2.0679938206376764,-0.018021500043927725,-2.669675814915699
0.21033590201919616,1.4435378370022778,0.1944284601036847,0.3705462020931422,-1.6064469722102983,-0.0810863470297327,0.05705379456095033,0.8890117457358656,0.46150829117519193,0.4536809421312127,-1.051175284281861,4.6675205880580855,0.67270717589746,-3.2781190284192605,0.022130889169881065,-1.3115527707129577
0.2082130917505385,1.5085245286618392,0.19203851748297154,0.282923121892086,-1.6993646503488231,0.08737480299143117,0.05671670031347682,0.9502416984363097,0.4031886994510466,0.6145278561275169,-0.8815821079666083,5.560458737457187,0.681893216182902,-0.21536920520837474,0.20387446959000566,-2.7298244939269156
0.29090732162043637,0.9362710928797315,0.33241701716669453,0.2994904099157564,-1.849867843609987,-1.3634633819473287,0.18838025309023348,0.8769810252456092,2.476314858444025,1.0282640092372681,-1.1706108621188818,5.214748573912841,-8.925574604803847,-0.8051694633113448,0.27278017234541896,-3.629030888710893
0.12768728436730298,1.6404191232086962,0.1937210555398922,0.2882718231214189,-1.7251783108797563,-1.372833401910813,0.05894760131472215,0.9411404359791496,0.29915629131404475,0.30751015887603816,-1.048209614503065,5.528728605404764,-8.6505719248281,0.22848416618938155,0.407288229307334,-3.5672888544069603
0.01354166794458559,-1.1729970903431821,0.26727791497252634,0.24275051675665643,-1.8419592331030248,-25.273851237330803,0.15767868930133874,0.22486055068770897,1.8376348191107026,0.7605029283570203,-1.4262192061646057,4.268168361591971,1.202042957064415,-1.7334887575453124,0.11543611304935998,-1.6571288467158212
0.007981065030725118,0.80206600785269,0.5210736200755445,0.2751568855695081,-1.7109533712416005,-25.325335793386195,0.044619791760227845,0.24765421301114188,2.933938319808332,0.7981425379796778,-1.4817779419616788,3.40021372376317,1.3925040169677618,-2.66815158237166,0.11998387765216818,-0.5826413143917537
0.028519650697298612,-1.1032180368555218,0.2666778268633747,0.24378964014855087,-1.7833007352009258,-25.346193876069687,0.16864304651108913,0.25873955513003044,2.547299398571049,0.7542205436113202,-1.432412609789073,4.267671950769522,1.3510497853700745,-1.8111150853203724,0.11195207279769497,-1.680198256247599
0.004449238201024204,0.9193497368850065,0.517381772990004,0.22924940614724176,-1.7644045320446293,-25.40576295181674,0.04428269751275435,0.1669589969716134,3.2966627386224037,0.9862002709475277,-1.2565041104716885,4.100075880516059,1.23802905891437,-0.05782879832016615,0.2124045761654118,-1.4539183252223014
0.27215043076548706,0.9989437124163422,0.521411036150792,0.29889507117061753,-1.9655499286407903,-1.2907719258738588,0.17201235917117785,1.3323861776313692,2.750716357743418,1.5822220676435839,-0.9823073698128562,5.492720317909239,-8.777459747896204,-2.030081465690337,0.17919594563662,-3.5112978667336954
0.13352556605817584,1.6436581158452372,0.1937210555398922,0.2882718231214189,-1.71756008646022,-1.3438522041986964,0.05894760131472215,0.9471635594736725,0.33812821400866067,0.33617999878017946,-1.0487520651276798,5.499745168774777,-8.498082443549373,0.24273782756444798,0.3657995382376338,-3.564001416929498
0.1485607556954522,0.8010605645993734,0.19046169702096485,0.2657674212017784,-1.685317463204512,-0.34750893326296267,0.05576503548517907,0.9033064197744131,0.832531742510909,0.5693372407903063,-0.9186659825175272,5.480330231071126,-9.256481406729177,0.12279387498709063,0.04332139438606528,-3.1225596264307702
0.03402953509847639,-1.2376150128424943,0.26929435464936907,0.24334585550179524,-1.7845319602916707,-25.510684452400405,0.17576423530050214,-0.1100905156233531,2.0241905670560874,0.24680176134410325,-1.521116710855218,3.8618714891101824,1.0279590694401461,-0.5688825609412058,0.22045747991523099,-1.6868489726797873
0.009382733132698487,0.8624721405890183,0.5184162940830259,0.22924940614724176,-1.7944372929759183,-25.576963523996355,0.04428269751275435,0.18177849285408562,2.9410676577062063,0.988594226452286,-1.294150257297821,4.212413283956646,1.0157137341143136,0.10627271290761788,0.2364168012057624,-1.5234214724895598
0.020620850000829447,-1.1032180368555218,0.2666778268633747,0.24378964014855087,-1.7833007352009258,-25.44467695921814,0.16864304651108913,0.24177480499703227,2.535080326240703,0.7360231779088489,-1.432412609789073,4.267671950769522,1.2274541625739,-1.8111150853203724,0.11971396675148062,-1.680198256247599
8.226433425585788e-05,0.80206600785269,0.5210736200755445,0.2751568855695081,-1.7109533712416005,-25.485642264893865,0.044619791760227845,0.23241915845892921,2.960032564325254,0.7981425379796778,-1.4817779419616788,3.40021372376317,1.2081311997430995,-2.66815158237166,0.12357940320099371,-0.5826413143917537
-0.003449562495445019,0.9193497368850065,0.517381772990004,0.22924940614724176,-1.7644045320446293,-25.504246034965192,0.04428269751275435,0.14999424683861548,3.284443666292058,0.9680029052450567,-1.2565041104716885,4.100075880516059,1.1144334361181947,-0.05782879832016615,0.22016647011919693,-1.4539183252223014
0.2676210834332835,0.9589513260914899,0.5204796154221801,0.2935463699412845,-1.9384484359152823,-1.061068940010522,0.18233245848916835,1.3644754029675255,3.2824895349738785,1.8067336046711389,-0.7777143250627362,5.217986271027218,-2.8126022184760355,-1.8400593916745875,0.03486865267048655,-3.1647367584560144
0.2918094334346355,0.9150182506049266,0.5223238924273433,0.29414170868642336,-1.9113871765378545,-1.054600560724922,0.20026221473822967,1.0301495828783405,2.8513735972081804,1.3806593170868837,-0.9477479618453076,4.986830958733287,-2.73111986144957,-0.7297297642538766,0.13314036237596652,-3.3574128428886953
0.2617556308023149,0.8912601127170873,0.1962140985250153,0.3708227236244585,-1.6403183593879238,-1.3129866739987084,0.05113784252659162,0.9820925954192411,1.4994765041828404,0.48739816545264786,-1.1419645526492324,4.2907804868177575,-2.76536148207937,-3.1002473570242626,-0.02775347861137503,-1.8219532226213195
0.2729618593086803,0.8777431271540808,0.521514136515202,0.2950145810778039,-2.0120834902894806,-2.3406963922976782,0.18233245848916835,1.3815660324718069,2.6336157766117556,1.7333170156870286,-0.9756375463710645,5.555947724383179,-7.469277164912809,-1.9546176316137398,0.1065756773847032,-3.561249485760718
0.1523243468919826,0.9398105545310536,0.1962140985250153,0.3722909347609778,-1.6590903632490621,-2.4842633382956723,0.05113784252659162,0.9810530744830603,0.9214390807440087,0.41745290758168485,-1.2622762565764842,4.716086980306496,-7.026769631735058,-2.7550560135750675,0.17520433096627702,-2.204500414946752
-0.004916665625564501,0.8719516612016978,0.5200390989825227,0.2751568855695081,-1.6811078083944258,-25.490781081802044,0.044619791760227845,0.21098265104817437,3.3687532855047606,0.7791969226635809,-1.4469588544480005,3.288332605988295,1.24255544647157,-2.832253093599445,0.10040114538730681,-0.49101180871860245
-0.0031077165798684666,0.9323577939380259,0.517381772990004,0.22924940614724176,-1.7645917301287437,-25.504246034965192,0.04428269751275435,0.15086161154116426,3.368649079266826,0.9678767468533134,-1.2593311697841443,4.099888682431944,1.1349487978996033,-0.05782879832016615,0.22009092624916943,-1.4318500600959463
0.2729618593086803,0.8777431271540808,0.521514136515202,0.2950145810778039,-2.0120834902894806,-2.261597076309218,0.18233245848916835,1.359701682926492,2.699862971379078,1.8257784001329267,-0.9756375463710645,5.572009362640011,-7.175968762980267,-1.9977797751313229,0.10936918787981365,-3.561249485760718
0.2922167143783582,0.8751439577205834,0.33267098774556836,0.4011915943265102,-1.9249710998135585,-2.282212679907266,0.20026221473822967,1.1140124483741503,2.626553339925067,1.4075115963905895,-1.1330650857510112,5.131034661796328,-7.073301226526846,-0.653790070161439,0.202300618005728,-3.661873179441148
0.15145566427792095,1.4542334686773009,0.1962140985250153,0.3722909347609778,-1.656956236513754,-2.409283929526537,0.050816350605580235,0.9058675163599409,0.4461700631465885,0.47399592684135494,-1.2499174628251963,4.751938090596979,-6.7504061426734365,-2.757337941784723,0.18086322096039337,-2.2045007409120574
0.13433699460136908,1.5224575305829737,0.19382415590430216,0.28439133302860525,-1.7422556902327426,-2.3468309701513146,0.05047925635810674,0.9744790647687972,0.39048269789017065,0.5768259342667866,-1.043014567705913,5.613405934202294,-7.099740207629422,-0.05707171014800647,0.295972780480828,-3.617272231360967
0.2729618593086803,0.8777431271540808,0.521514136515202,0.2950145810778039,-2.0120834902894806,-2.3406963922976782,0.18233245848916835,1.3815660324718069,2.6336157766117556,1.7333170156870286,-0.9756375463710645,5.555947724383179,-7.469277164912809,-1.9546176316137398,0.1065756773847032,-3.561249485760718
0.1523243468919826,0.9398105545310536,0.1962140985250153,0.3722909347609778,-1.6590903632490621,-2.4842633382956723,0.05113784252659162,0.9810530744830603,0.9214390807440087,0.41745290758168485,-1.2622762565764842,4.716086980306496,-7.026769631735058,-2.7550560135750675,0.17520433096627702,-2.204500414946752
0.2579920396057832,0.7718302483544611,0.19046169702096485,0.2657674212017784,-1.680576106865083,-0.34750893326296267,0.05576503548517907,0.927393939053709,1.3669217921272347,0.6076859293176037,-0.9635361649744117,5.144036629603933,-9.296754020502087,0.13050405406305393,-0.08757817589745917,-3.047520809855257
0.01148146397173254,1.0075395355586958,0.23628073725894558,0.2937290474879598,-2.0271828983528275,5.49422579531097,0.16977197753246326,1.1833158464025257,0.7716936451358137,1.0718873176805925,-0.7757814747590416,5.770268456607162,-2.124346660278616,-1.7903845763943376,0.09967246015045188,-2.503170230501403
-0.016871069975162734,1.6721964082857164,0.2361776368945356,0.29733301604945717,-2.00494512310085,2.2816448573832826,0.1608023276739608,1.1036739633488464,0.26825576658476064,0.882088378729915,-0.7067798855675337,5.684461979555369,-8.560872026975213,-1.7728675019878377,0.1296050197187727,-2.512388327644
-0.2126610375337025,2.2885264125766653,0.13936485463611453,0.35781872148127275,-1.795836352012647,2.2492242208301865,0.0631070695357186,0.5066317018422314,-0.025005624978729938,0.20057288630911727,-1.2338389833776848,4.951207568969793,-8.246020010470055,-2.3276407879211747,0.07030752237232138,-1.2496759711058987
-0.2093285922386757,2.256232855287004,0.13697491201540135,0.27802655546487737,-1.8769128447230947,2.1883531205823723,0.06199046043294585,0.5861970022191694,0.06711787935558963,0.28222129744228014,-1.0914927026665697,5.84849808159911,-8.315010089614969,0.24074627777319704,0.22226560391710237,-2.7647702013526763
0.27185936626296875,0.916780425968597,0.3316072612545531,0.29889507117061753,-1.9368408459270494,-1.364792944324751,0.17045049684117217,1.2077715130225033,2.451076075280888,1.5313751095637662,-1.0108307496425943,5.633301729506621,-9.021827729163945,-1.8486725263406485,0.17926806407832901,-3.525724863731292
0.29090732162043637,0.9362710928797315,0.33241701716669453,0.2994904099157564,-1.849867843609987,-1.3634633819473287,0.18838025309023348,0.8769810252456092,2.476314858444025,1.0282640092372681,-1.1706108621188818,5.214748573912841,-8.925574604803847,-0.8051694633113448,0.27278017234541896,-3.629030888710893
0.12981009463596063,1.5754324315491335,0.19611099816060534,0.37589490332247516,-1.6322602393378014,-1.426767207987976,0.05928469556219565,0.8799104832787062,0.3701035415557814,0.21348794066991117,-1.1962885990012722,4.6357904560056635,-8.288904194451575,-2.485887577901461,0.22554464888720796,-2.149017131193017
0.13352556605817584,1.6436564934548077,0.1937210555398922,0.2882718231214189,-1.71756008646022,-1.3643142486127537,0.05894760131472215,0.9471635594736725,0.3336008364375077,0.31199150785958885,-1.0487520651276798,5.505455876558667,-8.641615632689296,0.21167873689588634,0.3657995382376338,-3.5642978939679746
0.2725545783649576,0.8777853704995531,0.521514136515202,0.2950145810778039,-2.0120834902894806,-2.345835209205856,0.18233245848916835,1.3815660324718069,2.637487120905141,1.7387076539841653,-0.9756375463710645,5.549613078249462,-7.469072040892896,-1.9546176316137398,0.10883481386941496,-3.561137228215718
0.13062152317915388,1.4542334686773009,0.1962140985250153,0.3720144132296615,-1.656956236513754,-2.4832546395911734,0.050816350605580235,0.9290903381191452,0.44773393041906234,0.41945525291199137,-1.1899802595569966,4.719000517318886,-7.01796449460288,-2.7847779868816716,0.1468033256857445,-2.2019914685860096
0.019633031717588706,1.582763955749398,0.235992329574684,0.25217010227129644,-1.8478372783332784,3.403146932924733,0.16680144960615137,1.1238903546759378,0.2856416565106127,0.6959439696420839,-1.2497504465690144,5.229531377978258,-15.066071383859684,-1.0757188402605191,0.06744382152287197,-3.2542179899425223
0.033665683928026977,0.9607997541445968,0.23680208548682538,0.252791517524945,-1.6745046233228378,3.3953049532561637,0.17267365467641022,0.7190512748426924,0.39267268183996856,0.21263914293730143,-1.3327061053416276,5.0673440774941625,-15.661612815124291,-0.7286902691200764,0.2632134466475417,-3.4500985481582185
-0.17828175158849704,1.642254052368686,0.1684106174127344,0.2250231812882294,-1.7796309444775587,3.5150759503027618,0.06709507282003765,0.29289638220887776,-1.3081033100278743,0.2075887616459347,-1.5994217472623815,5.467233435181914,-15.458560014300526,0.11081740472009062,0.12443504173761806,-3.4070264578127083
-0.016871069975162734,1.6721964082857164,0.2361776368945356,0.29733301604945717,-2.00494512310085,2.2816448573832826,0.1608023276739608,1.1036739633488464,0.26825576658476064,0.882088378729915,-0.7067798855675337,5.684461979555369,-8.560872026975213,-1.7728675019878377,0.1296050197187727,-2.512388327644
-0.2093285922386757,2.256232855287004,0.13697491201540135,0.27802655546487737,-1.8769128447230947,2.1883531205823723,0.06199046043294585,0.5861970022191694,0.06711787935558963,0.28222129744228014,-1.0914927026665697,5.84849808159911,-8.315010089614969,0.24074627777319704,0.22226560391710237,-2.7647702013526763
0.01354166794458559,-1.1729839264562312,0.26368430692676476,0.24275051675665643,-1.8419592331030248,-25.512014014777822,0.15767868930133874,0.21950509098584772,1.5147639150269319,0.7307847215135391,-1.176560735864045,4.270185353188793,0.9333465949847713,-1.6814354059021912,0.0417725196678938,-1.9310526772782561
0.031967225467605574,-1.240328972727939,0.2642395522602776,0.24334585550179524,-1.7845319602916707,-25.510684452400405,0.17576423530050214,-0.11004700906230543,1.5910240572968597,0.23176265644139876,-1.3362858301268647,3.859834461400217,1.0308339072695845,-0.6011468793143262,0.1367549986760273,-2.021352227239202
0.009790014076421166,0.8031529790565715,0.32876338940125094,0.33483108065080924,-1.794298547342029,-25.59890868997182,0.04428269751275435,0.2691528668274349,2.712090295321407,1.0152211672185592,-1.291852702414947,4.225964568554152,1.0221501498693732,0.27315901625558214,0.23072530704628516,-1.520267844744995
0.02506150945278134,-1.1685939090246098,0.2666778268633747,0.24378964014855087,-1.7833011645580445,-25.229819243140383,0.1676246944216691,0.21403065998358098,1.961060142571608,0.7373150682234215,-1.4265166153260338,4.239948054757375,1.2458372521436558,-1.8417774651842347,0.10821689240604183,-1.6564449776078631
0.007811405106562787,0.7433059661048842,0.33142071539376944,0.2751568855695081,-1.710814625607711,-25.235863715997816,0.044619791760227845,0.24980883981725804,2.7118729797257393,0.8506943025130459,-1.479480387078805,3.4158611879319287,1.516431464110115,-2.611224186604288,0.10733639046980108,-0.5821651158913432
0.009790014076421166,0.8624721405890183,0.5184162940830259,0.22924940614724176,-1.7944372929759183,-25.23236246733036,0.04428269751275435,0.18177849285408562,2.9524130393388344,0.9868223621694099,-1.294150257297821,4.212900556158483,1.4005751392692125,0.13675607559171832,0.2313057140356042,-1.5234795657690974
0.2922167143783582,0.8768003999448445,0.33267098774556836,0.4011915943265102,-1.9197841307624108,-1.605308216922249,0.20026221473822967,1.1140124483741503,2.5772987546105828,1.3816653278366362,-1.1335001954406623,5.121379744873482,-4.480633189024378,-0.593053981933015,0.16837691102479577,-3.41456063538274
0.15145566427792095,1.4558899109015622,0.1962140985250153,0.3722909347609778,-1.6517692674626063,-1.7882405890975912,0.050816350605580235,0.9058675163599409,0.4744691934003653,0.4240885066519626,-1.2503525725148474,4.733604815600563,-4.322682133277989,-2.9572206638385787,0.14081845902991375,-1.9571881968536469
0.13433699460136908,1.524113972807235,0.19382415590430216,0.28439133302860525,-1.737068721181595,-1.6647979012424752,0.05047925635810674,0.9744790647687972,0.4282245366773783,0.5845739359936132,-1.0434496773955644,5.595072659205878,-4.484414620057926,-0.06935285402581522,0.2559280185503484,-3.36995968730256
0.2726851797957793,0.8189830854062743,0.3318612318334269,0.2950145810778039,-2.011944744655591,-2.3091831539022323,0.18233245848916835,1.4591207866928482,2.3506295905449535,1.8201866678355585,-0.9723526472546977,5.586335577040786,-7.245135000695551,-2.002508943046926,0.10794132470946224,-3.563630635825035
0.03286151484526627,-1.1685532147154911,0.2666778268633747,0.24378964014855087,-1.7833011645580445,-25.269909952155754,0.16864304651108913,0.2281683308795062,1.95158724593292,0.7542667277432445,-1.4272012742548632,4.238817298805722,1.2194990452529126,-1.8027587609485856,0.11671382291805622,-1.6564449776078631
0.05128707236828622,-1.235898260987199,0.26869426654021744,0.24438497889368974,-1.7258738917466905,-25.268580389778336,0.18672859251025245,-0.10138376916864685,2.112165058219094,0.2552446626711041,-1.5220987789454763,3.828466407017147,1.3169863575377263,-0.6381525643444791,0.22587819310098087,-1.6782405188969052
0.002982135070904736,0.8719516612016978,0.5200390989825227,0.2751568855695081,-1.6811078083944258,-25.32587000726061,0.044619791760227845,0.23788200750008645,3.354878113318188,0.797394288366052,-1.4469588544480005,3.288332605988295,1.4467657607591569,-2.832253093599445,0.09680561983848153,-0.49101180871860245
0.007981065030725118,0.742746846320244,0.33142071539376944,0.3807385600730756,-1.710814625607711,-24.906779705857243,0.044619791760227845,0.2659183406406753,2.7438577483907665,0.8511365862751733,-1.479480387078805,3.4594907007821107,1.8892333282220253,-2.4737637267257515,0.1193571359444398,-0.579429593367651
0.009382733132698487,0.8624721405890183,0.5184162940830259,0.22924940614724176,-1.7944372929759183,-24.903597822604702,0.04428269751275435,0.20331960456232853,2.945229352239685,0.988594226452286,-1.294150257297821,4.257495492628268,1.775190263895,0.10627271290761788,0.24473841096577978,-1.5234214724895598
0.2729618593086803,0.8797083521340778,0.521514136515202,0.2950145810778039,-2.0068965212383327,-1.5846926133242016,0.18233245848916835,1.359701682926492,2.649091515361654,1.7999321315789731,-0.9760726560607156,5.562354445717165,-4.5819382461527285,-1.935681207577828,0.07544548089888184,-3.3154538124052495
0.2922167143783582,0.8768003999448445,0.33267098774556836,0.4011915943265102,-1.9197841307624108,-1.605308216922249,0.20026221473822967,1.1140124483741503,2.5772987546105828,1.3816653278366362,-1.1335001954406623,5.121379744873482,-4.480633189024378,-0.593053981933015,0.16837691102479577,-3.41456063538274
0.15145566427792095,1.4558899109015622,0.1962140985250153,0.3722909347609778,-1.6517692674626063,-1.7882405890975912,0.050816350605580235,0.9058675163599409,0.4744691934003653,0.4240885066519626,-1.2503525725148474,4.733604815600563,-4.322682133277989,-2.9572206638385787,0.14081845902991375,-1.9571881968536469
0.2729618593086803,0.858607041261713,0.521514136515202,0.2935463699412845,-1.9983608213798867,-1.0559301231023444,0.18233245848916835,1.359701682926492,2.6539568462522447,1.8262616186191936,-0.7880228675824869,5.5246783585381944,-2.826669977713842,-1.9450213609819653,0.034517438090575496,-3.2552065564321024
0.2918094334346355,0.9150182506049266,0.5223238924273433,0.29414170868642336,-1.9113871765378545,-1.054600560724922,0.20026221473822967,1.0301495828783405,2.8513735972081804,1.3806593170868837,-0.9477479618453076,4.986830958733287,-2.73111986144957,-0.7297297642538766,0.13314036237596652,-3.3574128428886953
0.26547110222453024,0.9593594315437114,0.19382415590430216,0.2831996434234023,-1.7256178131069124,-1.1370441097251167,0.05080074827911811,1.0493456716142098,1.4720395289380668,0.6498703819131939,-0.9729138269585949,5.160445127099196,-2.754924345558901,-0.039910148052408216,0.11250141073904955,-3.2363403669873247
0.27215043076548706,0.9396245508838954,0.33175813146901695,0.32163383055800865,-1.9654111830069012,-1.3127170918493285,0.17201235917117785,1.407855336176926,2.136929861629522,1.6106668893891234,-0.9790224706964894,5.5055938364885755,-8.771510604342982,-2.2452970273717447,0.17861526749544338,-3.5086155354345236
0.291405285835165,0.9963445429828449,0.3325678873811584,0.40507208441932385,-1.8784381806898383,-1.3113875294719062,0.1899421154202392,1.0866969430790265,2.677405579874552,1.1639552639012416,-1.138802583172778,5.051745617065556,-8.675257479982884,-0.6865570292605492,0.2721273757625334,-3.6119215604141246
0.15151291834878933,1.0610111397933153,0.19611099816060534,0.37617142485379146,-1.6343943660731095,-1.4073138622784176,0.059606187483207035,0.931873219642621,0.843808691880728,0.23567408626019548,-1.2685845960207598,4.627166211209385,-8.154182572171623,-2.420572706627356,0.25394565416774034,-2.1512296005152836
0.15522838977100475,1.129235201698989,0.1937210555398922,0.2885483446527352,-1.7196942131955282,-1.3448609029031953,0.059269093235733525,0.9991262958375885,0.8073059867624551,0.33417765344987294,-1.1210480621471663,5.496831631762388,-8.506894010409336,0.2769936081699927,0.39420054351816636,-3.566510363290241
-0.21968546030581823,2.21532197105868,0.1374708936910946,0.37334993005186207,-1.7478634489497553,5.280419484136755,0.06472347505982849,0.49146312887087173,0.16757351219666441,0.10245395387127808,-1.407122801325652,5.123208984905769,-2.4557455657186935,-2.4079893720107797,0.11875022572749103,-1.8133099971959403
0.008074700882204308,1.000728277779426,0.164764244154371,0.25341938796693986,-1.844758247587618,3.4424730188809827,0.16680144960615137,0.8879062669517995,-0.09904585425284276,0.7526391392462826,-1.2647372941761845,5.492594813397046,-15.107946283628406,-1.0593868632569983,0.09993257454317982,-3.3508229962380875
-0.1819952175318245,1.5876807153491581,0.16909190640827926,0.31264626148928526,-1.6950691310294672,3.576123093817933,0.06940453574086514,0.162330495760109,-1.2736719239509005,0.1215461909909223,-1.7346978822641812,4.646872704219375,-15.442290351615021,-2.518406853132799,0.009199775099094828,-2.0887737970611617
-0.17828175158849704,2.0817787920191444,0.13678960469554974,0.22513568266028755,-1.739116935266814,3.5150759503027618,0.06361780053869683,0.5773954838219577,-0.3578398031203864,0.15496084091485046,-1.563760876019916,5.289314945847065,-15.827218181382845,0.1118392683497299,0.11393119530267884,-3.3776028638413975
0.34299962047502164,0.8082579791968143,0.3299247231976324,0.2935463699412845,-1.991733942131916,0.15269697377174984,0.1984900569479041,1.5666805769350527,2.3800187058329345,1.8793148135460895,-0.8129094694198521,5.522997229275644,0.6051324805201443,-2.073342743160765,-0.01854244162180919,-2.6787409731565592
0.1729583561024821,1.2899032409255067,0.5179587661632894,0.34726691107337904,-1.9982499128170095,1.0796034444468476,0.16878127654210281,1.1680712516418426,3.1088708136467162,2.1384066328548097,-0.7805824585597853,5.284921909421506,3.5341925773209573,-1.812260497255658,0.06968528144663891,-2.0459477936750363
0.1964480099879978,1.2228532259141773,0.32886110681502717,0.3478622498185179,-1.911206392506068,1.0638072923420634,0.18595448637040946,0.9554573667598077,2.5765505351801723,1.7358876052905075,-0.9393889785028947,4.94255928195456,3.6507297913685877,-0.6872416127765739,0.18554850573862652,-2.2778682412770648
0.06638959188204528,1.7670173855128857,0.19247473607650642,0.4341513162723753,-1.6642350935656127,0.8286944091631603,0.04800190430764591,0.8907400465319213,0.44018623433945697,0.7658324036919262,-1.0755868765240486,4.507326922703385,3.754604905747967,-2.906621155670752,0.10141386174817259,-1.1350627571326755
-0.2155909737141907,2.3701505123155937,0.13678960469554974,0.277895935666145,-1.835513950023442,5.219196297354227,0.0638119660277143,0.5681295716245662,0.018800930868807606,0.1834556409961935,-1.2667110976232718,5.968316305283762,-2.4508245729891245,0.261529261425785,0.24297027140263028,-3.0403439638709506
-0.010221359741096317,1.5323985325215905,0.23628073725894558,0.2934525259566435,-2.025356750229635,5.489296136125035,0.16945048561145187,1.1359684744871226,0.2896993696890395,1.0707078870367546,-0.7031377191746672,5.781063305795151,-2.115671507636452,-1.8248329878773961,0.071307501934095,-2.501404188945495
-0.2122306296388096,2.0519301172931415,0.1394679550005245,0.36176914557311995,-1.79874163490661,5.633873156909523,0.05871354853774431,0.5343525182976058,0.11832619789786325,0.3853888287628092,-1.2295425339558295,5.048424400804551,-1.861288193616414,-2.462907946828521,0.06736771359216445,-1.3513354287322406
1.9854424288050765,2.3213025995951617,0.24443411387381794,0.9444718733750282,1.6267790966991769,1.2941892068710448,0.02543994315839561,0.3929833247899327,-1.5412923730124175,0.6361933770266527,0.7073034747308691,-0.3604952476768794,0.8240369187691309,0.17025488865834282,2.108161475441637,5.9434191958737745
-0.20851716369548248,2.1131976092767677,0.13707801237981132,0.2741460653720637,-1.8831047383952468,5.572826013394352,0.057699489470300847,0.6124683898629222,0.09000236132484493,0.46196470992010386,-1.0882404116691142,5.918476019141365,-1.9450337961890238,0.10433384337201373,0.20545677720212424,-2.7641585414376566
0.7909517711097496,-3.160446082832725,0.05718389558918182,-0.6505405064366644,2.86077123980321,0.613028786225518,-0.2872636765758002,-4.111159333531968,2.2907179819922256,-3.6290896883039103,-1.0093561538237394,-0.5820671532759172,2.120323994277428,0.8072848177679685,-0.1066711457720181,-2.677242719365535
0.8325524908596101,0.5211590972280871,0.062091151661589385,-0.4832434138979163,-0.6420408367671311,1.1800845917506995,0.0007034203420835752,0.9650078777366082,0.8767998262674511,-1.0982945871338556,1.008901177693317,-8.288390544533756,2.6552219016875034,0.6482962071062277,1.4360629990625264,-2.2371627427959893
-1.0292405311195514,-3.745678369061771,0.3140011799419867,0.030427894271821618,-2.074292833867222,4.887133989718622,0.24800130382284455,0.5062514910360385,2.277460441806944,0.7001828922862003,-0.7566181134589414,4.265548317422722,-2.3455821592339965,0.09279951800775581,0.4216711495385383,-1.607913477505558
-1.2308186402998038,-3.293484680209063,0.060583728726317225,-1.1495144895043985,0.6895461747091531,4.913187273037805,0.31819834833487504,1.6407531280182792,1.4663571321586923,2.053390855714684,0.2702327478392792,0.19890528135343577,-2.156073368397622,0.48049294899641243,0.25688651918731154,1.7926131044018279
-3.5223601398352256,1.5141960967950023,0.17802037590663064,-0.029254137251454433,-1.4001368122091238,5.624611223239266,0.11256829893192068,-0.7856365032680148,0.1749092331695123,-0.5228745833347601,-0.5974678147267747,7.081345322947026,-2.8399690854311985,0.6656201072889922,1.6728995078911826,-3.456382228228997
-3.570189995314479,-2.3220699824915663,0.03691644970162149,0.05860965110722048,-2.4219659143139527,1.0371065761875464,0.36321153458292205,2.270758707407029,1.8616162409329273,-1.707291975498287,-0.6720403299779854,3.786376054965125,2.50541877919206,-0.24647942625763347,0.7972101843677297,6.261533964562442
-2.3408749695032443,-0.058381847232081396,0.2740937909892944,-1.1657945702634076,-0.9524875534352034,-0.05725407686226064,0.06219539836932029,0.697127356298963,1.8597484662766386,0.36831096833972804,-0.8513996671462271,0.5245526323930291,0.7780693412749922,0.05006676517444681,1.9598776367604935,-0.867297846662598
-2.8816838634810176,-1.3325960249408197,0.21818746578746934,0.005782392898943427,-1.760388153259196,5.263582334724395,0.12337204519056727,1.4460384779491353,0.6629148243982277,0.869270879732155,-0.7714831396862591,4.810681427540094,-2.883022862933884,0.811547876998696,1.2279355888370693,-0.7365955554632891
1.838270457910909,2.6969767026526874,0.2304324888902693,0.5602229697291425,3.2837406348425198,3.3460865703218303,0.10076567603207098,1.9181690091675667,-3.260043174936351,-1.1605195789154634,0.6137497884113451,-15.202563928262824,-1.1223811427921442,-0.6181030422172725,2.212789285836289,5.7428312619227535
-2.7128212920522583,-2.4972773002014934,0.1895179934170885,-0.39529382725227136,-2.0715237916666696,-0.21922529800205262,0.3551376251602064,1.876370034441113,4.23625815203294,-0.06039974790564986,-0.32712087637944215,3.3002123608004243,0.8264093898028579,0.18326102314753306,0.6601292951526482,-1.438479103482171
-1.4425718438152633,-3.1832672179589143,0.09960136473206985,-1.6353545452968328,-1.6698297265960356,0.3698358693329904,0.35217660041164667,1.005616496626008,1.2794091926396003,2.378842208729544,-0.8931846686162338,-0.018981251040074698,1.344449736849644,1.4907629754925136,0.4946345279585273,-1.2616110653065067
-2.6255572430881835,-4.949721268086818,0.042694484129954774,-0.6227548002164187,-1.8587122788815915,5.251441983207722,-1.8763072157886318,3.1421429782641983,1.7366352817008384,0.4191840991576637,1.3189593559507682,0.2347374437879144,-1.743001164613839,-0.6806203014964689,1.5210191321790278,2.4476328122027105
1.9325732450674276,1.383511004989044,-0.055375614396306706,-0.4468442543674231,2.271755030123277,1.0640768808965253,0.19976760415075248,0.6502121533154306,-1.178394999911456,1.7137054847523043,-0.6630927039095285,-2.440984296552595,0.8947541931940937,0.4518490300992314,0.13103059381605184,6.640411240890133
1.231474949987533,1.1218684126253133,-0.14052658011654473,0.12026145239728707,0.4659525536274026,1.0947430174870465,0.07307462748448049,-0.4714785207746053,-0.47898494585247514,0.5017922266792406,0.08173108163588602,-1.2375823551452798,0.5894418639251527,0.06064694520570709,0.5015570242324082,5.3528373677589975
2.391827879746172,2.870252152011651,0.03364959495881674,0.9273313746007265,0.28224341276342274,5.620348270762561,0.09574283014296149,1.0432624644010116,-1.0726425421263033,1.4989546871030137,-0.4094456351739864,-1.7149736344820992,-2.0231060147473166,0.011672547315610819,2.2434655193304796,0.3960304809026966
1.4012497590521928,2.8217066182426924,0.0951851935621515,0.8616526971594962,3.146604919613401,5.1438978278168355,0.11019895619862873,2.762206700451334,-1.3311415784046599,0.1293597688940815,-0.4250752011768385,-4.333118964584666,-1.9318815309643464,0.3282096316790769,-3.8386771739414667,1.2949525511536024
-1.7951753041784664,-0.47946231749596263,0.005599099329381005,-1.1610763338950727,-0.7695790794294199,5.338004055637152,0.13857738701992425,0.4952077371649823,1.295154384725128,1.6692697445368552,1.0750145255576316,-0.31614072412757094,-1.249549324862705,0.664629768750442,2.1213522094917843,1.01625253692045
1.422094702267447,0.34379756081665896,0.11910719419895549,-0.12567536611441874,0.3215289930067792,1.4408491120027214,0.20707181557275461,0.6574959259087023,-0.9880234505278971,1.6760283666620108,0.12694681767895474,0.8307318065197485,1.449189677080946,0.658407911962494,1.7916953891082525,3.3389170138229276
1.1873693167212036,0.38148726313938125,0.07355194219884673,0.7959185434851748,0.5092062348215136,1.340594322010421,0.09331364287662418,0.09566820269077841,0.7795942137585884,0.6291422981786133,-0.013258205335606682,-1.434533318753272,1.793081427809222,0.14374101504672007,1.4706577566730195,3.7801349584565807
-0.8375219106074978,-0.0699448131675368,0.2126391379946936,-0.553387541531291,1.0237262926049662,3.8090428332557904,0.05029746554580806,0.46965135738691255,0.343508098868164,-0.581814381257393,-0.3434889111022722,0.39653051267644496,-1.8312003086496391,1.0494728673102431,0.9340823241752176,5.773710953871631
1.7294437003060994,2.34632752851328,0.17933232751344366,0.504818860111421,-0.8783860024500991,4.401483331247984,0.06545972899460803,0.8284269536120691,0.4936558138960692,-0.8152799570012988,-0.03488878154823841,2.7841508563818422,-1.2704938765595162,1.7402637181311278,0.8872142720812615,6.823777088936453
0.2940931971537301,0.9766346219324243,0.23554965711990783,-0.6912704594169758,0.4193204940810886,4.2459766644208505,0.423796955954491,0.6180085522923863,-0.3471043710077464,0.661584712968862,0.5459261209243128,-3.5419275126070917,-1.5436601770417824,0.44974472001579774,1.6513059128122538,4.763934406809104
1.1569486235058735,-0.3701372369165312,0.048824120295400404,-0.3208398265397691,0.7190431844661355,3.661971852961869,0.05970618384194578,0.2481239560294956,-0.6344905316398557,3.940454763395711,-0.5265094654141836,-2.0115318131628577,-2.024728219189223,1.5073099945083084,-1.1400710874453757,3.743294704629195
1.7936840924395878,2.985351197766284,0.11567781404161964,0.43901612517490946,1.0605106567351767,3.478847283447365,-0.4674228691547661,0.1628530910106304,-1.6859337392138238,2.4017860504431043,-0.581531005432238,2.3760028293587476,-1.1638078640348304,-1.2641152230410175,0.9223377505038834,5.181500613004329
1.8324430151254139,0.885773923336687,0.1852501548323963,0.9471106519997613,-1.1022120224102412,5.327103503483159,0.28825590888129815,0.9575742735634819,-3.520546365290148,-3.240976294248874,0.04020671428299841,1.046568722678853,-2.2380165026225494,-1.2666763572813113,2.608681034992013,-2.4406052482879486
-1.8828406292997695,0.1788095342374708,0.27104363911421464,-0.5464775016772534,-0.6806252223519617,3.76536847564773,0.058610791744105974,0.787784872829697,0.603405618274926,0.1713939133400604,-0.009256287163785229,0.6995613780463114,-1.2882122275870735,1.9234812560038441,1.7720066228269846,3.471133310444097
0.9763028670737678,1.4371559757787462,0.322281133803242,-0.3789823506799423,2.66706486759977,0.9124519734181652,0.033483262030673956,-0.20726116320931787,-0.9149576136097879,1.0403817839191212,0.28205815381776167,-6.899759896411847,0.9165530396712931,0.1518120040438793,1.4695505522558234,3.4010249706719584
1.345102570854803,-0.16176265463470807,0.038406413040980095,0.862302463972195,-3.3923561087581824,0.5923581007164996,0.1880800322365945,0.32215905660949534,0.12209564796235031,0.9117032747260257,1.3179016029185322,4.0018506545001955,1.256896470376459,0.45452549531130304,1.1293435460103218,0.6121775724780909
1.7408862483366832,2.111472179295628,-0.026524455117294416,0.7482286666312622,2.591489950083652,1.1028228931800614,0.29817750989390335,3.0779732831154667,-2.1198036708428143,3.933806209675503,1.0026507028412577,-4.904354962819604,0.8928040062818946,-0.808447904660659,-3.2790760973179163,3.891743888284428
0.14925724572733318,0.3034899721142531,0.23083922446588406,-0.9358714780454137,1.3182122900843745,0.9578064304423481,0.09198621389536477,1.0793102021865426,1.050886193223338,-0.7587550649366065,-0.17255751233388897,0.6798125842004271,0.6992888615122926,0.43601587393352015,0.6946639356408775,5.040269880633218
-2.3197780168059556,1.1047608399641422,-0.05274529197621945,-0.7356799524901125,0.27624184933925416,0.3560236749472637,0.008260513004143715,-1.456770448695431,-1.2147646159847683,0.916769804145408,0.09541318094273171,-2.8578088639920125,1.26184502141464,2.3148880373712823,0.8955919904120891,0.12108319815274139
1.236338091108393,0.6097092270520236,0.037052959674080954,1.3976912725451531,-0.7205171777079515,1.337134503968604,0.21778444782551443,0.5029639301524879,0.7973549263028114,0.9893556516594392,0.5617654106289331,2.039049033517394,2.335562547144202,0.05441662835242918,1.6301733939490974,-1.0760619667756266
-2.006501732798566,0.9749186305167836,0.26056913562776907,0.6452003254613913,-1.4763874836010091,5.652313717474537,-0.05636929298684868,0.8855370638749636,0.3582924060024616,-0.3532798840537227,-1.0409303955948215,8.515647695155995,-1.932167996239164,1.8577482989283023,1.4321253607621598,-1.717366554871585
-1.523957470769642,1.4460965128065872,0.3544056397415435,-0.37761647515333385,-0.4967782671191375,5.200214790921295,0.09322600789908761,0.8696861277074678,-0.4243512934932607,1.051018159001035,0.47212916048574527,0.33103331523203433,-1.724074166024713,1.901772351733916,1.1757629844231665,-0.38814887676993814
1.2325159131823253,0.2869230405051116,0.044232686007661545,0.4199751335611546,-2.1562561155054256,3.69269941225165,-0.7769088081836882,1.006892620896931,-0.6846816444984881,2.116065688696491,-0.7471028646814512,-1.256220219376156,-1.814026920781816,-0.6258859327365307,2.0269850056146033,5.142138506786837
2.4976934396050745,1.1944161565496427,0.10934814818248002,0.01573868497589056,0.7464175650025666,5.674284930991262,0.33929831310981645,-0.19182385590656717,-2.010519924444757,1.313124085630236,-0.0443962327466557,1.5858251823813871,-1.4196372330221732,-0.03952314765549848,2.5806790504402413,1.6854551069798225
1.2969547746170256,-0.18201678235340682,0.24660547642844094,0.6107062136062842,-2.296824985216289,1.1345438414808138,0.3680740456319943,1.2546418345444674,0.5587313448965419,2.999990786376586,-0.17149741600539817,-1.3171502808319424,0.48903869585861837,-2.1615767295427317,2.243991084363092,5.728189879770869
1.3845562069700486,0.9103634848290855,0.03361112840925061,0.9066624720382555,0.8449235127910898,5.689969269015304,0.22919421828339712,0.4493797877843674,-0.4177604835623484,-1.256898644346149,-0.03951388868004271,-0.019927451384147598,-1.918068342003806,0.2666455824773837,1.4307938334254684,-0.34398056510920394
-0.6399873520786246,0.3472606842891371,0.12258177850730936,-0.29625749041183974,-0.837679293091984,5.449261742261156,0.08679878047688658,2.8160324923330644,2.0401876834030164,0.9309464806272549,0.7479064431329443,-0.31747931449943834,-1.8775645713005995,2.4570638641933105,0.6831212419853718,-2.7159595492526116
-1.7921459112143963,-4.803659816285259,0.05755524295586111,0.5965248953128327,-2.7923162215811934,4.2814057748964105,-0.542665796326959,-0.4195427273208178,0.7421974598619046,1.4161194570989382,-1.1788296801677078,5.045335802034517,-1.8945057290850078,1.047031192394008,0.19363839255607032,-0.5809128986608837
1.8244820140416667,2.3619296542829358,0.3690151078151742,-0.475492326231504,2.51003363116891,5.3996323833188065,-0.15571639896124245,2.104922116503927,-1.1297669339707317,2.9571008652139192,-0.47729347446317993,-0.8738648757209039,-1.4117199433358112,0.6280607217026967,0.8772883855540659,1.6462981426755232
1.7892024937743432,0.32834202929910766,0.031747124179265035,0.012953112791562202,0.6647593433689147,1.4266162959635682,-0.02083356642308393,2.094708548108721,1.694176596447529,2.3078840973306787,-0.12746826273822834,0.19044617599461314,1.38711016251693,0.3286550542996464,3.1773486333428695,0.3340231306592041
0.7096615482972409,-0.5527478626382061,0.04111124900924538,0.12579307979426352,-0.6298785973591372,5.223581009405592,0.03207082753123285,0.21029223311978487,-0.03662649682838845,-3.190033149283028,-0.4770503874850792,0.7589600017194543,-2.8790055616879657,1.3117052572200363,-0.06582963862212066,-3.1226134290331022
1.964586922548402,0.3797420063739524,0.028259971332275906,0.9356148244910845,0.11364455844758566,1.333197411814085,0.047322234203072876,0.586632613767358,-1.5455450777064756,0.03492964655555979,0.024327228917894732,0.6265128694437693,3.075567378525083,1.988525277559654,0.9397428889987458,-0.7604960720887941
1.9021864418563315,1.779312343933598,0.2558269495570855,0.7418990969955518,4.22787925064181,0.4440240761115428,0.3644926385627464,1.3450906079224192,-1.694045418266099,-0.3938894596009178,0.0117042497828407,-3.8245904733112206,0.9844419108132496,0.6318793489539322,0.8672146864946352,-1.6299569903256734
0.3783493108389334,-0.9750645311268831,0.023940257128520465,-0.3200976025573501,0.3721983332326211,1.3845372181490259,0.06363301632103448,1.045337172732681,1.8892931838609122,1.2496116358991025,-1.1470229846287754,0.6816280888111693,1.5256456504876412,1.6637232758651201,0.08162595484999972,4.254693886075862
0.7840685901003722,0.7250522095202667,0.0700291033373868,0.6812791892963084,2.6946559180826455,1.4772514451477552,0.22080278870841843,0.2593988042704334,-0.18009641506955545,0.15258023874881527,-0.16756088023633728,-5.364832880068955,1.3573841219036282,1.6172932397636648,1.5614585554134783,3.5057401952769034
1.3131380232138645,2.016000507819997,-0.03375874041608904,0.06847932584827258,4.464135530424653,1.0071314387661865,0.38757348873100983,-1.314432034822221,-1.6147142082942574,0.830284552567906,-1.3862218127734454,-3.3435153468630023,2.111785492117065,0.08612278323595,-4.526500744443071,1.3793754877876843
-2.246325740769581,-2.538826051235349,0.22244525151311545,-1.4487331333544857,0.37531253874428294,0.6540925465381355,0.2484720895139359,0.5844803082597452,1.8054763086523131,0.2802866774569213,-0.3438106404750132,0.513621157127126,2.4018533602428396,-0.30917463455154576,2.5331178391618527,0.42680260648563745
0.9621272877602534,0.6070608595113224,0.05140296894439165,0.37600128966340796,1.0003575788057024,1.1046570463630716,0.22620605238247446,-0.5258217962523392,-0.16737049050095942,0.8008164792342465,1.1920320757745213,0.9752420582069418,2.232035194129077,-0.39453554015952313,2.9181649762881556,1.2270517413386794
2.564274391442244,1.8839256543220757,0.04784312589716355,0.6183845493387669,4.096359544341756,1.4152762999326887,0.2270185025686175,2.8137447895144905,-0.4751512291458691,-1.9581446145613115,0.7384880019394594,-5.795285191961868,0.9751357707403258,0.5730784375587071,1.692526183423276,6.49288216958194
1.4729377230019447,2.4652826793491585,0.25272238106191464,0.6870433710064598,0.6075580294546161,1.4527767258964073,0.15232845115700466,0.10082840320479247,-1.9299096909865698,-2.030283963679449,1.1061598564321924,0.29912494520010513,1.2914234613375997,1.770689347149887,1.7237107809514105,4.854251411126476
1.0705097990391528,-3.7151565022720776,0.07176283052365974,-0.004808942012181253,-2.0398841952387747,0.4444457625246763,0.22686483059321086,1.494188902779071,1.7762549446080949,-0.8953131698233807,-0.36367518126091775,0.027177472979311338,1.1189115933098384,0.17434752471012094,0.781899867538244,-1.635380152658667
1.4716423679502897,1.4940424725270662,-0.019423600013681184,0.9069981971559122,-0.046025680328140264,1.2436731574891526,0.2359401969114132,2.616694460697455,-2.9041535499406796,0.6867338825059575,-0.7865103437745712,-7.227868362779332,0.5017544916573181,-0.05305567684657963,3.0339026951016623,3.3065638427323654
2.5524304096409356,-1.061715234222621,0.2230930502882986,-0.5930277270085,4.24531516755886,0.5207145619945466,0.09182841601766811,-0.2846895833954532,1.5974120631686421,0.8061626050613807,-0.6482662868949061,-1.7121159503518768,1.1495297550838273,2.2817076836339067,0.36004548871684083,0.43540363498497775
1.5910399244898312,2.036996645275059,0.03410901074938554,1.7952805440612951,-0.27470946944673114,4.765538644894564,0.3567735077642025,-0.6482272448378824,-1.1955616567467928,0.9594590211349062,1.9016450490718506,2.349178852799039,-1.4691678330807343,-0.1225889972200369,1.7151684726652883,1.3513794046045933
1.4914607018140789,-0.7937848011156281,0.0585836031253716,-0.3648617965271915,1.6853363668053303,1.3101248438192383,-0.5646523747077222,1.2473997581575147,1.604191198951073,-2.022126093317214,-0.13668262704792933,-2.994105353216178,0.48772078938343283,0.9517425347919597,0.39177973984021675,3.6703669239629106
-10.18740529797464,-10.563120787877631,-0.1788919845482514,-4.948639786566887,-2.2475026111677905,-0.0398100480556086,-0.7889724794285727,0.7311431701823976,6.19417201140115,0.6182181102848501,-0.12405653195982301,4.768370955100156,1.0968745083248175,2.2921710831805275,-0.49531545804916227,-4.555760384369899
-3.1251390302341435,-3.389454420568056,0.022240558061460285,-0.5313025310493719,-2.86484379776336,3.6969633837974314,-0.35154915511760587,-0.19768680021109236,2.0090260954044608,1.9888957709480322,1.1718379645324213,0.7849818904893537,-1.6843500092081973,1.6598688014799636,1.4416630514671824,2.4036446265565665
1.138933517880264,0.5928514141261102,0.03268912975592959,1.0387537456584552,-0.8317550403351419,0.2835754086683617,0.0527051106467427,0.8145007413518296,-0.17108401468588255,0.03438238915912228,-0.00650981680688621,3.66064151217673,0.8728831515041082,-0.0002859983533458942,0.3555797367364563,-0.3593090025111968
2.1002410919936887,3.647320747142028,0.26831288325371183,0.717591762693283,4.848659345821818,5.127146967392647,0.07247983708532596,5.617072926882375,-2.3272501436512973,1.7162077871240407,0.3070224213575748,-6.042984886453232,-1.6552920899002252,1.9895064268163627,0.8509210532824093,1.1797013157758884
-2.982916268742602,-2.2075335828708633,0.19444140190105993,-0.16140939934415063,-1.8898591092541588,5.0073228447038005,0.09309545649249382,-0.5756293559679122,1.2904808723045595,0.6242771134972591,0.12529409393816315,6.084781286487136,-2.900090812410688,1.4472059784430278,0.36738442830853235,0.3374908860304756
0.4517553067653639,-2.3554364018669465,0.2579182874079542,-1.0435723856152368,1.7822974476019164,-0.25956076752910173,-1.171939989539679,2.547487267313821,2.352232725371543,3.8747734316649445,-1.142696032008201,-3.7797330459674363,1.056019178309832,-0.5239191067008163,0.8712128867396212,-1.4855904911613862
1.5866940792013624,2.5439776689649243,0.21444750980559377,0.5684334001193628,-1.8155751776367755,4.871142843934899,0.22275390651604315,-0.10520486425627316,-0.8374604163146063,0.3861404227590177,0.5373649837975232,0.31299993059445774,-1.6969355646352435,0.368067353845929,1.7725215976555544,-0.30658007710661545
-1.752186039772766,-3.980439793598997,-0.05863575129940775,-0.48745465601605475,1.2546300226710065,1.2444550875695066,0.07338919322359155,-0.15133796266388105,0.8004638596738527,1.2560597843407881,0.3928817234988955,-8.334208345416878,0.7738333910974035,1.6085045690635893,0.7235714570545841,6.489818885213419
0.8633063807422986,2.1750981336807054,0.04864175000773271,0.1731055538020429,0.608874918779447,4.254580721046647,-0.1361455223608478,-1.4551489892240936,-1.6863919500250306,0.14951541774355537,-0.49917432669073253,-2.66493962519173,-1.8181477375310688,-0.8205901699164215,3.5633224299601607,-3.1502064049977134
-1.6904444822718947,0.04904859570790638,0.19498538263774304,0.4871682649539021,-2.1105474737054246,5.19770313661554,0.4047252238309674,1.2263057517659401,0.8729076262848783,-1.3712231873523075,-0.3267638476902949,6.132956859195312,-1.4948112273977834,0.23789231363435587,0.4682718651681412,0.21210936112294107
-3.6326302256786107,-1.8287362961867661,0.37005938561036705,0.6067402951104437,-2.9848982676369182,1.4023023556752885,0.15293086879309103,1.5953420515963987,0.9755863579104039,-0.2745368469281824,-0.9844205556996075,7.155832208408274,2.791678680813764,1.611181794455075,0.594414434671843,5.7948709138570145
2.4005708212921935,1.6232330792920633,0.06213546121082675,0.6442932581002356,3.479284633210193,3.239580191473446,-0.5404044919257969,2.3614623306541542,-0.8046223931004458,5.940772610416267,-0.3824944119150021,-6.205758563603137,-0.9621269565773182,2.232658285289872,-1.8576464913956703,4.624139226309629
-0.018444719442317827,-0.3982890722356961,0.20626743991128538,0.3480171558258944,-1.8401643341581986,1.3404049292865186,0.1876355569880541,2.1185686384701023,1.126956138121503,0.08468648680164724,0.34348987192291597,3.969614835058387,1.961580344893753,-1.9400632309021992,2.4614297669502267,3.55604020748875
1.9657711875074486,-2.0635670629479135,0.043277027947034724,-0.028727666548395887,0.6889655358725311,0.36014198573375694,0.3045566452825023,2.419360055783567,1.7893126165502724,0.7212036096764523,-0.33248461889980785,1.330105043675118,1.4663572300756256,0.04465128443112634,1.856636990673033,-1.0510094106872516
1.3709614696306933,2.9949761166639597,-0.003957754203923428,0.23156333676770122,0.43632546421792157,3.8980086607808553,0.17729763512181548,0.5472301811669953,-0.8422342498811348,2.110231171932526,-0.20517547171298406,-1.6354861662916114,-1.984027328850411,2.1857523170271773,-0.37863828669814314,5.124162081805652
-7.328447008054143,-6.575452641096987,0.012358184693653938,-1.751516347291461,-3.68310780312153,5.643830041569856,0.24294068088130172,2.3438131617663696,4.175968666217877,0.48440215733674374,-1.082387958958436,5.7647886468298015,-1.6322251291236618,-0.0032152268443375394,-0.3681250790377767,-2.61288448609056
1.3872793356210547,1.5788025511535646,0.05290365054235619,0.8287079974063181,0.6016175249120647,3.324003664876591,0.1964450675464294,0.43762487773339426,-0.8202242635974784,1.3126495532279987,1.0864051317458117,-0.5831544355748008,-1.6503775751934486,0.5661403172169266,-3.766846534118388,6.261715086730436
1.0269334588333048,0.7430320503699221,0.3784789182770414,0.5766261179013946,3.0442992186684057,0.9386566613002906,0.2136312666737575,1.9386846590399507,-1.04079257093302,1.7487201592475445,0.6776383974096717,-4.762671510917144,3.277753917108155,-2.515325250794916,0.6717839091180338,0.11848827001158066
-3.5095081335406353,-7.603115173190758,0.0343566922575926,-0.9989204057633367,-1.6389382038682916,0.7718313569814421,0.3680513454055877,1.4221144542072395,4.279354060525262,0.8651339463998803,-1.1265918438945328,2.6456260809782433,2.5777504552191943,0.0467497201746174,0.5037562352544127,2.3294769548315704
-2.3535378859999536,1.2698373232034939,0.021069991704285876,0.5728721283410659,-1.6159836227684405,0.5279957025499203,-0.08611236817977946,-0.6884609768828094,-0.43398755142944817,-0.5622488853497231,-0.40797772463963056,6.077430765307005,1.3221695976125887,0.6926491770541452,2.1549427961708814,1.0957090808640015
1.54149054348411,2.790530591676456,0.2916333634669393,0.2551052322245703,0.4802497394450896,3.7178519736637297,0.16725681904450845,0.3798832067346592,-1.5159889834280116,0.6874311395554487,0.4452472478220203,-1.2859270465441848,-1.1405690587096902,-1.408969735197646,0.9731421207342169,3.9458631384706644
1.2870152939202317,1.6098275519067216,0.15079429355762067,0.6596208892466605,-2.2416087497315127,1.4141776340767724,0.1287372237873511,0.7034514366136174,-1.3384945833794735,4.6156628325367075,-0.30789929670170574,2.3282853525451546,0.8341512956803404,2.305099311961065,0.6074415155420049,3.7740266271301737
1.7611406105135288,0.42828126089489343,0.24831274696172342,-0.2665591791599864,0.8772021014809087,5.92295597277206,0.43563000204236085,1.8536069363251473,0.36598851686494066,1.19417140194796,-0.5391670564147545,0.5335679737434605,-1.8107432870302194,0.06701411879657833,2.104200170272623,-0.8005778088719211
1.711006675953372,0.1441623221735639,0.041352437958631735,1.2067106754926624,-0.7755939849150691,1.1396116915392491,0.03662128822362393,1.3527295961150125,0.5885682990112434,-0.6223743742544141,-0.08833648517415842,1.1299290370675221,2.8092679358902877,1.9524147770970666,1.568486294957144,-0.35396009605621115
1.6242977315873166,2.158688452608972,0.2419586117756578,0.48669781188047706,5.056500422356732,1.3629041095550591,0.2224114968004532,1.0258176441514344,1.2907190385737286,-0.37805038369047567,0.24762383262983834,-4.413667772634895,0.9429284406889654,-0.9189999651629522,-0.33964564968523053,5.5433583733817535
-5.8802641625157674,-1.8431156377909002,0.2584887583293818,-0.8722158812850284,-0.8605518964333273,5.0234770125152854,-0.6103147042135618,0.44670043671104204,-0.5558792333430986,2.0001100198280684,-1.7076361853499502,-0.6681437312597067,-3.4042015605239055,-2.787803067328118,0.5221883657662248,-0.34363248272453506
1.477427451885156,1.3121032500393317,0.05568371473950567,-0.023928650416983104,1.6879253592184555,4.242497839555686,0.1926346765297368,0.6092995161392611,-1.3251465965157656,-0.8121123595514164,0.5215104774671299,-0.9565008099887284,-1.404403802064731,0.4463999408768154,2.8746668442852825,5.959216447307474
1.718563620687196,1.8511141229346986,0.06389504291419885,0.8851320450443694,2.7983661862360276,1.4254967121580877,0.1418231236713152,0.14191315905325366,-1.0537181585798212,0.4540341890903495,0.9965059935981708,-4.01673852670916,1.6774407235876074,1.459730264194096,1.9111419859933112,2.6824193990298966
1.4805896588019167,2.02681784934802,0.2744249291040383,-0.33241242516623126,1.7200952542183048,4.1637896580787075,0.19145468369134871,0.07740249520528784,-1.1586783351590457,1.3442307520925465,-0.9819128199942759,-3.0666193425732757,-1.391810219123849,-0.40940567104950004,1.1769135198577902,4.546692014075464
1.438586519193211,2.9744420388208015,0.29306399274731554,0.6278104313914367,4.293258003183547,5.451873018501405,0.08952313125761019,0.4273202127596855,-2.499932751350467,3.0813606369578515,0.5922537723016451,-7.677641014256515,-2.0125821955863263,0.035482164966009935,1.0182181562437083,1.6124013921783902
1.4640687239873618,-0.8714702918133426,0.03374668528811674,0.8961202735827025,-1.9015291578103521,1.1718418502502257,0.44161955757947635,1.240417527419076,0.8553607680936545,-0.4869154907054486,0.3896726169797315,0.5334606930302539,1.0524127748942063,0.5489763432506198,2.1874152991453486,4.7147353466381565
-2.1881787542690234,-1.7087708786938305,0.19629747151322613,0.68936694348723,-2.097661058699733,1.1261229143982654,0.4899802169227855,-1.2543176131403746,1.2672688049266554,1.3031733371974707,-0.7424344070220578,4.706009342154536,0.5987476731801559,0.11300039877027852,0.42775266550136165,4.4042919757337105
1.5206888316404124,0.18066418275770663,0.1523798881378707,0.6795629750293787,-0.9352216638564325,0.03715661854607287,0.28050769463912417,2.0475870620917807,2.428607608630584,-1.8909837391110358,-0.45894231002396185,0.9508094891703714,0.5784502229524133,-2.0858845494930662,2.9541224542762867,0.5278464275040124
0.2479080648179474,0.8573152351954668,0.2922420567243513,-0.6066512894153612,1.3633529246010272,5.208975367038978,0.20812464504162462,-0.4745978070760388,0.39576926269923474,-0.7561162872875338,0.48719365903902145,-3.30639487519717,-1.542003553630806,-0.4814078049295483,1.1844272121877384,-0.05625410187626932
1.258162779240311,-2.604350649122788,-1.2577590397803555,0.7493806615563017,-1.1805473671672297,1.2468018747142688,0.25827752577552754,-2.6628215421070682,1.6552343856195275,6.791373584897332,0.24418180838610892,2.6757353566992608,0.3543413629041314,0.7562298293572547,0.6499393505243642,4.287718117750107
1.0203621739039532,0.1817128137532799,0.23583657658938612,0.050577881807106526,0.5431985236037791,0.9474224193777825,0.2431802025268338,-1.7382818848144648,0.3334807111165442,0.6278210085295408,-0.18960740756025027,0.2986955885179683,3.254358002034362,0.38601872568641626,2.9092200439500497,1.6796834057653873
0.5607062125316972,-0.2769022510800694,0.005218175515289008,-0.03497314191530358,0.35260740281631914,1.1288130856128145,-0.08323665730061351,1.6439083953360696,1.0233965980197093,0.18307338510264354,-0.18573803856970453,0.1858042169325831,2.7154288504866755,-0.5377637420941247,0.277589915894929,0.6836330724318761
0.12769181203728255,-2.8942384013402465,0.17658234389119262,-0.5895444087297899,0.7436415581436491,1.275806590833747,-0.5105029834471454,0.4017344643504157,1.7974577563737453,-0.11965440312119083,-0.14761915403032083,0.07161372460696995,0.9002763897811837,0.7908120166436753,1.8776836108935973,3.894414153232871
-3.8867952644501282,0.23153007250405727,-0.05984353798112363,-1.036748956621571,-0.5878747852634602,4.962923883883106,-0.1230630573118582,-0.3760627603556216,0.9900965017738941,-0.310373635003015,-0.5211095430811002,0.5177897153074643,-1.1926900971871288,-3.0220427222706,0.2200045629377275,-0.19670571269902484
1.9867930357424683,2.8405983729769075,-0.02163039480580086,0.5072563007650713,0.17997297610487925,5.518767749108766,0.09483263424438246,1.1279922453272897,-1.3930570840171281,2.2607320640689834,-0.8138854516791599,-1.0427703735365672,-1.5220249305669273,1.2354771485694647,2.576526002510217,0.5847601153792271
0.11063110135919586,-1.0290952710198584,0.20303271408929693,0.44094113939228124,-2.0255940483670423,5.361198352733515,-0.5086091260047861,2.2173937853896923,1.1787803371017427,-0.3185021621843119,0.03291384968729768,5.42687843528262,-2.1757840316012773,2.142427648038071,0.03546391807454047,0.06865795657963533
0.036950617545406045,-0.04772070214177777,0.029769349068385915,-1.3521589238097957,0.7152688463376398,4.334255000917566,-0.07122020236537294,0.8549563612956663,0.2422399457371314,0.005226547474765006,-0.4092260734152183,-3.0527053650070184,-1.954328398413892,0.7294028200892902,0.18385676069402113,0.01278651319645992
1.4403348893087102,-0.1354476204907238,0.040175838806739333,0.9771379373094596,-2.0614493095310498,1.093730224236369,0.21345194340304902,-0.18416642811261733,0.5368197953927613,-2.7150079421699536,0.7964416149017721,3.4804265190725743,3.203354856323957,0.3208330793867953,-0.10254412116830137,-1.4205049779838514
0.30469046651992593,-0.45938186827816335,0.07723108060732448,-0.2845344626961182,0.5805608899881577,5.457053776293606,0.015709278712767095,0.6365434527254744,-2.0190588822070237,1.0860262652399917,-1.0005787730199587,-0.7444623598783636,-1.9516357919725467,1.595603167346585,0.20242538843404828,0.7668556584114877
1.329794843327396,1.5447385272914194,0.2469103086599676,0.6587818709259126,0.15785042899044954,0.8344254142254456,0.07905373275774015,0.524109147699113,-0.2427718738954222,-0.7253120990613606,-1.5666138641089489,-1.5993720704019356,3.2257889069034658,0.11188330978040191,2.436089087791397,1.0547996833352014
1.7602478753248245,0.3228988163781055,-0.8745289394673876,0.9765931975210611,0.6909329334541261,3.6748070938570656,0.21377738175316605,0.34729073310292025,-0.415085515755908,3.0151412834878357,1.1368110328314343,-0.7483902041725271,-1.2225612087948323,1.421339717952461,1.3477099706090379,5.791863566646533
0.9860694715044265,0.12464358380587112,-0.007608247553947633,0.003378639632613332,-1.6345782566442213,1.2914442455720454,0.07765001029611865,1.0115765145171212,1.9223535629441237,0.9141502327450451,-0.3270583945116509,0.29969726687101567,1.3161584847379963,1.2699870548308896,1.234406690511081,2.2580905561842006
2.1187018197232868,2.6394267055450427,0.2420505792843371,0.8788398766926829,2.6564238824870685,1.2546806317444827,0.15192506199375877,3.9368990760494618,-1.8534366092428136,2.3407708516365444,-1.726419218662735,-5.195978944963074,0.7742643394967814,1.0829167008332785,1.7337977344550846,4.110750223626285
-2.7995268809815093,0.03264204929050099,0.25817339910416254,-1.1510544886302911,0.45472735909524364,0.6178082300286366,-0.022971824547575546,3.7390895415392476,0.9543277469354341,0.6125271088406018,1.0284680303908231,0.30846159184310135,1.4932048553854396,2.959062141902084,0.33986572135895804,-2.636929077263524
2.058032648173685,1.9755655937333696,0.06582633101563427,1.0427540890560039,1.119465016557408,1.4131854530641383,0.23366614235809904,2.1458084344650312,-1.739561448449655,0.48603094936874464,-1.5192176270989488,-2.822990216092082,0.9944040528766416,0.8244078054523227,2.465017894863196,4.627958744525596
1.5300779169027536,1.75524827446607,0.024791383009393254,0.9296898731471256,1.3011954163407318,4.698216562023619,0.21059571637405056,0.0026938895822779924,-0.9788943722118759,-0.05962349215325069,0.2996419651408045,2.375838958527609,-2.220534733373066,0.8376178329284479,0.9141657073890102,-0.24937160969629565
2.441678211461989,1.781589078573112,0.06678733440873681,1.086618666234595,1.602021000642034,1.1844315234201193,0.3352750660689905,2.1115331617518778,-1.6200713925934993,-0.8273952140730543,0.58194518073663,0.19401103910888004,0.8614224061841097,-0.6256408644059728,1.7749317435982213,4.363768600517959
0.4859154556237647,-1.968729861565918,-0.9280180269860931,-0.19408719024088414,-0.969605761518989,1.4695742324439205,0.07894425328849984,1.6071358309777175,2.283512718688178,5.165267621683682,-0.8661340234566872,0.532204873949429,1.6464121348947887,0.5974419326134224,0.28240188823690354,4.409534207506132
-3.5228347573082446,-1.4566437700068513,0.10084587656819279,0.9728794472551019,-4.133160825070505,-0.18751794363839952,0.07956218183674736,0.29175204313373804,1.72310366872245,1.8904309754388942,-1.4168874428801013,9.073300531326728,0.1999206767093152,0.6374412057497493,2.6363055745612156,0.3556608078342389
2.1785966583412386,2.3772489551831124,-0.14499507311261073,0.802062406170064,2.3118515952845273,3.5674790421891958,0.5891320126573826,-0.1787800570109501,-1.2705091718959434,0.6125439222934175,0.4350788702564481,-2.427439985504226,-1.1682968086792358,0.6585642999728767,2.0269711375961195,6.001579424832727
-3.4981923279730087,-8.001875007090105,-1.706931356954999,-1.7218340335435294,-1.6100987030894682,0.17397720322498833,0.35607137367624686,1.608525448505771,5.937627804491211,0.8323312895009946,-1.2938573198047458,2.871454246387976,0.883674511436784,1.2083100114959304,1.0548426080427955,-2.9785673698663033
-1.9253255964397156,-0.09839683216214043,-0.10667513299405963,0.5848706518777548,-2.734889222087944,0.90680713644215,0.0582159018717514,-0.03022028957705843,-2.2764780878494015,-0.6138906574815145,-0.3947840856612227,4.383796490714527,1.2630499054211097,0.1126427862193506,0.10763765982189193,-2.275783107300089
1.8534161075217042,1.6937349147945042,0.07138444938531001,-0.5800456921884268,1.3659477830742852,5.391476522545287,0.17641577706361497,0.27267879416041996,-0.5175707605870636,2.4176093241613144,0.18416804839977782,-3.098693215710135,-1.6148371824873018,1.563638040505596,1.4878541481146508,1.4090651231675855
1.4237409003557913,-0.2483528572907631,0.1735145962606775,-0.4194780189800048,0.6777588795773574,0.31486857995092354,0.34066208128967235,-1.4371762452262122,0.32361709954453094,2.210223858950433,0.169371935302438,0.364447699805842,0.7143549290695655,0.1911254652712211,0.20645650550550274,-1.575468920849434
-8.239687948526747,-5.828003832121339,-0.10238370078314248,-3.0664102812565877,-5.735521723541096,4.736436092787453,0.2227633465395143,1.249603099522123,2.975932505198133,-2.418809789170287,-0.3330600016249058,4.909198130121648,-2.820030045437335,-0.5349916300250408,-0.3394858252769814,-4.061763129849956
1.0894509888914843,-0.1166177232313336,0.0670166910991496,-0.0034775358231142733,0.8271098776613947,1.275167816111949,0.2853388690025515,0.285925212946775,0.31968258412596173,0.8546261448161874,-0.030546888334201442,-0.4480163783402679,0.9942469658868952,-0.0011801866836115432,1.5646732361503544,4.783800195450007
-2.165736156596117,-0.6475200399611288,0.24292213372593516,-0.9220839447821738,0.23431776864255857,0.6222590247065855,0.07283141488990363,0.47381571928599453,1.2634486290032922,0.1572364549681206,-0.8720850371072466,0.3082699157895491,2.2689450135675906,1.262532163716234,0.0910338933603985,-0.19238426683960386
2.422206447096511,0.24493301246152005,0.24305408479627696,-1.0537431154212837,2.113932228184952,5.457733916329064,-0.26014857785029455,1.0820914537698736,1.1334089402689778,-0.4985351468463072,1.3586462638343297,-1.3969045164196627,-1.6704945576237393,2.995724294112909,1.1504483806588033,0.1697568961378262
0.9627298715768309,0.8025356996452347,0.3497377787611521,0.4501134399292243,2.798075540880615,1.2397733407543767,-0.3434762928539332,-0.13274495110414333,-0.15652966302395657,2.914388626790875,-0.6711868196921552,-4.721695308701962,1.2751626019834328,1.6756024295092649,0.4275198139180843,3.161948303299167
1.254467363600943,1.441312263041913,0.05432162098515382,0.6753375383120176,0.7135919775629882,4.016537704698809,0.08345033758671032,1.1283631940046945,-0.8337906176097555,-0.38138062499627867,-0.09037559838383709,-0.25362849228362894,-1.5817373769777692,0.49769053761448484,1.5892406000122206,4.982023900405953
1.9661468585866881,0.887381923704936,-0.1377564142599056,-0.21154591296149258,1.681678086326055,0.8458648151077242,0.25175467142964125,1.4091348974364364,0.8207942597885552,3.203158579391078,0.40968084833844987,-2.612721939261881,3.12999554264511,0.6472935468745631,1.5921415728201531,1.7832752156851965
1.1631522850292666,1.5438184145355287,0.05602392601886063,0.3833866960962662,1.4101881541148862,3.6988451186603113,0.20101052333089664,0.02007216282038207,0.27415299309719515,1.1668456148891997,-0.39917277835901366,-2.119960873281462,-1.7370655146001968,0.153790420970021,-6.465922324593206,6.5836775720883685
1.7894227193936336,2.712298033054598,-0.034016287241351424,0.8188438932677781,4.330869096388253,1.2687634301653676,0.10896732839697648,2.670771378757891,-1.6778918569060706,1.284232038030119,-1.1274616811030624,-4.7180948024098255,1.0753510177421604,-0.6297829940819731,-4.573958075871017,3.756240237807893
-2.995296697281856,-3.657705712814924,0.10683882353058574,-1.1361759732963301,-1.7616450696396462,0.2539677123196901,0.23911382359856492,2.976398053307109,2.169210956012838,3.236802767301745,-0.4751886811790446,2.5550923072085427,1.1241597206102236,-0.47864557622055653,1.016766385797147,-1.5256241946975977
0.3639520995020385,-2.3928564712138773,0.12029403799827527,0.91554234075657,-1.8850359034658883,1.593592937573374,-1.687179214474076,-2.527179860280766,2.1583018070961626,-0.5660182761423788,-1.3968806206900315,3.134098110837496,1.3592439540311296,-0.8903460854669983,2.696905193605416,7.174886463906906
1.5633652934010946,2.3553897058516102,0.28598064180064603,0.24635297328551195,0.7369579620636026,4.99418077571474,0.07493043666693867,1.0693551619936825,-1.8257271119628498,2.255897667913069,0.05450714456980473,0.02209952633950096,-1.8870676729436553,-0.5070893579070337,0.8001286093344849,0.4695832407531474
-3.2542554315077323,-1.8352080649668816,0.18890777382895957,-1.5495992514728723,-2.0133262536879335,4.168175805596539,0.3867983035605657,2.9873198257081692,3.5076224845846378,3.124551871446029,-0.6844062331783493,3.1934796742139504,-1.7405156110643285,-1.903668274619387,1.0808405591346464,3.455353008000865
0.23904876808560888,0.8644542671308063,0.2928728621083738,-0.33422578354455174,1.757397259557173,5.07539476841114,0.23758002179567847,0.01044522474353686,0.22807655697096055,-0.0771417588046927,0.715154316013092,-2.677283972055948,-1.983323270561127,-0.014244907673500774,0.8447814767733332,1.3190566935358272
1.201551006424516,2.167422412770358,0.2992418159104048,0.05301444855565571,5.184934590752255,0.9094589812148007,0.058326004650218435,0.17101188781449359,-0.8539120440054527,-0.8185798364324682,0.5982062273015496,-4.303540864790061,2.5478782301146996,2.2831649771954834,1.2527675917897674,1.2728255364422414
1.2572193218185346,2.32630220852703,-0.09952328395520318,0.8941342913395043,1.100923425168308,5.498109566228202,0.11382841588353375,1.9529539658513881,-1.7137665859098852,1.149207594220377,1.1525012652449385,-1.3234010095518394,-1.9122777465326024,2.234732144750971,2.395561991080818,0.9731297344286991
-2.8615306221343872,-1.499608464628939,0.17741693497991168,0.015312106950417669,-1.29378326563267,1.2451300560786251,0.2367115369613456,3.118676536482862,2.065565976935939,-0.5938887868754883,1.109435103032082,0.3429572350384796,1.8185471305824543,2.7135695433516425,1.5003772249197815,6.150511972671676
0.884813599590163,-4.159992741289312,0.1201964788765329,-0.803804587966847,2.3827642946368615,1.068643651691255,-0.9059253019345956,-0.03436676248096737,2.0640696897027255,-2.3720265516306753,0.14732476863848373,-2.4368427010862193,0.8213987922784828,0.5222653012444222,0.5350642706693174,0.19668017795291984
1.6581909667555712,1.9339796604761146,0.012670176902891156,-0.31949553138423675,0.03809401209101989,5.158263177296369,0.04195863465670214,1.3318655584066645,-1.5129697207383157,4.422244973656244,0.15948993263394182,-1.5902943966646548,-2.3027071578496576,2.130125562560984,1.10028366664448,0.7803242386712779
1.4068429223917691,1.8528208843637766,-0.08690834487324664,0.5638019806963606,0.5880839008727184,1.0976235293996235,0.3658472324461188,-0.33348538168856107,-0.371900362111114,0.7543401324197013,0.30761119744932897,-1.3308946389525396,1.1222855123941682,-0.08186012985128778,2.417999806307854,4.186441872625654
2.6809701276779165,2.364548732695188,0.046585313457928684,0.2855707533056093,3.6980997625864678,3.765363936473546,0.13231439845075124,3.286694510860183,-1.4607303967158711,0.12916921919924348,-0.6587114988774119,-5.53013966719983,-1.6993383608642871,3.125341097154946,-0.08694892357352202,5.119512252012339
-1.6617342655278606,-4.068419139030541,0.0730214092500851,-1.2390472645865294,-0.18818507213614988,4.717038983805191,-0.8862719542535392,0.7533800834010534,0.5267986848757753,0.2468805455917175,0.4271865834765876,-2.2045428861262453,-1.7043124747443625,3.123201034270434,0.3017087975228524,-2.3854466518031607
-0.834018075433663,0.7031107190461204,0.19701770019066173,-0.3684115617812441,-0.8822662743825552,3.91304412732981,0.044225741231289147,-0.1862463295759522,-0.8069672902326153,1.3488327228846548,-0.5402955617234257,1.253547757167371,-1.091615576613609,1.4955981928947284,0.6529832905014407,4.744345839987866
1.2804224371145798,-1.4853594627760514,0.333765878022944,-0.8515057588807703,3.6178268164162457,-0.3189487978321253,-1.9023631478408702,-0.9100846915138819,0.8798548420446002,0.8910895446580155,-0.9330995511739469,-6.907610147943225,0.8738567636555172,0.4700954415082906,0.9672559807207307,1.6613280206500667
0.4533010996649989,-0.5472056978789807,0.17581524360315748,-0.7482811003687891,0.4758986690315735,1.0271908870203574,-0.08441371364299075,1.6973968610195227,0.9952800534120985,-0.16076487934043984,1.300216292622821,0.9068146986418478,2.8166950773914583,2.3055308967842403,1.3671842558666734,1.4830588916849787
-1.0511523080360834,-2.9628617861505413,0.13122758589009897,-0.13249621568847558,-0.4211821825211839,0.8529537889087465,0.0675082540400363,0.8417347347298003,2.208387804907647,-0.3648212065699214,-0.4079078754312023,2.4350063992998403,2.3756638637641987,-0.014016611823593135,0.4826079249069218,-2.111457030076809
1.7754859902512634,0.4391488131773743,0.04286218083077357,-0.8038995201026664,2.185893567738635,3.5287878216370325,0.10397633117168231,0.7549362484771961,0.8855797661507517,2.036798511002354,0.26102331718252,-3.61038405832047,-1.3675377620615627,-2.446397029380788,0.7202966119114288,3.5682718957903248
-0.3497544312999073,0.13825107251184737,-0.00809404599739024,0.5064768292406908,-2.3381861893385674,0.7802245722709094,-0.11563243076922969,-1.6544533769497756,0.7639851401556257,2.497075551362525,-0.881454198867338,2.8814425861718194,1.1865573282839306,-0.5731660369745022,2.7656595425305404,-0.6924882760777947
-1.9891102694429745,0.29843998096904156,0.23544519794534627,-0.8433527816208995,0.8411214948119475,-0.04343580168419641,-0.2054282955186282,0.4233407472343866,0.9042349172322119,0.5891984652652352,-1.4158177265148497,-0.27534944478618445,0.4146823780139844,-1.7445918113011556,-0.5272985571267136,-1.8524028799770047
-3.1631683593697995,-0.5368696902536708,0.7311536076459862,-1.2336486395226607,-1.9601378331981583,5.512803442570219,0.08850404649786639,-0.29311893900962366,1.3341611627773444,3.673659750013656,-0.13436243739981082,2.896172888640015,-1.0948769111118213,-2.2199930437116184,0.4457343103296571,-0.6483409738513523
-1.3806600589506965,0.004001449890038342,0.11351459419404221,-0.4885428859847074,-1.4160624112064346,5.521196634265634,0.08808503484045908,1.1193293560397273,2.6234193133310124,2.1167105902623113,-0.12231416617181981,0.24093678585975362,-1.7912176092989678,0.5876385066515986,0.2481539563318622,-1.1477957374410892
1.085077076120793,0.6711662705966398,0.04473160081233026,0.9599503012604503,-0.7519490909273691,5.441778640533212,0.10761140329372927,1.1990237953181841,-0.7956744690712988,1.2649555891126194,-0.00679963277287596,3.0958968386609134,-2.1254474996553165,1.2203412812399992,2.72381464545038,2.54541248456606
2.3598988932806018,1.9751881157736997,-0.06994083698773221,0.8365503374004722,1.593860928513307,1.461808824201258,0.1020688075703203,2.040926202969986,-2.341482310931647,1.505806563261178,-1.7010948162611423,-3.5348278217802296,0.9934487963860179,-0.4572110787684951,0.06673724957067954,4.734475750001648
-4.3743613750188395,-4.69111773362921,0.08728166982261813,-0.40079419944196326,-2.2741557713245224,5.65064179901802,0.37082236039534755,1.6383775019187528,0.780381226470479,-2.7168179234591157,0.06836826362357212,3.757962706661993,-1.4769172535556108,0.09114671266155726,0.2078442766559553,-2.5883644152765175
0.9496472064412803,-1.1699014004259904,0.29605507521151025,-0.16800911732195545,0.24900078026195085,0.7974188802043242,0.25416794142422927,0.19614644998573985,1.5327728192192145,1.2426818586936876,-2.5597222225435368,-0.4650022585598536,2.7455032881438917,-0.1658706571260164,-0.41758632402856777,0.02039064017926104
0.1441328295987778,0.18214436553121663,0.2545792029446454,-0.37749272479977974,-0.7437783024369516,5.077519996541256,0.10288209152026705,0.6521063122219073,0.7889687451460053,-1.0141866835967601,-0.034972763282117035,1.17092360080737,-1.7773971641662991,-2.474108005317273,1.8530703222737535,0.9708612097925093
-0.169671156629964,-0.10246889280428832,0.20435069242729378,0.4578680281130759,-2.2599525867828807,4.8673752996387005,0.24399386778394913,0.23035352569737877,-0.03750028021072359,-0.01948449193161821,0.0695609673279497,6.858777790188013,-1.5618277838581276,1.6977038231394788,0.31312706525718037,0.6158851578952693
0.797078505085718,1.212549771492594,0.2882514965358138,-0.3364698216105956,-0.12156690565168092,0.8787946226926642,-0.07954840926170277,-0.2070756596207007,-1.9625744679386896,1.0604008864059968,-0.29869479791952513,-2.9709205626149533,2.828286173018167,1.705606982100011,0.2385136684976272,-1.7017904253626188
-1.1674599641474397,-3.1002158195625134,0.040206844951767295,-0.2828459545524746,-1.4084256972761635,0.7877621620443397,0.5670695674172807,0.42426164729016197,2.0830540238548525,0.7580340491848304,0.2238500037531165,0.5800798223604047,2.6284099445281406,-0.01766221866390307,2.2432300017814506,-0.44954619791842904
1.649776969309646,1.2123289125488252,0.25624737332892256,0.737095615339785,0.733288113111737,1.058920961383265,-0.03251116036675189,1.0499927381123593,1.1693312738783284,-0.7848591122679979,0.0197306290316752,0.2494634310141834,0.4984409178377909,-2.301293126572354,1.7680935307394803,6.75765804869685
1.3255732305972905,0.055526047806770944,0.06255131122807536,0.8062171704280806,-1.683379305166716,1.5702278419703808,0.09068132513520816,0.9780840077640652,1.26160783246797,1.6416400167790177,0.02873233269632541,4.361544406617362,0.4941771924441932,1.774597417479519,0.6417084008699141,2.9003813300998664
1.586404224379783,-0.2744443542580013,0.22086589769365325,0.569287975495284,-1.0051561636354605,1.1231630229859155,0.0766241293557033,1.5414245426984459,-0.31463735551393995,-0.4154516885829287,0.49957253875107127,1.8600992409442783,2.052673683240576,-0.2740408748772898,-5.486537514303514,-0.08465528438420734
0.15535572765766306,-3.6360583926086707,0.04820472072986376,-0.14196236724769432,-1.9323382387346248,0.45192363792481166,-1.1858443786309487,-2.8699442267224726,1.6986525777589168,-1.492300197759122,-1.0350400864313352,-1.3163382661136878,1.4730352558491313,-0.008066587779624046,4.473842476676483,-0.7645855854494641
-2.656096223335359,-2.655285213915475,0.26106842749354303,-0.229156387902847,-1.293314280701952,0.6593771466222931,0.388764498295639,3.3614508237879894,2.524494403429047,-0.16090310719568027,-0.4774789696669257,1.250612094690329,2.253548301148026,-0.7343981731475139,0.3380862825606221,-0.9740628504742281
-2.8887981507683005,-2.804962750445851,0.010557890006659186,-1.3353173298444176,-0.6733889084449881,4.95958686401754,0.45520841872890727,-0.8760138061017714,0.9855447681927584,2.1188301049866407,0.004865509893185408,1.6066797552276286,-2.2817492591672743,-0.44232074424376006,2.775533693980073,0.18392342372769752
1.6081676675259695,2.1078453386740104,-0.05695371951258691,0.5024587854432655,1.2693803272088084,0.9078551973392207,0.2408842079560576,1.0161191982993558,-1.1203341902241022,1.782614089345922,-1.1692379181804118,-2.2991484540699556,3.927160974763061,-0.7535727363204336,-0.1763664719832496,-1.8086423413524706
1.0416296275960608,0.36477378771251046,0.22411280733492467,-0.05044124933400729,3.6062796677177804,1.260995568288912,0.18695328633125932,-0.10738917528285014,0.3672692885926051,0.9841077420543977,-1.2506652304258161,-4.589551586664974,1.4389549133095483,0.0007739522936427958,0.525596838674688,4.064417003289747
1.093653677082189,1.157395867682012,0.24768632924492556,0.15129985323178943,-0.5720778208472006,0.8457380353686733,-0.19418336573694542,2.3394561855746208,0.3077935219645689,-0.32501635401290696,1.0970485557602603,2.161247724561961,2.914706361198089,-1.5896665946974988,-0.46102901568662585,-0.5207138974860744
0.5694512533247882,-2.362868029495129,0.1377163154519504,-0.4859088978580013,0.41161037978756815,5.063513314470856,0.08353092727389784,0.9282497663796956,1.4476564133296586,1.8748975596424737,-0.03416383476803625,0.39187234793149744,-2.275696990457004,-0.9006858619785242,-0.03682295923209085,-1.8863595149461834
1.231646304783427,2.0706149387946633,0.03562056840703995,-0.003595910160713167,3.8504407507417904,5.628119643558293,0.19644489821582495,0.035025216136095924,0.3902400381577201,0.0006000495432289883,0.4324572248762981,-6.019484820581676,-2.010547132243858,0.5713566415977552,1.257734026740259,-0.1563353387581136
-1.5385798082160642,0.1252767436727765,0.26896359046546076,-1.0610268284350632,-0.9501063076014372,5.533050246486649,0.17582850179919768,0.8073171742853392,0.04749957849414162,0.8183251971391841,2.0892575144902694,0.2314022901765555,-1.7976875445658131,0.023317662471778664,1.532554987663268,1.1987359767229981
1.0991614846912134,0.3004501511743558,0.03428999079303425,0.7901168697149005,-2.61991169808564,5.156889766996662,0.09875387671307075,0.39879316860506686,-0.5907387223820816,1.248949659695217,-0.7577695368502797,3.3479664861600873,-1.6580244400740496,0.5136512919472472,1.6639953466241535,3.2994028778009272
1.5722113574641239,2.5771657209904957,-0.0926876487252204,0.4663216506544063,5.012834883792947,5.352946876229046,0.2685610836326071,1.2205337436500658,-0.8536176551649864,0.7219974226238123,0.7006779704410463,-3.842438258883399,-1.118218233154617,-1.032187046587715,2.3283287502721284,1.5556120488128808
1.9629934183104258,0.8311477233447455,0.13671204481205715,0.11283796018694436,2.231867722960544,1.0933281317149903,0.16250624945343314,-0.6019850092687015,1.6476916740429097,0.8563346545472236,0.5017137863874026,-2.076085277854031,2.8092217574256924,-0.2870712146382261,0.502034505962359,-0.6015025936563606
1.537894302801299,-0.19295500504024388,0.06146023805685687,0.6371306857392436,-2.0081339467593304,0.5983488073937607,0.0948640101882803,-0.16155957723898148,0.3126867183921512,2.186711555910207,0.9097654078100843,4.204625315347235,0.6794776530049894,0.1388159606035582,0.6653482296603307,1.2050106250190755
1.5850929597805514,1.10578332082163,0.11206785358984758,0.825812243629423,-2.229391447746185,1.1550959957882183,0.3495514067584262,0.763344331208004,0.7141574865567575,0.2166700706555695,0.02171193115368124,4.826870438065795,2.319562726676494,1.938567212606789,0.3951821217104434,0.8004283703997643
1.8233166858552028,2.8371735778710296,-0.13783280548800908,0.721655964022028,2.824672424829207,3.629285843401973,0.06651208494172342,4.706152251654991,-1.4526971856437112,1.7886950517938363,-0.5776443999617559,-5.704416703306442,-1.4127754120069713,2.0798237075926735,-0.39503014839997996,4.810795690235939
1.4390645843121943,2.7645211345318246,0.029159411792712232,-0.07296966497325957,1.3733471367107613,5.234336651338913,-0.2250325186876726,-0.8317121055567193,-1.4107994356481166,1.6442468626490236,-0.27659211513527043,-1.5524912503184696,-2.2507926489310908,-0.23581119241846815,0.7473750612995409,1.4798618515010866
1.5655179542504405,0.6176535327986249,0.2794787109484704,-0.04267048859764013,2.8540828055839573,0.833589505074777,-0.19453553793119216,1.611501729785757,0.35369218627743015,-0.6295325230125974,1.0883982329459416,-0.34510394061248484,3.377474341180339,0.6008898313159552,0.6817655249344299,0.24839588624637204
1.5398135690257932,1.5106916759840985,0.06713890405008005,0.8603049832144788,0.9154182267020247,4.009877044056346,0.043894395129455546,0.6471474590219931,-1.1411112530147673,1.743776359374227,-0.3840094783201498,0.6176754278855461,-1.1998224187659374,0.3828389720229523,0.47653667663867816,5.674037374208273
1.0296079438216372,2.038567004924647,-0.14942708415496933,0.6302647885618051,-2.2774602027578634,1.2219263691257767,0.23894758038371622,-0.0492198011138796,-1.831012597301821,0.9004310610220665,0.38545636109522885,-0.7938113111747922,0.7239558457526375,1.6734756286349926,1.6508900668519102,4.894514624104424
0.3912516726071724,1.3288592401963228,0.12737831830181084,0.014301797205693927,-0.537488036209589,5.464384011903759,0.08837421487796504,-0.990970223793436,-2.892296824756097,0.23668737618270694,-0.5363839026697106,1.6242275067161467,-3.2390221098928063,0.7391526559690941,2.1582059467801162,-1.5774049396408993
-0.15188592707778187,1.1550987854423542,0.012268003379908512,-0.5355365138117271,0.9047555697220135,4.161752692004647,-0.018196859090905338,-0.903986020958838,-2.5256441705807373,7.9600104787569235,0.18747751798486373,-0.2111833327273304,-1.0218754069682123,1.963533421985803,2.3861872826203245,5.195798259054844
1.9162045879092533,2.080316360412879,0.271265240958392,0.7387084447719162,2.523078926431461,0.9770539691565489,0.021533426224334188,1.3277099612363572,-0.07978943222169278,1.0597751522421086,0.16893938073756296,-0.7418895313498575,0.5464046787029601,-2.4030375154846633,0.7101236112199744,6.333725622546246
1.0571472310463497,1.050772019879652,0.2377967413308283,-0.3203755653096689,2.461924253905378,4.444228199332685,0.20542746534991932,0.3066272910485939,0.17804330616715427,2.661308136491945,0.06909695676857501,-5.490613350292365,-1.4661413894683173,0.020668635781154826,1.4543078240254785,-2.317147737345088
-4.8676324907438735,-0.8982984398306539,0.2862151714950697,-0.9718957024038806,-2.0320381165985615,3.643432639647041,-0.1653460867538734,0.5814216203495279,-0.9252175179887707,-1.7160819915306813,0.7879932852853324,0.11479722568666703,-1.8412895222505234,-2.1480205054766346,0.9627901334556308,4.765729275380037
1.1575599269934795,2.4695702660807926,0.24990454218971903,0.38408875985741325,4.909151335281467,-0.06721986569950819,0.07270076279410131,0.08012351324654035,-1.3321378009164668,1.6171445015349606,0.54735380753993,-4.659038308032696,0.8875778324117343,0.19849643030891317,1.8300079470032793,-0.3161100818394154
-1.902875076925211,-1.3023221039052097,0.21935841029528844,-0.365660525815158,-0.4629918665338174,1.1139974279762042,0.32983368808775426,0.9610421629834915,0.8009304342086375,-0.39582014014189604,-0.5846270994504142,1.1727575335403775,1.4056665526291803,0.8636130915759564,0.4617449872975722,4.695432101375322
0.5164817032761807,1.0934369869717988,0.2206607461767261,0.16379189588952753,-1.1786745818637383,1.0296509595611463,-0.1456514983857947,1.2285708870976326,2.2764239457120192,-0.5390824465120192,-0.484387907859975,0.5541002003115388,3.1028335009004056,1.0229856588362007,2.07246633733214,-0.14588303724440135
1.3744312989400234,1.6889731944886448,-0.0312623720852882,-0.016977564513060622,2.705311157869562,1.122548733720457,0.09909595083658404,-0.07676240136144485,-0.9838594368147842,0.9604352044675265,0.6175673495588258,-3.814356001131405,1.0205770689596634,1.764636374563361,1.303280444635959,5.3469440588182335
-3.49874495989812,-2.691729647586149,0.33953079876219655,-0.030087555678108932,-2.3052870116271573,0.629628022435827,0.1722054833133759,2.6691610330186037,1.5263618841387576,0.5204178237045839,-1.5954915724951193,5.043115902200609,2.540645683321523,-0.4137949855745979,0.35343878806600065,-1.1196173284905047
-0.0008135025754839468,1.1069008874931954,0.24369333865573134,-0.41200029602902216,-1.4605064413332245,5.131753396229438,0.09906706101946723,0.5837773682660629,-1.0798061037796551,3.6975191380585786,0.20685619954807105,-0.11557467815973874,-2.280386052402592,1.492871810438043,0.34008163051568613,-0.5673240219605417
-6.773480313662311,-8.682965733729759,0.11298677128194846,-3.2079991945568076,-2.8906765434555033,0.49472642901610114,0.4026144429732789,1.5757433243329826,7.246149425678462,0.8360272035044061,-1.3247116091672495,4.187364352543284,1.8473991564827605,1.0707624149529524,-0.6063590573350139,-4.763469080750229
0.24239783762232264,1.172596639599149,0.07140545823953037,0.22097467389833036,-2.0614090838244907,0.09080744388695794,0.0664403901433532,0.5192476378810116,-1.5945375540403761,0.5231151870520168,-0.7385086573121504,3.3590417717628953,1.2669302727282117,-0.04290217977750795,0.5552054988252396,-1.2093228161086162
1.0358378517154472,0.09969467085015253,0.3150725733549369,-0.08113209842752851,-0.47716610690838046,0.07067694602844331,0.07228129045229026,0.8029871046381789,0.2460357787172759,0.5109053945059953,-0.2580430166756736,1.9321234613161165,0.863717022334597,-0.061957357085396715,0.4785625130174577,-0.03952252043176197
0.17792079211876868,0.6938327375067441,-0.08821424683085738,-0.6196690826226128,0.3394115767465258,1.1494544397394246,0.17784597489509024,0.4598608836095784,-0.2125307794336234,2.012611699691205,0.8814083304157226,-2.655528294965446,0.5326864894250037,-2.260783903141304,1.3994508596555273,3.9786899093773895
2.2469720390169403,2.6081722191529626,0.21938932441857265,0.9112226847384807,-0.7557288537236041,5.046919249573091,0.3323850503918792,0.6883179651778617,-2.387068895752563,6.545971997535396,-0.22278939710005086,2.229532224747831,-1.2986270172596255,-0.8988070598356576,1.2795654321345125,0.8495086368606023
-2.0386496020586597,0.29832922192321754,0.1872324725377535,-0.5776571199901392,-0.5936827844907088,5.501082346172618,0.05709546032769782,0.5477620618584208,3.0250088590522304,-0.5779440648837832,-0.03337158631231436,1.643558940009112,-1.9493847421841515,0.26050421817529185,0.061665802556218265,-3.627011064120777
-3.1833633979547606,-4.771692052803338,0.19193639218746925,-0.5292677734164939,-1.5711712563323297,0.562038916243765,0.378484457879404,1.2842912294965874,5.12811118002015,1.482729186748251,-0.7843303942754394,2.244846930009342,2.3167621169443784,1.0133538018849193,0.00041055005336903535,-2.9510575266050108
2.4790225369647847,2.608473602080711,-0.022139883639646685,0.9249059960181106,0.9049704019204332,3.3441334608808853,0.10488736183930256,2.686146315446911,-1.8453110926232208,3.415972501672558,-2.4671667897781697,-2.1264281157101386,-1.2663116751114731,2.0032355452019637,1.6333688497595769,3.957468911414282
0.16891340571861493,0.6791124835494503,0.25269287603420676,-0.4728245867127263,2.5774006963028855,0.8420313545664555,0.10793404734484661,0.2951966155933898,-1.1454869889988302,1.2252573738756072,0.13685615182028532,-5.74921462325394,3.142002934764075,0.5443061301663589,0.46075206049001444,1.276280182937917
1.3020851354727074,0.42048431614255477,0.21608282117636177,-1.0455173551271497,0.5459825869009038,5.716950201456149,0.2404143747421451,2.502354089806074,1.678754566839936,0.13712018370703738,1.1254119614275098,1.027038711926725,-1.8015273953992907,1.0403043778905743,1.6702569335256405,-1.4105864386196278
-1.9246515207695387,-2.565001671419379,0.2245864466453505,-0.3957446935715462,-1.9426559468456968,0.7485293147308285,0.4112614607575805,0.34534044118004353,1.6492808064284417,-0.6751394700993332,1.2029112685193264,-0.3006538976796955,2.364101280734747,0.44598876491012795,2.632959411678435,0.24986133430611152
1.6344105826838027,-0.6187590871351127,0.04083914313339702,0.7132362339389592,-1.9060526340183526,4.093153592374702,0.26920412332818744,0.9161829541273208,1.3509556780686465,2.736577233574131,2.210114236693458,1.6225337819816228,-1.7203997963447297,2.7370008500063396,3.351965352316025,-2.2905118474508797
0.9705170833567273,2.786074772648583,-0.03449983905944555,0.07419507223308155,5.3743427738452265,0.7818544419671265,0.003693277480516811,1.0278593553242839,-2.0323305218420296,5.113322860613999,1.2686727516734757,-4.307041564469013,3.629091196728952,0.31262811729009327,0.5849819199951265,-0.3927327312161255
1.1610453624550452,-2.2313672135747034,0.26741880709342136,-0.7151977876444796,4.657146367344029,-0.3894025937545168,-0.7749478015030233,-1.8464346386025714,2.7077192072170657,-0.8475209259545715,0.22576342548660044,-9.035638092125087,1.1670154717109247,1.7920919122179477,-0.1426389471365307,-1.294924451340306
1.9347457181497218,2.3964447493676673,0.16386868502759963,0.9160870136461353,1.5048099378895174,4.601968060268176,0.11917743731218197,3.2944992554124757,-1.6776847841792146,1.8156884618155886,1.7140421722805619,-2.102107254611419,-1.4906977603078708,1.0018087398777324,2.757651761732253,-1.2183939133610855
-2.525276692292238,-3.673387412333346,0.07604545148715515,-0.0008281421646117928,-1.3812108648595538,0.6690978429418937,-1.63816467935661,0.541016588138165,6.259328459849037,-0.7771772245140027,-0.9050677709368711,4.061337460335298,0.9127563108779863,3.4192958309966452,0.5257653512001771,-1.1130129513567006
1.3602327971639687,0.5703665679625043,-0.19482004474447276,0.648321309061975,0.7248038235648095,3.7118383101399766,0.0683632604343235,1.1424735439819622,-0.834474840051202,0.97820736650535,-0.004643267563361284,-0.5439666282814672,-1.3458001388270509,0.3773445374711832,1.0503594289664588,3.9103080480982633
0.37151424955261453,0.1363123328004471,0.04349791810451086,0.17238326295592574,-1.335961327495621,5.038985016832545,-0.21259241842444365,1.7223753763095833,0.7129061411457044,0.8674113930766514,-0.7628686168961588,-0.8547527311608296,-2.088855487449931,-0.9040615526598825,3.653848396718489,1.5836845559744528
0.2047431538108415,-0.43634707835040654,0.035330346505664495,0.8514606713792651,-2.247402131021827,4.82658822551545,0.19870014237244424,0.3785245208838788,0.3852512126659894,-0.9447366525135739,0.026408124548169088,4.945481480018976,-1.5072097761633303,1.0931126326009275,0.7534771536909265,-0.39470293901160014
-6.22691300306541,-1.940286700479,-0.026144999903529764,-0.5623744373007102,-5.9682599557317655,5.271953749998923,0.23432810434572027,2.3253945412281856,1.9882355316223526,1.1395120512021217,-1.8176155487762162,6.471625480785314,-1.894794651293181,-0.3051547584076864,0.1885774569737077,-2.9478046407869125
-1.1887971086378393,-3.0926614063460462,0.022077668715066927,-0.5314316120494267,-0.37256880395723646,5.277863445192505,0.2204542709812995,0.7549764287772859,1.9066218367205432,-0.2655666031028794,0.2522299434888346,1.332996498979233,-1.9619745248637923,-0.06460964355724008,0.7206683841867241,0.1829222305200891
1.4519267302574983,2.6710720044061227,-0.03346689691679735,-0.01685637240690728,1.1644127806115312,0.49064105409029646,-0.20537821378933313,1.397954839827152,-2.0324595229651155,1.8059464334678672,0.026056849640822145,-2.2758778300116393,1.1974736106540265,0.6201101424572166,2.188848490567087,-0.38598685114096914
-1.5364118078812339,-1.6318057673383206,0.1356561570018494,-0.36361122080493424,-0.2594160167604838,0.9377538234688253,0.07231726450357163,0.7975744254285058,2.914645519090039,0.8301428420256857,-0.061841523435621874,5.000780661959908,2.326438338676653,2.5923737589308957,0.393664012302491,-2.484585207078976
0.6638063546745256,-0.49324260703648687,0.18127976003379884,0.46040717318318636,-2.1713604771607278,0.17920232408264297,0.25795826553929524,2.13613648123942,2.481764979677256,-0.4494844414077844,-0.20142091004681542,2.541286356630554,1.003314688837479,1.744968104236646,1.3900683350272383,-0.7375926791613242
1.577352743979237,2.7168672956913253,-0.03951270200646579,0.4791143094737804,2.4423459640987044,1.1135747952778037,-0.33837217363365313,0.27685957928002874,-1.6048531562556418,1.848968674666374,0.1806740105358679,-0.8548301108911988,0.7865794984302407,1.6864006802596387,1.9794957668290736,3.916631987532967
1.163272483349182,2.0453163084250705,0.2230353370374828,0.6883532341480408,-1.3283180247617254,3.637891620948814,0.34715753911068264,-0.847823822606213,-1.0290568122785306,-0.49053425133760536,0.8492894652709004,0.9317964107187381,-1.4413528790928387,0.6971496687441555,1.9322687414450697,5.863131895352977
-3.463403972647777,-2.598347712882103,0.007921161353827443,-1.5740768793187914,0.3718986395063698,0.6471589915704749,0.13117023177846904,-0.5571733658271127,1.8877928074941435,-1.0505911361158822,1.030224530543327,-2.065372625139988,1.3034541712024894,-0.15643397394755038,0.3479032942343873,-2.8605396450386014
0.9205182406632122,2.1397545062456023,0.09921950586344934,0.7047526112905013,-2.0384850689802216,1.097604049799755,0.20491120346456596,-0.2970118204068721,-1.5363036690103546,-0.6223268330465632,1.2064241212247755,0.38627303559973547,0.8274721197060967,0.487795758138449,-0.440383179202609,3.7423102031575453
-1.8626998306251408,1.2285783997079796,0.19873202772741755,-0.18305180511451694,-1.4445921379200888,5.5746037513393984,0.022459667058693022,0.5447270719111554,-1.1062145629054128,0.010171438216052242,-0.5985411733573496,5.236002570952275,-1.9199201270977393,2.367928401199407,0.43624944776901786,-0.13272547535548346
-2.1743872430258078,0.871487351988368,0.2842989943587784,-0.4407961535273399,-0.35987139482641284,4.3403241092528,0.009286080496670283,0.7727119633120559,-0.41279948615810097,-0.27927696663047247,0.18605548521568002,3.467256603076488,-1.5192534277355725,2.311837836897398,0.7576501105872924,6.3012982142729035
0.4196835110325108,-1.771361879767831,0.09498176585556271,-0.26068511976604275,-0.8868502718049652,1.0871585488918754,0.26515147126598076,2.5116739819078577,1.242858495822242,-0.6532006936039348,-0.9663317892415909,2.5424981581395834,0.5618838957219005,1.8742114249745712,0.014703388697384356,7.739432842369473
0.8587085335018178,1.0090047215205955,-0.30533133129306494,-0.817218957887461,0.0682356037574464,0.959240424692099,0.16655114994273448,0.7480516640855154,0.4066278142824773,1.192112145863892,0.28958856177540726,-1.6698764293301183,2.737053095639833,0.11436566164059632,0.990058823009811,-0.5507374920323659
1.1814388042315496,2.9887960697713933,0.27611500994916305,0.46112746936411747,5.831145900873862,5.6673449766937845,0.053904335638889835,1.7167477505914077,-1.747729065504373,-0.871095621860468,0.061641402205994955,-5.026078695958561,-1.8294375495008324,2.225745647361028,0.20747800577766856,-0.4768493585713181
-6.858735609278504,-9.070939735427606,0.09467649057916341,-2.5119306509763817,-3.178704755053319,0.565055427989172,0.255793370161128,1.8360386590249749,7.697610261188152,2.5292433558411678,-0.43793242673199456,5.130386026895257,2.478210258326004,0.2891410142566169,-0.5613272060970422,-1.0286405698084928
2.605855264188273,2.062291306272551,0.23011943419556646,0.6830057104470799,1.4921526391707076,5.1644569777382054,0.42104124847255353,-1.794644699463966,-1.410321560864061,2.3782440580052953,0.3258657294921441,1.609237404610641,-1.652706650707761,-0.6552070789526546,2.0412923968328154,1.1141461147100227
1.2177143780711108,0.2010458495509324,0.026658717232726014,-0.30676044134142727,2.436129599839364,5.519982753413624,0.045121306063813045,0.7427761770780258,2.039821762189607,0.27555220713915685,0.4919816034137319,-2.89931866428531,-2.031329076527451,0.38142044824674387,0.6255061898326738,2.5443567282610084
-2.9543063606994355,0.8194297526357406,0.2913847170950906,-0.13594085506651316,-1.420305295247252,1.0068095028103774,-0.16536621392009826,-0.23594529486218807,-0.024892867499247864,3.9819342808100373,1.2534483515610266,3.550243537743485,2.038640363721922,-0.619495587376168,0.20296260192841722,-1.6349137429669882
0.4966418919490387,0.3199158456000585,-0.17173521383605114,-0.797757992636568,1.72928743127714,-0.055961223372289,0.2583630486219314,0.6672374658817464,0.11830569075422054,1.798569829303274,0.49599576368084874,-3.1127815876722082,1.052596942428393,0.47552665712235165,1.151197758872359,-0.7983988149827254
1.1577486446218335,-0.5331566452481125,0.0535024299245235,0.9400185945231383,-0.6206544119815448,1.2305457826316928,0.33730391580064467,0.8156037383005984,0.6802542502592867,-0.8112435956977737,-1.5007174198251043,3.6415720496615878,1.0121657532482713,-0.2330053863248785,2.782624387372657,6.457180987565519
-3.9982119743001454,-0.00013666460242075585,-0.10763884629563045,0.5472935080299483,-3.599479077283631,0.2401754833134066,0.08949597721146063,-1.6509562121060393,-0.2158188367813782,1.5835230007626004,-0.6413958512903336,9.566825323788885,-0.2240302975847188,-0.24928152117201896,0.1448876998642583,0.9419695509391017
1.596224909612558,2.3977588844976894,0.10054914649617988,0.6346647141085702,0.8153863265675508,1.1352963983049276,-0.5111254446698389,1.0936253708560806,-1.0053944315815737,1.2824841711286634,0.15951811339564603,0.5717667087621452,1.1097513191690687,0.8993564608358053,1.1424127309837273,5.579750527104884
-4.408160933889896,-1.1683212225854995,-0.04226253066335923,-0.20302262410444744,-5.3022693067430735,4.780197770876675,0.12383989370957124,-0.28451980746609057,2.076127735252825,-1.6497421139785686,-0.6733239865530136,8.26079560281253,-3.39363433280917,0.8016151771499826,-0.5935574597426986,0.3466017538342676
1.335401755509919,2.81250339600981,-0.03270874415765488,0.4067721644846457,3.4906796145005496,1.5462858048494412,-0.10494209508227509,2.826513632665753,-1.0480489365878263,2.227788652904568,0.38973959905268074,-4.638665123783849,0.920745329602061,-0.8526345272224043,2.2662429512617366,3.105722400793556
0.8131900727579082,0.24001788203727747,0.2538795853096342,0.267395981314302,2.5879069745485412,1.1790074037035876,0.05965016268016521,-0.0328026946885724,0.6593930132951603,-0.5978940753037301,0.18354221073164517,-4.970455755931629,1.6620715576918348,-0.09011739736412872,0.9564553273969949,6.877408513591912
1.1599939273690336,0.8674461492800808,0.2503965425987534,-0.26424900525721534,0.5729301769197611,4.086365306255802,0.09890880591402162,0.6182180143529438,-0.011895919530435815,1.215187651062219,-0.002438561912019647,-1.7170725184300724,-1.7344916345610792,0.24593654506880455,2.0835744490322834,4.589375741501362
1.874125212159556,2.362225161684068,0.051733200985562756,0.7461229933531935,2.4112984201609535,3.3250579179672517,0.22132676197965068,2.6118219436273478,-1.5839028235813868,-0.5462212701655075,0.7929250951178696,-5.127693989386994,-1.4194432682459281,0.26221479194769676,-1.2574689387111315,6.705593671898549
-5.725541754773541,-2.6419655333210104,0.3334283062926688,-0.8132826280145335,-2.4362175513934123,5.2833404983058525,0.00010129048116514949,2.1765580775469164,2.4371830136264556,1.208087370884363,-0.2515630181681769,6.581023924492416,-1.1639941802863472,2.688996794801439,0.022543636719468917,1.0635882447229907
-2.5457304191605266,0.6647935495047474,0.23824136039636404,-0.814561002830063,0.353537582067897,3.665030347458628,0.11386540049351024,-0.5314642378776658,-0.011463919296798858,-0.2056029200560217,0.14695822033552616,-3.6665775215014387,-1.3025265718985746,0.9662945601421127,0.6806980096284748,5.679668102073712
-3.747670986803578,-1.8968973878912478,0.04219458272986131,-0.01072585831668696,-1.6820496276327885,4.930260623940446,0.26304692300299437,2.7002442866643808,0.5384557172771869,-1.2259191735263208,-1.2184216929101617,6.552992934469571,-3.44584730636599,1.7168568440948744,0.4179430148491021,-1.0597370566097704
-0.12205749086630022,-0.13285902756174464,0.2305040047175105,-0.9689482921435374,1.0616942932219848,4.229961232537804,0.4248895166936991,1.2292106351147445,0.7395890433800866,0.36064595731027915,0.49939504261631396,-2.7375963473851512,-1.3206507234638414,0.6053337141587448,0.9071637954606514,5.09708545281349
1.2341306103713807,2.3088639712215375,-0.005820534597503286,0.47900947241583763,5.012806915365093,5.0315929023055785,-0.16483512356125118,-0.916340499022011,-1.088069749922061,4.021615095875713,1.1569767271220563,-5.805370061705313,-1.7430228469150246,0.3141885288003945,1.5632678654667251,2.1228035011458823
1.645470231044146,-0.854634577280281,0.023759890458623627,0.705497204145109,0.18851829238823692,0.9235339419547252,-1.7091181284388055,1.4065083494013357,1.739053541787778,-1.7197911612394932,0.25653576410024814,0.07019454219859117,3.572941924191152,-0.5917130006797026,-0.12333844219294203,1.4172273523230763
1.8234549942276395,2.7987972148361293,-0.047383066871725915,0.49581614368534194,0.15087794878529798,5.723063116738467,0.027270597979793806,1.3856075007331055,-1.6851740507290347,0.17500335979965462,0.06617888057576697,-1.1654604686246761,-1.7384623583492544,0.5988655751324641,2.8408971897318827,-1.7896886489376318
-4.851446337012835,-9.884597410435457,0.003922351052576272,-2.1767382498570154,-1.5360288065514274,0.8410170700965937,0.3401545525807004,1.6679527403633476,4.901857706578276,0.7803719503307583,-1.005819533543999,-0.23264121312778255,2.5388787881819583,-1.0185454104891027,-0.009706638405882784,-0.4261783980967942
1.7129525161074368,2.8080387534329603,0.05289383903323808,0.5357584629697815,6.626867445103899,1.0883635647484804,0.14244599455521692,3.102622717993042,-1.3920190558383487,1.416928835533057,-0.33661043628758713,-8.557945516228758,1.4792498464386132,2.3789367659474068,-0.8028793459310517,0.758967353545655
-1.4567532555052807,-1.655776809853929,-0.06632462104261112,-1.7130499752880683,1.9822838077261447,5.5530419948176295,0.07075715131907515,0.038280919223369,1.3550168436849583,-1.5389774452810794,1.2352014899647177,-6.473106616941987,-1.5486033009511742,1.0590066574353103,0.5646528737003992,1.8305324933823939
1.026510965208644,0.6969934654023743,0.17279244704317637,0.05206771495553926,-0.883731107309754,1.0467274248697904,-0.013577424969784858,1.5327243465488436,1.8878847262548075,-0.7127129827770025,-0.051710846540196406,1.8993232536004465,2.8537449049094303,1.7398389659747717,0.5743015162728616,-0.8086288591773866
-1.842791246939108,-0.47035118263956116,0.16801597037064397,-0.362348132813775,-0.39222266883084156,1.2702726508083295,0.012453851729300375,1.4119885361301476,2.693346507853744,1.0805758296526096,1.0759674584661216,1.2222072729250901,2.237787255896857,0.3590116271215746,3.1050713285807117,6.376935336685927
2.004529912804531,1.2048081959690777,0.26118369160486515,-0.13662764920841156,0.5515724979982214,5.606724446994925,0.017234213329072056,1.8804694494569778,-0.8507258839036924,0.882507461440184,0.3735100589019275,0.12291497982074859,-1.9943799180269473,0.5983600093809199,0.9375138456631192,-0.2703111894696323
0.9227648051125195,-2.1639511376537075,0.07572742838202781,0.10817651152705536,-1.7605897994610071,0.43925052921862673,0.12596120615466874,1.3345635607051662,2.0367691682469533,1.0693645907350564,-0.6975552720130537,-0.12015501749750093,0.6816502597022044,0.3515283127548195,3.055366961430962,0.2897745326993026
-0.6697675735204415,-0.37331393978314853,0.010579005196538777,0.7412775572229446,-1.8352638997890953,4.76247855259504,0.10898745568052233,-4.068100934580207,-0.26757562310310157,1.9413963543851995,-0.3001512794569558,3.5851086856205217,-1.9988001999136398,1.7414202153700693,1.0409054540713703,-0.5300070498500059
-2.662732733545989,-2.493772560350807,0.18894830638364046,-0.5366177049541418,-1.9729290788647802,-0.1808505558656267,0.3012208975778203,2.71026321402128,1.8890485682546163,-0.600353315031191,0.38143163699243465,0.09937175730188831,1.169139784898725,-0.8698196982602455,0.34408943803724923,-2.396581494093451
2.009768972331994,2.7236210738535194,0.173258150997674,-0.074061882644227,4.748435548826144,3.6683002827570172,0.10764444357417423,-1.5668854646181638,-2.287667220920576,0.10297610349128429,0.30458332320597525,-6.1823002681302945,-1.7501007625108287,1.9983294862334124,1.0885701687266829,4.000198869071603
1.8419103995789592,2.6252348698675374,0.20940561538410113,0.8047073116030257,-0.9784865473704061,4.569701050320532,0.18885078878313977,0.4404591894042729,-1.055482677704735,2.920744468644396,0.6942574332069459,2.471643093246034,-0.908425898499755,2.3443939115060792,2.5717513041731084,1.566485187880127
2.1906527890468626,1.520601989246312,0.06506255484199733,0.8721468856216636,1.5329330847186895,1.355965982111114,0.22970658359502422,0.5207272402940821,0.813447071156275,3.0556669067690247,1.5155269467366086,-1.9958722107136113,1.3877459980428024,1.113090153449979,-6.266332737446406,2.8479305284876038
1.5878764312608806,0.5859589132974674,0.07183768622521097,0.23105695953513686,0.36336634042087923,0.9062281986131084,0.3393293661142563,1.7987389967254668,1.8526806810114311,1.022880507549162,-0.5118883863304751,1.0841629297154074,3.178657572680302,0.7522843788198361,2.091552432659318,1.4654111800509235
1.6075822649096874,1.7727931595274773,-0.06722529508714158,0.7781638520852966,0.34618643206370486,0.8576094739985816,0.0840540494226742,0.9159700578336213,-2.1652595746338066,1.1455246317098229,-0.7628266130355488,-1.2481412207325926,3.332546120770213,0.17066409216524628,1.4400314937743421,-0.3727631687877935
-1.697494473257984,-2.1230387130318498,0.21819864964888275,-0.010238244174306728,-1.7886877001109556,4.017432179589112,-1.5642736138692679,-0.4114304120228442,1.0681989289122875,0.28961001400540787,-0.5050576739450489,4.391279126039128,-1.4413689681583843,0.21574101550610636,2.4438550756423822,3.862328795013673
1.0300055575498832,-0.4799658960577195,0.01006871098088018,-0.16658694163616272,-0.7773343553487034,0.5915986561332826,-0.2898397304081283,0.9454443287709404,1.6198458803271678,1.838338255433531,0.6422407097879934,1.3721463931761118,1.044895018253163,1.421367891535989,0.45939609630061595,-0.8857486295345954
-3.4473613156378504,-6.201908618978347,-0.013035922049918547,-2.7218694823967406,0.5413227262138152,1.0029071825100107,0.40788513170415125,-0.5201157058255332,2.9435591110444044,-0.13409698186988409,0.159603189625972,-0.2916456918901856,1.6089102726328264,0.5675318670875316,1.6433325887002936,-0.7202942603363311
1.3309043866268184,-2.8679349010231086,0.05233137340088389,-0.09986746664874481,0.885095414919743,0.6955592926394328,0.3244124175304842,0.0023223080534227913,1.7768710828992569,0.1125503863454217,-0.6844474964587348,0.7040679900648578,1.556516805087318,-0.47460965329692356,0.6043434906001826,-1.5111348523743164
1.1343576429251228,0.5105992156599886,-0.16954692414027292,0.7251273673092219,0.5159893570300274,3.1887724828962343,0.09294126967356232,-0.3103104860004907,1.195071383271694,3.0141424821846545,-0.01712963168687913,-0.31896760695370524,-1.1345964446697483,0.482283293560971,0.44759194597581886,3.8631029924279274
0.033747321741677716,-0.13346226905561645,0.38847175992358096,-0.32133182919654946,-2.3999303022554277,4.876513493302858,0.30277871520860755,-0.3666935962757401,0.3944467390948274,1.3732436958574232,0.13192247181993225,-2.1396413016468983,-2.193921476782286,0.0007369045008610619,1.0649378902150983,-0.6510859675474511
2.574921757567866,2.0299841790667403,0.08914607743358242,0.7943529272476146,0.2464304028958434,0.9945577029167267,0.1872860030069276,0.7340235466210427,-0.044983854631074134,1.0926357993717852,-0.0617521706549283,0.8438067233897435,2.508681829721579,-0.5174229574864313,1.0490702991051928,-0.7991493508366688
1.3964859226138815,0.9214579175407092,-0.20336324215600685,0.514332381484473,2.1193112968521772,1.2342748204997156,-1.1393676760455946,0.6280407076498666,-0.6873375504462955,-0.38797543140155105,-0.2600082553981893,-6.25524160802961,0.853218584413948,-0.513787676306592,-0.23657377321993361,8.067938602605564
-3.160420705606761,0.08919883817410253,-0.06367806962964348,-0.6174213786931718,-0.4362052440228882,5.184329507240318,-0.0913459680333584,1.0125592749418235,0.4526659518919315,1.531913017555546,-0.5104973529328204,0.738741616936245,-1.3943344127263184,-2.232216359382232,0.11067464263881287,-0.39987615352119243
1.086709112799506,0.6847210088157258,0.25564972357177457,-0.3705813573714359,3.076498006989591,-0.0493636352096743,0.05217766421997857,1.115786794111113,0.6406220653817252,-0.16888200833734002,0.02403934371116248,-5.417087939725662,0.9524372078134352,1.3972873432008897,1.459752100934668,-0.6728822469718395
-1.6274854218180832,-0.9103034658458823,0.062340053264638706,-1.8058954600089887,0.9003521487662274,1.028896601551418,0.09658816561861261,1.0988336121533295,2.338526132890921,0.5946307213373241,0.5952587941184329,-0.1979429786274698,2.4031224256726227,1.991862068386712,1.4337138783297807,0.07976674606017056
-1.714482548106635,-2.112507131519801,0.2260131225737499,0.591058845317712,-2.3559306842540697,0.8972841897512192,0.36661450078925795,0.2864923525905996,0.8172533799284251,0.5203875578465684,-0.4437614132186881,6.131732042512913,1.792757995537462,-0.07722433813664747,0.169968270090388,-0.009121421058420648
0.5624535012313566,-2.459143785047405,0.0775630036864036,-0.22657975593568302,0.3069825320180902,1.1064731599526976,0.05354001631291423,0.8587741507710731,2.2910112694657636,1.4495438079488439,0.21472364501144242,0.7212261517162222,2.274900860019326,0.5894114486150422,1.5626202144098216,0.8979045338897683
-2.687460082845541,0.13064839261763705,0.22282524502916565,-0.02465380732964785,-1.6922201650987867,0.75045202688841,-0.1360942550383822,1.3817392528818884,0.7254628737350005,2.3621580215736597,-0.7996174144615116,3.1473594956534976,3.708637335832712,0.14346833322648864,0.1519555767420337,1.2971545409245637
1.8002012792101092,1.721879067554582,0.08495115960440396,0.6000200923358359,0.3568756653219971,3.752237341729695,0.18326271306466707,1.501585733921932,-1.5572529273419822,1.7016765696407716,0.12664595740009763,-2.0095178455050804,-1.3197615207778703,-0.09893365081269158,1.1242247662173033,4.320144819805078
1.2706874699232031,2.0529075804437364,0.03313376177432808,0.9731537056667319,1.495344870835264,0.7418060711743518,0.07485641476231031,1.2841022695707374,-0.8946820340505812,0.20023414989862917,-0.6530268137324284,-1.1971755293911805,1.1426999007545333,0.07407869061915463,3.0149416092804886,0.6364776247404531
0.8053883592562118,1.9944028225734387,0.05962597878465954,0.09020041650380949,2.6325059866043987,4.248700028563801,0.08974499957116701,1.151080570295079,-1.5058824780287325,0.7765825190836756,0.2572314372713223,-4.988200886265241,-1.3694623230653589,0.0860453875001064,2.1530760434021845,3.433334931988488
0.24815041319097506,1.2271521554973384,0.2505446245602554,-1.062742628253644,1.5329805054795638,4.394535785372927,-0.1788302955507949,1.13042076919852,-1.1329992565398355,-0.17926681813982914,0.6777414117428207,-0.30196218872988273,-1.9333759423843084,1.3321942976237853,2.6254987591849455,-3.4115894568863956
1.0911735035236692,1.1535533493484385,0.22167139169108271,0.7083343531652476,-2.429992162557857,3.52616984777486,0.1363808782150908,0.5348241511515689,-1.2145803552514856,-0.38110479209694864,0.3491983365355516,2.377084255124606,-1.681782092240174,2.0655036720699904,1.923018111375331,4.410779688404648
1.6327858317538355,2.357656214655132,0.03842279525328143,0.898227288866489,2.02323993509376,4.9033039625980885,0.10786761913640136,0.7838784504313817,-0.8996927256733991,-0.08532425391974605,1.3416457771615782,-0.4814359724963393,-1.719182423116753,1.0440532763482786,1.156549953082086,-0.5854244729298528
0.9368229233381828,-1.990541240191997,0.018371478561780334,0.09258571823718001,-1.0489243903514152,-0.019458760674289796,0.2445739774885216,0.8271166770179917,1.5662492198963098,0.24677637995927013,-0.2673089045496958,2.778033198698583,1.3558166259846585,0.9913795423417974,1.6473016141522654,-1.8286464449759958
-3.1820549554762154,0.8244682341554401,0.1609319084173808,-0.5685260826416961,0.29933237632277726,4.031354910752893,0.08703903322615715,1.18548953250003,-0.40720092698237337,0.42473931963103173,2.4762354828703805,-2.7265259515368143,-1.3980850716586322,3.1635986873546322,0.2857060129723153,3.0759526913919983
1.2529911782154848,-1.2806897135390625,0.05252327989188217,0.8011604991430236,0.7113873775458787,1.4917847229568628,-1.7917528954837019,1.2981862694685653,-0.08010543451359771,2.658613270880064,-2.00119229525247,-2.083328383239059,0.9015006084497481,0.0344573354676504,2.142923641672034,4.138854326054809
0.050229274425671065,-0.1837763684278135,0.07177917664275166,0.16081495899674636,-0.650340672199317,5.310647767750222,0.23453815286091628,0.31517205947020954,0.02892645323669657,1.3108619430040171,-0.5604563372672196,0.9948001993670536,-1.6408517737959734,-1.4921999626757216,2.285908957247525,0.40087712069956855
1.2000052484729717,2.878326889773536,0.25485133901102436,0.5231074283937269,1.016795910972312,1.1475003906732244,0.03963695557412209,0.6145895398148536,-1.3358392347202106,1.2862189857434188,-0.05647333431982919,-2.1626297822342178,0.943068028807349,1.9773475002068377,2.2054470856258783,3.7066008072380017
-4.102886810733009,-1.9835577984757866,0.1454362054987497,-0.2595107429700012,-2.057362353058901,1.2254733463093304,-0.13224007037199448,2.50193873415887,1.1948313633025123,0.02191748338971128,0.3559634292772526,5.064564617405305,0.7317122987139041,-1.432955053023663,0.9631037326592768,0.9837152608360153
1.7068796116817204,2.635495891432038,0.23411782540735032,0.5624174296356808,2.411234437634716,4.350093087693567,0.2150145050537821,5.175905268552027,-1.420697834731942,0.8902649192457697,-0.9632403511226517,-4.890073314699588,-1.9980908374320505,0.7213091090883085,-3.8664409658934047,1.394093036256875
1.7165368619716639,2.1656614232090328,-0.05530832940931582,0.5920226675746345,0.6907250903127793,5.161515821086516,0.07114324632007055,0.9021019700302089,-0.732806922928257,2.466429382482471,-0.05025987503692808,0.4805765340623498,-1.8181375742252697,2.0092215148396337,1.054130281645417,1.2562674503631626
-1.6688199098733403,0.5359716527047204,0.3147981740125989,0.017511951154363496,-2.168837145482877,5.375809053938783,0.17507743627191896,0.25053651501425017,0.4012497060339657,0.2622272255723006,-0.26995772202254104,3.845405765428354,-2.7389196381195333,0.6425734201653825,3.1385811061901543,0.2661143441512478
1.863225063258456,2.7994094881809763,0.053744204159415096,0.6627008469696579,2.8227284497046603,3.9741562423945194,0.11653560778603997,0.37606581111718435,-1.6784626600791215,0.5547291835985396,-0.32225868750226744,-5.268784967564772,-1.5202690814601614,0.8007170545983303,1.7433081412967364,6.4931155967807905
0.8384011247998039,-0.587307301339317,0.22534296765955777,-0.7401198010085889,-0.27860374236065244,0.8444925656489308,0.308424376456327,-0.18001641737256585,2.551336120997571,-0.5504227379878054,0.23212648318219342,-4.393391284528459,3.0073548838049993,0.31570499724191586,1.6585068008031385,-1.3269561377451218
-3.7950217247220897,-2.5841106392519215,0.22213026920708956,0.16028263927944458,-1.7040811368680766,4.902015676895375,0.20510183744494023,0.9063317279907069,1.5966476970714782,0.759498240903282,-0.29487561866190404,5.595186865667719,-1.953093595950336,0.2639189856759473,1.0286714657795832,-1.4351749386885706
1.6863143773246334,0.6539294802433276,0.26312393204925727,-0.49448695122885755,1.643170842687071,3.8396601614722496,-0.13653745187938826,-0.9121361255413452,-0.6894754023076491,2.496508049353979,-0.8527909578732352,-3.429413461941503,-1.4253889301310239,0.9602578085623001,1.9243986404751776,6.1412888513535515
-0.9328666768238155,0.31085245750251367,0.06069901806057696,-0.3878729339612571,-0.632127274773344,5.269784113007227,0.14897356102370307,2.568537960821951,0.6176082889455963,0.7016395101669233,-0.7205693210751709,3.115239991415721,-2.473801767895839,1.750174168884152,0.8176637551667252,-1.581885516048107
1.2715031591035635,0.7889224289304706,0.0690361487233739,0.40000926067894826,3.2362720080040273,0.40916596347644596,0.3389975873594427,2.0300789804944612,-0.7266241537906023,0.2114736632778401,0.29734940994526676,-4.802583237425403,1.1560535426391043,1.5601359857391233,0.6781098710931404,2.1667243469320954
-1.510687438711158,-0.9325778773320434,0.137455266844641,-0.02810843326330505,-1.3932206189081155,0.9786673344882929,0.6710006306616043,6.00620818270916,1.6596712369170483,-0.06774272408175198,-0.19517245988676554,4.476111396805,0.46846417524207395,0.6925535424396683,0.6419473914972395,9.23633212762142
0.29952527531376527,-4.565494467336163,-3.1030233374084357,-0.23710201131155142,0.755433275720237,4.907307478110886,0.561027754662495,-0.9812631180868624,2.888167742988215,1.2987510218321967,1.5037777040856883,-7.856073555962814,-1.9712685862675838,0.5022704196996947,2.358122612501817,2.1848753023545746
-1.578598797774397,-2.888988150688641,0.2502469169490597,-0.12152264149728723,-1.7192911307132468,-0.07560689661663657,0.5505601046715994,0.8733687648848386,2.2619293356722303,1.5275552887292785,0.22682666620624273,3.0485057822430854,0.6004369449670771,-0.44801367270860465,-0.06323254042419964,-1.0057053032243364
1.5199291174578327,-0.6175133838132886,0.02016204939106265,0.7826555054071712,-1.0962615093554027,1.0546270152615491,0.24297481622892092,1.249505158977379,0.9493591645169759,-1.4533534143097522,0.3147694506689899,1.2616692781904348,1.0282834874351503,0.8625614794621731,0.9565017449613185,3.5851761088578256
1.848770939321049,1.480383513790533,0.26880355128232086,0.39970393294803724,-0.1685025814528909,5.35778547214899,0.19841006572522682,0.4422627937965768,-0.1508595680557568,2.929055317923024,-0.9506655410436229,-1.005037073323588,-1.6151010137095674,1.264717281913663,0.48273622606424577,0.1903117147122099
-4.045248624088505,-2.757890307495905,0.05071343713920841,-0.04693631985091455,-2.4599455289734333,5.162076535543123,-0.4283587834523623,2.6801320195711034,1.1870977618209428,0.3935643302950005,-0.12727835676082325,6.51368385132904,-1.867392461874362,0.2741139001540025,-0.11597671520240792,-2.6710583238346417
-4.33543327183226,-5.425370182925599,0.08168574144085937,-0.7103179965306474,-2.4747748249152144,5.0383465429015395,0.2059932641867698,1.2410938422649362,3.7392725552941397,-0.6632103242261423,-0.328891182616698,3.6985335870149076,-1.3744542973978087,0.412750993384057,0.13738784468978002,-1.9237884938271503
2.0974957697166405,0.7067953529408794,0.06869357699607426,1.1055239326799826,0.9361999107391656,1.0127997200851016,-0.44053146472071764,0.07880564255236586,-0.9442869936936743,1.233768266345735,0.7270822239418978,-1.6496453352659357,1.5683150148008,1.4209970324951307,2.3235863612684073,0.7499873294641426
1.9181298682822987,1.7279661512860989,0.28422748703573325,0.4230745928625569,-0.8407619224713395,5.268083655035152,0.13368776202320656,1.9013018659491077,-0.8060416223040076,0.6606963121399256,0.25424594691505875,1.5297207987519494,-2.442023085288379,0.8390179981261326,1.140215913125611,0.922331827123728
1.183481565737757,0.47447952345629096,0.2406033783732517,0.02067444102623,2.6001084649702486,4.089803123776699,0.05057515363697683,0.4497274494742398,-0.5030207337349563,-0.12429852903239519,0.4039832208794055,-6.066506857188414,-1.3822379312704502,0.38815452156351893,1.5721051804319164,5.494484421261269
1.4902191533248068,-2.6196497590922903,0.06617701269548336,-0.4664656058373782,-0.2016033224725095,0.19316430226527082,0.2473208136970793,0.9084291013765414,2.331416496938026,1.166438024459596,-0.011027602404049059,-1.418693217463657,0.991049009817345,1.3440114929574825,-0.11535928141275081,-1.9397156762950403
-2.836309869905752,-2.410172132902687,0.24495176044304928,-0.2894695754430354,-0.6118988764603986,0.6302095733869192,0.338556793627988,2.02998961756746,1.7848604081036035,0.710216170298008,0.01994525093969457,1.2182484795256026,0.8178950750278824,0.09435746627286984,-0.24524680587046838,0.7319659020736854
-1.5146617054464253,-3.2483391590296655,0.16259009742214237,0.5737223367411112,-2.2350803691216417,0.964236774165876,0.25467538617736213,-0.5964864009347057,1.2175849494510902,1.3244286667343796,0.3600555360851146,5.404903911373034,1.5410359340716686,0.6322976943571366,0.3880295639576622,0.9072402071531163
1.9497664671591013,-0.11101739947907961,0.04482012987581074,-0.07499118304155893,0.32278252076927205,5.155536600994251,0.031847493841382156,2.367842004146971,0.22959808190156586,1.1492042680122465,0.0024302351030214327,1.2877681048794751,-2.0030317000829894,0.6392508618813345,0.6333793076096816,1.3742276555536237
0.2647249223793618,1.3710939604425054,-0.06036255202037786,-0.19155942334480403,0.23444345747522277,3.8521126455960832,-0.01658400572388492,-0.3103871018531429,-2.930805932381383,5.464256057015898,1.698197183257127,-2.3751063562433803,-2.0988137172016375,-2.167633300620534,1.0230415765722978,0.5942208193495263
2.043476834734385,1.9072300010991647,0.25327474446060116,0.16160274117696946,1.7425420474380906,0.5087531254947101,0.1441849738899114,0.6777566864742053,-1.1505624709806173,-1.2214952702333366,1.5199598883974903,-3.271669551503106,0.8000104104619318,-1.735868712182753,1.8985944724939565,0.15730965522273935
1.489060012257202,0.5386008754102646,0.23678638199475308,-0.19061245881581249,0.5031096483193305,0.750973215669146,0.06070828356194156,0.34929540516882335,-1.5790409830373089,-0.13798853543959802,0.20739656789846742,0.7984746430787801,3.152378151249166,0.08035347427585555,0.3032457542858783,0.6848075319574194
1.168987375402147,0.9292955975436419,0.24888452202379363,-0.4192331822914359,1.1907910552304797,1.1909443056831956,-0.2596801171549773,1.6466720600332527,-0.8466797076545985,0.43772831953793145,0.2795951812271977,0.17864616133912778,0.9564572870642295,0.23392509294420857,2.945399064868595,4.843313225531816
1.8865238025311968,-2.593787953429,-0.996850301486768,-1.4941912384985674,1.0983011032696453,5.023414259674478,0.22046973636725484,-0.6191353961023751,1.3400455786856353,1.5808147499612637,-0.1701458097248354,-2.0296082656243293,-2.7700083125198907,1.0908253424363774,0.6292186753695895,-1.582432301751063
1.272977046050401,0.11436132780052174,0.07392786971021051,0.8838971998824071,0.761532318878471,1.6401013637713397,0.25572801931529404,-0.5419941961836922,0.3346065302303672,3.0447428668549037,0.47152755696721804,-1.7992249950659165,0.9355897012661376,0.9910755665162256,-0.5821870745436872,6.654987008412365
-2.1753474554168393,-0.618300814916232,0.234649419353037,-0.3597522239736793,0.1907249110553351,-0.09388137556366877,-0.023717240564483415,1.6064889092498096,0.9533533294132666,-0.15624669005216435,0.4643514364911036,-0.07060541476281212,0.8225731557368731,3.5591667010264922,-0.2805447721073158,-2.4622609446378676
-8.56411848479946,-6.530241015301875,0.390380279327479,-3.157483004608694,-2.380528178987628,5.322875103531903,0.2331415177198976,0.40448752932569865,1.8103085457467636,-1.591975622141363,-1.408394287789911,3.8678067348102654,-1.1252444616665385,-0.3994845146065117,-0.22517375829776975,-2.6071691513706465
-2.0354103786152127,-1.9624563899204188,0.1890693515439179,-0.6326452833331745,-0.5598405049767942,0.6877112878017845,0.2102503604236132,0.6337850885165314,1.4400294820320327,-0.12560834079778027,-0.5342784666932235,0.8015609703746397,2.5322685808015892,0.7947051552762233,2.19273929042812,-0.8774341574318177
1.8969394313920487,1.343579160292929,0.06351004576823606,0.9631184066981513,1.4976703344050573,1.5158908488800282,0.2615385517419002,0.2258036427260619,-0.5243785957124084,1.1075116946371126,0.5552902501617554,-2.7316001730627693,1.0635544798891694,0.6790264834700526,1.3020599182345536,3.9311658589836456
2.1261242112749503,1.135249871937284,0.0028767694861538845,-0.21945109441432176,0.3412937471709561,5.1771525885092196,-0.17148239790804978,0.9842718214805681,0.7259924154704687,1.7880930044473409,0.6904433872149297,-1.7236240964337806,-1.6751151718698034,-0.9362370151546017,0.6273625128439146,0.4100971431092383
-4.871246169905114,-8.192157470644563,-0.017241358214015467,-3.3308543410199483,0.2730955416428053,4.565742597912144,-1.3349368046309282,2.9447201514860533,2.4432199111655133,-2.5586407322827367,-1.7297641560662231,-1.3369909912271898,-1.4383539410012043,-0.7871694415917725,-0.6025989429785431,-1.787125688644924
-1.5003395235749122,-1.17749457310527,0.2082436538309383,0.0017928573111154393,-2.205825522834472,5.762063571638513,0.09476391553286687,1.4230911185015442,2.6456397639172438,-0.017846484151266294,-0.3376254297303734,3.6885262769880187,-1.6583460993716408,0.5275406360655024,2.3543215452201434,-0.8098075971862287
0.7522443211277458,-0.2459896089806264,0.04328902474648168,-1.1239342171286135,1.690208389321222,5.093589273400193,0.09802236290569914,-0.28171329827136454,1.2484526415561608,2.3667116817253766,-0.08283313287417243,-2.7534186340243236,-2.0302336757299195,2.1668171364078943,1.2599689604326882,-0.11227523827279902
1.552838346996217,0.4346362233073944,0.06321205310629358,0.7712904846361178,0.6239935035553195,3.9780598032728816,0.3150923755224244,1.0553828213425884,1.386307760584916,0.7246473478334013,0.03254552941640093,0.9583372276910287,-1.5072767939290468,-0.2690696971892649,-0.6752729815027083,3.706503289080565
0.6091362835768183,-3.3905751617420874,0.274802256528924,0.48330029215685144,-1.75301109983205,0.12246006424375015,-1.0110760917960506,0.9567521345101633,1.0270864653373262,1.15468726735476,-0.3618838924110785,0.6125733674545496,0.9982248383160496,-0.800237252582224,3.022397900104117,1.2136683753370607
0.605000118934493,0.11803803187592264,0.00302094994788014,-0.3709873180813802,-2.1767746180159633,-0.1252839629459159,0.2998708350601652,0.23891113455567053,0.48371577176815844,-1.1999780632108652,0.8874177082204988,-0.40420979016336966,0.8276708238075827,1.3155040307659753,-0.0599483642649777,-2.7353150382918288
-3.89897958099981,-3.612543755176995,0.21225064133896793,-0.42982894637001257,-1.9853023118152773,0.7150851388285882,-0.08137807792585335,1.4388909154328382,2.5033618495897665,1.483917639047532,-0.4133777735096878,1.680012465269598,2.862043673067719,1.875099777756695,2.574596066505208,0.8055549757378189
-2.0259036406884205,0.3253717683573277,0.22497758918511349,-0.0718071371685537,-1.3881764442529103,5.195878845501973,0.2850096565274106,0.667686289014311,1.551999589803082,-0.8174761600115888,-0.9742179859700881,2.6681312995549313,-2.287538058082225,1.1924489125376823,-0.7282784829784078,-2.944539430991035
-0.7612284529805295,-1.6662851001232857,0.0868219168967522,-0.05925424112673283,-1.4383347011417897,5.176952692130201,0.11371765772621142,1.8330197118456102,0.7106647071108402,-2.638234920612662,-0.4631505140588607,3.777871846624648,-1.9476354991880551,0.7408633946935614,0.2270437813977335,-2.3072171121369487
1.3582531599144756,0.42362239567911725,0.07419809561785651,0.5610039660505295,0.6441393518674328,5.6308856657642625,0.029422697975309074,0.731679640045601,-0.34758174679363874,2.631088505297162,0.3478274782831486,-1.6012469671651306,-1.8340920156682676,0.011215546662308293,2.022375446910511,-0.552335363961394
-1.9036333283142468,-2.014673926893234,0.12778738627816896,-0.10080746736195029,-1.8131844020574353,1.4039951277787417,0.2323763295145098,0.54143235341499,2.530087775877474,-0.002320690560782564,0.37581325517985675,3.705148102870827,2.3794764347320796,0.25029131489449735,1.2515522218771395,5.202255700726146
1.364684694300506,-1.8973582340868675,0.01835556526055672,0.9329303621992241,-2.448236211375873,1.1692573510607622,-0.2722145098636009,0.681333583242139,1.2895416015653935,0.8200509789952174,-1.2527003154743552,3.005014500727198,1.8787636572260884,-1.5097283427391575,1.2204552237123327,-1.8175076132792058
2.155925503052367,-0.5053171841985273,0.13224623033356886,-0.345027771281619,2.761323797983842,1.4901597897148704,-0.5954844115886949,-2.518987695522822,-1.0503701704018973,0.9206764337488363,-0.4758907567302554,-4.926795607399312,1.0235737579371595,0.37942931096218996,1.0467213404888092,6.081397987759589
1.266994777954587,-0.2963755658874243,0.07278598499750659,-0.36714598602507637,1.7821107705978767,1.4005009499453556,0.34212855672349557,1.1019215508551201,0.7274002020746857,1.2733552546619988,-0.030783896144412307,-2.4659491148547894,1.2360717837337007,0.27775656608037547,0.923165016204074,5.443726192169745
0.5886653573550619,-2.0384537986960605,-0.014544828469668503,-0.9909745364556153,3.1857680375655297,1.2556499133308983,0.314457681908503,0.21215112626873958,2.4669468483355446,2.2171562348945377,2.1251653072991643,-7.957460780370004,1.598114404012522,2.2617887814256616,1.726132415059939,-0.9222952438662343
2.372715116419628,-0.21180302458437283,0.2545602399910068,0.5776870542909617,0.6039643695865077,1.1841809776639551,0.20724009060713205,1.0020570560653976,0.9498498450223988,1.2531583280104426,-0.24455336795350133,0.834605350793197,1.552140863777561,1.1604880650969929,0.47649161287220515,-0.4133684859115643
0.35034504706258296,-1.6926422885720762,0.24795295348977056,0.17685741683814604,-2.4583239796204066,1.0963005467274938,-0.9600653459832602,1.6601698751157754,1.3602367580261898,-1.0204643372115094,0.02162712137448724,-0.7336930456090688,1.3320747353316473,0.21630751780718774,4.565285918014715,-1.2714989113293622
-2.032042663799952,1.1246020482225887,0.09749852346904943,0.9054028634219167,-1.5854287793827768,5.492745060328547,-0.09953837892931848,-0.29539018046664706,-0.44352508250115263,1.2118712655011799,-0.8641569706432073,7.198571165743327,-1.9176959140121548,-0.05066378564868356,3.0252003061992316,-0.20725356541017054
-2.3073937868628294,-1.87390492925666,0.22185617861971357,-0.2496387874667288,-1.6390234685924745,5.3343611561578035,0.27605690114866827,3.1428338978162396,1.2525423065200363,0.643443731270631,0.4404586648520428,4.386842551694207,-1.284221289823573,-1.5905772548399908,0.3882231576601985,-0.51145950827547
1.7711547669509144,1.7206430493603078,0.06276638410919658,0.5292139506286393,1.5203626141809232,0.9468968691336664,0.5378716048476528,1.1445127314264874,-0.3058385482261589,-0.8203673811826363,0.23820063174977354,-2.4839006488383215,3.4101598517349925,0.11982532363041254,0.9652538741204237,0.49991583854852556
-3.486917378657748,-4.027983561804035,0.022377827016589153,-1.7348642548053517,-2.421655577168542,5.998719261831946,-2.693476177896443,1.3932091401222297,1.9804655198808523,1.1200113065185942,-0.43210847097997,0.48681724479734,-2.167717861959977,-0.039666290524548,2.283129438987028,0.8376801567020339
-6.161350455681992,-3.101562836873365,0.27872312577132136,0.02199517867856279,-5.324878381973057,0.6466955699221831,-0.12763589948549123,0.9260740398973215,0.678207896921472,-2.0400952761079902,-1.8874692321301998,6.044086872802569,3.8690386968735004,-1.2403350846562418,-0.07083470411545781,-3.123577423408178
1.5995541828670816,2.4033232606209673,0.002542123819711862,-0.46914376521471274,1.95821640129214,4.503767662302894,-0.23737495576234005,1.5912049596346733,-1.3322910538108337,3.4199403877083863,-0.09772642515257428,-1.1412689539079413,-2.045812325905216,-2.4302842944744674,2.163248429674042,-0.6288117756082021
0.4307082360945817,-0.6316683419821718,0.04303156481993687,0.0011190829544800308,-1.3954506801346698,5.583723597226362,0.10892023727967576,0.693126624933762,-1.4642161163931044,2.5694821743818386,-0.17311436671818503,-0.3451898576726124,-1.83081438736956,1.5060156547639794,1.0948247978969792,0.2821397470555942
2.148430846631688,1.1554758137597063,0.3701424022086329,-0.19061793782942602,0.2670952013201069,3.4166373142234328,-0.30103956024846124,1.3400403858090664,-2.4490214370653005,3.3353181941635244,-0.7390587882627584,0.08806098794353286,-1.6893933393927514,-1.03217555077633,1.879545781497485,5.998497917640346
1.407184518881559,3.8308009898636888,0.05253735471149083,0.05328359462011178,5.045441684219658,3.344227109018162,0.18380307195722678,1.9304150116824974,-3.262202967948058,1.2437549765870841,-1.7854442465949207,-10.21865642666468,-0.6266378523474128,-2.868149225103467,-8.20673189361828,2.239687329644743
1.3194147678286792,1.6122896486813867,-0.06426578128479253,0.1848534325737359,0.4227477275742964,0.8443859878620656,0.025109544225659506,1.757734381520301,-0.9566734811154299,-0.023986681272505417,-0.5839609023814387,-1.63662401054401,3.508272337060823,0.20440149832164192,2.038764867878898,2.4601783641385793
-3.5323736189100288,-3.6844757962435524,-0.0012676531889330195,-0.2405178821733938,-1.292505563078089,3.5450645582230025,0.37149392685910393,0.08190142266325265,1.0211999489598043,0.2411386851407368,0.005133192382441453,0.6525690231803277,-1.9159962331991571,-0.1761023757802071,0.029188649530855496,-0.5894787404028641
1.8743679248213472,0.9346280327346428,0.2860834620809866,-0.5963579647370488,2.5446415256198187,5.582515119034913,0.23646738186697078,0.4711247330050667,-1.2332167649002161,-0.25966797828585886,0.4722564670799522,-2.27052923270867,-1.6846234370656525,1.7120583232636732,1.0249533152525923,1.210954952955989
1.9432706429479998,2.281711952300519,0.25025679962622177,0.5032927530181432,2.879671474936942,1.2449233330879832,0.33506485145363324,3.1491971669572814,-1.359368848677596,1.8059596924665553,0.308384927549836,-7.1895227573946,1.1358600708448434,-1.1823189797969587,1.9721472768023758,4.950111137397563
1.2643063607862837,1.125991430187994,0.05351288917698218,0.6957453457302012,0.7357125639445494,1.139305310286033,0.09410049757374557,-1.0490580806324028,-0.0327653026638716,3.5342806663634914,0.4094212907644395,-1.094683511186794,2.065735892123064,1.5707173407080006,-3.281327304035079,1.2050804229246406
1.5570440782134187,-2.5017446527857423,0.015375243592181481,-0.7752298276448353,2.0880428448761057,0.2789208332270008,0.3529863661883886,1.4978195333030446,2.1351205594207574,0.23283954864288703,-0.05909381404914286,-3.2308452639306298,0.6799477153128982,-0.013210128636371814,0.9483432736197954,1.1292166047561834
-3.4256340430442926,-4.169769911765163,0.20146468535812428,0.11220855176560829,-2.1634368121474905,-0.18256325598729467,0.29636088008066647,1.809477492827122,2.6617040987888316,0.28108115876218703,-0.8421904260200745,5.389792567784743,1.420008515534598,1.4949314999415317,-0.13642985876740124,-0.5219809920115738
-2.7622416063068003,-2.807717677194422,0.30111733094955556,-1.0291297110961815,0.032530542344431215,0.7286545557993721,0.5306375597442617,1.8147484403560505,2.2917864515128046,-0.6228053510303998,2.0219857386946085,-2.843205210872828,2.770565245690315,-0.08233762039271424,0.6378923802134376,-2.7841033250494824
-2.161002213921519,-2.882861529787056,-0.22336858647775049,-0.20396470908073677,-1.8433209446705292,0.6418945378151396,0.6763974457116833,2.0853715109114455,1.576134587190208,-0.23874311506015386,0.5870060239089679,3.727534286500205,0.9308533687139828,0.17312052164679914,0.22917828423305633,-2.9519892045423757
-1.2478479605085115,-4.813214441860275,0.010124746678806026,-1.3385154822563463,0.8798459992936654,1.4706394724050702,0.3498755167573176,1.7847115570872032,1.8637380746213448,0.5080678948728684,-0.033481449071913784,0.39989687568905374,1.7137634772037775,0.8869042378121283,1.9473760830155684,3.5573311831623164
0.1277130989778899,-0.4258307420093344,-0.04967549046795043,0.43722274480741974,-2.1102917537049732,5.116446853737037,0.11777432957424676,1.2048483978623603,0.36045883528469413,1.6220793270469325,-0.7524625220253144,2.4721566078144455,-1.7623862412158129,0.6641083305646921,0.4933088049515229,1.1318273977003261
-2.905859521562663,-0.7097909500974074,0.17359771892925882,-0.39459817187589974,-1.5182899807594112,4.230408076913429,0.3644146163279384,5.360954451558463,1.9157021521783375,0.7673843030863766,-0.4831555712759362,5.130751067111276,-1.3955634907237398,1.0046978413208916,0.9303079813085935,6.3957563501966455
1.3745372366462538,1.0241175053227125,0.24939478066051635,0.04524667076291767,1.8618484826545376,0.9071928544620927,0.16616278570753817,0.9689694132921048,0.47200448058899885,0.3198992944792528,0.5016671138265391,-2.7915074702253015,3.321976215049093,0.842871832865444,2.051086351969549,-0.6469208130579537
0.4854781135982627,-1.2794548566346353,0.26841547634135854,0.010897387401292617,-1.4610466183249058,5.130757069264385,-1.5614868842289644,1.8869304281763541,1.3661275064362042,2.229665969876183,0.5160654477301283,1.0399283526241678,-1.8239248020830272,0.5189934347508696,0.21908379320079024,0.37904302743694884
-2.3326233312957423,-0.04124737581384639,0.18238886987725494,-0.4260387731810834,-1.8002148273958545,5.595087779170762,0.6908102573054371,2.132989572113232,1.4331125713744615,3.251602349778693,1.0027748997147299,3.7359772301601564,-1.8029866769787508,-1.4265748847237525,0.09683294221813922,-1.3508038274605858
-2.2487184760927854,-1.8288843917255957,0.20983178384870457,-0.5353095869444758,-1.4879237368781926,-0.3139917175207375,0.27349186418167054,2.780099325236015,2.2121606004586307,0.7184616345618908,-0.7319116419390298,5.660691322434283,0.7561378775949191,0.31004939299858947,0.43297620378785573,-0.9634500989717744
0.8535821319305597,0.3032231320324353,0.09960784021083409,0.06929206342384286,-1.6329329953274012,5.504580342056807,0.0964845504098395,1.6558147865741804,2.3901848130865266,2.2441016153337783,0.3573448955074671,-0.009879596912643875,-1.8151930794610442,0.5582563242557264,1.1728158774047812,1.104099829621714
0.8390616689745287,-2.355024311046295,0.07381347919570835,-1.1512008193810022,0.801374613472946,5.522774900319625,0.2682852381310753,1.1103047108741857,1.6358975194671157,-0.22837199941960942,0.04383749247982351,0.806086704057166,-1.5339437432050158,0.025525722827262145,0.7561066308498894,-1.7350075558912066
1.85429530099878,1.8302314733834653,0.11217020389714899,0.9009551134051016,-1.9686155833672576,1.0251036502865722,0.1458014608766316,0.9490948016885606,-0.42992660102521385,0.9468313275452924,1.0812454766830748,1.1754397461367647,3.216867997524982,0.5620272642663453,0.24675389015555804,1.639581038859901
1.1247626833219895,-0.44591442633940553,0.2573223865970309,0.834689474652767,0.8738490201327547,1.196967702858891,-1.6420262371583743,-0.10563930004150221,0.2865658974186234,3.09781733267831,-0.8628010016998465,0.08691179182599247,1.770023230487892,-0.2236847290140526,-2.3795516347851984,0.994408108932113
1.4750133254091036,1.3966496688527144,0.022159122213160708,0.37425963242287513,2.161320811750026,0.8081115338192816,0.1994354131852361,0.2621806859276896,-0.868054595083306,2.9240338132645394,0.18727966128665133,-5.905202536186102,2.500120182143133,0.5808800423712249,1.305423402331482,-1.2133936851844778
2.914260295344058,2.542112242029494,0.061983105715215155,0.6524329363267419,3.210236228225953,4.600107102380617,0.22058919131399896,1.1194417903310514,-2.9171250379820934,-0.90382484308823,0.4322567162853356,-1.156051289971651,-2.645039546618687,0.09709892227257205,1.1397781235427344,-0.03809089986652561
-2.1687811457981603,0.31338508327245196,0.04885409778729313,0.7453080414521547,-1.6167067198716,5.595870803132527,0.08271594000362503,0.575963949226624,0.511140686498423,-1.0562330675238678,-0.2099605804307494,7.520244703930576,-1.9477720733717618,0.5901527331338898,-0.039530879207067125,-0.12473861169647397
1.465677742020399,0.4994230557931999,0.21807646457165614,0.5388182545794806,-1.7251644531510073,1.6060695256884854,-0.1397727747622916,0.757156010059588,0.6055219066557449,2.6528634684406636,0.25807691310847125,0.6373994416848793,1.462344800684356,-0.18713087487343133,0.8064802593078801,3.9002662511013595
1.3218831092841532,0.9747998301995313,0.22752102120470177,0.6613855221364598,-0.9355731890759785,4.3020411193584325,0.12302059992108065,1.1707813654062647,-0.6226057504361112,-0.4497171656986686,0.1878624911430887,1.8885445246057264,-1.2511680719259286,0.9014465667902717,1.5932585184057406,4.394565652161419
1.4473063503224626,1.6868168580507759,0.23802868427250862,0.8349267615289715,1.5470076172223401,5.756802151537699,0.407488087595817,-0.13260142104242342,-0.3174563533668957,2.8424089584968613,0.559500339076379,-6.934959848578386,-1.9280819844854569,-0.022200619519583402,0.9095082939523851,0.6775265374783614
-2.2852557508841764,0.9374908450813813,0.05261209541009529,0.4746359160667745,-1.5877274265395802,4.769707147900638,-0.1661633210779449,0.17782117109498685,0.23659985312739976,0.8765753564231038,-1.0542565667968549,4.3048667341550955,-2.7089482037236556,-1.0987308344624038,2.321547832585929,-0.8242011729355332
2.4745440798401144,2.464986416582565,0.04242923589453685,0.798461756781687,2.7244939163124817,1.3288712836458034,0.08175273324524675,3.598928481301524,-1.9957299835256042,1.2183183874169794,-1.3661245243657483,-1.557820898651399,0.49424794622186785,1.2133553201400948,1.2980824277586689,4.801848168427544
2.046856300592328,2.0172647423095467,0.1558108758838705,0.23440042753945323,4.1922355157308155,-0.1580917876179721,0.586316692457364,0.4663833809875652,-1.9439099458110864,1.496666384395734,0.06027350360903908,-6.394403714154287,0.7686659286423991,0.6663671019741422,0.6274270845838763,0.25190400210284636
1.1770876353934208,0.42557797159288174,0.2529194141749661,0.796011043325247,2.4673554807120195,0.47110719201783263,-0.22995581892461364,0.2711961113806499,0.9598108477858209,-1.2844464673205638,0.017487198231451704,-1.3882264404613842,1.101692745969078,-0.6136928749843333,2.7985664828530106,-1.722799232933001
0.8306605314711556,-1.3993250564623896,0.3142320973508746,-0.16604262299783493,-0.7483235602389517,1.10932964460471,0.5214316548950982,1.217737059861161,1.7046174895565966,0.6292070532616051,0.23624494065023427,2.8261336794233274,1.0566242818021123,0.6718675968960982,2.5881703141820553,4.772079996248337
0.8195169032144951,1.028645235731051,0.06871953147155618,0.26339910247386344,3.080037154044845,0.8828250565289407,-0.014728571781492979,0.27156932628093916,1.0855179594573705,0.36189016067115415,-0.009871973600692379,-8.101002792693853,2.507461429098789,0.8704092068012709,0.6623961986962327,-0.9443934127797673
1.7307106745709542,2.021183211134096,0.24194084185170225,-0.14906627786432639,1.47978098310207,4.321819292098114,0.20057210696019218,0.9465969306129642,-1.0846369573388062,0.7201179662912354,-0.1612771390594761,-2.6985456322832673,-1.6423996469232915,1.4187830123731515,2.3965208304684027,1.366685473652209
0.9771752498962499,0.2628664800660953,0.03267439252627053,0.811041593480637,-2.7490569543456407,3.9492617027171115,0.1551837543848334,0.25937061520550364,-0.6831103189614842,-1.030512574809717,0.6528328205774877,2.613594450777646,-1.2633829708578939,1.4976042167370345,-0.05895282596211708,4.935948165083651
1.8438859581250642,2.317829962828554,0.2404115540438838,0.6650909643329574,2.6735005707557615,3.3383404744495953,0.22805305759519615,0.637599220063544,-1.3938374250630063,0.7128552613043352,-0.008904504641983457,-4.639718484505309,-1.5710224594522015,0.19234315086886122,-0.3190844293998124,5.232947611586676
2.5350597373492807,2.536530790780762,0.117041507242381,0.6377831431739149,6.151399503499233,5.096129903191198,0.18515008596195368,1.7394863251316868,-1.3456125566644632,3.0974949083570795,-0.5855051199224222,-4.194387202535634,-2.739397920396454,-0.0462960511827291,1.712529017861631,0.3564208312559012
1.8540132740797264,1.1502821095249944,0.04713703967959853,0.04003963878605803,1.577414578021305,5.627539607685812,0.04222940272361685,1.2227159290709355,-1.227909377220751,-2.128083470562254,-0.3907144837255809,-1.5220102746902493,-2.0157428086861278,-0.2867237657919522,-0.41637933158741297,0.04769315289076868
1.1107358873592963,-1.7537243486003398,0.11425559767764544,-0.04733530147451551,-0.37757536076267467,5.120144577737359,0.2256266415569929,1.5675951768784548,2.3903123050533726,1.2880891910757915,-0.6463573682130045,3.004934373917865,-2.282577366597938,-0.7366301421592877,0.5527608842958399,-1.4032379986135195
1.5582814392117335,0.8201767533023323,0.06246498901585724,0.674430533013271,0.2213645378638383,0.30146552926169334,0.013522971607532295,0.8479016037220232,-1.1322328640855748,1.1308806317915703,0.11472705597434664,-1.7449219647137633,1.405424800693074,2.31772326646137,0.620477841848857,-0.031709393777091345
0.22408104001582926,-3.072884895217273,0.023147328336421222,0.4019696938198265,-1.8281175416888937,0.22221142936294436,-0.27972598190980935,1.5180741594940617,1.5949394116542863,0.4163802965182644,-0.44573568070975395,3.85533495094227,0.8944884658016549,-0.7783279792450858,0.10531065859300791,-0.524693792378326
-0.06294135283469954,2.0892117877690004,0.1123353281387404,0.46810080060587667,-2.735049291117656,5.006237674311835,0.054319586441977236,-0.7200035110992664,0.20199593786607012,0.8873432212149454,-0.6457744380275964,7.310529855687703,-1.167135103599459,0.240168676711525,1.8204755681992506,-1.2366672690715317
1.411823052998857,0.9628929373893097,0.04583545869002891,0.7780826619500414,-1.7303850492075614,1.1755663017424194,0.19800842693856846,-0.28106226701048753,-0.6596286832131707,1.7482404501040505,0.12900953438499627,5.427668798511206,2.6101059829651185,1.4679827859690957,1.412819818481492,1.1878097501045584
1.2802743635811944,-0.8743545219492648,0.43055756853683547,0.13290733277921496,0.2602062938384532,1.3072912024449357,0.26237646478642374,1.1601446771782211,1.0383338365107988,1.3867096408176935,-0.7522911385834984,-2.276454981435903,1.798777284028645,0.07990463090373516,2.630850369873588,3.3701599629042494
-4.826054191251478,-5.364375779643928,-0.03808053867579813,-1.2567535494902364,-2.3899333864491417,0.11035718996258839,0.07589580014933352,1.7365497348901662,2.564327619169725,0.2617205392056048,-0.7413674172605014,-0.7071142506393743,0.9431291029163498,-0.6670157036732495,0.1726752633103154,-2.024195714859084
0.8075090058463309,1.35079238749025,0.05572631098673742,0.22542830786876764,2.6120235925569273,3.927493260377967,0.19685815984835112,-4.54502620571907,-2.0577472982737226,1.1732690468823264,0.31051079702640366,-4.951441414446586,-1.5881898864338175,0.6527704631587696,-0.4926291269200408,2.978398651860187
1.5552667063773562,0.20877606211150843,0.06955794159415014,0.6709206697106681,-2.040360708797738,1.5162024061662145,0.17429196818975526,1.251697741446641,0.47631263333065754,1.2459200776821815,-0.060015271832442776,-0.8714501893316734,1.8415837204043048,1.8010963166360818,1.2511600607538416,3.0807792760111217
-3.951681894004187,-8.904164048854526,-1.037665239871264,-1.169613866035681,-1.9851965724465714,0.025260934625669446,0.3390949806428912,3.12732927709276,6.018885603994494,3.677735952691044,-1.6065603192944673,5.605514837107174,0.30671762042204875,-0.36652105253646183,-0.35135335701947756,1.9737066575828712
1.3892255915709688,-0.9343837772682192,0.08684982106984974,-0.24155141163978833,0.11720806560954326,3.669504994857104,0.351023555293699,0.8611743432038469,-0.9996486082699495,-0.7754174230776797,-0.3558972442185452,-1.3688033104274286,-1.6395558577522469,0.09993621182775761,-0.3178428014394204,5.28789971568545
2.1115805312924616,2.5168202364374013,-0.14276692340386965,0.3534799420490843,1.533639081022627,1.239669711729929,0.16023999157794827,-1.1324992819319053,-1.0340322539849944,0.27288510484729805,-0.42053274726725565,-2.4556941892020525,1.4676562932747557,1.4194474104793757,1.7827788133394118,4.931827018865165
-0.2143411921069753,-4.129521081483475,0.06997510760317624,-0.5693906774468701,2.0840686750026274,1.5263943519416927,0.2545325383313541,-0.37625745154206675,1.8425157384816397,1.515280953796857,0.005009785974727355,-6.575428246992102,1.2122358666199082,0.07686380347157411,0.8866945221753351,5.055826278362328
0.809131657826877,2.189487747285515,0.2363086199084929,0.23538983833711888,2.558945106645771,3.9424237077025976,0.06961199830812706,-0.6983302933394535,-1.7269750369501318,-0.7223634123355089,0.21203324661953016,-5.84894284622054,-1.558205871345614,0.2908188751583088,0.6429459412985999,3.753911570000518
-1.4053201994174618,0.1247124575384374,0.32730696887966737,-0.3531478542506898,-1.2347307923918454,-0.3001472793585841,0.06323951349167035,1.1146900681060552,1.070356043451835,0.38454779837034886,0.3034453430295069,0.5512046844925196,0.8187494854607905,1.7181146942038623,0.8123126236289027,0.12173848058441582
-4.418965000093908,-2.0670383821636302,0.07531311060456679,-1.2709786214688654,-1.778896257847632,0.1898554617828105,-0.08055462671477408,2.2393628604450675,0.6501511708480865,0.20479222844500428,-0.15861192677601466,3.9778965089107894,1.0672823687462623,1.494887361965658,2.6658106994820354,0.4090094566391504
1.3670141221869192,2.1942858778430026,0.2336407806858926,-0.06441810846604148,0.9601851342951512,5.642997535222339,-0.4911936243359029,1.9316504036590345,-1.696556092992347,1.8621301302719182,-0.39244092691728516,-0.5789634197442832,-1.792545354309065,0.5946855651561065,2.849109725286573,0.8158600733949826
0.37750078940735576,-0.15330418145724992,0.022936336015243305,0.41706021398832777,-3.787066881065814,0.517699780431156,-1.7052945433631328,-1.1530279863531547,0.6165894572793609,0.4747123857361723,2.338684762208019,3.4714756148120705,0.5571886705103154,-0.4136255090003555,-1.0185563132555522,0.41462570894538164
1.2834639040058977,2.575782282669484,0.2710109532250106,0.6815978664565965,2.1840770778492304,1.179270709554335,-0.08924297074068102,2.194883462688717,-1.51681297298332,3.61113294968785,1.5775479174579885,-6.2591735843788605,2.9002766164498373,0.4495089233900871,0.5297931344497214,2.7127398349824023
1.3336939162689956,2.644234091203732,-0.16046785027883567,-0.6805914383604021,1.2074260139404336,3.8370629456218324,0.1362048914909221,-1.0298638587833189,-1.8438824712834958,-0.16209061707921607,-0.4063008878736725,-3.996502744066296,-1.3656176591565297,0.2071124932780061,2.06336565709965,5.13325125972805
1.980217654666549,2.005559505587125,0.3639275677229386,1.6130795734168972,-0.8809465455353924,4.859679623993671,-0.26452788211145556,0.07334069032773037,-1.304558529327725,0.8368386037308548,-0.376572488523802,3.459849245855747,-1.637542362847856,-0.34737489700113056,-1.5888842613559606,-1.4213244621714798
0.7036897276675753,-0.19820176650704144,0.048117540889973706,-0.8922014459866728,3.075741616114897,5.230499507981288,0.20431235261609623,-3.394121435988637,-0.8165921011498967,3.6778114109607007,0.5873779448133137,-4.604322107151677,-2.0868729823319776,-2.4194866175347407,0.2992663727871924,0.047064292341659535
-2.77715499303876,-0.9395918174619844,0.3131150694440865,-0.3647551240998901,-1.4138383153204541,0.9101148537477118,0.20567002212791308,1.3131153253965384,1.1572924761598287,0.6264568597170734,0.5817644050795431,0.02500951513679028,0.5270683291177214,0.409377260282511,0.6553361763615876,6.380243469642039
1.6307904695743498,0.8255439846265861,0.03026836745934303,0.029728047572868867,2.3207645172208244,0.7757249452515833,0.08605970431005869,1.6687560681100324,0.351931537606889,0.3734305996368439,-1.1261836722139795,-0.9511287813481873,2.994163464245167,2.6693244673641425,1.0783554261299326,2.3453115209821593
1.1412069365991417,1.903780346419844,-0.03849066950313092,0.7367773387654217,1.3625911059814324,1.1002028871851233,0.2497093572679715,1.4447494240213374,0.08208395659993334,0.5301815054398823,-0.025697517135090227,-1.325926704751487,1.8353382622304053,1.295430737976167,2.9604732263513824,0.8239001023534445
-2.186968130004606,0.8883339973270402,-0.10138790535406553,-0.8517210513658342,-1.1876647640929363,0.8415016240835889,0.10694718627861596,0.398012508513604,1.0514261753644836,0.7653641682644609,0.5660051208858187,3.5255596214912073,3.2053065506046265,1.9230110874419089,0.8267614715521264,0.4583035009654207
2.1504439959697583,2.413192720018158,-0.10669039229241117,0.8354980905598831,2.09431415081535,5.070355858689779,0.2503395237370455,0.1327909544849747,-1.5381194678783179,1.3982143287655002,-1.5363188768196074,-3.234279783508819,-1.6545356863552259,0.10697368014642782,0.9606649626617002,0.7533787461485754
1.2450855097936917,3.1086928188039464,0.2825014912451989,0.3747802457355967,3.274050621826342,0.9868670445164897,-0.07990259169563055,-0.029829022366845197,-1.936765935404938,1.9613805299605254,0.9969286280982599,-7.599723904129619,3.1926652687309627,0.2925061449181391,2.575910541477105,0.2135874807752243
1.7240354175674442,0.0675157096442283,0.09875903593078796,1.030033682287242,-3.1788701745062617,1.342800985647492,0.2797139119175485,-0.2017923516310026,0.41337966002067295,0.06481359628764922,0.7762947293668233,3.108334941821795,0.5767998202974471,1.5481996673317087,2.503425763105616,6.820846703671185
2.0163733865696876,0.808451176721039,0.08784369736414896,0.9019665931516015,0.37518553880095473,0.8579815987719513,-0.1098257656799146,0.7824694094835472,0.5285699576970847,2.896131177480525,0.04479121089191677,-1.6619858289970066,0.808591386386998,-1.2825377338591697,1.8462481811190146,-1.3240039292377177
1.9371862181442998,2.8214658606544103,0.24640814593272403,0.6029747852578676,5.861951699408495,1.25424129036039,0.062413098191825056,5.881783509111268,-2.0090223578635182,-0.3633412299882315,0.5797967747699471,-6.152139207084457,1.5839698666488795,4.482772671734002,3.1250117046005714,-1.664881508566175
2.426667700804256,1.865992563494858,-0.08065416881837525,0.6946314621103754,4.500592021095309,0.8849946495852491,-0.736615512000786,4.707296457328311,-1.946292885504259,-0.8532676570114432,0.8254823849630787,-8.631974077516668,1.690397180790397,1.4471582074700946,4.006531380841684,1.0204970389163035
-4.932020970505085,-1.4594329325305182,0.5399683010453288,-0.6713897785217107,-2.300193320771809,4.924107208261317,-0.11826453021360689,1.2273578350896943,0.35995518581710073,1.1125035214032057,1.1542766123438641,2.977443710608695,-1.2908489403465109,-4.373946090264527,0.613065421998049,-4.870491212843693
1.9720567582917405,2.4440075337472997,0.1884706729899705,1.0383561104963692,-0.517314951509359,5.071584749334488,0.18617786895085534,0.45849001013182156,-2.2170725860746496,2.6077061689645458,0.21143160338597036,1.9825306984970388,-1.6809068564362368,1.7930738044825332,0.7896587859730984,-1.0069104975003422
-1.6927926417987524,-2.056023025593421,0.35382325121679364,-0.1518385057342507,-0.3303498190005666,-0.003895031618169786,0.17592638909107777,1.5558165124903014,2.281691214431312,4.436747578561707,0.8495396222801991,2.611900096345257,0.8564654319681495,1.8213059060026118,0.3718221512336181,1.214240720057634
0.8270322049561403,-1.9348199623757276,0.009398535703889984,0.7465770903982235,-1.8358699687355968,1.0485249256101228,0.0559090462208502,0.8387070117937645,0.5936694357876354,1.1805505552315105,-0.6739047690062706,3.115068122781938,2.5933580474833007,1.6303654726851582,1.6860989930971235,-0.503028526312682
1.5366363108984114,3.451945775721999,0.3717845265728021,0.6422312548598197,-2.4156622618904566,5.053199374505498,-0.29330871574064155,0.36383902282817115,-2.2469700065194167,6.53830894736316,-0.4711373686442966,2.82257231915089,-1.3329178756628488,1.7129257684105794,2.133368546223836,0.5926996156068287
-1.697652625294785,-4.0188256852518185,0.11636744188297542,-0.22531397653725413,-1.295041166438537,0.9983847629708694,-0.46251697087157023,0.44870431243762676,1.8597180294603262,-0.06646168668718551,1.2029693919832731,-0.9611757581294165,1.5495513721483027,0.19098213805940598,-0.0025935180110740895,-0.3025927762169017
0.6656296011393547,-0.9222370669751488,0.28874031375484943,0.10230928100019494,-0.42256639542229874,0.7865834642186711,-0.21529461001095368,1.160532105064943,2.2100500545437005,1.860265137181686,0.7797123868997133,1.6371815000372927,3.593946981937129,-0.5654806206227374,1.2458152498664876,1.2942199339820646
0.7088740968938286,-0.7504410581077271,0.03269565061386115,0.8401228026133365,0.6692007070225375,1.376682839436401,0.1708416988559835,-0.48042068845600916,0.9533176709575202,1.7521775908783352,0.15475692608496297,-4.2390000520504465,0.9632110534509952,0.9586182893966179,2.268881481441872,4.107445146676117
1.0938029621489946,1.7534967331094424,0.24460646117930973,-0.0817197371223331,0.6835092603224465,0.22212609477571107,-0.18051538715937665,-0.9644094981339636,-0.44265372758185995,-1.1631744297641975,0.22295966284211713,-1.1044580501743217,1.054159758349293,1.4900225450925495,1.2937834051501311,-0.466600569831905
-2.463740026047037,-4.952433592574597,-0.16047050973308463,-0.2518329423918313,-1.4687452408193187,1.3126542060812885,0.19776259677109354,1.6847197001006529,4.395552936608062,0.938454190564341,-0.7038714221684794,2.669019437439586,1.2220562222701907,0.8693791229674825,0.3393323392635311,3.994790274616873
1.932680225747096,3.0787884531683227,0.2251563732656491,0.567617071161605,-0.75604140526266,5.443449317332355,0.13684731804223,1.6533464656841264,-1.0645784500054554,2.215192811584883,0.28323789503846386,2.43155763981297,-1.3915653014013203,0.5865372936857014,2.652735913302019,1.0931033680365136
1.6711092703131145,2.7062491486873075,0.24125412211290775,0.5325987984157085,4.073927820429073,5.038258414002806,0.10549286661777692,3.86411404243804,-2.3205491235186386,-0.9349624342887428,-0.5837248673256007,-4.078421669770971,-1.7610978815098308,0.5448257607170599,3.7693265045016693,0.8639189473620137
1.1052213969455942,0.5809911882747547,0.2346383140740326,0.21142682662046033,-1.7745812622322357,1.4002092929325776,0.23365926834803433,-1.6742147165145584,0.9142525621713276,-1.1115956670421236,0.5119698611841356,0.21404267775283392,1.6251098619001774,0.6678172959463864,1.879281839546401,3.5040486580500216
1.3717870524026223,0.8587388534369795,0.22519431434531614,0.19823251981851184,-2.26441563021666,1.0015896979702077,0.3280202420910232,-1.2528452121557132,0.24632374387537856,-0.5209965915934598,0.2606351456082661,0.8062693440788052,0.9924390379030956,0.36847513944972793,1.1296141012053564,4.492307451391727
-3.8426768229679538,-9.036024156034147,-0.015709241911265583,-1.5426792365154791,-1.3667024042071287,0.6545865834638517,-0.7225146411352473,2.7252016665234726,7.259305729702165,-2.282556651943345,-3.1781754107261326,0.8121877590279929,1.0631830295076712,1.6823117769495775,-0.17196949234841558,0.4191725420409701
2.1734789841904965,0.6552090604432403,0.19253336159682388,0.31948853925621057,-0.9757066868148717,0.028483010744122603,0.17336713800320647,1.177641248559192,1.1017083004483976,0.7033153226788847,0.001130001849509066,1.4745904324930372,0.7907232625072048,0.1944488481623486,0.6094827553816359,0.13185262262437875
0.5893566379637297,0.8032768186138054,0.32932499822303635,-0.23245011587333936,5.7042952622717955,0.17582361533675794,0.058046533665512184,-0.9081754100458049,-0.12745699203291527,-0.08680048226772981,0.08855285954017929,-4.781931926775293,1.1965781161934526,2.22425044632971,0.9873893894537428,1.8173114578032166
1.5482132183938708,1.9743008782642522,-0.01845337194713583,0.5873414122047906,3.813018727663596,0.3697197620500768,-0.01609607715302731,3.2920874975709893,-1.9707347247600202,3.0511806864733253,0.2669822439452586,-7.206452518774298,1.2409809444798214,0.0040442333593562856,2.5846138685919366,-0.5377435766721
0.472423573550199,1.1859222068241715,0.2927490024660636,-0.13717547334721578,5.251641284502095,1.1520295084795988,0.2480851989566385,0.17451793934367946,1.4411014335217398,-0.1735766663383156,0.3496966161669175,-6.190401648071267,1.684534435161202,0.04630149879774715,1.2517971411067887,3.5024328202861525
1.2748749741000343,2.373236629494764,-0.012399397756667591,0.3967176925409767,4.670821237897504,5.571237156549971,0.1928716067336577,0.8169526073266796,-3.159701191280882,1.5280550564092246,0.643008716842021,-3.6491735574221913,-1.6299048708686485,0.9755899156908873,1.2646912097799943,-0.030223380469202935
-1.047975248606941,-3.926283437512089,0.22999315869730602,-1.1078711326400579,0.22554762808148865,1.0212290270211526,0.3109308393862904,0.9692781065469696,2.39232303593537,3.0573382135593135,-0.26956415077278906,-2.735512011361928,1.104266394600006,-1.7413064741757975,0.21511444846914238,-1.2722492752357568
0.788266764957656,-2.9261570718653793,-1.1957729396683408,-0.5086223107054435,3.401929866294085,5.3016093215331965,0.3655474624005437,-3.6079499892619187,2.461038288658507,3.794245664966213,0.6659150315749608,-7.641325286879159,-1.598178976239133,-0.03314319057480257,0.2640212217516654,-0.5897924593941938
0.7925616662494587,2.4556976881547343,0.23612636749661853,0.5571937162174765,0.9546773482960336,0.9901299345016614,0.20393476505731514,-0.654525113473416,-0.7480598066076808,2.945849919842164,0.9620237252146956,-2.7658654042815067,3.8197769474953023,1.4534966301300447,0.8962784560974708,-0.9474456066557576
0.10991521669440919,0.18377585995011084,0.1355294614217984,-0.24901728943153667,-1.5424645237142753,1.144267285365493,0.047706039374313614,0.5861990581073717,-0.9917465776104603,2.199075239305148,0.526079711400204,0.27288031041135136,0.727051278289497,1.4107949683648238,0.8528911482706428,5.119147583780848
0.1692226091921513,0.8910594893110291,0.2520577928224759,-0.5395842510007169,1.0432131761142074,1.5009197164292076,-0.1299239519203398,2.0834974062623632,0.02001498691250996,-0.26259521064410524,0.3383523670124566,-0.02316754354329273,2.0565656070027494,-0.23286028262732053,2.0538022829882614,3.6725306518287155
1.3695858470511209,0.0843647425125506,-0.0030778551272894637,0.6329331727729453,-0.6789808749138697,1.5117412376143196,0.12967163942423604,1.8472693164147254,1.3945482590332836,2.4914892138612963,-0.3837076315893673,2.4045781433887607,1.507060992560155,0.24156540683859956,0.2677299048555439,2.643421938610266
1.2720472132790208,2.4725392241792634,0.04737212692853199,0.18500506151362875,4.1538771185606915,5.387444035938577,0.027423748405884015,0.5349296514463616,-1.6866160530165482,0.15930280168143526,0.05558426542599641,-5.11873620511492,-1.9963005064760144,1.8037868505591983,0.9613474133516482,0.714435930714169
-2.799050030654343,-0.47414595786495517,0.11438536400960647,-1.5028327281240224,0.13729730869348344,0.6921833330633357,0.03907837802164758,0.021621140907229712,1.9006547815525845,1.8379682857717936,1.738844645697888,-0.772263511870631,2.5677435714595975,0.054711118426987074,0.5425096686947024,-0.7063089005464143
0.5012287267522655,1.4139217877789747,0.26673663682726806,0.47113625617928356,1.8335679167743688,0.6901469326738969,-0.08952476950032541,-1.225306269324214,0.8124708297907804,-1.1738972226109645,1.3148562893132503,-5.913870423969722,2.791055051564444,3.35075804056415,1.0677399553784428,-0.9115196149335303
2.2551323423369825,0.20419823585355615,-0.029819236554947615,-0.19212380304884016,0.20964024686096652,5.199110947748262,0.033473361778320186,1.1091350092198118,0.6875359452925448,-2.3090503742398107,0.4536449777325034,-1.4933321953083387,-2.0551772500397973,-2.2043616105514694,-0.3414924090024711,1.0584744586576982
1.6620528064797746,0.9174820501472424,0.018035529802977547,0.9516286154379031,2.5768521775424342,0.917436789782318,-0.07485023678399189,1.1434405205142084,-1.8584311943784162,2.9457689075448723,0.1014330442917045,-4.741424763131104,2.763142453996726,1.387793783328838,0.944571380689796,0.42458244075547924
1.8913463087457874,0.7683683317897299,0.24168226830449993,0.7490322450895153,-1.5306477938794187,4.238025477645947,-0.8633028490482925,0.23968473771892726,-0.9418911127364075,1.3355658520176896,-0.5084347431611271,0.5098807648870413,-1.2976126096681744,-0.15348980570262863,1.3643328635774747,5.643883069181202
1.3042065375381302,0.9560739827692053,0.03467674382671665,0.6397911643721679,0.6993859712241819,3.839779993897431,0.08258727441147218,0.5735315978322553,-0.6721624176366621,-0.849819069690134,-0.04999242714995387,0.4437639690107119,-1.6967847513012024,0.11525574140171428,1.1143672175017134,6.5116207490872045
1.149506345586699,1.3974660449750118,0.2021418384051303,0.3445936390786438,1.482582994283642,0.22741514605247753,-0.048159109302193644,-2.1390193802200703,-0.6773012807467838,0.6130287752004266,0.18912188422924603,-0.13471649883188772,0.9620018841210737,1.3229670976513705,0.73639045114288,-0.09916595562996515
1.7071584161696591,1.7024821209147758,-0.8822632017740601,0.8151009854712562,2.341060487195974,1.1120716546387832,0.10355222033578335,2.024107094460573,-1.4030807222005606,4.523930298194478,1.0677133401665835,-4.2977245231113965,-0.35271392853426525,-0.000846924567709448,-4.027000686050306,-1.8664179626720205
-3.2146964814065706,-2.31226821068132,0.22946335320319913,-0.38447296467837855,-1.9591964247395097,-0.2807513259882356,0.3817437397111158,0.8242193974497669,1.5065326645488673,0.3994557295161026,-0.7467100673487267,3.8100146939357793,0.3424356111064245,0.5580685693055685,-0.15964947521683187,1.1181290281585419
-3.11714996484537,0.9786781677313958,0.15384618612601053,0.20368175121827384,-1.990462354626927,5.894981170890101,0.22035982945702656,2.5445809142775304,-0.2839116431094366,-0.24064448830675758,-0.6348007415531517,6.001528105773812,-2.2772983734637933,2.3068740085563966,0.6452000968934049,1.7446955883369129
-3.722003563715038,-3.1472516052883908,0.08924679531424676,-0.02276900560455938,-2.0220320259475764,4.819618357988401,0.06735088661581207,0.3044028169169564,0.563547595460343,-2.922479926692639,-0.8189569334237187,5.6380691840831805,-1.5279872133094918,-1.8939344599877062,-0.102147805745038,-2.8242527692259154
-3.960400249746579,-3.088596134982545,-0.010129681087294793,-2.9163071283604984,-0.5948730745042597,5.16996019297171,0.4036717016053426,-1.2258108044807696,1.2950253416603794,0.7869689568381809,0.4865140146169035,1.2759991060466382,-3.044672625585522,-0.47310206808476857,0.15391452160715383,-1.8558165982725456
-1.06689029400592,-4.705239057053933,-1.7522521302484984,-0.23365120697374658,-0.5681013831674501,0.8148333439084011,0.5961285891375343,1.754076509559213,3.064204530116171,2.9247648186470983,0.08816583935147555,2.9048979075511427,1.988192662125649,0.3270589828726863,0.13061480634298722,-1.3801031628022762
2.104388149982053,0.3967856683054252,0.19955504436994645,-0.050709628918411104,0.2745424142419124,0.7864526344455609,0.25237861577110915,1.1162616187425167,3.52753803791994,1.2456252116964746,0.18370065362613536,0.5155419336780649,3.6304132231700805,1.4727775567078374,1.450621595208754,1.67688794838883
-1.2060794943141506,1.161930774656064,0.22012400603972465,-0.1713659742206597,-2.0885766244124273,4.367429182280345,-0.22756517500442322,1.854381546673245,-1.5757278502042742,0.6003739683751448,0.5301280742883266,3.6503656425081497,-1.7141828590157313,-2.6338888877028324,0.029100224923271748,1.392707387467725
1.5151358165494946,2.057134333278628,0.27535230287267903,0.5768654861402741,1.7189213878102207,1.3374578083440807,0.09429030646283487,1.3035001414234018,-0.031115589971001507,-0.35043120574922415,0.3027429211837418,-1.9930680377988106,1.8509306946647999,2.012088202870372,0.40621607423124223,4.2494803229205
0.25179135335796204,1.5136981470493314,0.03744229249115129,0.34509648468128945,-2.1816441494987857,4.943868381508452,-0.2282337366371236,1.158155326003532,-1.3587144086978828,2.3048351235375177,0.09064494511772894,4.371889832955863,-1.8353511714060151,-0.3252684167981994,0.5399155596782985,-0.4026285703022242
-3.6103968431184104,-2.2028629437258154,0.1048707052160732,-1.2208724947869785,-1.6571689877794797,5.183131350418027,0.17245475723052048,0.7102668790061221,0.7724523044342515,0.18193290863949518,-1.3260967834618016,4.022807186975946,-2.248941093554625,0.27589253762410826,0.5503641331066107,0.33315937572166987
2.058600911518093,0.7093155272048463,0.06050915000436253,0.789280642863872,1.3515208287291298,1.4000298478843964,-1.6346311441981132,-0.11197373571277529,-0.05019834506484821,2.5390955869438416,2.118033986065987,-2.451928937233318,1.3257252771056092,0.8820827755547538,1.1770350065873822,3.093889594443446
1.6696270214768671,-0.8920003054319613,0.04377313263695064,-0.3643953687869893,0.25807196447506653,3.6854310226511497,0.2532440103210254,0.46762030542882277,1.5485072831276196,0.9596097273930021,-0.34855233150278164,-2.9721079663795225,-1.3740357180335345,0.24454031841225643,0.8883510779287604,5.598758259183115
0.5229520991713416,1.227119546633072,0.24042633435786212,-0.15233187507302268,-0.6298798171061575,5.334867498401703,0.09082930838334266,0.7753528084379215,1.011662105266341,2.761403226061029,-0.07008438522667848,2.4974801748253244,-1.6979161448126565,2.0949806439333605,0.48507529084867906,2.0424119214259115
-1.4213272518040354,-1.7324914884644136,0.269291170936192,0.170182252518786,-1.279284361578252,-0.15456421834157832,0.2247122500777872,1.4445452690604172,1.3594729651394728,0.6365131553729257,-0.3066408509003827,6.088899888364888,0.6307839988557501,0.9268706217024719,0.41185874360181884,0.7474043035699248
2.288277490948283,-0.02881475051360088,0.0149138603574564,-0.5861708296417262,0.4156396690257253,1.0928557988767262,0.04700217487943155,1.1165059819721093,1.5507063662528355,0.8391273216084464,-0.9405915202600742,-1.9795593812006664,0.4507618155241777,-3.3633508681287076,0.1084795701016685,6.174859581564228
-3.6028662872105954,-6.094725773008345,-2.94066978370573,-0.001666230844087338,-1.8757760571614501,0.20008300004635468,0.47668178898443775,2.0999028596897085,2.723403968190659,2.4900350512007674,0.3537778452494364,5.893480869415048,0.6435048352988043,0.613758846864112,-0.22649852491367678,0.6948218749911594
2.1089746123934794,2.4382685844179224,0.05170875234632329,0.8221064200397923,1.1631237173737339,3.4336429431783557,0.2253472803605846,2.025708665195493,-1.4335220327090383,0.5330763926074713,0.6396939645745086,-2.9849574859307246,-1.356589416806129,0.028108970599138226,1.1652297994972152,5.230080144605415
1.111361983309213,0.5714649358250795,0.04966981793897212,0.8499386270057747,-2.0232503688346877,1.5142203084512627,0.11514143564844609,-0.3865616133161864,-0.5313559206468002,0.3967592811007908,-0.24886367291634434,4.953446475683062,1.1583215232276416,0.3640188484339837,1.7187704823519665,4.892199188566866
-2.8020770012552263,-2.455267019388494,0.04121057732881751,-0.07718678169476559,-1.9801993981343464,0.3111343812848388,0.3297004497304956,2.579848532616876,4.849208892663532,0.6957886090627323,0.9869965397432817,-0.05372019318875474,0.8197218565181253,-1.9160088541783926,0.3701157720319142,-0.7232590968372903
-1.87871272432962,-0.7873954752986658,0.28618633306724167,-0.5994737634289603,0.2609709567475089,-0.04810862101061886,-0.030089130412984763,-0.13073582683270285,0.5894543609740156,-0.6839816577550624,-0.3813034656702795,-0.5955232816728028,1.0198405545919527,2.15475552563919,-0.0003953184685411095,-2.238637408098264
1.3212844927507827,3.19576831152214,0.09725532140323373,0.769805552733328,0.7450239251163701,3.589190710848808,0.16924521296000156,0.3084799281727327,-1.522871122005402,1.677906058288037,0.30826228403420275,0.14126169995056762,-1.7469885197586608,1.829016743592369,1.3680429537068768,4.0834702997835715
-1.6563228568354371,-2.225913276295183,0.030715409965374186,0.728422374893772,-2.3118889279423165,0.8274392072906623,-1.391397682233228,1.7472722363214905,1.125563408253164,1.354188786347197,0.6387095043907753,5.887845233195559,3.185140942002032,-0.3845825933859276,0.34649143279816097,0.9445636107139562
0.7313922053189662,-3.147601046415697,0.08033174110835001,0.08979365063780552,-0.5287375302535501,0.9598293622264082,0.2528914794170677,0.8848821663316462,1.6601673296698642,1.3819884690995614,-2.254188612064988,1.8618341932733007,2.109473617260784,0.20090226978966325,-0.14050163123772968,0.28473263868612386
1.4130873728323894,1.508641711752402,0.24984969140272895,-0.11659196208398266,0.5303359084013296,4.428642121247666,0.05634334659771872,0.38841560690020693,-0.25518248411108013,0.8742070561105688,-0.314249129781511,-2.3546561769866905,-1.485449403403274,0.13700462082371392,2.717485684590311,3.3643378747968025
-1.4631471336513455,0.8431881527295927,0.21131097202991062,-0.6571878598299324,-0.9190410141970113,5.252920982143443,0.03925765699839669,1.2260383541789714,1.7464447382960744,0.8744428057145067,-0.1465874654598882,3.070639092440881,-1.723816850845619,-2.4097998503856415,0.5441077438304505,0.5837021012404134
1.7220523649276185,2.361043375184125,0.03080206599145878,0.7835563630936392,-0.7976757467038825,3.6978024088001917,-0.26579719178720096,1.2261245541706556,-0.5545277011816688,4.038859789012185,1.5064462237085745,1.5831901109231188,-2.0864908739716728,0.6544821101592523,0.7033527623399075,0.6660922968927115
-2.4527157812403337,-0.5920730323498592,0.3966939054694572,-0.3677822395635481,-1.660937780023949,5.420806780796745,0.3445444480785685,2.0845159385582543,1.9678237150376272,1.176145085388518,-0.6090787648788306,3.214861441045745,-2.5239524564978857,-0.5094383735037451,0.9630749329685323,-0.7857984207350385
-5.607315848627622,-6.091395338720846,0.24848873096765306,-0.76034565776849,-4.584352749338351,-0.4387039161189134,0.4628428224032373,2.2240006734717075,3.2127808126220687,0.7539392893281271,0.7121314686277344,5.326489307463577,0.3610526926626358,1.0307256797810103,-0.33903012064042176,1.2459430017634052
1.3905023931771001,1.801115169417943,0.5098403599863334,-0.07317712269131017,-0.18505667649393176,5.127597845889413,0.06230041746463431,0.011192931765227872,-1.2096684617572684,1.7774784070583574,0.2602679475252289,-1.304541118265637,-1.7953437941819455,0.23819567965855834,0.10494112658181447,-0.8153517305792195
1.4590236815214297,0.6502806827947019,0.07310836833491617,0.7392161027072616,3.013407237131285,-0.013532224877533998,0.35827579883283556,1.0599310869287109,0.2953557087886733,2.8159290512366577,0.6328002987177905,-4.311879451108438,0.7182536970131586,-0.4514671450717893,1.0620516705873528,0.7966061775201995
1.4309283290276393,-2.7566696091883385,-2.0087094315189815,-0.1819411622340044,-1.2460664718966288,0.06738135451038782,0.06901982693305629,1.6056214933840556,2.241788089136485,2.9649543744404094,-0.5017002853715227,-0.38549161480514094,1.0470990363893713,-2.431810308196006,-0.12572844758405555,-3.0939911375217184
-2.6456597282019096,-3.6745993037869877,-0.015718716711836476,-1.480225294951646,0.14077525314744377,4.418508047164811,0.22470227492802017,0.04059441201258797,4.241275721331578,2.9441192613848473,1.0010701456024833,-3.1250941760615167,-1.7775138421816439,0.22021303162075714,0.34512872935069294,-1.370657037415212
1.5748704573847905,1.8703572807903615,0.09548093266253886,0.4744440139283126,-2.7232752420061628,0.23141928847383336,0.07494177258512243,1.2862661679573533,-1.807102839364455,1.710330642034389,0.4220048247372139,3.8538365767485314,0.7442489705525466,0.5804325577971575,0.783317637425486,-1.0706549546085258
-2.0925084285177977,0.2705798241976529,0.23906933856258583,-0.46073941133444063,0.49961317776362163,5.730292512813361,0.021151519239367512,0.06391889841579522,-0.3163852896465388,1.847826825289985,0.8283275291578736,-0.06331608249273947,-2.2472582134535766,0.39648674339796297,0.1442608786650693,0.9214376399104143
1.7038465593669847,1.927977145468528,0.2346466740271615,0.9171013442098228,0.4291309402956412,3.8765618379545854,0.049203816954451446,0.35415741657950855,-1.1336169703005243,0.43375936184867175,0.3285840631343424,-1.9721077259457036,-1.4789493992312546,-0.17004801190760233,1.4603473024077527,5.971767586303483
2.108920143520424,2.6570190624846273,0.24980093891740218,1.1059813766571465,1.8210120141964095,4.720984187821939,0.1743581241253592,3.6030098644316437,-2.5236279302230016,1.424523625939901,0.6128114236430087,-2.953429729430682,-1.970103518707922,-0.05141938693786326,3.5335835901039574,-1.153103281288767
0.6651914421570445,0.5274594277961435,0.06034168435571855,-0.8743929530774706,1.7268719893740492,5.18409302755594,0.025715664691963253,-3.537425635646692,0.7049243755953638,0.7848324512854601,-0.1423053722187675,-2.0959710807591425,-1.8403109941109492,2.504113836458496,0.2656512771353859,-1.9424308106953043
1.4783205853327512,-0.09851140335119572,0.022100708589095384,-0.45427051354750897,0.4662030270445907,4.982358015353688,0.5252463260012484,0.038986870282871525,1.340513108057623,2.3598763070458344,0.31406968542147873,0.5454214838918836,-1.6037271802621018,0.34387819792829616,0.6867168164902829,-2.2186589422838474
2.2216376851157364,2.4801954831515767,0.05353832864251917,0.4012845511432331,4.338720763251514,1.1461877508569134,0.05651922427686915,3.675358782553727,-1.9060528746694818,0.3367545050929378,-0.5470047034865846,-5.0496572203239865,0.9572092891908816,0.07086322710540383,-8.75327903342021,2.6572430040131603
-4.531528279911682,-6.921891244782132,0.10459540737935556,-1.9832685875714309,-1.1722253934572593,0.528713407594211,0.5716706928748025,2.621873199361547,5.9564109648462376,1.9948372480919976,-2.0872790236808934,1.728281623944296,1.6694078270504704,0.3240105912058126,0.03959341276579178,0.8444598207007962
-1.3402419306463171,-2.325434511051558,0.001609900308663868,-1.0551847810279478,-1.0553159291934597,0.8333512171172335,-0.027829463811232046,1.382470723524971,1.546834564050216,0.3000573262385648,0.21608594260986747,0.34355912983872716,3.0714293877253174,1.3305382877536611,3.5935649016788553,-0.9091383872639112
1.7181380616974022,2.2740929267939753,0.05830738927704588,0.7982490712846714,0.19266010657751215,5.417718196326421,0.0674263247924576,-0.1099880924187172,0.4744611325611182,0.8011013961149864,0.07451790200368465,-0.9357296935498121,-1.8631467776386696,-1.4784192077420013,2.025835476386194,-0.025444643555284682
-0.2669708320955784,-0.8327472929228101,0.011040534120772392,-0.6665991937527653,-0.6958683981002741,4.049477149660525,0.07257721099935784,1.9787854702107763,1.3439156403268306,-0.8481434238488466,0.42581393698292924,2.539890788950846,-1.3596366689250803,-4.691275336837816,-0.032296480256535,4.010797006426765
0.9358477786880898,-0.21594019350440188,0.03496739243278517,0.7802389946779038,-0.8975305225494842,4.104776566925003,0.21913323999998124,1.6663001896903045,0.22296944495818172,2.4196439561500847,-0.1340268160207545,2.8803747499514922,-1.4885346087876756,1.0360906353109722,-0.3278934939078376,4.162024261544683
0.5094088025211877,0.03852998956618514,0.06589751111711573,-0.223000908791599,-1.5771259126257344,1.033215047235044,0.07348496156835028,1.4756541136175154,0.16020494901120286,1.1839670974410383,-1.730422959858437,0.3325321223182697,0.8668993538127097,1.1221853443824108,0.06089706883426065,3.911156091882091
1.605020561031534,0.9500042805662126,0.04686594390686904,0.9717874770885813,-0.7812312633332941,1.5737740280048695,-0.25308226479487034,1.4445014674852235,-0.09852940498711518,1.4982044479767642,-0.3130802844713716,1.473933384639305,1.3226123792615274,-1.096329211550162,0.9681894012409711,4.274840245549055
1.0768126590083997,1.243791049943878,0.220889663278985,-0.36334504389857475,0.3865066711202373,4.736118722564914,-0.11958104318088014,1.2981509395847213,-0.18274937377466233,0.7226693658788785,-0.6812879489669031,0.41280096326070975,-1.7604828998342745,-1.7279013739079332,0.26381508804744885,-1.065516138403945
1.3754631519949807,2.255164318000111,-0.03195699927872026,0.006612441886045548,2.8136547796434077,0.7059922826838665,0.01991166955268477,-2.664002844520476,-1.8168101364723772,2.397060093130752,-0.08605279044794341,-5.860489119840332,2.435469234577466,-0.7415806006884614,0.40466141956842305,-0.4083326207962979
2.039522901350344,1.7461463653973262,-0.16177625289057526,1.2229422275106812,1.3148296045223185,1.2729810161039972,0.2816630278465371,2.3281072342341753,-1.6108721870712475,1.9975373686079645,-0.49138158031809404,-1.1966981073326646,1.0690916501162933,-0.6836194000929772,-0.1867991933569701,7.993919866683046
1.9527927299152636,-0.1053462954293459,0.06076583072584174,0.9021993286248612,0.20023791219809464,0.31133898527120163,0.2312099369561537,0.6968956424957589,0.9159743414599884,-0.8093603891497216,-0.021849702016263226,-1.5436936556894305,0.9241039618119693,1.4055671778389862,0.7881244509881119,0.7692096791589635
0.042320250324321386,0.20209069731170556,0.10585152989605706,0.5609518493161371,-0.9275112571706825,3.758597558147959,0.11297049236405922,1.8133581285906988,0.5767814780255204,0.40948294431991633,-0.6809161990846215,5.2673703629777435,-1.5100181811848392,1.1341828581156688,1.1249572757672546,4.4773403435819805
-1.2921789017693632,-0.7695874653157413,0.1384708174785792,0.007909078626742876,-1.5184035423352764,1.2944018233572678,0.21669024647569254,0.7452158066957998,2.0082025399405206,0.05393148709310846,-0.3632772726608591,5.266500249152344,2.1137923805392034,1.2807196754322014,1.4024561018079431,4.723157931515684
-3.837142467362695,-0.9217490580687991,0.2175775135301639,-0.6699235935209364,-1.9800257902426313,4.943686087475479,0.16213965063030625,1.1216986478413484,1.0526279814592747,1.6746078493219843,-0.3427121205018263,7.006312714971805,-2.037565619324124,0.32109310791697326,2.235305063967126,2.0244437386404734
-3.6863900372291263,-2.087770510277816,0.26190127953705467,-1.0161062640854994,-0.7456588440982171,1.1575656650389936,0.05333866227430073,2.7716619509356226,1.6388860713728826,-0.8992589847068275,0.8494421633967424,0.44916910234920115,1.709542332059714,3.2595635066184947,1.0674519118233896,5.275051366951399
-1.226106611310123,-1.5719205183259508,0.13787048193206664,-0.08342527807708297,-1.5549325190418994,1.2471649687060953,0.23973192542705252,1.8536830769890273,3.039651442515226,-0.3262249158118492,-0.4908148788455962,4.9814032591888395,2.4339316882089843,0.7562746366689437,-0.06210103912985434,5.9311032269166795
-1.1968243938264502,-1.99913638258566,0.46217621622811256,-1.0345498080941649,0.2140185607466759,0.598181063398856,0.38852370890504223,0.8764520612618011,1.7190718468438873,0.8597728758221779,-0.5591824647601742,-0.08685971952440136,2.967430267093432,1.5074270420785374,0.27342135541389706,0.5853452458454074
-0.4163569699307322,-0.4419651454591621,0.04692934468861385,0.4788021652145195,-2.0789541489271937,4.473621361356987,0.32013089860174604,0.7272924811231987,0.9965365332304825,1.4133484162451935,-0.9116867996404451,4.6434473280786595,-1.6569435387888558,-0.24160588835777874,2.02374267321483,1.0422231450296675
0.9616288428458646,2.7528059254048145,0.09227839389501169,0.4218081227967698,1.9221558635744596,4.1558904256155556,0.24205913923559905,0.38196660527473214,-1.7643048837074,0.27662279184876953,1.0644183539030427,-6.7367447423960956,-1.3022332253276365,-1.7918522350525112,2.4298482940842785,4.7661969106992395
1.0276339788137285,1.5101059711918978,0.21553910818572447,-0.16508649596432343,2.0455778144197647,3.645124243658374,-0.11881923713971586,0.9697022204667114,-1.9982882443952859,1.9972923008469308,0.5635019099074748,-4.098168954119721,-1.3883231043371085,-1.1579072799040033,1.1058455931902977,3.843460924854112
0.7866897059009194,1.6171518129055107,0.08862880178145814,0.03975222933444596,0.8848191028589342,5.239996213963318,-0.032137771535629536,0.3279213670886385,0.30116359657286557,2.490582426817518,-0.16805837708796148,-1.5490668927132702,-1.6280412356840708,-2.201509466792885,0.8225927585436504,2.7544289909704385
1.0020554658909377,1.0115993378032644,-0.340855284905334,-1.8294652930788025,5.04759234103965,-0.18944419427957102,-1.8862263413711298,-0.1888920027805427,0.7518908175575844,0.5906393985664896,0.521550649325086,-5.542173541081644,1.3505480814588033,-0.1237078563304441,1.1487247278588768,-0.44742856001073655
1.3105151396305308,-0.9312502267451386,0.03644061576877812,-0.1818386465155814,0.31146152723076526,1.4909058282931658,0.045779753287451236,0.2586846213075376,1.0152761246132282,0.6851191511769249,0.274387837331123,0.8560446585406228,1.2438291034934124,0.3949574521952629,1.098305850974063,3.2822481551954246
1.219222711361742,0.40449958056996826,0.05826073340951855,0.40053667137389326,2.7208798155379985,1.1941796892369037,0.04826362845561737,-0.332154808001812,-1.0768283496472857,-0.7500411180467342,-1.2809525763887974,-5.576071589051504,0.6390918751135461,0.6850026511264183,2.2248488899383756,4.373604790972878
0.8926102867177783,-0.18907006055475742,0.06783651702650091,-1.7366316844744516,4.198396513574345,0.752772216487509,0.09229976002929831,-2.5918306636159727,-0.03750925056379877,1.0613681586054187,0.6377059402749441,-2.8777360685603193,2.4340051828979057,-0.0016127864993925687,-0.5476823947864758,-0.3332956392501632
-2.81886118218037,-3.6594155127165897,-0.008692406887339563,-1.0243588094635272,0.7690943729040984,5.004150967915881,-1.871876939124575,4.215631167539579,1.3465614109952757,0.9854767490774458,1.3382183330732547,0.5419925895953943,-1.3523704396908889,-0.21028742541474904,-0.12268700841791583,0.9462249162620859
1.290232348307382,0.17038948622429015,0.06023525074154338,0.9313703405850323,0.8234237475079538,1.1102668662584267,0.23983759552488693,0.5243538792577037,-1.8721999519441859,-0.6442023617279962,1.2473321233699344,-1.3103032625992883,2.851695843343033,-0.08688292028413772,2.9211945410230933,0.2837999058913722
1.6441749885379449,0.1668675511817527,0.09271700485329663,0.7704871201029151,-0.5690910033770864,0.23716965653600666,0.2083130140594102,0.7222849137549117,0.368855507736906,0.9347092840014783,1.0839810993699788,2.9275833029982405,0.8183752984584617,1.4238805851239382,2.2478932094650053,0.4478579688749115
0.8310186460985969,0.3021756102359498,0.06342859074125055,0.4811947670680662,1.3094731116567035,1.3578520352420382,0.20241056940834903,0.8393978614874551,0.55366809914191,-0.8657840447231527,-0.03766893303644006,-1.5132920695968082,1.3783070053886555,0.8461250331872738,2.2096142508783188,2.557354587242993
0.9751854930154571,0.7183769935159943,0.28754671348719507,-0.2579630290408195,-0.007717274589541436,0.8277882195584894,-0.009506780965485007,0.07850099785142074,-1.548967935293441,0.6379062535393115,-0.1180685195057339,-3.3860798716868015,2.8249218870757686,0.6112102296828095,0.5616082428188528,-2.335958908170822
-0.8677907957944947,0.1790533718829428,0.25739579086746317,0.12107120290894272,-1.6983076890468018,5.339663225043089,0.23848463540733883,3.441903485247081,0.4664908220497554,-0.1815772908141782,-0.6431920297213988,3.7650368721113217,-2.2345154483974543,0.7057542063720561,0.03268388609761265,-0.6877644034016076
-1.536346575744654,-1.5622818685210753,0.24341525734731734,-0.22723590210620828,-2.2875497058659815,-0.0924850205390893,0.21172103127760436,0.14779066545961,1.1660677131834056,0.054494213633415764,0.36582741163667726,4.331435375955078,0.8201556704406165,0.9618424316256162,0.08680202933826357,-0.4877363683203537
1.3487017834577915,1.737547223467432,0.23677966531092184,0.004398860410888916,0.43482533075301855,4.679560771295746,-0.15919735313519387,1.986081727222242,-1.0191872530346087,-1.740954367100641,-0.33794321759935814,-1.9531687979780818,-1.8271169626608261,-1.0271527059332697,1.6900174339509166,1.4151287992152923
2.122447710354904,2.685536531193174,0.04022910106917173,0.48176744655849,3.737678066556199,1.0460746246219683,0.09406539315494089,4.010309550261462,-2.495007531497658,2.313425238937344,0.7306200132883941,-6.550268416715674,2.373046698499374,0.8239238997451053,1.4368528795588515,0.19947666214042473
1.5867797785923416,2.8157148307608666,0.2070299903530382,0.696256365922094,0.5564121849643595,4.098768808792223,0.12708192469038196,1.040668433819731,-1.4802722250626428,2.4668566102902774,-0.04880271997517481,0.3546810480254439,-1.4252953262369146,1.1159730708789073,2.445715490856272,5.494500241820302
1.234402393531621,2.1819412712388626,-0.0073519673014587695,0.02718214690588586,4.251747094180651,0.9069823190624493,0.04148802308722124,1.1134125407539504,-0.09971985663717581,2.699343620091408,0.7026687200824326,-5.13113725057863,3.1111873258189977,2.5660072270834386,0.37400525118523376,-0.0861687231081092
2.026999541213179,0.37714737406376253,0.025345406603677876,0.85642153492525,-1.838977604500347,3.9005186432360643,0.07027641809502048,1.7917886969505514,-1.5392747327392142,-0.5603488298591272,-0.6726851509291943,0.5698729936889194,-1.3981217574338896,1.7697550649130969,1.3570663495053419,5.382676327641854
1.9242457735721072,0.5316867783140933,0.23508147710381885,0.5009081111594084,-2.033213831571779,5.751428847091836,0.26348449630881754,1.336327844052778,-0.5907669882554766,3.368530934889401,-1.2639482708396514,3.1919489781653008,-1.9319574410738736,0.2991418019521669,1.004387163826256,0.2951508645262759
0.10782361277068088,0.1373081865008795,0.23901084803836412,-0.561256697206558,0.5438632846843386,3.8462351981285914,0.03807633667436857,0.9365135959659964,1.0071067291577975,-0.29147595905401874,0.6297658321425849,-1.713466273203542,-1.4351658202911297,0.5822343323574404,-0.7072230630925999,2.388832629982107
-2.3062821060258925,-2.109252582780982,0.03422642797351373,0.05768583757384874,-2.5143547712059644,5.360389950997941,0.3167148233155629,0.7531721969827129,1.031271582653606,0.28603727564882575,-0.496281556889595,0.1559806251511376,-3.205685938998918,0.23944618147933364,1.6497151234133225,-3.412802047087193
1.822497171810376,2.1790084431598906,-0.8667449661602636,0.8805670727325919,1.8192395414959155,4.302626566533259,-0.10893128558439143,-0.46771926118160817,-0.9626999160819851,6.892402693497048,-1.3751691651994584,-2.539631011349433,-1.6231209819254935,-1.9815259382928876,2.3798627496355422,0.04807889138825728
1.756006889055323,-1.8764936452516832,0.13581508859723262,-0.7140576941039145,2.224720951513821,1.1714001781845371,-0.3130224069374534,1.0319984737854182,1.1899277244930007,1.017276544057614,1.0308862471861506,-2.656457619002995,1.3690223889462136,2.3546277730724587,1.7424238217166137,3.2396865756820463
-1.4825588680276025,-0.606805142887314,0.3646591915757555,-0.8305117926986607,-0.1959155566988366,5.535228107434226,-0.13273969385472326,0.6045450467787948,1.656532210774812,-1.6641295481756853,0.498484667086271,0.8814835601213727,-2.312556911610676,-1.4007530255652625,2.0865865874307583,1.8910801197201788
0.5796231164202722,-0.3770869105503577,0.05144114526656109,0.15812529987611174,-0.8710635744905892,0.8718849212806784,0.05579850942777828,0.8024486906108405,1.6044213966952552,0.06263008971680871,0.5013886803550976,3.3179282834959585,2.5383715099848474,0.23843199699760056,0.2954423637223685,-1.87561798645458
1.5174447914007574,0.11883933334148707,0.1817759843090609,0.7979016949540391,-1.6278699827315135,1.54674067347283,0.1960570450875799,0.9428667783261653,-0.1607370181237743,0.8922672834429539,-0.022729097073372975,-0.20793647636296533,1.5180788318241518,1.534807481350874,1.6126402143758003,3.6857135865699235
-8.109127290200442,-12.791537516698622,0.0003551302106108306,-4.836770231485196,-1.6243770453575255,-0.03981488530984771,-1.8541375889540008,0.6664451794778062,5.8774155007910664,0.14017585517905687,-0.1426822150160213,0.847844659709862,1.406665509215011,-0.21559688486579648,-0.2990060827044063,-0.792518896193296
-1.9117817308438345,-0.3412207982288018,0.014651269802732044,-0.034741080066791274,-0.5555122431734554,0.7391306339565664,-0.22926314283158195,2.1312352222031725,0.545490993304952,0.4784048584738899,0.27345928232376016,0.054213609194969335,3.81751728131045,-0.4744528139201392,0.08029843454947466,1.4564330960071055
1.547519568516608,2.8587396180307527,0.07581555601480572,0.7635061364549838,0.6777269543443294,0.9183813030327156,0.2491596675501867,1.1689701504774705,-1.4707192325777272,1.0557852030825807,0.13087462955548473,2.0053117651500614,2.090924387996401,0.10445589523163526,0.8821818903978135,-0.10572024074842044
-4.19428896532107,-0.7298818526405633,0.007965806749268427,-0.3011173827033196,-1.310006936088831,4.838893406400171,-0.17630469969638482,-0.5624767875410291,-1.393692144722636,1.4734264755412874,0.08084917941512983,-0.38886801099177476,-1.9810695834172083,-1.1103464825841305,0.24464308531653764,-1.6927017320141111
1.5861347506415098,-0.8934505865874767,0.22852941177272598,0.12246674039322697,0.5830009163633341,0.019852230334944272,-0.18422941925104377,0.6264072019301422,-0.3514022599557306,1.3509031361647832,-2.2342126692716233,-2.190395100044849,0.9435599189121867,1.6832822946791417,3.7158819588048604,-1.200148855471633
1.5951207704956742,2.9679473887930543,0.05476241789944364,0.5876512541516722,0.2415892307135851,3.9782672881789147,0.1721349636696882,0.11104262188595111,-1.6654432442678437,2.126722582602841,0.3949570277216611,-2.1479161194261045,-1.4837901996101617,1.0248876672348626,3.290451947683018,4.185352047140256
1.1825533402318742,0.4768776809714295,0.062318806734527964,-1.062776388217116,1.4085164801301082,0.6943481778498505,0.09140407055138496,0.3142443254479881,0.19781203126234442,-0.8522463387912399,-0.06689178927178203,-2.665170315833717,2.7714909805215733,1.8228062728383951,0.8243931037786371,-0.8380553987382146
2.2384117406349033,1.362181452303861,0.19330488003867494,-0.03714269163802936,0.8686149842083354,5.57784101883723,-0.006555138063923301,1.0672163539962631,-2.2081021410256287,1.7469626822457043,-0.1252071734922941,1.5191934479170797,-1.7496270604248234,0.4320623442112576,2.839631227822134,2.0618588917631433
1.2127048774339697,0.950133853607461,0.06432469018092964,1.765117294259573,0.1163668403602454,4.641382044653211,0.2322909543585855,-0.5217882617727313,1.2251981613053224,2.7823077814650006,2.916233460113349,3.58353586359203,-1.1337391013105371,1.041310034609815,2.240766263673433,1.9938919499175032
1.5480107780135675,1.1963114667246235,-0.02983091033019849,-0.08119590468569542,3.4543735834462366,0.7362319191028073,-0.14889468736581257,1.0370120377290495,-2.4702543298390616,0.1917223527936415,0.06813105478568168,-7.260247035083954,0.9312202042207569,0.24844910396428818,1.2803148355679606,1.2165433422320981
1.2981101905701924,0.5612121394142429,-0.001488758412847473,-0.5320329848965589,2.9419757326070712,0.5536678396609921,-0.10834322195685951,1.9412275250252107,0.04040211334952234,-2.753095955641664,0.8584493951537352,-4.303330663954357,0.9498708138699836,-0.10439934027262233,0.46433385996405996,-0.29000324920782933
-3.941844452948069,-3.178996281290414,0.23014361652890258,-0.9545938595818481,-1.8456366568442695,5.07270909516983,0.29241818130314284,4.072429497727209,1.2592117573102297,-0.1322325546276857,0.6672453076296434,3.394278447791915,-2.5480601267557224,0.04412577158227469,0.09446732638642336,-3.0835682236169495
0.6606094729195985,0.04319882579830231,0.2556535352327905,0.10043251620392053,-1.5627015144385537,5.252057353828569,0.15795061109000186,0.4510203774819008,0.0852776573552064,1.7299391776358721,-0.48740342679604476,0.915844850675325,-2.2895652217074205,0.6753175025531435,0.7849004835458933,-0.19073106822930821
1.1210904205532504,2.7525353705985784,0.20699573148765346,0.4876950211658022,1.1054881937643606,3.303418992487399,-0.4960908971578433,-0.9514901131792737,-1.7515876252420726,0.5988039871803539,-0.2095562403828155,1.456876185314309,-1.8393424230629454,-0.19980345774289704,3.172387282843248,3.9909230160992015
2.1270946514012703,-3.775159943988344,-0.9434421836249739,0.025835006597420093,0.2907647353495026,1.107901507224341,-0.23773983849000177,1.7901423547304902,2.7191461544180195,4.4351654087389045,-0.7647376605951768,-0.49983297698300905,1.5778449973696007,1.2498454818766715,-0.5814120495914032,-0.46890384796619783
-3.8634691091736584,-3.6206523195930864,0.16506002747910395,-0.4658662412636077,-2.389627025503723,0.9433750371486266,0.20934917220679128,4.182299696856107,2.442532097022006,2.3559927356131167,-0.49412152867872366,4.301404578707815,0.8373967608787983,0.9648324767969085,0.2623311249284956,5.920396654577923
1.6802254801774898,0.9841054357336051,0.2495892321900026,0.7686066392366555,0.5864684378586402,3.7955309267084405,0.28690453816169864,1.3733176079946559,-1.1370442579591244,3.0129627989792924,0.3327046358020697,0.6117460480027545,-1.4531550002568379,-0.2624157713670812,2.471297488178182,4.2982385833380565
0.3344571736847123,-0.6951929053487892,0.2596673556271242,-0.29163589565866543,0.3216050018190201,0.04319848226940592,0.3936505833335006,0.40942510061305887,0.2761972738020616,-0.6417637759112252,-0.02770133779333413,-0.9863443228560392,0.9135073644081169,-0.4247224689341567,2.6990266999174644,-0.5092233320232443
-1.0751198481063144,1.1760627806640862,-0.014642477077238201,0.3544399354789944,-0.2728713975160848,0.08726726767556742,0.04206511684131197,2.6364164565032446,-0.40553184031457373,0.7803998471455442,-0.12372605627543908,6.085861543254473,0.5345692987037299,1.4306081884654647,2.412942175217217,1.7274674390399094
-0.6239296949446442,0.599325571656397,0.16736386967882194,1.0853495553929748,-2.4517607896539677,4.6298644454113935,0.06167148647737451,-1.0287485959763802,0.42684355485560854,2.1649841210716376,0.4619124687734043,5.240329046413401,-1.8709757750101568,0.25320103516089937,2.570980913828782,-0.22274008590216898
0.5018622365992137,-1.3298648846825734,0.18175363942256043,-0.13989624703389014,-0.4742834427603609,0.9513141459481941,-0.07399900739441034,2.0916144787988764,1.7484366615150655,1.3524880437580955,0.04365521292907905,1.694840753531176,0.8981718755837674,1.6368874163572604,2.2554857142851037,3.147172183504047
-1.5440426654857304,1.0694688273504884,0.3421218441962113,-1.5225148006457603,0.6739857197361825,5.524504198285213,0.2683427168246796,0.51387345833188,-0.20448976812312245,0.687684183490597,0.9357912882607708,0.9521485368457897,-2.3919496608901367,0.8239810379374265,0.8200086053045714,0.9684680541558005
1.4426031027284505,-2.8212319402573223,-0.002034445499047274,0.5932367836475336,-2.2908361503827424,1.3176916281720117,0.2691502928716946,-1.4194134861721015,0.9956282455630613,2.033278143032458,0.1622309692054213,0.9999420907169011,0.26705870523593717,0.28721680086842655,1.6265641119092407,4.550087743909401
-0.11258196554564082,-1.9598657531784895,0.03290681341437872,0.5632610470509875,-2.0703916142773817,1.0288298575598875,0.10850716203323917,0.48461272350734896,2.1256744853964036,1.4969327110952066,-0.10848605992591315,1.8769891495729676,3.2069859427797898,0.6690351529446689,0.5830036378942968,1.6947905123435494
-5.07578315827987,-7.005125625704196,-0.048613052040431114,-1.9016756681816966,-1.9364398421051738,0.06960803621007647,0.6850480376523131,1.6211645450405068,2.6738585578803207,-2.2228062705404232,-0.8722194321476637,-0.04770683415673432,1.3729189508820918,-0.26062055644658083,-0.8582364506490017,-4.088558914307316
-9.837155033306832,-6.886591510310141,-0.11899574422466022,-5.804031271314901,-1.8780645633358115,0.4864511085832255,0.1425736622347723,0.9613005035382033,7.038865536807766,0.33309074364311075,-0.08353691507314202,1.4059706777512861,-0.35191154758176896,1.3811043050628498,-0.041297448834146135,-2.406266632811407
1.9566420822393067,2.445182166684444,-0.0063793716197174605,-0.27782315230119514,7.532902826806472,0.6518087061969785,-0.0058982315694579455,1.1227965912107913,-2.375074313438287,0.11764033640208899,-0.724865667536547,-7.147099961107111,0.9284174022068585,2.1194195861378495,0.8583797393808993,-0.5826936371715135
1.3316386756722025,3.3412339002360487,0.26317226320259174,0.5930087454776667,-2.23447613296497,3.358322794324045,-0.4356740799250234,-1.0338682662550582,-2.3535639526272694,2.991813317238888,1.120127796669868,4.624195870275082,-1.490928002355149,-4.5644256134821575,1.2523771729711448,-1.3105828336422334
0.41088149656535344,-2.994013993088801,-0.9740105316120056,-0.13013419885785085,-2.202138390995911,1.3421206009916844,0.35552976566471217,1.135676889089325,1.8381568370559564,5.42150840932276,-0.04629001135190065,0.6137297841356346,0.8742988289661637,0.22393173833166832,0.3098483251654635,4.0468440965754455
1.4543647742327017,1.2179022332295644,0.029939995247460185,0.7515453686124766,0.8166122144197667,0.41855401083946014,-0.2126996869951264,1.8131098840010864,0.5276757063994416,0.6647155803053068,-0.01864005477272321,-0.1591595638532074,0.8671513671520158,-0.713867986638716,1.2702160398252784,-0.09902456997393252
-1.1536859268975466,0.6180121456018114,0.30847494583324764,-0.6500146855163362,-0.6842207780528244,1.0393225975280447,0.041446780145997675,1.4114728342510896,2.6415296011705904,0.9204576120905092,-0.11485368182177266,4.0716011538479195,0.761519418578883,1.3131043511057203,-0.138045738200628,5.8155406649794585
-3.371669619932921,-6.296955284476033,-0.055603349294194984,-1.4455289236452438,-1.8031918610422082,0.6063739069390502,0.2012371884277499,2.732960426925295,1.3551004115835383,-1.730968212169019,1.0615934789720443,-0.4245978592389527,1.5062171971925191,0.8517928167236369,0.25701873926729935,0.5649094726102789
1.346894967449882,2.574806912699109,0.0847897475607608,0.2626703761134181,3.225932620445678,6.056607543539504,-0.41116452433317247,-0.37916587727872325,-1.6799353594539217,0.9852238927220376,-0.322503508082528,-5.437833254379921,-2.0434128915578085,1.46139113182328,0.41647406901058726,2.5539417331846592
2.01597206152538,2.407246882137901,0.22946274668651795,1.0596596387932986,1.8356752585619809,1.2291708476547674,0.21731530840335833,2.5557919356494136,-1.5836669605490703,0.22473496846735472,-4.1362834376558295,-6.7262211252640505,1.2923638125018624,0.09566318255250865,1.1867453952890987,5.559314777022015
0.4992975332921662,0.4020856788346346,0.006608627186748329,-0.38074518688138065,0.31293269584543587,5.817142684590733,0.18601574775219284,2.5238263254336495,1.2219396751399334,2.777452515042135,0.13019353248318963,-1.6646145924688176,-1.8788168206622369,2.0354328333486715,1.1007537371635023,1.8386252493868698
1.1869799814961264,0.11965077726439634,0.23370901912330458,0.8059570530419039,-2.8718919688633426,0.2026162978913006,0.07827236583712788,0.7622178058934843,-0.22750708024853758,-0.9154155188807792,0.2180665077838756,2.4359605161437323,0.635917002938733,0.5764429963631824,1.7764846081620553,0.4142211794720651
-1.8169359666544946,-0.5752397426902602,-0.052260918881158365,-0.9717003931590038,0.4810802107474265,5.8802078810425495,0.035535335823605116,1.359095778928222,2.0160835626460596,1.1207944273247838,0.03609304954264084,1.2859817755153846,-1.6979438318983682,0.751430131806899,0.10781941372070472,1.4871245904333195
1.7838586962230503,1.6760823989030158,0.27357322122017863,1.0325242061922988,0.5854462516065381,4.43919772413101,0.2114191779319736,1.623959187967084,-0.6676159079520749,0.9549903758878924,0.5355648127122935,0.3780615595150091,-2.14676325746708,-0.774493847574376,0.08737144902120529,-0.08558088460179634
-6.810164205852248,-6.749138904013885,0.2881846624033504,-2.3145314349988544,-3.8716053898687766,-0.5755433655925147,0.964859918388949,0.44814489547836467,7.303085105105588,-1.647926462623284,-0.5957558839783109,3.6783295362753248,1.1244790980381594,1.1222091726224315,-0.28767406395209555,-1.4692906868923954
-1.1615165485093746,0.41633808021396024,0.22169408457957426,-0.15370184685052793,-1.6639469192457872,4.046113244112443,-0.26722391782101335,0.602475579384774,0.3844780721769677,2.1029928663745907,0.2501823110189614,3.1134274583675023,-1.7518885705339604,-0.6841552978027758,1.1159510980279004,5.505898754760459
1.5447028056305037,2.3072519410564536,0.059476580905771716,0.5754991038093986,0.6067053325676212,3.169874090227306,-0.20268530839998755,-0.08975940655975095,-1.443644137022108,1.6497598770647235,-0.4528872863788739,-1.0652505864281099,-1.1894989318572842,-1.0444216117672502,2.0853416281357235,7.060467850391836
1.5855336587736397,2.752259805253754,0.22501501079812705,1.0487021117741337,0.3308153497062848,4.437842240844047,0.12685500730733848,-0.25772890419222977,-0.4789915016732183,0.7212086285429998,0.602607963774003,1.5754622452198235,-1.6610488068835423,0.4771597066280641,2.1419022573575215,-0.8694524991899976
1.671651870553662,1.117416559573112,0.27899287715924204,-0.2652447425895633,5.323167682409497,5.124416991350932,0.2661258597076339,-1.6924049467811713,-1.174125826788145,0.9674764250317038,0.23225821356835982,-5.089221579000205,-1.823336631100091,1.825989382845645,1.835508249687672,-2.788662460554458
2.1954449873707356,2.562754976610368,0.23824943712069677,0.5162404320791162,4.436808973879293,1.5881647964353396,0.1530705930832837,3.484030688703392,-1.9127910507719308,1.9358455539996382,0.23798536130179396,-5.7734899480337285,0.7661871155935157,1.6846880712256822,0.3600053630004042,5.333671557306258
-2.0037517659757884,-2.757157574730886,0.12244501335928745,-0.4013328195876086,-2.142403263987621,5.336651916884122,0.22233065416548242,2.152204781872171,2.25309544506311,3.3192225983542487,1.016796405526269,3.9232595486445385,-1.8141045024577644,-0.527440811446711,0.790210887673032,-1.3140721183821258
1.5683669463402599,0.28360988139721344,0.03165435691249862,1.3539940861420927,-0.8253995963057822,1.1484899650699159,0.014614119078173601,1.100030639433277,-0.12874480338398522,0.5825477668368206,-0.028650593385437184,2.2668512578672226,2.764048069654863,0.7714365731891277,0.3420904013969666,-0.4318932815521549
1.9597878892011231,1.8892021970859754,0.2538965483084033,0.56643336502011,1.7249205696921068,1.595080557872905,-0.07062773875215095,-1.1341016047152146,-1.3129174324806787,-0.28202508196487064,-1.1749959468799673,-2.6845190285580416,1.7639031182054474,-1.905783714455645,2.4996883305289455,6.75307335992837
1.4543305678346488,2.0705262750947764,0.14025371110816673,0.8495101666782783,0.7580687127398061,4.598809525468254,0.08282413176595317,0.32132234230083984,-1.205390179335171,2.5964958457404754,0.4079439074555432,0.722621687825944,-1.7894701004871998,-1.370934050299329,1.5202538079859853,0.5249070351072003
-2.9114545847902678,-2.764013065463512,0.005475667686730233,-0.670236573444639,0.24003150995359446,0.28343293590952207,0.19982255448215833,3.6674960965439647,0.7777490039814647,-1.0310739393333088,1.188023485092559,-0.47629096558630496,1.1299586537518482,-0.1518439237528073,0.3227023432636721,-0.039198315382153834
-1.8223003052241253,-5.160372240047843,0.07183380720780022,-0.8097129878306508,-0.8131788770646553,1.4168528029764569,-3.182612320559586,1.639131814921124,2.4511735741967664,1.574298533411835,-2.1446789019627053,1.0155028328493805,1.4026037142129484,-0.13139746358728988,1.5178331537791374,5.3959544213083275
-0.021179739158331337,0.9847815767985763,0.21742681289603263,-0.33848061530420404,-0.8378860336246395,0.9754971667712902,0.09940409557965084,0.5087873840152222,0.462774374304645,-1.578678740095948,0.2765521336927631,1.4356799863749912,0.6242470613384905,0.7982402399384255,1.65653646194856,5.87256052236862
-2.1986168238663515,-0.46099324406249526,0.3007553196515218,0.1721486600985895,-1.3549863748607913,0.6195715911367771,0.19352799871001913,-1.5198771989856017,1.6797397652281107,-2.033524474995353,-0.22410942899252262,4.577280255366849,4.083569133030113,1.682830656278717,0.22161557481824976,0.7987515184163078
1.4157101882809644,1.109257687205853,0.05621961812135915,0.905711768182908,0.5654745923030232,1.2870386252996404,0.24542077039472132,-0.9960626501027237,-0.304601629650655,1.3726227975696899,1.5133613935104564,-1.0177255592921466,2.3266254125294292,1.0599825676055183,1.6321114222277817,-0.5830790706305989
1.7079945149348894,2.2925248510737672,0.04978574340073317,0.5950076062158648,2.0657569445123656,4.596464668573105,0.33385579638357066,2.762816848644267,-1.902239004127793,0.7600706817794773,-2.647706850708988,-4.4047864210659,-1.7770100130927775,1.3219617485979809,-0.3658137252422515,0.3559068149286364
1.8040995921333005,0.7733254051620978,0.05973145113459238,1.0693062984259838,1.4703914486138943,1.4483701714310124,0.1898668665601214,0.7483579565906926,1.2432903513971683,0.5204052403163448,3.179497836414425,-1.8125583252008142,2.367686632057927,3.1298677150931127,-1.0630670202373158,0.13561349499182782
-1.7580499843272217,-2.205778693330143,0.06663617742524941,0.7377096066818432,-2.045345382275131,3.7690367323518075,0.3571932825273398,0.9447888210058076,1.0791223982266538,3.7077854994298933,-1.1720765168455392,4.697627533377287,-2.0534722855108782,0.6742964464290906,-2.8601172605797873,3.311823573760852
2.5353360671158467,2.260561805910417,0.0569968577247964,0.5585223980207094,5.250453384866766,1.4011418413919776,0.08143421132138515,3.567816358849468,-2.205701188080859,1.0157997374145946,0.5936902354464242,-5.241088138925249,0.9493202459975093,2.0392537609340677,0.9222862897012515,6.429232467445317
1.3313347847040224,0.46830507922521863,0.09376998144841397,-0.18450969118047014,0.5763537442130364,1.4474969948022012,-0.19963471683585468,1.2467525132335038,-0.634205655947994,3.893383602852808,0.5783873247898006,0.314221156143818,0.7037895763904051,-0.28700929395031965,0.46761162936456235,4.682639504683993
1.4291869716009518,0.8525788930927831,0.21845197997221727,0.6501798148943926,-1.7367667123798627,1.0271333777777134,0.043146814308576746,0.3175062251925855,0.5760797458393012,1.1162221699119286,0.6528017755935136,3.6536535474787937,1.6190602148751456,0.43631518699222377,0.32405123655812773,0.937952515244584
-3.9612749029826437,-2.6700029984479925,0.19277522813940862,-0.6466205126690999,-1.7357912046873356,0.7044028840338203,0.20051664587818424,1.4170018115555045,1.5602573934201989,-0.3961738864459733,-0.6056729680224109,1.7182589186925985,2.172816372469366,2.09858148580545,0.8869724094965062,-1.2829145747827821
0.21339023703525076,-2.1109148472180412,0.06622242536761909,-1.1464892980272763,2.5860458308404812,1.1058647387359564,0.0761369038820969,-0.5145911460474338,1.5384430743404138,3.2794550604329715,-0.12252967350768543,-5.398925928553929,0.8523727441368886,0.6437559724310045,1.3094602957633847,4.274542158180855
1.0852840883418375,2.5409292916692965,0.2632372257498775,0.5181738872830591,2.897689996167211,5.944614498271051,0.14744255566865808,-0.28156869241418003,-1.9684108266094626,1.8939676389274744,0.6255737505188331,-5.064445033770423,-1.9331695225582588,0.5580251190059223,1.4720411929480477,0.7293118516212826
1.4761540477681627,1.9815682129150265,0.11055307898536655,0.9878040712893574,-0.6800271670623095,0.2962655567201276,0.28586759935758543,-0.8585877900133689,-0.7360847911216476,1.7024000887366433,2.4889952665585318,2.146286601617003,0.762287657670127,0.9955725669338272,1.23941085761058,-0.9081767604214764
1.131099195090413,-1.618630378224504,0.22767346712454284,-0.16435832616054954,-0.5846144277560027,-0.15230087381789328,-1.3657498477496146,0.9885798883771465,1.494034169701733,-0.23468696727250177,0.5146730275587703,3.7535909813703765,1.662355889412783,0.05219677230475024,0.00025195879620295913,1.5844018782624896
-0.8809086484174892,1.891817539587684,0.31543924383700406,-0.26942585865591684,-0.5781431664332127,3.5667382071652174,-0.35489709888340726,-0.43041393087053775,-2.043299983796917,0.7347246964266161,-0.029177766104888106,0.8122683344051767,-1.2507615766213187,-2.693828125804081,2.784560800679507,2.749593949124116
2.1768382508366053,1.9553389485305965,0.05457717886083185,0.927677263833197,0.9663050192794225,1.3915526960744484,0.10736355387417897,0.6254456376035796,-1.0601532536911422,1.5788607865209345,0.4111393526120406,-1.0378810348085863,0.8977636076994928,1.0521657569141911,-1.8143417940750366,4.404091271201169
-1.078955801868519,-3.4102264112713803,0.08138987924464103,-0.0567074849202762,-1.4643286616619098,5.320521311997121,0.23533869139548183,1.3901806115993456,1.5564973491644447,-3.3895410847760097,-0.622090178926282,3.8008703484955255,-2.0599973176537327,-0.6981754455288456,0.29028560997116837,-1.622139083140351
1.9718453342661213,2.377653351855631,-0.06589036599755546,0.8819102520243898,0.6870220634131388,1.5510025473691278,-0.15381930292679064,1.6946319921748296,-2.680267165306953,1.7717650632186757,-0.22690755099121745,-1.380752460100531,1.2506374859533371,1.1921738659573335,2.7023182482561725,3.3292120289180196
1.405090670968674,1.1741425745641385,0.029054577172075904,0.7797437740432331,-1.7591289481881636,5.094465924334321,0.0774745038052518,-0.01893951257889478,-0.23032148838917776,1.646753180935391,0.5952292854780097,0.9844615668181449,-1.9353576525680354,0.7601107477842667,1.0451699746146716,0.5360604745482799
-1.4403505554263212,-2.4971001985776433,0.05080303843327856,-1.0137091167625871,-0.6614276814106282,0.3100981922089692,0.32836721057048684,1.59102073709314,1.8791045642506004,0.5181990063318062,0.19506953245146533,2.2486518346902145,1.2856901798415201,-0.7815995764131776,1.2344419169234075,0.18830148346984157
1.6491445270380358,0.7365638805951114,0.26667531637498165,1.0608526148948285,0.3318892352076685,0.898727084668076,0.38730276819908455,0.6271358021763953,0.6165924145144791,-0.19879838092888283,0.17928386672473523,0.3194532523582796,3.4247562341760176,0.4383762664296179,2.25003537672866,-2.7940859390043005
1.6279811938656013,2.0761626349455162,0.048779382747005724,0.6766478846770216,0.39693458578171026,5.625495890351752,0.056159326775528616,0.7089057412117403,-1.1780645985142701,0.5859173889583403,-0.19893821235487247,-0.728456240382758,-2.141434035979141,2.101584911159925,1.6105857803164016,-0.27106865479627923
-3.428778914890163,-0.36566932429511073,0.11744522227037295,0.44755800842420296,-3.4245667480251853,5.014821035632985,-0.4314056791721674,-0.0456989094683698,0.666232169837998,2.8833601053194107,-1.905537725870807,7.448427331785987,-2.6899262225487877,-3.137011162742394,0.32056021901834464,-2.951642435015676
2.2070900695340736,2.9777277937839712,0.24421776293588376,0.464660481758959,4.590434785985556,1.1921856894090859,0.0877654184246308,3.314006783481675,-1.689970645144346,-0.3060220507699865,0.22115693229075004,-5.594311959550084,0.845851113693873,-0.2889541326291185,2.546691081543094,3.928782712841831
-7.511965347661013,-10.472588246990489,0.4898892425709779,-1.940753258415745,-4.746420802525542,0.5440653168192762,0.28189715461771747,1.4605953572581407,3.8411255461246294,-1.9344152337154343,-1.2819528869398884,4.750572789060451,2.352631005615264,-0.002426568077030716,-0.48455485412997956,-3.478813099364676
1.8222016254941478,1.7307925645358078,0.05265791080428637,0.9423859217831426,1.381030956006177,1.1791418221073786,0.2312545810914751,0.837731610863126,-1.759737607889166,0.7478351713418238,1.163993745002764,-2.060979263450261,2.639092479124674,1.1159799942735171,1.2610828420145845,0.3614070036975383
-1.5086397332804682,-0.5897314197109005,0.2178039460864215,-0.5597385220211506,-1.3025781289136253,-0.3960523561029229,0.06120257699178552,1.446937703662038,1.942779371501966,-0.9416055028941741,-0.1007173017990068,0.3352592176977977,0.41482652968905154,-0.062266077380474495,-0.28338306672059105,-1.6334249211776597
0.8951388105601503,2.433026205739834,0.034887531660109605,1.198209864299823,-1.502409938767779,1.2021303625855186,-0.1965207150831888,-1.5849361065137608,-2.38238022203282,2.554645538882551,-0.3394666289580666,5.599901018106124,2.838361282485408,-0.9684519344361969,0.32373747606406844,2.6797794286266536
1.6689113411270482,2.637066898582692,0.23035144441730954,1.0260003114687481,1.422001670002731,1.4095060590287136,-0.008669972520682082,0.867070577959077,0.4778138478265746,1.375581530619292,0.9896412352941634,1.400629450094006,1.0027915668262286,1.1024831540347801,1.313248314255974,6.2762666952338675
1.6870917904650433,0.12335043069008328,0.049813829818900285,0.6139549295938405,0.874126397796467,4.1944949958358935,0.28002598295605324,1.1759604309229965,0.1824330059131385,-0.14347503640832984,0.2871137683882642,0.8596108823566131,-1.3239182928586626,3.026939281106177,2.1400039279304437,7.844450225128149
-0.07943003557769905,-6.334554648055623,0.02049260591163907,0.41667093388320015,-1.9497809154985735,1.4291705631866018,-0.8230291818655625,0.3672945377306761,2.877749085154595,-0.5275833781971411,-0.16274483854818472,4.266821363650353,2.0782431508300325,2.07499037103428,0.5607934587188101,3.6052224155267893
1.4847524824435923,1.7155252605662836,-0.1351267434814796,-0.3194134401220011,2.0341267423063893,0.8685800602628018,0.0486906923781804,-1.5091541262159256,-1.063812027690919,0.08953560527791787,-1.5376201437781767,-0.5972298163458001,2.0241287570185595,0.36208136939203955,1.7600108000514052,-1.3584661674313114
0.15526836394222948,-3.657944662641217,0.1265004859062353,0.32207531881543605,-0.7480809161067953,0.8742095626106425,-0.4724082937333069,0.6777518897055883,2.4541862453702046,0.08004017121199497,0.2537727750320611,3.797776020877618,2.3820467519615307,2.156029551042572,2.704630491393027,1.0198589040828057
-3.710695919620701,-9.283844362075667,0.4887250135099122,0.1676207577231944,-2.7839669251224866,0.9306844074550148,-0.704518691043884,0.6959730883084433,5.121802190739893,-0.030452421219014297,0.16251091764958864,6.164726755941918,1.736162750911817,0.9012592381474392,-0.44931334908836956,-3.2514489001306703
-1.3763118070119869,-2.9012547318537534,0.1744451395065966,0.014572487435024609,-1.5008617326272082,1.035982385955716,0.07866044748315769,1.314060043396683,1.7074566898549584,1.3224303772199957,-0.053808871693707405,4.9625011552428795,2.518868910360525,0.09102027547311539,1.0754299713524762,-0.8977270577850577
1.9997392963819094,2.8249989943162226,0.0712705897294895,0.7038580144711416,5.724258274403722,0.20819361758042637,0.04020249922004642,1.5183315567406048,0.3347248002316633,-0.9921626965747993,-0.586973103404847,-5.371796562619998,0.8339344219228558,-0.7178469204795357,0.9497093728924839,0.9977998627663499
1.4362516203611873,2.1088268324147297,0.05025051943942733,0.402619612807447,0.7458676246052517,4.669279702534689,0.13621354665526578,-0.38794835018665347,-1.544325505508943,2.5989112143639077,0.34266806425543417,-0.7763357590079355,-1.9736738854706621,2.542645458867038,2.9500126022601307,1.2328794331062034
-1.2479809448498567,-0.40864526500790066,0.21247117137831253,1.0312150502464248,-2.3144312501486355,3.3852525403906566,0.11741877513715042,-0.6679521110419702,-2.5238675856330564,-0.6537013594692815,-2.0805370613085006,3.833110577052191,-1.3626530311248415,-3.307069603567231,1.833300405993987,4.529777152783267
1.788545736940179,1.206543025888839,0.24775839147734222,0.8213492454614009,-3.3592042264446884,5.184296122440498,0.07912678406644184,1.424095431186956,-0.9361408973505342,1.187480480662676,0.23671330541856725,-0.034808862155628804,-1.7045015549586333,1.1075100538535751,1.1000689991186496,1.1973631424397393
1.875351039584177,0.3191554876823935,0.22183362336324422,0.544461120410446,-0.863994671653465,5.761683688569953,0.18367405029124725,1.4335675035898459,-1.243467136661492,1.1940666194647929,0.35950492974432896,1.4382426508374937,-1.9099277034156898,1.50398214629613,0.4393636185937908,1.5047048258008668
-0.020916152805658277,-0.32132234783002506,0.057335958733887527,-1.0017521290845548,0.6007784430997979,4.642280434738349,0.06826686692136197,0.261877599683092,0.6292786788750429,0.7830014342984878,-0.3639589561043,-2.017163447953653,-1.756065479918754,0.1958192251432367,4.579774846098112,-3.590863638860465
-3.658709415122783,-1.3793966394940598,0.11044075860332339,-1.0887664789034541,-1.4125466155348885,5.197637061514497,0.15376031173952104,-0.1959000157419425,1.5323879747771139,2.1044304342491698,-0.15942252484687108,0.09715229753429266,-2.3336060357846327,-2.3265077502733207,1.0066890187103217,0.4501273225756134
-2.048448773373534,-1.7793391695606677,-0.0027009221730304386,-0.29944939686968125,-0.5760526596578823,0.11320630563453903,0.0610265348814185,0.25460615706749595,1.516530800971518,1.4460509058657003,-0.2087070809407041,0.47897827675121907,0.7385963203354128,2.336505355790131,0.20948368194134162,1.4467411679715727
-3.2155448428088405,-3.10933653032366,0.20385332504669756,-1.2333455570295837,-0.8480067061359606,-0.03969462606890011,0.24556352624471814,0.72134033129595,6.1875089467691335,-0.020148486538016746,0.16700786711769183,4.839576729655226,1.571569968066768,0.72887644972168,1.6450827195232725,-1.1025805989341209
0.006273799318513696,1.1584705015310446,-0.15267704038117652,-0.19856362975835284,0.5740255301360455,3.7372099212911474,-0.1090761076954074,-0.16183674088183428,-2.3717781952201364,0.4448354776121318,0.7427987438483679,-2.4712142996711473,-1.3938480175344814,-1.5832298391414081,0.7798907028240425,4.091230558889978
0.7553993428206873,1.0647876998198316,0.08165862902942526,-0.0033679071727402547,-1.4804086678805468,0.8300577068716095,0.06315480392490821,0.20601756545909666,-0.30987055153559084,0.5157959970443894,0.26791454597476,0.582547841881786,2.200378240090054,-2.021901184516863,0.5801434707869396,-0.5936677783406311
1.647921253090838,0.11847646512342604,0.0441097087210197,1.137660037523899,-0.775597138548526,0.6233932898432584,0.058568449779079663,1.0872542441504665,-1.2629849564711857,0.6276537933993067,-0.32322101750648397,1.6618383528103913,0.8737374942312907,1.1769977367517441,1.5418617304161581,-0.7476372313984042
1.1047079374542976,0.7197370626021534,0.2905525135598844,-0.34912889658841745,0.5625249330929062,0.8442844349194357,-0.12566678731896425,0.2218928933346176,-1.1542009913675795,1.5074752537694562,-0.01579566156023099,-0.8106340278351675,2.807563160354065,-1.3954555039217476,0.13305886774205494,-2.0933785687894177
0.42411359667646803,-4.797532575358871,0.012824273566452589,-0.03425009182895429,-1.087727957358194,1.2079629745598344,-0.42723614067719257,0.6370519801685011,1.5454625805646036,-0.3116090492333291,-0.7547437353181244,1.5277392835104369,0.6249500095793951,1.747452552087995,1.971753084191131,2.4610737516497587
1.9889040645224383,2.6453361648042355,0.3857110320592143,-0.01582896464353057,0.3713366080354264,0.44326155205177964,-0.14397074345412347,2.5499993289892378,-1.286585435690787,2.6977040096982177,0.6624900551170678,-1.5896104802770643,1.2807751821092956,0.9066192169188796,0.7357792093898299,1.7996379296266023
1.4249041652718402,0.07559878894423054,0.08176999807723094,0.06906867042728825,0.46516263615300746,1.604880539136136,-0.1746393801922694,1.7119002248109625,0.12003018886169775,1.8257461325081956,-0.5526353429140815,-1.1878177468252311,0.7543429631804947,-0.21857004401178562,2.3426014404176803,2.2923225337483846
0.6595024314911245,0.06287552807868695,-1.492602025907558,-0.24670432105429665,2.6305653692544477,3.9538389296142733,0.021096703484367634,-1.6329899163471784,0.1697897028284715,4.547262752363078,0.857830703129989,-5.739128956940513,-1.3147107842116965,-0.22805039627405604,-0.1618639847905342,3.632614969932179
1.7057061944854952,2.4140152973136475,0.22410080575805252,-0.4137262987300419,4.073359107944633,5.670072611087701,0.030576630917252115,-1.4462716194373977,-0.617909653152656,1.4501471329939073,1.084932567158562,-2.4176406995838637,-1.7917795840398858,0.3873997315083034,2.465742290208419,1.8601050539304789
-3.7813160890912436,-6.286467485557956,0.11841719659547334,-0.5936389842414763,-2.3529437992588527,0.09501422945520985,0.2416458620754766,3.6017276317753386,3.6784117447892166,0.5699425661240216,-0.8835438369945229,4.535904959459816,0.42309064207533026,-2.315644154935717,0.09895190366456026,0.036995125643827224
1.1073549144421775,-0.7051525521673919,0.2731621374536937,-0.21260815737554864,0.28973321753806563,0.6818429412121724,0.26883375299452383,1.1947699885566645,3.1470819400405614,-0.737173563367702,-0.45395422964649995,-0.1427030742779126,3.3591571325202803,-0.0890151587118112,-0.316592160978062,-1.366169015295453
2.2532079135920284,1.9482472331750191,0.05862443452203563,0.39744842775574,-1.4406251046582819,1.3746626793037695,-0.13464220171115263,1.8707742638987386,0.507784402278758,2.4474740429316353,0.05255463298775095,0.19312733772191673,2.880800630739506,-0.13822664162315246,0.7501271258727159,1.2488151549468138
1.2790310173869572,1.9536577761947862,-0.03340289684771465,0.8803913747319748,2.8417096738701733,1.0177111072166958,0.2737099391937595,-0.17790487926184662,-0.44980990748213684,2.312428492482636,0.4574128408659026,-0.5385554589671386,3.087216883060672,0.6266227224404579,1.3649154435199153,1.0923519069414143
1.1175658377105886,2.2536205133609037,-0.06363840096572834,-0.34508933191570224,2.6051755714285063,1.1859877674405706,0.06814831929798634,0.15037780247852295,-1.49372719887211,1.0831764047734187,-0.20845434189034426,-6.347679180597383,1.0659988123357924,1.1652755597022797,1.586377378387352,4.415681124583809
1.5971356140151176,0.6097607649807913,-0.019489601770498664,1.1628762195424274,0.2546390458363579,1.505875005487785,0.4163695052764817,0.901807721773648,2.2556601798839035,-1.1841059323206826,0.4910337371077812,0.9470439778867069,2.967737084486581,0.18021327062397482,1.7425818737953283,2.6303792003921567
1.7867845983895885,0.5827048285001469,0.2907594735010007,-0.4661090412906422,3.1202826846321954,-0.21020791373811082,0.3617882794611111,-0.1227796920621881,0.8218103626148469,-0.40187278474097815,0.41517424356656407,-5.805199570622494,0.9217939245160188,0.09368135485984219,0.24410834902453846,-1.422589457676435
-2.4913821022082296,0.6809919890373443,0.3137658709012085,-0.4615297286245722,0.2952341269365665,3.9053204737182625,-0.0010068199424128619,-0.21576876732273179,0.578090923094745,-0.4708310778898996,1.0161031103050189,-2.9755792412249433,-2.2656362449093153,-3.8461034271561148,0.5080375525923927,0.09414410195897506
1.1411860611569595,2.1811445012146677,0.003967733399959942,0.7121282944099924,-2.2469657959822698,4.883069191396089,0.0976813803510367,-1.0421174773195385,-1.7650032254441346,1.8308810463669651,-0.63304110289953,-0.10888008887827652,-1.9066063867739844,0.3699280704422414,0.049346891028978615,1.470737897553598
-2.0386664367538248,-0.10013385063208792,0.03061315306622162,-0.14129741694845704,-1.6154493949020656,5.806308004433546,0.06839128829909404,0.5659852673395905,0.5276670195723805,0.8889361492948754,-0.4007176175683271,3.9798765816307684,-1.9767691155869966,1.4031979658111784,1.9589600015730093,-0.5526784410235723
0.8398332524185059,0.5238373282649191,0.028525474535007193,0.02478307609920232,-1.3524732436273499,5.106565951398323,0.06383690636897667,1.396873480565708,0.23780657256294907,0.058618326124780476,-0.18732911103444871,0.27046447809350616,-1.960730418804253,0.9824982235501348,1.858278114898127,0.4121403117667262
1.8175498989027532,0.8951325797802114,0.055211513413608984,1.3545978329451345,-0.6747417985618743,1.109416888063051,-0.46275745327002576,0.4739198629697892,0.4134722867610341,0.04343741672771189,-0.5360923941748333,2.6232389612769835,2.1593529204112363,1.2467831938987075,0.802248183679539,0.30723725430621995
0.9418539464414538,-1.5868946808321833,0.03973474373468091,-0.07112486671764469,-0.5630347974975071,0.3614103003972514,0.28275794672201565,1.4736811329061341,1.346639755919144,1.7907929052909242,-0.12111634328643792,1.8068062125586206,0.9194980015414426,1.113088097841087,0.5318674521782027,-0.32643312647693606
0.9537955742503523,0.6440548605745375,0.019569592010047224,-1.1003308639586957,0.5559382051153268,5.735478199989598,0.1548856788577051,0.9382730346660368,0.019123035559580132,1.6680157166076055,0.5756714015308363,1.6099243616110201,-1.5246198696652251,-0.7432368692468112,2.0619333439065484,-0.8550673726575087
-2.0338881300044735,0.6477830390458169,0.16046451601051642,0.7379412595993313,-1.2808806158743733,6.024898835341477,0.08151911133927169,1.0343968310423366,-0.5015969161217875,-0.07524411966310499,-1.2773304597047337,8.0450947198838,-1.5536394927840098,1.0389734910189543,2.017918882930109,0.9556714729421764
1.8516206685207717,3.043959285653365,0.0806647844127571,0.7201270081338418,3.6226991255411636,3.5171151473913405,0.1308074848952657,3.979952331343116,-3.438441646064046,1.3844880009111198,0.07051107382737258,-5.212690303679123,-1.1828846526700392,3.1818551155586197,-1.2170790324379883,4.259587918011299
-1.7125467114996271,0.4116042379527797,0.15763757504388284,0.7365115427017569,-4.234277642795254,4.114370618462083,0.12671684811432973,-0.3354667694888788,0.7964353641787133,1.5957536901894056,0.09057265277079199,8.515949500936555,-2.0277954164814265,0.293928440910658,-0.27407678593014206,-1.3093796456353233
1.187966999190003,2.4999971512758177,0.052440227827413796,0.5409092072354411,1.5264130096652297,5.819638566843743,0.2673435235002937,-0.0929851769385279,-1.5310743066408061,1.6232198290131712,1.0560691918647245,-1.8583681415666213,-1.9081678851323376,0.6404641846188148,-0.8882426526779268,-0.26296707150221593
1.8113373030140527,0.016859662249389593,0.04995285223032223,0.9611199842218903,-0.6476743441030648,1.2751228164819322,0.12470156636587597,1.6297547177841678,0.5363177706348723,-1.0038235486075924,1.1591835345699852,2.2587643293696624,0.6739598866579435,0.6296619833978038,0.7804979018996964,3.8339135230272956
1.441141260845197,1.1646254424712852,0.06674222625331715,0.5443419161668941,1.8733700954984247,1.050915523743139,0.08341699404571316,1.5293261689024902,0.3391986267183026,3.0233878589793077,0.555912354959232,-7.815952043639235,3.005953473365463,0.325392930161913,2.4367530445363665,-0.654954295772609
2.2311282425681873,1.902886900246071,0.05604451519261283,0.47564376776117645,4.163201504670382,3.745226828794798,0.21485462837478522,1.9122163519387607,-1.401499349666066,4.654063507001059,0.19226924866354014,-5.3290275782217424,-1.1636933862862011,-0.875573606932014,-2.363421343325018,4.838658755522377
1.138416533633365,-2.250523738868807,0.026639436013542545,-0.13024604514335267,-0.7372788030918876,0.3337625163363388,0.015960610294190044,0.8321411872036156,0.8196288722464021,1.142539042527037,0.3217047093698745,1.54193534435633,1.081693188857056,1.8685320393318472,0.5522285530661303,-1.0530629221212668
1.806031749934195,2.193266519066489,0.2729594083534816,0.3546915235835168,-0.8765148756487384,5.335783923363378,-0.21446093761218873,2.1187446873085327,-0.1531093237383642,3.779622943841053,-0.034299536961258696,2.63117477207146,-1.6044718411011087,-0.09270211235364915,1.419246368697885,-0.7866037645950995
1.0274659609308827,2.019497974340111,0.23939053253128936,-0.21070379861322777,4.761941052122027,0.8690914639148355,0.03657650868458774,0.05978513074608113,-0.09617417319565277,1.4790372572017898,1.2722383777107122,-10.328269870822721,2.625933273415459,2.7775279014732512,1.060428407551713,-0.5724434959576735
-0.7965913255723602,-1.5690992550828455,-0.13008531924002517,-0.3593923473834336,-0.2929646054273136,0.5652797232307734,0.0776254986230599,0.22674585227267482,1.6937825740779486,0.28095121966535963,-0.5723418440414162,5.350838195104271,2.6551734808241725,0.27768503210812406,0.4415905829794545,-3.4101065455106894
1.0458572370476853,0.04807216291624255,0.16534432851304895,-0.4042734554920932,2.707461023120806,4.085646640037901,0.2023523378466946,0.3253647555809675,-0.3624239353147922,1.7990919969521386,-0.7003206388544241,-4.825292206651833,-1.2686870157247987,-0.2199729095867292,1.2055257123934526,6.035828241243052
1.6493510800422997,0.9625930139476343,-0.11523841118690599,-0.2687350073218686,0.3010434118117515,0.9478966004092843,0.2083410302685751,-0.15566988123117953,-1.5575172800500847,2.199158472986519,-0.047332400583999054,0.1345582933856406,3.0630226610574387,0.21092216302084824,1.2833117068342648,-4.087151285454198
-5.078520967341157,-1.4064937556436536,0.08340433372380958,-0.26042380312424435,-4.212183068422904,4.435222894463276,0.1755794336454146,1.1471943520278742,3.3117071045075392,-0.948520626809538,-1.5089495045437051,5.146204775962591,-2.300051084669586,-0.062493603384707476,-0.1808443310025911,-2.6218701936471294
1.840273186889579,2.067975477200686,0.003874463771774689,0.8852717925414367,4.058172570291001,1.0745068638132307,-0.5972215454432387,4.2867318034167115,-2.3678294874537245,0.5018225214652501,-1.5220068095861707,-6.295130154462855,1.7367523182605777,0.5144465166125433,1.708816580269909,1.3359311184207794
1.0159127450411438,0.39273603032335214,0.01723607548706745,1.017271409165394,0.6899696820543939,1.4316445628859669,0.11148654973456631,0.9289323184444871,-2.011663251163941,0.7272668132342388,0.8901829452878337,-2.0689079949227778,2.228260595228351,0.4090403355435617,0.6504560653402192,0.5722020591646942
1.7897562809008944,1.1251007552972518,0.07816720452525515,1.0070530406638336,1.8958575263766455,1.2408009444022747,0.20774766117215213,3.2376646984234703,-1.1633662177767787,1.4124375647827048,0.8537859471554844,-6.555803832040969,1.5793193288850818,0.35163186733483537,1.940987470135214,-0.20726356673649904
1.261970419951624,2.4304293983890584,0.25657113575967294,-0.9451660854581581,1.284188592702942,5.7172353038775565,0.035090519290138476,-2.265536532920428,-0.5009740652758583,2.1305296012201014,-1.2972866984652476,-3.083060966888606,-1.9130056189050462,0.08650141825201028,1.0749812518928765,1.7274017637356034
-1.839143815829182,-2.110215870300845,-0.007193336084370869,-0.6480510112301671,-0.971322612493959,0.8474867283336884,0.23951869132128056,2.3488717056752217,2.4694326963991653,3.289814341423822,0.8077065515857055,4.3151358647412685,3.309095899779442,2.152207499523051,0.4643049410363792,0.9004222582560827
-3.238551435883702,-2.9959610577679934,0.09925883075048633,-1.164096696087707,-0.6089352331331681,0.25439448746222093,0.3195633266958418,0.9663198763362837,1.199984906400854,0.8553344637001675,0.060485444215297716,4.63009944691314,0.6146119271176747,2.565552154924294,2.523138169776564,2.3019866306206915
1.172798814699031,1.817921587112429,0.24573482390348375,0.8514345611682668,-2.307032976596458,1.0804598751033438,-0.15951175977410698,0.9918841710493559,-0.2096304581505022,1.207900294942448,0.58197189183132,4.046780589924874,2.7965031142098193,0.2906619177392645,0.9339622221995165,1.2235628361804436
1.424262868393766,0.904754937217315,0.010428805013191992,0.7024546442907122,0.6288421972422575,1.2220159344895045,0.06021333167844921,0.06719463957610641,-0.5448913798799718,1.742425875344795,0.8852345066667214,-0.8407750249557274,0.8234391466282178,2.264184343018008,1.1734195193274723,0.33345042038714034
-2.8099255208505913,-6.765079034785706,0.2346810502834729,-0.4132955829761365,-1.7800819555637748,0.08614031269560221,0.2773788200831655,0.9927742154924618,3.5496449652094118,1.3716890302506342,0.41390232173400204,2.8673705182484457,0.4234951896663587,-1.1303029430238127,0.14492638933785335,-0.8434895215830904
1.303467621450731,-2.426906190070731,0.08050357094924211,-0.8518412260603417,2.0732018744781593,0.9024480956931007,0.2041403147725854,1.4629290625063631,1.4121050259455206,0.6092103284652227,0.2829726126139563,-2.51083022554997,1.3764776860988646,1.299225427896571,1.009111401689342,-1.2010238439980456
1.4328493751438276,2.3228200973895654,0.08335479801470846,0.479660381905901,3.101438689317863,4.020125588331626,0.09681341345955652,1.2716847597580399,-2.0558944953145213,1.6861554733567412,0.26758911498303256,-4.781694355854044,-1.4421817988738286,0.46966942702691644,1.3546644723585677,4.151457155754539
-2.1672151516602662,-0.4498125911179666,0.21599169897930975,0.2180797526369812,-1.1574051301988089,-0.08458362886429206,0.05771931149588562,1.5831600048455197,1.9075877699776096,-0.43435439642417045,-0.7950013712668859,4.048823896403012,0.08352274141452638,0.8740343033245591,1.9571165730266806,0.6583243626836752
-4.243438980474527,-1.6944005927165608,0.2988768927124384,-1.1691646936697404,0.5818694702200398,-0.24501767927470564,0.08475426253579164,1.0161309280032624,4.218413028165702,-0.3019181105125669,-1.742921041590666,-0.13256291272237916,1.1594744968842516,-2.5454531197735473,0.42182157282629024,1.529775002145272
-2.3740164068045924,-0.6047246035684327,0.10621591276515278,-1.1336140939788604,-1.5550133213697994,5.507678920515522,0.23459174468068578,0.8169663798193082,0.9943336968276049,2.026987051424184,-0.6194701919528479,5.227513425419135,-1.5905508648799753,-0.660688954275893,0.1979647909627209,-0.753899363352765
1.4101428644769696,-0.2974311123484306,0.12326349260412192,1.2197155530966266,-3.5768041977398215,0.9067839190285742,0.3544389736060371,-2.1950506341645823,-0.16377033733892943,0.8024275004993431,-0.17976846007065594,2.6759272014874735,1.4480139463216202,1.643564953396411,0.36908835662056666,-0.9247662619460154
-6.182771173293463,-3.103976688017154,-0.10379259850771055,-1.7501159297181097,-1.8011434498068928,0.5832463925365539,-0.00252905043530107,0.4904950679910714,0.2383518270020541,-0.9118038330006396,-1.3055971797390844,1.0829471855195585,1.437050287498062,-3.7541224780366322,-0.0508009460520709,-0.8045202037269248
0.3457272913646355,1.953869135755263,0.4189039634906468,-0.08632400528970834,-0.9910497913242047,4.890230004775878,-0.2329689726903821,1.6060818791166327,-0.8798222971445206,-0.753947687945027,-0.23049338874578412,1.1308638009515228,-2.1076937078894296,-1.1195743812801358,0.4046052942954733,-0.7613430435794629
1.3187786493598823,2.966584412319328,0.26077703211461517,-0.06541347287658364,-0.01273534969532759,4.836220834947197,-0.1730989711379094,-1.1252058791219555,-1.6627917996157187,1.716977706988863,0.9890944749321159,-0.5553785863860367,-1.6517047033909713,1.6779712943250389,-0.28056129559681164,-1.1379390919143448
2.0100337552105976,1.482363520839173,0.044049103828143144,1.0132171567108514,-0.8548092015082017,1.2498365456617635,0.05573251975514926,0.08389236133396434,1.589692992344939,0.6688013052150994,0.6037471275156229,2.3842744207801974,2.0272423081682964,0.9916213082698797,0.7649546395823241,0.6505503450706495
1.5932484712818482,-0.12676922070611674,0.24128499785286794,0.32653287083576543,-1.9056324578285109,1.1782943690039884,0.23397837392668244,0.5673457073621102,-0.5217552039901088,0.09126487921076336,0.36494804989729746,0.8383960710787018,0.7297830727867008,1.5195763183895006,2.022874758358153,4.391295971798642
-7.215642534968824,-8.026169644444694,0.3850721753061915,-2.3747813408054164,-3.3680908826459866,-0.510399630511065,0.23824986963163966,1.485211688741879,7.027949227070713,0.014498745610665727,-0.0673671410170983,3.9594927574631984,0.6027885654562894,-0.7390152361266148,-0.25864896326684794,-3.138747871523631
-1.4657219806702066,-1.7007397646482207,-0.38168334268363624,-1.0146816562285363,1.1840387361841336,5.019262626481818,0.5245288489825111,0.871414725279659,0.8864129668174481,-0.34275045229998974,0.8513904371387127,0.6740403326075873,-1.6211562468665082,1.0106570786103348,0.0027853618889262894,-1.0043645516770037
-7.509520664970052,-8.716093988386254,0.15994173351211552,-3.217612915213256,-2.6520682214642006,0.4871454856772753,0.2728888656846403,1.529140020438321,7.6039323987981025,2.3732248340453936,-0.6243046948232195,4.486165553609342,2.47500716464541,0.05485662125748859,-0.5419557754954207,-4.621143013773484
2.1055007510065904,2.8267473093185713,-0.03708696419164702,0.17764237806986752,3.030305410969663,0.8262213512821992,0.007010277066083719,0.3133416051517091,0.5595284295896843,1.7591527136311427,0.8635006717782137,-6.3500779790782635,0.7248645776288233,-3.3749144766155244,1.6586846207938746,6.2269343737732195
0.8447126044728267,-0.8749154182638641,0.14779691565221006,1.0154088759496036,-2.8138976097163235,3.6075675112667125,-1.5650810877628425,1.2564594710074641,0.10981649037420174,1.8200783100435247,-0.41856519406901893,2.6789598414727434,-0.907673049656162,-1.1767165765122143,1.425855816983591,5.014990587087758
1.336631918587086,-2.493993038780762,0.06100090041529718,-0.40875807606687237,0.14722520869315747,-0.29065211458171253,0.2987384313933799,1.1172446349128846,1.8092465057904472,0.6878937557292717,-0.1274696385720651,-2.246931756059664,0.9053914757362342,1.7385817664972434,-0.2991842068017529,-0.5360050906960221
2.138177855431669,2.1488959227744484,-1.3000584539776359,0.41671583625479336,2.215442488603612,3.5051564009047547,-0.13059447713021044,-0.9509421502575662,-1.7766544518480962,5.347482878053804,-0.7901012281660696,-1.6346512397784405,-2.1492494124752572,-5.301609452745544,0.04948723595833698,-1.222447716726568
-2.3379597818406217,0.42199121647198395,0.23312668020981275,-0.6043953977476626,-0.15012998107886635,0.7784879361252401,-0.1500623741137484,-2.165047220219799,-0.11619834163257967,-1.7511443809850804,-0.3914996055225636,0.9898459032087672,0.6476139942874332,1.5542186304317513,-0.05299444175696337,0.7205869019154219
0.3784611141620342,-0.3809565267925433,0.17253513555450817,0.44402341603656786,-0.8458992968505512,0.8284148180637131,0.04358938913662472,1.5839101016346475,1.7266419396438557,1.5828566517816716,-0.512354448579651,2.8713302676148555,3.037053613046486,2.379743165204187,2.0155233108490744,1.489023281081135
-1.7104823187203864,0.013129246942782963,0.05711849160808998,-1.0392162709060966,0.4161284378108799,0.9736205098076159,-0.02464704892859054,-0.02893102050758286,0.5028537595984356,-0.5558493493571715,-0.4228933611175939,-3.0902255164597348,2.9767011821709897,-0.5607508969541339,-0.3116843915182496,0.39118857261670537
-0.5312747247583597,-0.7379308843532391,0.052948659831660985,-0.5603545712503532,-0.8331497491124091,4.8036459580581425,0.2577558453265787,-4.405737562745615,1.1898965053380182,1.370990869481228,-0.14302902324242758,1.5889271290223554,-2.4333859571186354,-0.6816419919265786,0.05274943995338771,-3.64808519559899
0.3349690424983148,-0.10721396847747532,0.05922917008690393,-0.35249515868322706,0.5278058968766366,1.4848916571958852,-0.06856080410785532,1.4344494001310992,0.610707709564379,-0.822530762818537,-0.08362424828459443,-2.5721974472851272,0.47235717873435745,0.17929992919223806,0.634638183167644,7.0499379720426845
-1.5599213326539842,0.48908628791903186,0.3621708836325895,-0.5031239506037151,-0.8718935208467002,5.4683341992331895,-0.32439079079730476,1.1011997189072018,0.07830210812148986,7.87594979724494,1.6333830351956424,0.12810000916442466,-1.5895741603886815,-0.08250323905592599,0.5686127655252518,0.4764767867033266
-2.797126113908491,0.756339443132505,0.32717478620484924,-0.3817365746767174,-1.1970924788084685,0.8058727588736061,0.14381968602705505,0.9210441624307583,1.7344782292258425,7.087870786608356,0.322800339344561,0.37349110731494706,2.042821987117239,1.777689389214911,0.3467604933976551,0.16543395362116128
0.1234009444541932,1.4696554885850315,0.03242738876559081,0.306923879538763,-1.442559116339027,4.944614762875837,-0.1993833188831305,1.6637816743911096,-1.0950885954904555,1.201178096598766,-0.13735819166732835,5.4353943337045925,-1.9481915964326169,-0.4245280393455549,0.6590948133634971,-0.5316486587966546
2.3107617215297966,2.582527371462435,0.2378849766740605,0.10184679781324638,2.544147748581878,1.1758750500030501,0.17131670052054812,0.2907966404955811,-1.6854105565289488,-0.3794372894906663,1.0507142310999087,-4.912420001040172,1.7524834578339064,1.1557945868109476,1.9108250811507899,3.771325162726531
0.713853993307201,-2.151341017436607,-1.1415089630871675,-0.2908873549111592,0.2505966226792332,5.078529312715203,0.0867241186404785,2.31903887954798,1.5528937426350946,3.8564561228403695,0.36434518740388716,-2.9036457476981705,-1.5748239553881822,0.6576995780969004,0.5850100928254988,3.479668963787271
-1.3430796177167719,-0.515760174445939,0.27094216536819743,0.0077084532060860645,-1.9332562662944681,0.8024939855588124,0.0641032740107246,-0.1905897126476724,1.707922126083117,0.9240676621632297,0.4167498879339843,3.975574714164905,2.8119393220187074,0.08917913838250106,0.12874007301057594,-0.8276593674396773
0.718761564737543,0.9959153193893906,0.030227478517997602,-0.2297504372578356,0.6083851991743036,5.430758267723528,0.016819245073098614,1.673081313765999,-0.19389572463261556,0.15994706319078303,1.1728571311214493,0.3756262516251191,-1.9379146206257676,2.3602438606304106,0.8045730120290601,2.4413976474405814
0.9871936226962174,0.9946311528984123,0.2539080297642487,-0.8698965536849448,0.19207764054418186,5.867822443387534,0.02274666756465502,0.14198406121185936,-0.30950625954511407,-0.4533993406790775,0.07681121960773138,-1.91803843196814,-1.8817625283146442,-0.2807670950016807,0.7626419636658628,-0.7423493560526908
1.8425476096868423,2.4756260740515605,0.2597872634746709,1.6358414626248239,-1.0733668510823706,1.2450372422238147,0.2633560004472733,-0.4214294795729027,-0.9951821729371624,1.4711080394295617,-0.7858765097730905,2.5115098856156517,2.3439803197016564,-0.6004815013763566,1.3653050556265645,0.17625912419689435
0.6987947641588809,-0.8640388014350678,0.10563228417276266,-0.9560338295978102,0.2491036049280485,0.29617671241883703,0.03909028343092415,-0.13897203183251144,-0.2845780415629712,0.0985023522786449,0.7057741020630269,-2.0608657524078637,1.0332378966537643,-0.763351778430716,1.9014475533623663,-1.8813531528199137
1.3812856476625932,1.2659506785377168,0.07519761305674706,0.6189896510186828,0.848889232860568,1.5739893812497947,-0.04241655456314143,0.15292866742907912,-0.8412855978286546,1.6969074506459352,-2.7592791806443224,-3.020824351424012,1.6240775189522123,-1.4007300674721366,1.8682545370949895,5.212110639078452
1.8090120718536336,2.617902030315823,0.054331834308618245,0.47817495755864275,1.8875612992261956,4.9240795634652414,0.1531852470051231,-0.18794311032831307,-1.9807895689383257,2.7814875978268176,-0.5785563937841138,-3.033570978811401,-0.8105201231590894,0.40287943754958605,2.79430724047919,1.9392528347360491
2.9745008848154915,-0.2358343331309676,-1.0144148352314628,0.4767174215609456,2.9094594258106556,4.135538693228591,-0.025168992662698255,-0.07697810297052789,0.7618090743053278,6.32568877025204,1.7475983854537425,-5.373974373770077,-1.5329815378266773,0.7549151392216689,-0.3284469830093103,7.443772716294654
1.6544190526074494,1.5089767670784688,0.22189065354758655,0.450720064730952,0.39740622128357134,1.0967299394872903,0.25985503671565074,1.2965973916630311,0.1342843125312054,-0.3130085497906623,-0.10737984486511136,1.3862199500753818,3.0593044016606545,-0.39448260396850887,1.7012450591345747,-0.9040537843145944
1.2218639135954605,-0.3216019845344909,0.028203641860562987,0.49447830011469124,2.771347057095809,1.3783450679191191,0.24554841062511393,-0.28185835511236196,1.2418050208348403,0.3111419532335787,0.01918688826036238,-5.3394646703221005,1.5513153042407042,0.7043745097337626,-0.199533927768436,2.7342510662869492
-1.95537514819713,-4.3202272311250205,0.04688135018127941,0.4785652853262039,-3.29419401469841,0.3802982223706474,-0.655524453080236,0.08171449901646777,1.606742117733425,0.1759589077395407,-1.1162788308395866,3.5309925497394676,1.4700899593217678,1.1218636853094064,0.36456191193436593,-0.8232891140681868
-3.177997030700756,-2.618269107443895,0.11184932506828972,-1.0907685192715375,0.509488026647591,0.11151866130353548,0.46823936175708286,0.6871698612815434,3.693441063213253,1.7472908343197742,0.4260347088141507,0.9409969987861515,0.9687777218037448,-0.06267534544113829,0.3333872317535526,-0.4479253424221202
1.614996820894631,0.9378527845258414,0.2905892975615953,0.46797393779575186,-2.477815517891208,0.9158793151882161,0.15672971527856877,1.8940514212269604,1.4520484201192834,-1.1399176101174915,0.2564167005686926,-1.4567736078026434,3.0691940391177677,2.461890429849718,0.7942720053205851,0.37136568601379716
1.0367090913038175,1.6078078939698166,0.05203078022452152,0.845538710055287,1.5974858890513046,1.335211112478386,0.09417599764960162,0.5969001677661747,-0.4825290904916508,1.494900653169693,0.5077817510298979,-2.423884710443901,0.7749332677913061,-2.0004922333082567,1.1521780357564988,3.214322490524896
2.2598828990909143,2.6553319374568964,0.3176264435947393,0.6641816727569048,2.2191756240573053,0.5894866397869051,0.06730690016712539,2.773481371613924,-1.5629879243019156,1.429454387120387,0.8933088664155504,-2.690462884665043,1.0807636206610098,-0.5919574442641633,0.7680632809468853,2.00467460994014
1.8460036051425315,2.1925803994039144,0.24759443774214915,0.6470646860987179,1.5941193407368408,1.2326444210030778,0.23018100082864373,1.0693565415933894,-1.882533330855478,-0.636089676380697,0.8687227364459885,-3.160824284630715,0.8601630914112401,0.12258398663256798,2.4759430811153385,4.597131165937592
1.2920017139036377,-0.08820491646423058,-0.9770199293532763,0.7722783323040546,-2.519874116563537,1.2378041737756784,-0.15423773793440448,1.8808375012415355,0.44380653319581537,5.151432411297705,-0.3068573927477251,3.0472859061950213,2.8057241983558243,0.7908664197786949,-0.6658267358436534,2.2826110678729536
-2.7475227224368943,-1.1792768244517684,0.1865119211638991,-0.5099179541884488,-1.460839640334466,0.8369321654580929,0.09123446274810103,1.0457360012365498,1.4026911065146463,0.2222311446125283,-0.4696038128566964,2.864855978189729,0.3340929434962192,1.5405985500246615,-0.20498532609745057,5.2924995293026535
0.26758335040299114,-0.05447173623595036,0.03841869496938255,0.6684920015636661,-1.3659535349827796,0.422417476551037,0.023097928552750755,1.275445569417058,0.86864064018445,3.2807831433169006,0.0004557193039797289,4.123985109060361,0.7956618268820252,2.228668680562328,1.1430326894512597,-0.2868400110377479
1.2120253626452384,1.5387104490772023,0.2747799312307216,0.021419582966998772,4.314580147400128,5.231734799556844,0.22132259385589625,-0.3138931278411926,-2.1132290511752556,2.0537596843219794,0.3973886352946568,-2.135714211202853,-2.3170915779267527,0.6829708188743585,0.7764548536843714,0.746802281391237
1.4048003503293798,2.1924081281849976,-0.13114861184363422,0.7818719846677358,1.0207869632367907,1.1867190361822217,0.1680753635407254,-0.08879275905926197,-1.5141886989797246,1.8802819837374316,-0.011114980533855942,-0.4023714881065842,1.1225036272286033,-0.989810614320921,-0.8774169605667212,2.7362790272346484
1.520156885532937,1.2963972862893594,0.2406773657407991,0.7446143679142019,-1.0150949305434251,0.9265145551218781,-0.2617557992397259,1.2747707944303603,-1.002669409541991,1.2515371436974272,-0.16492362297110544,0.9164865725894337,3.1327939461811245,0.8258671516792098,1.3009925263500717,-1.0593464937738066
0.17850049514810593,-0.6653398134360775,0.3278323036189146,-0.15445073879639665,-0.8702145002209292,0.9363447111755143,0.26555619538710923,1.416737853595912,1.4323261632969568,0.9583780183709953,-0.5836995675580529,2.502541562329275,0.5539061840780085,-2.5606054496634756,-0.03633819129214799,3.884355522213673
0.8876308320257877,-3.843042274172767,0.04350021030033966,-0.5945374362288542,1.3982863362607654,1.2081961599914262,-0.6394467307555981,-0.3295782645355881,1.5683197312347452,-3.3573402674543495,-0.19514494086304435,-3.2253037302097547,1.4558055790273352,0.6547977423957606,0.03833280352864962,3.9492059576704164
1.7349377881866952,2.967524213184326,0.04809246618517017,0.9716919804168881,1.0001314603763432,4.681408156895166,0.18704848909345298,3.3331008650709353,-1.7770554251184696,-0.7978174068231768,-1.680848991244561,-1.6727527581404522,-2.0922840121241966,0.7321329831836456,4.299050839519263,-0.8431783902296406
-1.976491417687203,-2.3614171587171833,0.05441160451334492,-0.4856654364472251,-2.2050781884255337,5.142574687470768,0.2462787285505611,2.2356886559975435,0.07463846750374782,2.0658973071440214,0.3252932197016667,3.68956113887196,-1.4865377088928402,-1.3291260445734545,0.4479162278160295,0.5826344825767282
-6.535048353862612,-1.9708428755020557,0.21910396688582628,-1.0661638502081907,-6.132068664841785,5.264444453410081,0.2076122628667716,3.0260671724603245,2.8708270550366457,-0.6289807233171822,-1.9239026806681638,7.221689570241935,-1.6224377256122802,2.026740358467783,-0.0013819307837046537,0.33036805782875645
2.0982671449530548,1.3777353419999763,0.038294797468407304,0.7078663643093315,2.1096712413538827,1.373132715893725,0.34908001373466824,2.9895374317418346,-1.8210164069073327,0.7995635703672972,0.5809839419864361,-7.619300745413043,1.026935747758755,-0.1514380216240843,2.1323065119503677,5.591067781840952
2.3196331522195472,1.6088680582365111,0.08255931282127295,0.4162816341151203,-0.8282441222127818,0.9770322658288639,0.06906837621420676,0.007391458130127786,-1.7518050380043564,-2.0042018607235095,-0.6203893871764249,1.6332019534884559,2.3422525697895864,-2.1742605742106202,0.41036328082898504,0.06413450833787337
-1.7342376792768197,-2.328579147124136,0.13975256154569857,-0.257781810973936,-0.4468680380288779,1.4389567370737804,0.3679446531769477,0.8176119621350311,2.0016214320381565,0.3791243730821832,-0.1232435570952473,3.5818561863810063,1.6046568119162001,0.23312076101312218,0.3469605381530385,7.597207924469908
1.0676786747727467,-3.4333113656545646,0.025633022135253408,-0.14943786580692814,-0.4935653758605768,0.440469575621453,0.2457967523817944,0.9470640059792574,1.3308101997329154,2.8008440030950332,0.45892382885878064,2.899936885055962,1.237105374633026,-0.11726424919915288,0.49991438543940847,-1.0502564745222696
1.321005221563503,0.8247299728811789,0.05488383434207639,-0.04374096734476963,2.8327406081924416,0.8385403830790524,-0.07977127540900829,1.357158280551072,-0.21217080131662605,2.0747304240256796,-1.841889421899148,-4.647374650278342,0.8068109243476288,0.37369080926577675,0.8669759621054898,1.0497058837093938
0.45397337039347074,-0.8462385439255798,0.2465559944306082,0.43841791024465926,-2.484359244918983,-0.095164492307942,-0.33051135880059174,0.773611061262453,2.5603701491391027,2.718112391334133,-0.7321380441620661,5.9633839396453245,1.358852477925764,0.7373208387456262,0.22759213254826433,-0.8797922233339412
-2.7692458115996264,-2.2751117005996186,0.024199279137739293,-0.34615181080673363,-1.4667707692150174,0.16747724329218364,0.16333597332995395,0.7490719360365203,1.3970483691092845,1.467101530499286,0.15676214914473682,0.4160669803227348,0.40345236909213367,0.7206891744659574,0.3288712931836415,0.2831411103779138
1.3756279355090943,-2.809328314017482,-0.9462015259263794,-0.762877829842574,0.24107470449754692,0.49439476482179,0.0319649690172064,1.3249397267566154,1.9377166037918898,4.210062392252408,-0.24753027663428848,-3.435095672352393,1.1235402646611103,-0.47409220570694555,1.3727679393903356,0.02256989129400358
1.955749878611734,4.045130631043583,0.04984105104710002,0.7344669883559473,3.9739812784387545,3.3195860681211844,0.06151832814564307,4.705353701697703,-1.7843828821961596,1.7511493189534622,-0.30604121272324925,-5.72042620327079,-1.5207269835723676,0.45079408776627206,3.7676427362368186,3.3282379630906958
1.5495067231431248,0.29596567787443384,0.05231522116261329,-0.5301731798027536,-0.16282541270012202,4.854335696915844,0.22323316032133017,0.3454623870644461,0.4163100257499997,0.17396740282446374,-0.2123222444097065,-1.3960250493383826,-2.311421342443125,0.050485211775368216,0.16484505539156397,-0.6741452276675165
1.2079793478784833,0.6695042909285525,0.04552730500703654,-0.19399154934387824,2.7940939224466548,0.3958716048481904,-0.07176335331621209,-0.35011077724394934,-0.7989660852814432,-0.857648774753657,-0.5067323395428032,-4.483803967343798,0.90425999121003,-0.6252044525252948,0.2518263300120299,1.2182344548780337
2.154480853030157,3.0795106163344808,-0.02764044264580423,0.5470208147239128,2.8429884733897217,1.5154751464272875,-0.1840203358531119,4.1280570863504815,-1.1149122250819279,1.8579165198887846,0.5061495972799192,-6.290404331200675,0.9678436728095491,0.8564171377735613,2.4854172882840664,2.8624870350517932
0.4670053387451711,-0.02801632313897127,0.3610822387376439,-0.040651131078223615,-1.2702017818420257,4.095231810577381,0.03890561457532288,1.8478855577320228,1.2008346865226402,1.536683606535706,-0.8571277277803777,0.7318154926294718,-1.3674042952863357,0.6329277401095894,-0.20143373363240455,3.942479218357386
2.395113882363068,1.8068194235861956,0.05384338549669006,-0.23745116415715287,4.291645189105164,1.3841306532897375,0.08707072762552219,0.15846987689074776,-2.61799298924588,0.8807114039038831,1.1356468557722912,-6.796307752210921,1.6324521309062872,-0.07434756328522377,1.7341382372654246,5.900804728979172
1.1595426643270927,-2.6030454819934508,0.074658589793738,-0.16022911938329795,1.061344014463003,4.184825487219199,-0.5269817209514337,0.8058969407141177,2.2379464802861753,0.822417987682034,1.2638033543217186,0.21812297582625087,-1.5211991204661537,0.11623908655706654,1.7535474669052824,6.297314611171058
-2.899068439016849,-1.1773748850496126,0.1127244895671992,-0.7240214498589229,0.8468202435845831,1.254173477048155,-0.18075292552089905,1.8535957760976596,1.1932900431410132,3.122332585768333,-0.11754795812549337,-0.4475224045120551,0.5986006751958051,-1.1155344439894297,1.3619248637548098,4.922447222961496
-0.12157539254510118,1.0118797250901692,0.24853874456379987,-0.080283769735431,-1.4753602933651684,3.2017109537129707,-0.2241566310415598,1.9878060044869075,-1.2043585432942998,-0.27499276382022725,-0.33567066225441533,-0.3302345649281315,-1.5012254127935594,-1.647505680560502,1.4458756116569476,8.108882634479754
-0.5781646519432784,0.060738901329819565,0.22783089519450447,0.39947381382119784,-3.3581212794592004,4.393393034597854,0.14048403045765068,0.07543089045924717,-1.2422589439631648,-0.32346290359706864,-0.9125322061176234,-0.5239097007374263,-1.6421515844866443,1.0442467054046036,1.3102348081539534,4.035693502976781
1.7277350691553797,0.3285379893931419,0.4023398706052268,-0.07513468781849289,0.42898125861919095,5.875263037869719,-0.3942819590281672,1.1487556346213978,0.35525459155969685,0.45409417733974206,0.0557804336068629,1.5026091814210705,-2.200235684348365,0.5936014818045837,0.13125048504059994,1.0863493617572886
1.1051319660114183,0.4202902537198446,0.05270564523430239,0.27451600077282284,3.1193393187912233,0.6442979549318455,0.5308083004116623,-0.36389361971657613,-0.07812735407996951,-0.03278217197437244,0.32533085920499677,-4.488309926493232,0.8782279561542564,1.1814393482316787,2.5086897461624966,0.8924533716978761
1.4075509011439498,-0.4959850825657592,0.3004948565447862,-0.17251684683160212,0.32685206071969847,-0.2185126035653152,-0.8837286082933394,0.17037423106937602,0.365785450260855,0.0017328880050827581,-0.8503674509949435,-1.7348127665778008,1.2648396652251612,0.24019262403498767,0.008171786944839285,1.1769948270565724
1.9298961427261814,-0.5983226988132071,0.38794442958008557,-0.026262422151831756,0.43418691711574237,-0.14015115108790113,0.3208403208943078,1.2918380480171692,-1.0295769322348458,-0.21082183874672047,-2.479448469105509,-1.3616465208036788,0.8441741777812823,0.45555199227209797,-0.3591261832277506,-0.370984514928746
0.959447515551408,0.8128996245364999,-0.06342849355458989,-0.001030632652255579,-0.5361948802550203,1.012315128712083,-0.13331140198150288,1.0332147503891818,2.4228288657375727,-1.4778871648357645,-1.0346617926066748,2.2365671710473998,2.181447890917664,-2.221854640687812,-0.2709313083087021,-1.960964247567438
-1.8407120214606638,-1.7492052966599203,0.2701904508645174,-1.0366239413742406,0.5170569596206904,0.6276363416363663,0.32919229886527956,-0.8867242694887773,2.230401534459432,-1.008666726143577,1.7477081934879126,-0.9715115786182897,2.7996696189374375,-0.08928705518351242,0.11166077797295255,1.5639918647432884
1.259952615504255,1.1784314264449995,0.2719093782197592,0.17759886457493373,2.7673865930139523,4.239951570616169,0.2522569807766711,-0.17282132888191007,-0.12251899046949032,1.229926921145082,0.5407508502237324,-4.101301370536919,-1.2917455325929095,0.9693266606234754,1.7936158739617425,5.451176052362018
1.199519032923319,1.815209991311657,0.2427791313881904,0.040919696362908264,1.1742596567945751,5.223910451167892,0.1636550820369598,1.0383509335794567,-0.9558672304628154,-0.6237860058579576,0.5229422743592684,-3.289515685930188,-2.215727791528059,0.23507739096883773,1.7294856285474063,-2.367782579613002
-2.549713742480972,-0.3918715286673738,0.24879077497296354,-0.03887796234316016,-0.6674480586720735,5.350992447384455,0.20932072281756864,2.7657163920872674,1.0919816792563326,-0.377735488083217,0.23924741126227536,0.2925810513303422,-1.9559791030443605,2.4134114346110382,0.36537065540929325,1.6256637795559798
2.0985975070109397,1.5130993877103611,0.23134298581113558,1.207050640140785,1.7546954432125963,1.3286891839164936,0.36753404349729707,0.5224349984408035,-1.2118784705497845,2.186833177490295,1.1149691442586822,1.8278436123263853,1.192878783287286,-0.07275463042747927,1.8909219087436206,3.331267527053936
1.5208763375606627,1.7666832987248513,0.24886269438214348,0.5533328852452697,1.4368476045370229,1.402057197268795,0.18416908919716715,0.36971478378216616,0.6937426846349966,0.7714312952503003,0.6083831462179774,-2.055093992121463,1.7857464120264834,0.17123579666986732,1.2954712700952489,3.476784452980863
2.733947757781837,2.5012858293364935,-0.042111748516268296,0.43666043648792435,2.738822506698466,0.8801137997687133,0.1454480836642823,0.7985757872985793,-2.360330747440175,1.4385839988379094,0.560455062404961,0.00995654295771273,3.3942359510776052,0.4669623834590845,1.7623262861598514,-1.3991924578433266
0.24650074841091335,-1.9225552926802187,0.048102518486457295,0.42472122035096616,-2.6537089793852866,0.13230786994255295,0.24011084142422137,1.1542873180667148,1.2838872607994845,2.272278726943711,-1.9965801903690565,0.5772949233849346,1.1047686032434563,-2.215559689122539,1.630785746875764,-1.769328477012286
-3.461742638983112,-2.216796330060869,0.019147255752128296,-1.2773670341593575,-1.972118832871005,-0.0918979886969908,0.1807183092412514,1.3502098665293785,4.3847226566889645,-0.8156235047078096,0.04684934442282889,0.5216665231363621,1.5917507672067075,0.040032333188138605,0.13863265666905125,0.5586295676988614
1.507429487292968,2.9377939698004187,0.26911915821905974,0.5561563009533941,0.9407204433113152,4.594708373619827,-0.4873731054207986,0.4969326953136286,-2.0179184176107428,2.322622170283671,0.8230285819732257,1.3335098851987577,-2.088897200387762,1.78991128586736,1.0521202399661234,-1.833542742018441
2.0120428369083663,1.5666641478265744,0.0652162559663452,0.29376000808037556,0.23133383079615621,0.17144316122737996,0.049097429311879555,1.537177070829659,0.3053931814199085,-2.3864025228740817,0.14186547903423713,-2.138595273141451,0.527822373323062,-0.3843624811215576,0.41528559743280297,1.3771181165399333
0.1267398636410755,-0.33207594777977756,0.338859071923646,0.36092148435875565,-2.1588168600934936,-0.07136794453428297,0.2502587351252644,2.068961307700502,0.8154833077934706,-2.189089739629938,0.22531272645506284,3.0736457107477775,0.5907447242861479,1.1547136132779698,0.2759347115201886,-0.2209992812529624
1.9228181962582225,2.490024769263557,0.040942464409648584,0.2565064432077857,2.0441033428804576,0.9944992813794137,0.17835524142855844,1.4769641831813916,-0.6335568797788448,5.045740627493102,0.6237881267749951,-2.8481289083880634,2.7017383269127824,0.2548149247973099,1.020144443791509,-0.5842997671512143
1.2733105152610507,0.9589124533497642,0.051159520997774995,0.6359382230049819,2.1696704254712382,4.849683673636401,-0.31406312577746937,-1.2537061333790154,-0.7338895562226563,1.8483309158557186,-0.6570760339772962,-2.8164032130172676,-1.7186690103211741,1.4602919887067016,0.5559942859406319,0.14994955622046144
1.3898048090842825,0.0062298957906139416,0.23131728156822973,0.3931238776362781,-0.7928916937107949,1.1278749281455132,0.0598928267368704,0.939589634455457,0.5941498425540584,0.6666020563772089,0.11299130468200963,1.8363923777764621,0.9018292414109023,1.4029698320566184,1.1752477176676608,6.4716798694160405
1.541194013136697,0.9817712709173243,0.0550238944311506,0.7110447993390608,-0.11427597467145138,5.307523174534347,0.32722035969738206,0.6432955930429285,-0.5162023956710549,-0.6900048402004918,-0.08165355292556221,-1.254204031420986,-1.959429206468743,0.4408303502556446,2.1628912827787072,0.31943572750013777
0.876037527191348,1.3375583005473202,0.06588832064070994,-0.28115427863719483,2.6613467194874705,3.5343630942880746,0.06641805265330623,-0.2955014778668164,-0.31959586651619315,1.2823568206530858,-1.3601277319514784,-4.769770182284148,-1.2318087103033544,-0.006161855230629427,0.6643619455273126,4.122178845219706
1.4083581002553147,1.8125691716654304,0.11313709207032403,1.5583715898853054,-0.10475418591750152,0.2821148293386626,0.43514917567308586,-0.5380217046296009,-1.3683210800160015,1.0869441204502734,0.5870010632164381,3.920300309385653,1.0273271301860827,-0.020063025678127247,2.127159524135348,1.548249166255348
0.9187364693200211,0.5126677980693354,0.20339645503804651,-0.02133548653643571,-0.7268826514356957,0.12156553887658163,0.1692418245335846,0.7931429495339234,0.9654262743397537,0.5006186543438077,-0.22420505484193387,3.136718923272518,0.913720470344524,0.16846376273193706,0.18615022032591583,-0.2602969739212834
0.891414578187986,1.0267320575042067,0.05626756435389637,-0.3433476518967345,-1.493176495441215,5.4249777667887695,0.0871218948765819,1.1416827312142028,0.1818627041111216,0.47076797307792717,-0.03059769214233745,0.5206777280635948,-1.8044322411849234,-1.4632038882625937,-0.4023510529974929,0.3836388457415224
0.8777618561643614,-0.22375112154992977,0.35944262319958126,-0.3843254385065711,0.6154893724486931,5.250185228688197,0.28684869319042977,2.114215135344447,1.3983500748320874,2.6188832051080655,0.1349963303534489,0.1756107745951849,-1.7045209764662537,2.085617097654788,0.642220332913087,0.20259909700502032
-1.4744082388855513,-3.3691506816383185,0.07617165857010047,-1.5991010900698805,-0.6486108152677349,0.6823547405960322,0.2800041392889422,1.0730452708163873,1.8411465585296942,-3.0598480489801276,0.7003843231090102,3.639842676718942,2.3574361422754277,1.751527320466981,1.7636880936690613,-1.56817270571854
-6.853930557890745,-3.360659132029527,0.39479629996510507,-1.85392467754697,-1.0318477528623153,4.806624821839469,0.24862842676535232,1.5583741094559058,2.2719839879402928,2.990357323565465,0.2592345179648442,5.259266361647371,-2.1185348234929675,0.39175113427206354,0.2909683843360604,-3.3802514335708933
1.5421990321001782,0.8508371470513709,0.008070927233564352,0.37328025436693013,0.42738823377174334,4.797469129491815,0.27417043221832715,1.6332525423358968,-0.17561403937773695,1.6212132420318313,0.2953236695493117,0.39067123062002507,-1.9893511543372278,-0.33247659044542804,0.8911770895109413,-1.872259080377521
-2.938106866463815,-3.4862066545694037,0.2559815100939849,-0.5191647651086968,-0.41591503681988606,-0.2272080024810975,-0.5911532499497324,1.1987620427640437,4.326446019906904,-0.3722239219185221,1.4644273984607126,4.008206311408778,1.0653109328494372,2.7195991283442655,0.41734657501106226,1.3851925542113632
1.6323775487514476,0.8678603666283649,0.30986289947863244,-0.14726754183316862,0.09023274232828854,0.28277933779572617,0.008846198553872078,1.9861137943432032,-0.9530894541849673,1.0440072733830728,0.14607693300364097,-2.0040181951668465,1.0764619531053785,2.4865305590135605,0.48099382750761327,-1.6403966480322227
1.571777309178499,2.2905874546389775,0.04225276064750409,0.4407830059420852,4.882496051590381,-0.07619288433457165,0.021091566630804668,1.4212668151112426,-0.08889606408123214,3.1547519699820246,0.686346380340556,-4.9924630024197425,0.5635379531788367,-0.2071155018021883,1.5741747792120804,0.46424523682866037
-0.6238944177306722,-1.2019317590899206,0.262168142338855,0.7131179381911996,-2.869827787531602,-0.16583054183208368,0.35819037257757264,-3.6286809586053557,-1.079481735311368,0.4012810370365617,-0.40785186046518324,0.02603486268284783,0.4461190619380265,-0.1799753690441435,0.020226303530197925,-1.0722167993567326
2.371453305943933,2.507616416016152,0.035994968434374,0.6945462025681962,4.835020909137796,4.8486197444405645,0.25877958508502175,4.053279583798805,-1.5571397378798937,0.9557693847360379,1.5009302089400738,-6.618380677220886,-0.9854577325530918,0.2889348017636717,2.364893454013255,1.4586094742023752
-2.409071901768468,-1.180755400750675,0.11781566251133144,-0.2999735746783515,-1.6075378364770716,-0.28890182307102,0.039659734410400646,-0.034781083864923304,1.842609121044598,0.771520168257135,-0.20094958127860107,3.8944200436940015,0.28281825439519276,0.6184909694629136,0.023142144445946332,0.8268711805474814
1.9560533141282352,2.3508386143657627,0.2466441695287664,0.7313830164070745,3.7095780423124602,1.441812584127916,0.4206579420535866,2.474433288200551,-1.8158216030589411,0.7903865023467421,0.771681031971853,-5.742781391261456,0.9044702288264086,-0.242920862504329,3.067942691830174,3.2774299558752467
1.8574541949748464,2.361218878089547,-0.015895739709234878,0.896132472838409,0.9853908809803624,4.797845041272486,0.15248650562120805,0.9056965691523103,-2.259236650806684,2.9768879840201086,1.264975125613942,0.5126574740081218,-2.0262432107605064,2.31658174078682,1.9758094203591676,0.2664998881460709
2.1475609618570983,-0.280148777755367,0.0872202175557381,-0.3773773651416791,0.44698084465871135,3.9064088052079233,0.2505197042154537,2.7295663912757533,0.8608477044226296,0.13570078147794257,-1.4816967031859825,-1.6443485076965931,-1.356567474509907,1.7880704743564455,0.8397543850534233,6.404283247079522
0.5088338827841224,1.2586659616478326,0.12431351435694452,0.05548222919990502,-1.3815217743167427,0.9283871887620888,0.0585035896743621,0.03924752658815268,-1.5562349736295216,1.0400961074606034,-2.1945655929171566,0.3463167319744136,2.188056273154166,1.543526906279616,0.2650495666928328,1.2067349777454823
0.23300944608118024,-2.397137751104696,0.03182586018097422,0.5360954842856958,-1.9310631729957928,1.0167608926905587,0.06944037002938772,0.747565296892362,1.242249063829509,1.4938895988078758,-0.19656431417424428,4.467703396481935,2.3401566481510154,0.2026104628291717,0.6984736413364118,-2.4466455859507152
1.1591905416269503,-0.25860563111637763,0.07312285072167932,-0.32802246029897714,0.08730309472394715,0.22394854624273633,0.059306278881574206,1.7305724244818204,0.9023655566480709,3.1031170618332173,-0.9026995160481628,-1.5061424085734507,0.8755995608777997,-0.3248263827293426,0.7229312642498583,-1.552388333684343
0.7596260539270356,-3.6568667695681483,0.01289111279799441,-0.5378559987032421,3.159228377720842,3.894514597594511,-1.5480059806418776,-1.5501232852453999,1.1939466170276736,1.0048515859965566,0.5388815991913469,-6.9985438289344755,-1.86634283833091,1.0557513926389723,1.7691733239507395,2.94826843917919
-3.612448948902635,-5.428774736429803,0.30894268409277637,-0.42787693837011115,-2.2318567190625576,5.669996003731385,0.22212080934591943,0.012705573293501683,3.906464781469752,1.1568885256729218,0.484549582765787,3.7824745799212596,-1.3226341019239416,-0.06760748287222303,0.04296412187259159,-0.8599512546913982
1.3709039407618935,1.3669043386108712,0.056917782595146106,0.7391554899436212,0.5783454128813482,0.4065363459663203,-0.10349682063058477,0.06048318203807077,-0.3450769516746485,-0.4211464811530854,0.2636030405540236,-1.6674574474177555,1.0921742416363063,1.278416202342911,3.158496220430674,1.9090550557213264
1.9810284794159427,2.3572887490048804,0.2840614723837509,0.31522118700443985,3.6364278537442596,0.544879329970108,0.3437787312574955,3.749937060917368,-1.7326899310231556,1.6054781665721116,1.114259475061311,-5.684045562103825,0.5651939507313014,-0.7692816420417627,0.3022352661328598,0.46546846004555253
1.6868318457781863,3.76559505808931,0.06957888644735906,0.6096863684334164,3.5051088101432355,3.2954184225967036,-0.14170388750543664,3.960885802327631,-1.7913519217323495,6.569535263782488,-0.05666202600437053,-4.888345194268493,-1.0548363435360883,0.41487525172015166,2.585700414534261,4.259166492646033
0.6201735695015588,0.03668401235949886,0.07208537706941483,0.022861748502759533,-1.3778618808414989,1.2039962353884752,-0.13039144985839557,1.6246060431483933,0.5187352714614544,-0.32370912668980406,-1.275217147730604,-0.5424626381465855,0.2239014475714492,-1.3568826371001987,-0.4630929766343918,4.591214288421518
0.8874197407701395,2.1687469389421175,0.24233006520854064,0.09922864560891835,3.161166058176444,4.339296013330309,0.4174423276827041,1.0676989658980118,-0.9781496007969935,-0.005409875214995228,-0.17453579646367712,-6.4714182884988825,-1.4043935508288679,-1.6715241706800894,1.6703481596857104,4.008940994099423
0.34515419674808534,0.7336032715436923,0.22929178831103886,0.5703527872673196,-2.2963395026196904,1.3500136669739464,0.11167166668793395,1.5950249895932689,0.8563242107107597,2.9648092937123027,-1.2475741075160016,4.684384347316955,1.390763364327429,-2.638720039448679,0.19488423153842852,0.3680271809212058
1.6376081694758262,-1.0842062258727256,0.2904740508957394,-0.30997256522820427,-0.5523845246580329,-0.09451285499409212,0.35560247004448464,0.4446514992218422,0.9200926515707236,-0.42035383093689477,0.33637331960696176,-1.5632942349812706,1.051541211552855,1.714986882205777,0.05765403184699933,1.3962044312651953
-1.6113580871986979,-1.4142307777124175,-0.03139039495944124,-0.31803889152118403,-1.4100405528630866,-0.09515080489438849,0.0798343710094946,1.1374566351893014,1.5741208651418215,0.5379450547306814,0.14125104061390872,-0.19721667520555652,0.6555317965048041,1.8002812245094073,1.3474463547367057,1.6083538099090988
2.179217334368802,1.5744771380934977,-0.05983160417615,1.023913637069139,0.02055992223225704,0.9461673586656953,0.14642709147873265,0.9913091772218219,-0.977813130223033,1.8378817345566887,0.47893177721462754,-2.2118773417274786,3.533707039389722,-0.5546718038906692,0.7203806593417952,-1.1140688882150986
1.6155432113026218,2.095570008761396,-0.05574934862473609,0.1069860529197905,1.0977165716740664,0.8301819705796579,0.03628075883280761,1.672216006651754,-1.9130128571890657,1.0286526481120088,-0.34231304632699705,-2.679978010194394,3.1047994393147316,-0.11547260692671105,1.1987646394455496,-1.0403596699351114
-3.642315229440116,-2.4552188577161314,-0.0012501291010872128,-0.9215660041795172,0.5580700735858963,0.9965802328271944,0.06703180626174002,1.5541330591416755,2.018957807245639,0.4601230516094237,1.0782588525086871,-0.08366433998113416,1.9157260430237837,3.1153850372256175,0.3205248389766621,-1.3606522422859073
-3.695912331445096,-1.1941244484344968,0.021409280928190066,-0.7406938787752217,0.6911374980088278,4.873404831704221,0.15066732392550483,-0.10470478678377619,2.0106636094031405,0.713712073463902,0.8414263706919987,-0.1855295371586282,-1.5705831423731018,-0.03492140939951938,0.41611272662100324,-0.2893349819276846
0.16057383536906739,-0.5999157228258339,0.02233949923791625,-0.2506659223141928,-1.4621704994670919,3.7505045903607415,0.07694985465830946,0.9952845645459208,0.3203897744898239,-0.7086529681804505,-0.1889950832112031,0.3753155242392202,-1.3727612259360076,1.9141895915374614,-1.086297194934187,3.9765713889018803
1.559310196755423,2.490075385167309,0.0772623025487862,0.3828284620183467,1.9732291557949655,5.539857342828866,0.09298357518172472,0.3461296500437869,-1.9639483348514413,1.4422245166681376,0.11789505698186517,-3.32670496541675,-2.962680829481628,1.530281102933982,-0.38976523357261217,-1.1676929946677763
1.0163401456858385,1.4023510758346376,0.24206325930181952,-0.33297475491820483,0.860361059178548,5.3304677570918635,0.1540092423704334,-0.27992655018039236,0.7662307213785765,0.6135127082134141,0.7538209856349071,-9.700830856173885,-1.664793683495196,-2.4176143858326378,1.8813446568514438,-1.3730346851843755
0.27160046457992393,-0.9998623118629689,0.06044558198680973,-0.5246484264177446,0.34222619777669605,3.7739109283752947,0.08818483963992269,0.06275350802819361,1.6173520351372321,2.2772604185288814,0.2520758547568979,-1.441477284776867,-1.5063222248649724,-0.0184224400218906,0.34455380167890926,4.046017798472052
0.7004640496633369,-3.063721432138649,0.20903055184894354,0.32193095192263094,-1.2040766304097936,0.9435535083846441,-0.8798338659764033,1.373435652197334,2.1667738095919287,2.2291685465896496,0.24703536452085226,0.8667488421259741,2.220048821085515,1.8300561769087722,2.809214091422422,1.5451150992606797
-2.8654022170345965,-2.205301955478905,0.28886806438846335,-0.26773651148220357,1.3866528534967428,5.639856250994484,0.22335532686232845,0.15473173143768454,1.8846693856840442,1.2604960083817829,-0.4162089854667913,-4.647205769443895,-1.2603091512586517,0.22709057435657254,0.9042063969089845,-0.1880710078319806
2.013162541545803,1.7562075599319582,0.028731970363337328,0.9695850210636621,3.193684059345776,4.899693634237447,-1.1835802544283036,-0.19155211781479936,-0.9372711319045577,2.268367887054235,-0.37692149261182323,-3.7197319917168725,-1.7118108137236472,-0.27336873268167994,1.2021626817664153,1.519707820892694
-4.785403790848824,-5.103082897985191,-0.016795950103484444,-2.4899342267798943,-1.3197118486005628,0.9602989585810253,-0.01538631979525627,0.4590212167504764,2.270509023551792,1.1714870335104557,-1.682009250381358,0.5417743823217771,2.0416979436016596,-1.2422083337710843,0.2748536625515818,0.056073173046304124
-3.391549875350089,-0.7688201353598895,0.20074912434953,-1.7749863767984446,-2.03960864227993,5.494836143109712,0.17510628099618183,2.6904658457421053,0.24907952796406432,-0.12588786828252357,-0.03564206539702574,2.725497188283121,-2.131576158676103,0.40171859901901297,0.4818112235642147,-2.2536123720332655
2.0257539867651575,1.1873090002702777,0.2824724074715827,0.23781425605329157,-1.0472293044959784,5.554249193856727,0.03673688635293229,1.6788222965718747,-1.0984326681499392,-0.5983045896506948,0.02998116287293241,0.7254374279777202,-1.9209955858758911,0.10996790828377383,0.1935734024276833,-3.795558350788331
1.9086942132303255,1.1378314972582997,0.03143742959564604,0.5752610893192254,-1.8457151140116217,5.027025951876333,-0.2519850415479321,1.03222290473787,-1.6717562777000907,0.8737280868425424,-0.32936652622372775,0.5006863297741381,-2.497425888647479,0.31919717880218434,0.7651205331074971,2.634926979526033
1.9512301251529636,2.877604942266103,0.23664825372744439,0.6547307524566279,3.937438702269781,4.678467827671652,0.11563774534873007,4.260029202629167,-2.4657864751894545,-0.008204043150709725,-1.2427767907655192,-5.000866389333547,-1.9534347256764355,1.5939910453876416,2.081531355522534,0.6280902310566512
1.360569827065232,1.8807913600158757,0.25038947952000173,0.7740071032654273,-2.5227393522541877,1.4103633297967149,-0.5419616036428547,0.20485609216849113,-1.3721275391830696,2.07943121608854,-0.07123652016745419,-1.475074035145552,1.5402138463614377,1.171818733571455,1.649377315156898,4.021933255519016
-3.1142367976244762,-4.454217979910851,-0.1700017371435404,-0.5865971868527458,-1.9267332948358065,1.2294932136605685,0.26677592754969304,1.7686421796319518,5.626588206290319,0.3279540389001274,0.2002417943308484,3.5311096967707805,0.571193873625738,1.337116580367924,2.7239264643592906,4.729522783262845
1.208273865401476,0.625924483257325,0.2894469767785101,-0.054936184618369785,4.619250095913055,5.110943470601215,-0.409146585552972,2.344875578216106,-0.8728400301271215,0.8601270673088681,1.1596387656679048,-7.901083203978386,-1.7121268439162336,-0.6253695320980401,0.8702230411404571,-1.6587446042614176
1.8233640899837524,-1.403424237776457,0.05485533171061021,0.7086453522590157,-2.627376179770899,0.3046004906738167,0.5955066530712461,1.4874211905647015,0.9228722700958325,-2.7670900654203523,-0.12036957040157081,-0.43524781815036084,0.6590729988632373,-0.47608714620959364,0.31415564112755495,-1.3168266054382407
-3.741784013411007,-4.747187350116735,-2.2067063950033483,-0.559977159865897,0.7528089435482659,0.5214817694978082,0.1202470863297128,0.7133758323005647,2.217716202895512,3.3181243127924778,-0.0647253436792948,0.36371449465459005,1.3676333258251148,2.4698180175539495,-0.30342258304952496,-3.472895346905833
1.646567793565473,1.096480573446239,0.07416224054695758,-0.374911634554435,2.2865857531341693,3.5865069247478765,0.10120196728395976,0.3892835431001058,-1.16636156424059,0.8249037926492129,-0.6192948311574422,-1.522106537076761,-1.7440604091961458,1.718008639881447,0.9591131146572037,4.741175597413964
1.6595667562516196,2.5009355801854465,0.1413286826893764,0.6669091504700125,2.6474247212416255,3.6730991702189906,-0.18428706507248627,0.9073710011509436,-2.78120573107911,9.394889289090328,-0.8107992195003992,-3.4815976438693497,-2.32962419397899,-3.889977290871324,1.5533638855875413,1.0351660799545357
-6.306055785228689,-6.268198017572248,0.22082618840905122,-1.2997695060122645,-2.0215908581038007,-0.3069321346376003,0.2870692846954291,3.0334173910101723,4.568492679715666,-1.207116688242301,-3.7898928554036053,0.31217796500175266,0.4979647652274085,-0.3569737605112971,-0.23883374149636805,-0.9103938797680377
2.4691527429717497,1.4900674335327027,0.25528234717190873,-0.19492887980040094,0.9368802388069716,5.985765168142083,0.03874707478531122,0.8687416376415505,-1.465300163926164,-0.28224274932920673,-1.039800100121174,1.0843378621419666,-1.1973198482358742,1.2325935905715797,0.3201581442392445,1.4136162919668935
-1.68249013354664,1.831913855673889,-0.05212039807910655,-0.5202309811853306,-1.6756563483538875,4.550834246883022,-0.7592638065702496,1.3557127226935735,-0.09707076199986427,3.425461157676807,1.3696421254908564,-1.1862374595042904,-3.434083817476661,-1.4445467186809415,-1.0651456988930696,0.13917123242891682
0.35642147785785283,0.9086804782871846,0.41010377405213405,-0.2339897855238106,-1.2404672405740853,4.064684693493069,0.0740444362436045,-0.15323874804699325,-0.9379887191733551,-0.25139510125403713,0.23659116042233527,1.6114639216297104,-1.4677526834190269,0.9039315617539655,0.40133848681072004,4.498135350865472
0.4629488290908816,-2.893943862705325,0.021271772629722605,-0.19495481613941415,2.50525430559175,1.3367040661857224,0.22672251409248156,-1.820925300943405,1.0729884909622676,0.40901470089638786,-0.18551702838723927,-5.269410678414963,1.9961642361059206,-2.5744870697029016,1.8366223731042433,3.801750989292678
-4.273790962520791,-8.238801523474121,0.15848395689139147,-2.155325010652562,-1.3219380426673992,0.7001507240471513,-0.6462293905004427,1.7967847260360685,8.918412241521386,0.09728306746523328,-1.6353370694597582,4.997743083934535,0.8038999986263549,1.3979318842601394,-0.0552764777696424,-1.3250705435161652
1.3601831042043546,1.9192902179280233,-0.06590883994233676,0.30217774236127426,0.41084009949376665,1.2478807269099919,0.10094304759788769,0.7040447492619474,-0.9729763024691943,1.5379093724038913,-0.9998500288672987,-1.1964263959403458,1.894856805615618,2.6653197710760437,-2.0993129762147196,5.90828666111789
-3.551242727612493,-3.4469246739679544,0.07138811481179677,0.12234778391570407,-1.8520597232083773,0.2423650370335046,0.2748279158948667,-0.20018881188132218,1.1502948309420657,0.8002187788959328,-0.2332464974699712,4.071482186805325,0.9639110723775142,0.07130842891673811,0.12960074793579943,0.3495498552327162
1.2999037942753087,1.8834171952107217,0.2506226889331578,0.5329838151741751,2.607276730380767,3.381665043729521,-0.17657479193893524,1.6387541152839091,-1.5366388567211988,2.4287638304065475,-0.2260374264460507,-4.868048498840848,-1.397897426586781,-0.7598799933131635,2.9631228377368966,6.993552848057373
0.7139675497405554,1.098573900359886,-0.04719021655444614,-0.49491692841148854,1.1694203686102727,0.8430060942345615,0.23709390174753447,-0.6148917245466907,0.3443134162162369,0.908155119522116,0.06316932615732636,-2.7562405470814246,2.8808076204073982,2.2375321526993917,0.9063804062951518,0.9742310777598125
-0.8299993664217983,-1.7908331811339708,0.04456407348763941,-0.4855356442801106,-0.6377103585376233,4.956777456111871,0.1042364724910476,1.00091004923198,1.3415190261598837,1.2818431238130417,-0.8685801245841519,3.307256839435767,-3.299250652913534,1.348984404457902,0.5507869276209264,-3.162601300126604
1.4172125616387965,2.3189985012107854,0.005509226968794431,0.3729549182719963,4.431085934985415,1.0088457324026814,-0.1709915902059827,2.3620604906090197,-0.5769567739197978,2.293993183757927,-2.06669005332403,-8.777624619795521,1.345682831253278,-0.37012373378909974,1.8331374577623911,0.4765309098604415
0.29417110179280676,1.6031341552626908,-0.03307587000166387,-0.7665808381633945,1.5846083159383468,5.445774567449986,0.2023930651222221,-0.674608330197625,-2.920567124172162,-4.199678782961307,1.124039626960075,-4.332124631335026,-2.9410638782862115,-0.3072019997034279,-0.15604600149715392,-1.9992349543346835
1.5469673504541164,0.48693401203286557,0.24616605431079563,0.5083640114745039,0.610388088968715,1.1466726334555106,0.24108016015854022,0.4741235381408645,-1.013895864244115,-0.1290962641880493,0.07091409863606493,-1.4063720748201813,0.9175598719065752,-0.16899492804376054,1.887482486737509,4.745451988867021
0.7503578138733977,0.459044070270456,0.0729946033452098,0.8568527701725634,-1.1738864495742072,4.663430324290128,0.09371922840859193,-1.0715000691358356,0.6015532529069273,0.4683096452322681,-0.432104374225946,4.644817492418565,-1.872324868015645,1.888114862536971,0.7229982670548004,0.6228592833788784
2.0342638511683035,2.8662770356727685,0.25339020657734196,0.7095711932720574,1.282462427489265,0.6716070826535842,0.07016724318365658,0.11042252208988916,-1.8722596857679177,0.8023565707433283,1.4505743009054965,-0.0011478051500139082,0.5802241388735534,0.3946698162882958,-0.30779655007451207,1.135668012092985
0.18681198356226797,-2.281434155710755,0.2464027663813535,0.43711270057862966,-1.8375912633691074,-0.12818887715422037,-0.10019942044806292,0.7511324153785987,1.2649807795395343,-0.05811812072294346,0.3402595767392498,3.4810600201913586,0.861623079541042,-1.5536654536533003,0.09075758758128934,-1.8670277164150715
2.213067154095517,0.316593877858,0.02171251778975883,0.040624336718475644,0.6646523386795321,5.5107807247596154,0.38837082553196745,1.7271124795929476,2.007786080759203,1.7179265067172087,-0.005192552330688477,0.7029775693441561,-1.835908658977992,0.3098820114607201,2.1777314534458765,-0.03356006612309822
-1.3707387549454373,-1.6266537546953526,0.20881214852258484,-0.7969836149307851,-2.110174096680626,0.7028504637226259,0.3174157788309222,0.4940421811650181,1.1555383995075452,0.8434255107401051,0.03044399377547825,-0.9436785885624209,2.8647666119892294,1.7665398339882339,1.848036189200799,1.9104624287520162
1.8785884321941144,0.5349448223924973,0.008487416587327884,-0.3802767480921925,2.619568435257225,1.3312680012958238,0.06588196501855664,0.6447012452530957,2.764945409895955,0.2853043742282433,-0.30592830062730425,-0.857250119277931,0.5531271698326407,0.14875424570340173,0.4573850366941239,5.98834527927229
1.0520028319837977,2.3103364586927424,-0.06909800097473548,0.4772604734420913,3.0771191296958507,1.1391321430682209,0.03158437549701172,0.26909949716642784,0.5232232510316769,0.44189902332677233,0.16870646127155842,-3.927253689775241,0.9113541200301752,0.5562187646121443,0.3746973531347056,5.388848061591892
-2.9347690232504813,-5.863767011630671,0.014995927269231954,-0.5971268066139008,-1.6522402231956639,0.4522446812782967,0.7196150443543282,1.7019884066617275,2.270347894160005,-0.05048609428322198,-0.7307043468048222,1.983899199410647,2.554467984753775,0.5396742786906671,0.05784053910765796,1.1164093478255879
1.137253336364724,1.8872474307514084,0.25150455299150004,0.5341818060135024,2.1221440384847754,-0.0555665066623485,0.03484753331650521,-2.066262027612943,-0.5329114794056988,-1.5914796813490333,-0.05492074710796505,-5.85158395928246,0.5254553508147686,0.8677943161011271,1.2321307441874054,-0.8310705748793822
0.5245001832130166,1.3662680707086463,0.1445767799013591,0.06530612816933434,-0.6599464760474938,5.466245259721549,0.04784401253257951,0.7728938757092176,-0.746846704627473,3.9648703508898837,0.4580818240810284,3.5191827449507493,-1.147231565982904,0.4415536498265285,2.2057361689649495,-1.4398796991557665
-1.82544781232667,0.11282655469286201,0.14109825240485901,-0.5859686870191237,-0.19535031248996418,1.177225680792819,-0.14886175798920528,1.8974797733707383,0.9619755735224069,0.7566465392893983,1.428160543590273,1.6072560773222497,0.9642505257467685,0.9254758815525047,3.3001713140226934,4.949003156799198
-0.8233094473520934,-0.8757009510901346,0.27080435381151496,-0.31015384889464276,0.15537327285006988,1.440701631998694,0.35014937571685467,0.3384002871129132,0.974543388800885,-0.702816932567534,0.062342969540560005,-1.949948535161519,1.5267509756512834,0.4468014634381717,0.26816499634256463,5.5918659677691664
1.7358502133716616,1.5543620993414542,0.04850430613114866,0.8684864837743029,1.017924818630776,1.4430525050557808,-0.33359140722241065,0.39686245559574274,-1.1926246491945895,0.5612062099046576,0.4637012731831652,0.7790694179612211,0.7133744670741282,0.6256335776931341,1.6041620625242092,6.045232856072713
-3.9042442336305516,-7.055131227219822,-1.3966391433857477,-0.5120044788319297,-2.154204338313451,5.529671605904611,-1.579543671754868,1.7072633238364823,6.307875660380514,4.391699463390489,-0.7471136720332588,4.395845006766535,-1.8892486588234003,0.708421121277791,0.07185182951362513,-1.676420053558718
0.2284969409449005,-2.678172409222419,0.026907024015628233,-0.45407829255301285,0.6739467217079564,1.3178454891580984,0.25843658337977676,1.2451627194251353,2.0564750543239096,0.5118005615660787,-0.784897748879034,0.5631893826198165,1.5348775927052365,-2.5862410031589116,1.7587158418698243,2.802284356098983
1.6788376428612277,1.6510390789830767,0.040519402087483156,0.7894830989830183,-1.8318407763232398,0.5781137785095195,-0.2515854913557981,0.9415100973585433,-0.026793270937861834,0.7641440083985213,-0.5544102032180677,0.3156706973208579,0.960664960830083,0.9471959027582934,0.605898714357461,0.26271884293726383
-1.4036241760407047,-3.1651425811666223,0.27831322771006073,-0.8108599470834742,0.23987868628503498,-0.0062382660824493955,-1.2975343879651322,0.8017348044853191,1.8975166541774262,-0.224994670570164,1.4355603641953456,-1.044071683832275,0.9724472455506931,-0.34596192673783444,0.15357722936393234,0.7862679634354083
0.054398467607248445,0.9175492666405652,0.17095047692225665,-0.154806137461268,-1.8598668183911855,4.044210551976799,-0.7130831236151609,0.16704468293884892,-2.6267597040241206,1.7611656760019385,-1.458214341608021,-1.9502514110013105,-1.5081489336047698,-3.7293384825624334,-1.6873178683247898,0.010764528255393493
-0.4952347253721995,-1.7506871558093717,0.17469469051197867,-0.5355070863246868,0.9969054566909197,1.2320783498149894,-0.2704289838770739,0.9253616537907188,1.1331678035038044,-0.788958201649952,0.44555864693425146,0.31965574185940826,0.8174168046929319,1.3093927954269589,0.45584081444015323,6.422966899150767
1.3188440348396515,0.8549859537515365,0.24763344188606945,0.050053854073733334,0.7819202377044322,5.814118595582606,0.28006577815655126,0.48440530333123244,-0.30191579916261163,0.5706763887086223,-0.07706197675357086,0.36261458822931647,-1.9092893433944131,0.9978002873764482,2.18719296969239,-0.272401284178819
1.8974279523164672,2.8849265035116844,0.06616008643709619,0.70150202929063,5.014194411887093,5.4313856851245,0.22436129792931497,3.047454306394376,-1.483375983628766,1.7350272663013617,0.6893824273572112,-6.242279918918281,-1.5035781901172864,-1.526464977124958,1.5084939552117915,-0.07338712748304438
-1.4166944301371602,1.591011923925401,0.26576259619901466,-0.5458203668157829,-0.46954095575893984,5.286156434674069,-0.34139307765508864,3.496231572002115,1.2214655892124646,3.2823019854713675,1.2059186606576038,2.2989381392638886,-1.9777247709860264,-0.13902499793456718,0.840739446269217,-0.5000184264457023
3.053230169913395,2.0211558881708824,0.14330667076945475,0.4084050966708004,1.304724542763612,5.118853893595258,0.5563121106442911,2.197419775589447,-1.741644401081313,2.1858879360318055,0.650583002518023,-2.302708594990187,-2.222696431003034,0.6751670492060045,1.4708452013334434,0.747544566248264
-3.0586673943191194,-4.996686602717345,0.22308506908481404,-0.5659504301807898,-1.7395831532841992,0.7202037287745066,0.6459272439383165,1.0792780378607842,2.1234034924334435,1.391208966147552,-1.6848796222173565,3.082025365928574,2.6661231508050856,-0.0799473614745091,0.030983513403508293,-1.235950198452682
0.8917840319843786,0.9406494940523576,0.06403609582196074,1.814038221208725,-1.7158183427001379,1.2348145331607112,0.36723708114295595,-2.7429180172388268,0.7057375645946931,2.310585699406299,-0.48329164908628586,2.0876306484205305,2.4715417185392887,1.7196090416320642,-1.6632919623188247,-1.1285543682465724
-1.4045977145006765,0.5906831818651916,0.03089865959497721,-0.37976064610454374,0.40856853972249574,5.063751715969515,0.08862009525460295,0.394245329016348,1.171900733181455,0.6368839853018913,1.9893269529430901,-2.949269930794068,-1.9347931893944093,2.8006475009876923,0.14678437601002672,1.3298371866690242
1.6976179791924193,0.6526642388586257,-0.03236824891425547,-0.41697461011285264,2.445282103931499,0.8224599676491067,0.06786329007963288,1.0875945248134031,-0.05424413171618288,3.33933904641559,0.6977872650315147,-0.8037637039970469,2.9036901036197658,0.21310365371659812,1.3483682447475929,1.2118322997992053
-1.5296020338780105,-2.0791171701957896,0.13313219762612202,0.1467282522405056,-1.9062684398547134,0.31371966193431255,0.49302250751692483,2.479290582099555,1.5256823258180514,1.8463994951808,-1.2412998751334943,3.9182818537932116,0.7824459948126674,0.5010310134299834,0.55679423182907,1.5642079897274985
1.2038867661612491,1.9630065550537112,0.02548500376034287,0.39792851176529487,1.7259942614804598,3.949352749365835,0.22542666384110036,-0.1645090630243357,-2.7445811173421073,6.835212018203314,-0.058579466158542454,-1.823477046244756,-1.2488538801635998,-0.21360732523361028,0.8109107005690736,6.614876410230409
-1.979949903511649,-0.5946617214196926,0.12222072567417475,-1.2416080618809793,-1.0525029552344054,5.524439591031605,0.058772725351952576,0.11774994733675476,1.2873968819844,0.3190600551221,0.5645548638648339,0.21394199343722867,-1.869190511037065,0.0004862415653064514,1.8014050777190116,-0.6757498761097901
0.9483441967872095,0.8115608863704702,0.03918676938992585,0.7841077089937531,-2.7205452615282932,3.4194409024777355,0.11890491274997393,-0.7096999088642987,-0.42476240237003127,5.141070223136351,1.3934389453241653,2.911941641630631,-1.3571674132129643,0.4782052789431011,-1.8077156175981288,3.8985229417442206
-3.0056571690830576,-1.6529275183767933,-0.005042528637969876,-1.119714389813564,-1.7095736371565022,5.255940923982907,0.2118219426796127,-0.7888975829353095,1.0826580458248123,-1.0867918416988247,0.05296863337755817,-0.43666015586653,-2.8493831524633224,1.4256017974762523,1.6978461620454484,-0.5914718510035282
1.1170435274071824,3.0209542143128423,0.20350463149514164,0.647706186607704,-2.262540457959256,5.169013895267708,0.1818184322175212,-0.8541901240626061,-1.9422231651278754,1.3952537352842231,-2.2924803761820676,4.811109783775797,-1.9659828036271336,2.4724879778833255,-0.49388880160188475,-1.3449233172963948
1.2229696482998813,1.0279646660499364,0.040938792040560314,-0.7870039676961135,2.3825792651630766,4.818953359757539,-0.18670806413647356,0.7374254735587868,-0.13429086547828079,1.9914773061766737,-0.5354032480299135,-3.3187845945589376,-1.628895010842934,0.549054618152287,1.3257950964857466,-1.3263082248449263
-0.43963600441039585,0.04083453772660169,0.24650902635708774,-1.3820726514357355,0.12234294682991187,5.105445517336076,0.24354479266261725,-2.952265984385766,0.3305736357461834,0.061300298405960664,-0.5842401057637765,-1.472506824929361,-2.157657109746299,-0.13697824931416866,3.550612653188577,-1.4916843051080724
-1.3494036674461962,-1.1974259540545793,0.19577568061741685,0.08050568009939799,-1.6784901495759472,1.07525150036391,0.31165567953306306,0.9642363150968675,0.9988881376082117,-0.11897692629280317,-0.10327448344845035,5.51323871815728,1.89835819084776,0.16614725734135624,4.49960463614842,-1.499261048858959
0.4077944408613861,-0.02813345551643073,0.2520172227930515,-0.1680376604421984,-0.8450198454458965,5.423789484494058,0.18469642232908545,0.5367858097764989,0.2304552985685979,2.207315277603464,0.3113357359425644,0.5959386463259456,-1.9725034112660191,1.7452764953656963,0.05354487200153609,-0.39126664212025447
1.6739713342767863,-0.5543243982804585,0.028353615763323865,0.6429688632565506,-0.9682729279664624,1.5873231461280812,0.0549671468767392,1.1501887448759034,0.9023732528351331,0.5266598324082891,0.22783017094852687,0.6813312076645573,1.7182290014273625,0.6320478932290422,1.821436544951379,2.9032562255901286
1.089849003443758,1.645271203813506,0.07046934671409055,0.6076106390959248,2.63595012336013,1.2243504701120234,-0.07275602321281843,-0.10431313689923155,0.6962463110305963,3.6654134163219987,0.7302533926866347,-5.249749455890883,-0.10867116863727572,0.8213419468820831,2.6417934898482196,-3.40920301264007
-2.154838603047209,0.35547839483203586,0.2608075266062299,-0.2521750954236374,-2.179941221111824,4.943312928812949,0.18520789565934975,-0.0034869913471494403,0.6281985352661431,3.3317717356579686,-0.48865849742887874,2.7291511967975075,-1.9031075796783743,-0.17600160286550307,0.43520894349984296,-0.2584449831580334
1.5353119490602558,1.8942250001250511,0.22359240655398574,0.7890144933622164,1.5048812100805098,3.7990721580179976,0.32722644332864287,-1.1657951998401668,-1.2268470508433935,-0.06137014163443126,1.5691011598151103,1.683497289725738,-1.0351738316907808,-0.14424940639102812,1.9152770792378033,6.146450926294648
-1.8498687740258288,-0.00305216579454379,0.2646656180977403,0.025771410992699712,-1.3693548507614572,5.222772429188837,0.1716096362033226,1.302236021715372,0.4335033737103964,0.9863565732340513,-0.362347427930407,3.4874915749923434,-1.7686870035465332,-1.1560060013614233,0.15559937828146414,-0.8631071705525492
1.5358352097357548,-1.065108591968729,0.10924256551666245,-0.16907138683231301,0.7432137996205818,3.6269517255869657,-0.29197215476407196,0.8498146459234507,1.0944719643251182,-0.006464667427747228,0.9678680615978591,0.4287545687619568,-1.3963339751754364,1.6421071851620308,0.17780031549138195,4.233528970099441
2.0992462161429306,1.656571709548157,0.22330048979934636,0.6674693466702444,-1.1778913522386942,4.793522018831231,0.19473816109543815,1.077835641805512,-0.5392855822072096,1.1578497161341412,0.11122426383493961,1.6489287977581908,-1.980487041725043,-0.35511579667491705,1.1603630402642644,-0.7605397399786696
1.6459372242613972,3.350010651691175,0.23610738259345881,0.5152640629575886,5.639621131744419,3.492052013035336,0.17452526876312982,3.1493567198826766,-2.327464701063287,2.1287908223216694,-1.2132293817153752,-12.149510407244732,-0.6869415466312794,2.351727222864436,-0.5746827202984772,5.898243385700544
-1.5127548537485402,-2.780625735962841,-0.0646544507645949,0.16186589754944225,-1.7930791949579021,5.211581262423345,-1.0164129420571002,1.0252265598134993,1.1018733824213465,2.312559816655049,0.3134938078036847,3.783873595667663,-1.6519685776942952,-0.19855020825417466,0.22741628240266015,2.64564376747254
1.7152193199147345,1.6176824841888897,0.012482929096831097,0.2684556754085749,2.632843859156421,0.041354927245353564,0.3349298401432412,0.33041410960785056,-0.4962888357460326,1.1534757368534005,0.40638853422960786,-4.449606941546926,1.0853723408903497,0.4598073774893705,0.9068732956561759,0.07652669193678169
-0.8014877552380827,-1.1501954697307055,0.16389098734393362,-0.6025931847300827,-0.44748367557476665,0.14800332822776538,0.09124181226619836,0.11541518276791718,2.2218472928613147,0.07556521245527255,-0.7963434584385451,3.9807824150600877,1.2319138427720886,3.2232401411693234,0.7749552782425724,-1.2831637362576795
2.1845744331476364,2.3999613922293634,-0.020230059427444762,0.6900951763552213,1.5568562730110165,0.41057772790731506,0.10483876719528562,0.9936474442138246,-2.338501929327411,1.1403173717094357,0.6247143293876773,-1.775661421431573,1.1027183303298542,2.064330745699903,-0.07102049503432949,-1.7943877126411074
1.6720725392190732,2.2480086029145125,0.2703553036252037,0.4270012479066763,0.17149994168969976,5.342941102621804,0.09392871280886061,0.8277082075815457,-0.8122173709632375,1.0294950216980245,0.06507365322723598,0.6034115746590334,-2.027523319750715,0.2915046669456882,1.0133405245847975,-0.8905074964045239
-2.637019433470471,0.4651521822658883,0.08572934726424976,-0.11506492789512793,0.6552507674756025,4.952021269012157,0.10097668641541811,0.9662910897632419,0.7683675907393849,2.5915684410235693,3.3218009267473794,0.18950503522261058,-1.2730387237433933,2.5179034133807554,1.2450650460664003,0.9348014290964635
-2.3586438311121265,-2.0861705011159115,0.0655301371573196,-1.132234508560322,-0.8015406635459529,1.0366000226992966,0.6864649537985471,4.879654896414431,2.497385853783599,0.22319058821408416,0.1824607862829607,2.9115810212097735,1.0022024890341972,0.35868389019884367,1.7753189232661615,7.730833312836971
2.265196609091322,2.5206990646042677,0.23634988287471154,0.672343151839611,5.102804487606575,3.980115796372753,-1.1547530317775114,0.4925520645582561,-0.6938995091575139,0.9165055185643758,0.4343364867247526,-4.825993716058116,-1.4885021289951863,-0.039221198896561636,1.1092110865506026,3.7444301759386596
1.1933228672923508,2.1849527795984054,0.23994527405856853,0.40418774247295364,0.5347912822584817,1.2468391755203385,0.16813702650407705,-1.0842692153670077,-0.8113719329896876,2.352201551567952,0.38988963545024113,-1.976685252296385,1.7296338667146092,-1.2694390265380866,0.4927826395461228,2.831657324761467
2.5547716590107723,1.8776243668191028,0.02869548080726746,0.8612310694426281,0.12451977996409976,4.9664344273865595,0.2232410923276975,0.564111100757663,-1.3118462649376157,0.3197474981486107,-0.16566953150754657,-1.7000964311688695,-2.4260461170336645,1.7300827943728296,0.2925361556446469,-1.5438252871808515
-1.9118798448193466,-2.872850829393098,0.047745797847604514,-1.1037944024125939,-0.6895861187535918,5.080103812479332,-2.4607436146177153,0.872139094755727,5.6116837151526955,2.526466417369864,-2.0990832555371344,1.8843289626694404,-1.6196213627497582,-0.27904650618574034,0.469661123691992,0.023571973657254552
-1.3314093848466204,-3.052149238245958,0.23898217030687727,0.2316077122511725,-1.3084527078708954,1.000673603172071,0.18301165576460598,1.1716393761878168,1.8237018847076765,-0.3684211403842044,0.07407295701995928,5.518558355396641,2.4795871841404034,-2.4014927087836866,0.2705558518369244,0.6032328914920505
-4.100739807441834,-2.5641897827381657,-0.008169205614234527,-2.1778497088803523,-2.238998975584432,5.358465857577364,0.8645170696603168,2.990894969796033,1.656045782579813,0.43127913231167697,0.9620325910930732,1.7275038607386053,-1.5006712788881054,1.4518539171650526,0.7350961191097223,-1.7601633629070872
-1.7684323662761146,0.570380935106035,0.2392145230569381,0.5033311486726766,-2.152189111983344,5.042002148071188,0.28575363174387824,0.7318581288426683,1.1076674694294364,0.709263482007222,-1.2789336639860347,6.271577170046381,-1.270513658768336,0.06903942644902437,0.11665859721660546,-0.8081339373317922
-2.513443339484172,-2.852598463224326,0.22498555429765596,-1.0835489899759927,-0.6757721334917898,0.2884666460723322,0.13500167254719547,4.664142656643746,1.2164624120111378,0.9816353564497925,-0.7235606513936507,2.601453681078262,0.8209029052689123,0.5793879970894773,1.1095575539807647,-1.6430590793690902
2.089641570459733,1.7009473799009587,0.14628707995866974,0.051069945446055316,0.4798983972245836,5.573974443671768,0.1742953483192091,0.4679321364794839,-1.1186009663402467,1.0656188330404743,-0.07816740887038873,1.3636776370477601,-1.5534808605924508,-1.3161281495177852,1.6945746964955344,-0.5536675450877057
1.5777499944275983,0.7568430977096345,0.06878164441054509,-0.5216558812899577,1.4338210393802608,3.804703373430802,0.1083754317365072,0.3019085691476324,0.2711802742633662,1.3533870002313142,0.5892133596449648,-1.8915832819973477,-1.7574233862745243,1.1547914181137031,0.9138148756075452,6.525468664030943
-3.6259010364809767,-2.563615881883574,0.32297559878784826,-0.3282299953660282,-3.0343197539059896,-0.28816825971382926,0.21244129396208705,1.9728640433039282,2.186644989511403,0.747447691205606,0.18926074544630264,2.8693386272848462,0.3901943074243989,1.0867253878099568,0.7493145022810005,1.3162074856531372
1.3218324471076124,1.9346859284867812,0.045628844888773945,-0.1789604835387736,1.6012840763564888,4.520086353643619,0.18368245230005353,0.49191943066480853,-1.02567493018426,0.730373299280616,-0.45322180219353303,-2.2736016608524015,-1.3294159155392233,-0.242641967800671,1.6920527803116365,4.192699532095695
-3.1825404596693283,-1.2252690717002288,0.022634846657681073,-0.3727421841589699,-0.8190020280410574,5.268990955058323,0.11573199030365657,2.251325212527496,0.6635409436036127,-2.146429959553915,0.1652054567469417,0.9623535592949081,-1.3362406700316638,3.7418957170648284,0.718573400725731,-1.2263661176615959
1.6505401581338102,2.970705995469922,0.0668355327901184,0.4424573376013093,3.118150239221225,4.400222325504786,0.02785586642053929,0.7838584579631366,-1.6594876504575509,1.9089215369232455,1.4746043056368856,-6.096624833281925,-1.4496138976000381,-0.2397446640719875,1.2946990901164546,5.695388005037333
-2.2415916016322015,-3.919139591090171,0.10770062061319992,0.6158282474953385,-2.5964251916324037,1.4302925129375266,0.4131296424922499,-0.6709887231527231,0.6147185978039142,0.8937099955443981,-1.0171443996095422,3.207294354677375,0.980972504911039,-0.10995771102895546,1.6546101947801235,5.2855354369222125
1.2967531565034627,0.3195500604311622,0.056958821550978894,0.6207259772929479,0.9975754026997534,3.9282713743311453,0.2008746219153044,1.110448849477904,0.365477553917736,-0.9216872323145099,-0.15115801534226944,-0.23197883687081286,-1.1744688406504615,-2.4270686081095882,1.788307438944405,4.791873184357042
2.184943993382742,2.1765385502117542,0.06441109694698713,0.9755423515463214,1.046867721736094,1.5658328222065836,0.14213892368195524,2.099832369765926,-1.7939085951442029,-0.7010337398389185,-2.8511580513539023,-2.0296215104880564,1.3590392204996653,2.5063862007777993,0.8613808089594447,3.8944091275952086
1.3048316932754305,1.3897796071003155,0.26728437038551034,0.6246854672175927,1.26589283611868,1.3222961847143346,0.1636706024056522,0.978892776514333,-1.0253631337771636,1.580120159745453,0.9170503910741339,-2.05685678651656,1.6683503419053778,-0.44594519143779554,1.2848228843041247,3.4895095116602683
1.4751212085366332,2.0164123802060465,-0.018245160587734555,0.6186717655093071,0.8768642575934572,3.492354471978588,-0.44732778151043273,2.506198854543999,-1.18757739621803,1.4523957057022645,0.7583870821570209,0.4315185760203524,-1.5834819848404476,-3.605855914796264,-0.8731498420228763,4.574712515381676
2.5144528291009105,2.075242929502856,0.08760618305265531,0.760209039235174,2.6795563149675763,1.5937753642802255,0.07777885270245934,2.828602416146609,-1.272266872170791,0.6265400261795758,-1.8473470796043845,-5.490387396009808,1.331006765862908,3.519675780727007,1.222500168499191,4.51240819657837
-0.31764510967175547,-0.18855980863463964,0.08834093432185906,0.7354573595598174,-2.7084588164071954,3.2464924609197356,0.2741769202897082,-0.38410134456703654,0.37838091568817006,0.8156916318628132,0.1908197419375925,4.264704356732973,-1.0985444788371064,-0.18131549022080198,0.18937030954712722,5.226824035547529
2.314816112878917,2.551436523979999,-0.045961849983198744,0.5427380070463167,5.00389836523761,4.490217779179814,-0.4725467845205246,3.50886676780076,-1.6391109868596268,0.8457647289289998,-0.686986797339389,-6.738887533895779,-1.1305102496688082,0.3981296536649609,1.4004910511761637,1.239536847254742
0.5774427257286536,1.3983484411012495,-0.200768237878806,-0.4015171873221076,0.3456884461325523,-0.07286949008130572,0.09489889271394111,0.1396218518166493,-0.6891256841202386,8.314574486876747,0.07156228995039603,-2.9213288441333995,0.8253991581520056,1.2600983919199633,0.19469903734516472,-1.4847093760786705
2.7940303131069175,2.702028125919044,0.24121293722462755,0.6468801513075129,-0.624073251250667,4.72230406674001,0.08765627714190996,1.8337995717124054,-2.0923161694905152,0.8424250468088434,-0.5722478974328594,2.145272375153038,-1.8789460625247678,0.8458464946805564,1.3212568854471163,0.4020869641445594
2.647796209820999,2.205818469287107,0.06188130963714376,0.8060067554379726,0.05307005801259172,4.670415814652251,-0.5808159740751476,1.1754243192085556,-1.093399910941097,1.569107528753135,0.34114453819225166,-0.7967074344617286,-1.6808660263252555,-0.6668826144087994,0.517758283629016,-1.086331727501491
2.0062184827665317,1.5054959718369103,0.3334989350172965,0.6617654427449065,0.6539516170929525,3.3530260873056825,0.23598322954440729,0.7463497670628335,-1.1144211830570177,2.10788506376283,0.531804801366749,0.12042432146898571,-1.3231493816107036,0.07264615039107136,2.757713320104558,3.5892974159622293
0.8580672587051458,0.1779453434612023,0.23746583795453427,-0.6619084897828521,1.8870095340265367,0.9304199143875108,0.03037549893426665,0.5062000749753727,0.6177432472480175,0.07218748775516057,0.07816502077309842,-4.0887728377825105,0.861881687294633,0.12747258490577323,0.5416625727093886,4.929095446612364
1.0477350809415535,0.7062812863051829,0.06124810093858359,-0.06595142429712675,-2.406177939746647,3.252212323856412,0.16959511787913134,-0.9111007610390071,-1.3047317123924964,-0.34853769388087025,0.3993586254579355,-2.190487291045339,-1.4120017556227624,2.0806693467563155,1.4447428643923415,5.078072052057602
0.36342395287690843,-0.21448171124774923,0.03544323800990099,-0.33116090138640697,-1.627981076795847,3.70841913467031,0.08086777256127387,0.5014733626163691,-0.019765920712465752,0.37152726507724115,-0.008707089646147054,-0.3046381120115515,-1.8530998428171606,1.0840248398933428,1.2335101057707207,3.8628901682311456
1.5625205873468748,0.12483903422655485,0.03552320207426727,0.9334076723848383,0.7498614318003491,5.50298478285087,0.3065670769663332,0.37976676321654346,-0.2482308238630722,2.643765949281221,-0.134241944288806,1.3265455310884349,-2.4689374957336727,0.8573243973362388,0.43875806284408597,0.9777634130891101
1.9592607091673708,2.7466443394767293,0.24040525551621753,0.5964950956734096,3.635273774086967,3.3851949956394765,0.22578734866656652,3.33253752973428,-1.5829429280814782,-0.13874960214896026,0.6931341642792099,-6.2767756323448625,-0.8606560089349982,-1.931186365800087,1.7019460569654121,4.534061154006464
-1.8885197522410653,-4.699572543304606,-2.9295541954321407,-0.08013172933983832,-1.6202822243578412,0.2909722592140177,0.4062485505238335,0.15131168023582295,0.7569443773029403,1.8750517635900041,-0.5454712385227146,3.0656244855746526,0.7377898584755819,-0.835196542995514,0.7451960242944554,-2.791863029881601
-3.514932340753917,-0.5138860188288601,0.21310760091571537,-0.1840262902656618,-1.4011963701813128,0.8558727692909038,0.2911018734174862,2.9995439882708133,1.7067773635938337,2.0330193863174433,-0.961681365450426,3.6036299606478357,2.439998270712347,-0.23749051908866506,0.36500460435143744,-2.2707999217574746
1.9468638425813214,-0.6973769005406247,0.03706461056339488,0.8320422794792516,0.615603688831522,1.6136087581690515,0.2620681629789428,1.1350958522642016,1.0474777302733136,-2.7271861967606186,0.13321478996886044,1.1550509768217236,1.4406070696050675,0.8721537197414793,1.3907746294710701,6.148870955552915
1.4932519442565166,2.563716735278581,0.34337105459732137,-0.013768709191565432,0.38198617610461255,4.921995535493775,0.09173079834532444,0.08095514246909753,-0.5644516038060579,1.2716185599600038,0.8135957177164082,1.2751950854790948,-1.5835993310196914,2.5576458399263786,0.9245351937223066,1.10364642113992
-1.5966547504236335,-2.020976099228389,0.036457912044038664,-0.9400332553065089,0.16644552913437305,5.313092150297525,0.21761221949449105,0.3887131013710033,1.1118360386554178,0.815959981544909,0.053073658994354254,-3.4812263253055424,-1.7066009463333063,-3.317531555216796,0.5703389312458801,-1.0125741364605187
-0.11447284128086883,-1.344761037573175,0.03420370858001658,0.33602395530795326,-2.0234304369114224,5.468629711183883,-1.8081514472344156,1.4237562312906913,0.8079767749570335,0.7425815654599913,-0.6364413507660566,3.825568099315349,-1.7034072564762446,-0.3311391077448685,0.21651969147387148,0.8133365795645813
-1.8761723684658882,0.9508717925798628,0.1673361600548975,-0.12627957467805637,-1.712730916286163,5.187431186910723,0.05791032180729963,0.4206866664169136,1.8343805890126192,1.7204161183304116,-0.058401979584470964,4.848913707424446,-2.368560601876425,1.1442701100704697,-0.8733430875857704,0.251664841813225
2.198396492205688,2.459790362281709,0.23309097537326318,0.5966992233205322,6.658281584496851,1.5387073413787502,0.10252855908529944,3.4914866377684017,-1.167679585211834,0.5511844056880604,0.25470380726287967,-9.224768416081199,1.478824676814331,1.847786097588834,1.8008583834688376,5.323796301917638
-10.923559005930336,-11.14011121828657,-1.7439990345189298,-5.028233363233517,-2.759534977166584,5.440100109771267,0.12874967312115812,1.501971379827016,5.682670747502742,0.2216057734987141,-0.7783814084593502,2.96972136866149,-1.279908408318723,-0.06758265285916726,-0.5103056115187172,-5.978859523717976
-1.5774647173336085,-0.029160465207523405,0.3901222683038444,0.31501954849451863,-1.8812597480575335,0.8224055197113905,0.03445754853934427,0.9080604900378116,2.0163674557975604,2.4007423731423096,-0.15623640743214737,3.5590740567325887,3.2920288134619784,2.0075964937638044,1.8227849201381439,-0.6382344697586811
-0.7692140763092026,-1.5662542181347585,0.045207991858052646,-0.48621154877728207,-0.4930339884873684,0.9523221248979026,0.0778223165792237,0.9591696628401799,2.237628739636463,0.5207237288230451,-0.07969794005535863,3.5343735518395465,2.305095678467893,2.41826622759208,1.9560670340696709,-0.3659032624545788
0.5524750837691351,-0.3295226763914651,0.1383503204392897,-0.16124619784487318,0.47836252156214104,0.7578980165101302,0.679303552728316,1.1009749930877681,0.8790450991939961,1.0077436068084171,-0.49607755140493914,0.48654905089412537,2.853141102585324,0.7173140034182072,0.1442385502889158,1.7267564349469247
1.1195365326042999,0.206450825461024,0.02472008231770461,-0.154078406469704,0.4712960641974045,1.6462023893624795,-0.11030383573953126,1.09724316140739,0.0932670749405011,1.468729290840954,-0.430089778882308,-1.6114714067576057,1.5673404953546721,0.03424042473702054,2.030074476387176,3.790238756736664
-1.5221137095882624,-1.92597248552205,0.04793904767920503,-0.6376978189531131,-0.5208887886825756,0.04443486190499009,0.05036703468027295,1.2504736642303802,2.409603723737842,1.7776438103927628,-0.14151813581899764,0.7853524208660402,0.7144471145769943,0.15361437518452056,0.17059669354171927,-0.8858295187666196
-1.7090102704895525,0.45797271857584576,0.16692686414135072,-1.320957068514116,-1.0198867164839438,-0.20305108077037695,0.050026068077933465,1.4608815114252005,0.25194251275612883,7.256257725060777,1.1822966978384573,-0.08311408919504984,0.824682394556428,-3.9431460909245,2.484684537908846,-0.5080703695462
0.7818826689296311,-0.672303231975203,-0.05806020853279703,-0.26604659062505753,0.43689129519184844,5.321231589821883,0.01594799406116131,0.7851609076250115,1.4204354427044101,1.346173575996317,-2.4060262670243397,-0.5447836909121259,-1.9943832675301878,0.4079091339050491,-0.13809718112283034,1.1055451476930442
1.247967760476405,2.3773197583257857,0.24129543560741482,0.46117875984625656,-3.3497202434397413,3.7582003134493283,0.21088082153212803,-0.8835891669715108,-1.405336271127866,2.072876791180238,-0.21044449588058184,-1.4661131721011593,-1.3823869005250393,0.21122356164443715,2.0026350215809354,5.503767036709643
-0.5011462405684652,0.02238522838207139,0.21758828988399342,0.38641774214973734,-2.0709046235087443,4.066509796252147,0.20918686806007133,0.33230036798354784,-0.045315541294031314,0.16184642997243115,-0.20901102377303885,4.100365728829692,-1.0269817711038056,-0.6789419129867884,2.773685368087945,4.389421644437326
1.5130375352747578,0.47503187060978064,0.006782184444654076,-0.2055318578997857,1.0892574859875503,1.584398057111845,-0.12777162777943116,1.3569277412098963,-0.24976917825148304,2.33839233246206,-0.022846490805314573,-1.2345088875118397,1.9412197740163148,-3.152529321435664,2.4450749345569074,3.556820371129979
1.777983923474222,2.5513676899050175,0.04582850345309125,0.05564957710929896,3.6797930886358765,4.566007738507774,0.0577792945648474,1.1272135532830834,-0.5996183972542664,1.1421689863410185,0.16718452441632614,-7.099260758784105,-1.1790678221488127,1.9894593686896822,1.3281443526744952,5.023938676471112
0.6585998613072842,0.09335481953358117,0.2693053499406058,-0.19689129991411067,0.4655357591208447,0.194933461326871,-0.022620917118669072,1.5064356196058384,0.9541784045658813,-0.7607541724494525,-0.16616038773511183,0.15406209906163007,0.8001878216158173,2.0220937655088895,0.035728884572640826,0.6256292072849479
1.7833840299285002,2.3766352004507927,0.24774075384338035,0.6316774791116317,1.8148431653463468,1.016555959513781,0.1643571316723108,2.159472824902917,-1.7341907426120693,2.1067767897007683,-0.12893076030433273,-1.9630845587276855,1.1559891362301988,3.461936702031818,2.151895463481699,-1.3311437361360263
-1.3372158778761418,-1.83398490933683,0.9234569151112498,-0.07065559078139083,-1.5293849178177825,0.8135573167196118,0.5096910625462497,0.8189254404505013,1.9284062179084824,-0.567207863724029,-0.420922222573141,5.688712087802916,3.2832397100936483,0.5175702890445919,0.820632805876465,-1.246880349723881
-1.6183074888421953,-0.693274333210796,0.1321365352645855,-0.1064150119095,-2.5519070979039573,1.0613553267389868,0.3357345360620618,0.0623666342956579,1.7071285122017437,-0.045009111040363065,-0.13931840406816154,3.950187359610726,2.867715455757794,0.053036119337937275,-0.1746776546078248,-0.1323182401077449
0.21839813637603836,0.06919044005196172,0.2519051618564183,0.3700110931112666,-2.025523762666315,0.8721551649229128,0.2678244994680828,1.2635141890876131,1.0615704868953115,2.114230875459299,-1.1106409930547305,4.420939424323113,3.3215006560345683,0.4337944306940364,0.09168589107551574,-2.5362658821699693
-2.21686410970324,-0.8125577993650632,0.2210818246020108,-0.18557678013158732,-1.7148740810743575,4.2448154949501715,0.4176565271246813,0.08257134127565785,-1.5244028938867236,0.683372451333951,-0.07217943205803475,4.915975819392347,-1.3606785075409897,0.7766329037784359,2.1881936290140014,5.644213247893515
1.1451498100533593,0.4871793458393843,0.04799770546292484,0.16565596201570185,2.206695611942304,0.808353084378743,0.09390874235434495,-0.7423949651357832,1.6587045853045452,0.8874308071494191,-0.4825545479261261,-6.096159511424202,2.887333028948431,1.7102025988568255,0.2026142619832148,-1.7941373229684296
1.1662245683410633,0.2738032434730482,0.03339453849532364,0.468194724243336,3.0617710222139625,1.5273013541189164,0.11218834073557031,0.5497728571686444,-0.23144110263421375,2.373767235883262,0.09802214558548329,-5.299338359178525,0.6288519864958045,2.240226557909506,1.5881705012718192,3.8181866276508334
2.509859048310282,2.603337443441391,0.44699074457822774,-0.0012619538799821877,0.5595529455655771,1.2508320661004348,-0.13420737558474183,2.626794027261217,-2.114389476492303,2.058155728802604,-0.8706615378870977,0.477495398483551,2.1525139166591534,-0.1240580968782609,0.7358591594172582,-0.8356013918230921
1.9181057739042815,2.5059366299804777,0.02432527160551356,0.8159341616729985,2.7684081554295656,1.2359317535985184,-0.1476919445994507,6.309172573962265,-2.8683768413596082,1.1725059987976334,0.6625400440372291,-4.56131783333593,1.669613852034149,1.2485783237312673,1.5156654413411723,1.530982656845121
1.586629609893401,0.9653631991746094,0.24335779628991475,0.6688081499321413,-1.145977577115215,4.31677894294622,0.06899770838346891,0.8413303989438604,-0.731857146375781,1.0156437922834112,0.05384451084242859,2.2932088125839063,-1.3047742314331734,0.5776868853125061,0.897965765416689,6.4228885965446905
-3.4028474311090515,-2.309676365878054,0.1420011708963698,-0.13298716375734365,-1.9905528646658006,-0.22512074278332367,0.2610476998523582,0.43732732285532555,1.4026754803768489,1.576134755106082,-0.37329773520372805,5.80503257024454,0.22572935390279097,1.1352801251506575,0.05571980007707701,0.11309359789529176
1.9216875828046156,0.6327155431840301,0.2929942791134579,0.48161783669951497,-1.2883214714392466,5.639585086760746,0.15541483605697418,1.5834157636376724,-0.8417249943573036,0.3160353652809138,0.06777691337122813,1.432219296298301,-1.5222069496771817,0.058845538964816736,1.1596693578445227,-0.28238369696411736
-0.563876189932971,-3.1314015392243886,0.043896759647050566,-0.4657229883541068,-1.730268123305764,0.24967604904392232,0.43314665018419796,0.3429089694394549,1.7400294934054523,-0.07488134207534579,0.13617350744623133,0.6783861620050252,1.3213098987395127,1.9247261570034107,0.1977224328724272,0.6030558363464474
-3.88652431991475,0.19554499663739452,0.28284191515505025,-0.7956124180466067,-2.0501372030371487,4.969624379225683,0.21792559264806788,0.020710426529457166,-1.2864501068777843,1.5021175345551898,1.4305488830287756,0.29594868817262737,-1.6193972798661431,-0.37978193286880724,0.4942386673607744,-2.2314071887770757
-3.5624349584789874,-3.218461207822493,0.008534842140601396,-0.38864800104640196,-1.724935678161037,5.106096920382675,0.06095774795350721,0.21241914386544636,1.7359910239274559,0.3883943245496043,0.023199271535357318,0.08014974867450585,-1.8854764215799409,0.33640646443685895,0.5075961128912958,1.810724007800008
1.5140200294030066,1.6397283924431594,-0.1226541655842635,-0.01940475281987593,0.5425394137280547,1.5504395409676732,-0.35349500941273865,2.0879947318053755,-0.8508333358269518,1.2283603995624681,-0.12427005223418108,0.10994215323642334,3.2116095551018313,-0.25368750911074206,2.6324791614057803,1.0124595405601318
1.2958912325948941,1.4132403147367842,0.04812744278888981,-0.7470869146841783,3.353263932358844,4.0273516349518,0.1240827394155454,0.9230326914692429,-0.4999786990754983,0.08789802933388038,-0.6611897585214368,-2.467200155877236,-1.3368725091653006,1.4153311099572174,1.8241736406029057,3.1587062478635834
1.6847298995135827,1.1018179048840073,0.3090590656909606,0.5199288434970748,-2.909448465693224,0.01283988109125908,0.061377673385916987,0.8649586363372359,-0.9937803303863189,-0.23143041802119832,0.2509073544087972,-2.780866457307881,0.7611575791706514,-0.6558599581230288,1.0349032462558811,0.9675883525202396
1.1799128751795347,2.825932025373845,0.07794013144734277,0.5109299801729432,1.4764918946255536,5.248480779819522,-0.047985563274165824,0.6718255319433285,-1.7551291805398959,2.630314778082621,0.2116402970349445,-6.541154628414495,-1.8744192216960447,0.7667824774035118,0.6805256794140707,0.3378593108665848
1.0232884034201026,0.35500295164409323,0.07696893329158921,0.7391203614977966,0.550730462201594,1.4867039014396388,0.30336571793543654,-0.6227313263495403,0.851737126602708,1.7046765941069761,0.0766420017375382,-1.0240615513501683,1.3077915547500707,0.14601282178845615,1.865123873026737,3.7944062103502554
1.5460196791600314,1.8126988854719908,0.06602019762049444,0.999854008605192,-3.0371193127479787,1.2735081055648723,0.2609762261692726,0.7895001715554509,-0.6340570153506053,3.3503146174931553,0.6822877248903769,2.942050510723562,0.8107967845082328,1.62683940117932,2.5074405626845495,4.126899005604027
-1.2502207505077418,-2.1347132934823376,0.04398598190808876,-1.025289241616144,0.4818547924626119,0.45122858638816704,0.02345872554908507,1.4204248985814107,2.199000380277213,-0.18943861626066136,-0.9629626094236096,-0.8027957041122123,1.4352143555095584,2.907221550198036,-0.15523217177521756,-1.0147341480942358
2.30111279532831,1.1441671872670578,-0.040090239560086956,-0.10993917270343978,0.12891188411908444,0.9559993254585657,0.13559382703022851,0.10368793435238766,-0.9639771287154828,1.558525053108844,0.07530807528976653,-2.106284025081261,2.310847020760128,1.2922800129614385,0.7657283086839237,-0.8110277528861732
1.5555883799192367,0.7500653218441042,0.26763135988057735,0.5769518240368323,0.2041520270442504,1.0064324783736533,0.019457095273115697,1.6781226815910117,0.20424264191304828,0.3186335681061417,1.4303367440866872,0.5550769829203466,3.5594875592043786,-0.8704113259729317,0.34564940422360785,-0.8412786634776928
1.1944506095530347,2.001334459865262,0.00021551887901143457,0.3635519012686784,3.737121980037072,0.9009285197999687,0.09396809658845623,0.26733152597260273,-2.6940090452854304,0.20760696762710484,0.6506353052903984,-5.125000055551649,2.058786223314582,0.02655595291373014,1.294039531399799,1.037368128259119
1.6116929032748517,0.8369154693429413,0.22349133321821119,0.774952088865985,-1.3043098484123765,0.9154964235772842,0.1124409277383349,1.4164148879138736,1.9527570661188114,-0.23928244522050737,0.05738538868346335,0.8903436387310292,3.511847054393564,-0.036342435279311434,2.3486690332496223,1.0516019223129434
2.3922944246695637,-1.1088565845508183,0.07540502662773496,-0.055842716499013366,0.530731542257559,0.25350267178415287,0.30815775337298507,1.325353701724949,1.229867052321256,-1.3850693809594556,-0.11816252180082464,0.4682881485502526,0.925540441892121,1.6748457930032037,2.911096133700154,-1.528237364629288
-3.2952866197930843,-7.057670081215382,-1.1246125551790165,-0.26983409806243924,-1.346829502527672,0.7282953487293208,0.23945150433849818,1.223948790146864,3.0637211706931295,3.644158029604491,-1.0889575714406692,3.592851062022451,2.731816585816972,-1.31444176582591,-0.6456984443109777,-1.827362316939161
1.4507798999767425,0.4113088830972415,0.02527445993808022,0.028975221633624544,0.868374046245947,5.32689854001639,-0.18916797762697093,0.6701680663641972,0.628233093300029,1.6292675737640252,-0.38014732486533237,-0.22786264336168321,-2.528811370547869,0.37503007345995637,1.5897032574694823,1.3399350119196702
2.069900272255432,2.2212341169364365,0.23659192964821724,0.963033990660131,1.557857653850865,1.443602668121644,0.14807886769078285,1.595845039882849,-1.6382820196790278,0.8094063146427531,0.7296902106239816,-0.5633415037454007,1.5538563629654751,1.5466864400399096,1.4830911638954614,3.4711946192819516
1.2007952608526187,1.9258630052950554,0.038617920192954756,-0.09129124414797209,3.248602019770256,0.8806629200659088,-0.07460791154232091,-1.4017082263109208,-1.7483219121909082,9.517295654733982,1.18084892206283,-7.926777281231029,2.6128402243876625,-0.15842933465278208,2.618746041732915,0.346622226540912
