GC_spacer,GC_target,GC_target_5p_context,GC_target_PAM_distal,GC_target_PAM_proximal,GC_target_PAM,GC_target_3p_context,Tm_spacer,Tm_target,Tm_target_5p_context,Tm_target_PAM_distal,Tm_target_PAM_proximal,Tm_target_PAM,Tm_target_3p_context,MFE_spacer,MFE_sgRNA
1.615340243260217,1.206433230947878,0.34685624671464993,0.5750775623866892,1.227936381911445,-0.3257930407350207,0.052707844046051784,0.3270101781956372,-0.8203308626927183,0.4612679405352946,1.7595627166166574,0.060141581794371006,2.2037015931495523,0.3877808428345856,1.6498849164742182,5.965863310135931
1.7678077680841453,1.056689530958228,0.34685624671464993,0.5804975945047536,1.2357836426177176,-0.3178962230093844,0.052707844046051784,0.17566302371188294,-1.1380995082670027,0.4769936916405973,1.2966879671466707,-0.02827939067212394,2.1901490521688576,0.3773670544982732,1.5929645307514864,6.056519146872746
2.1429108874824814,1.391750249658692,0.3499545026966427,0.6713522007078677,1.391212408322083,-0.3260205174465658,0.04354892917986636,0.24843131159064466,-1.4275226135100902,0.4908868461592537,1.0892457040014205,0.07256115967493044,2.192978575962654,0.3382717101829986,1.5964583199764064,5.877933531312443
1.382965286935184,1.2151253867455043,0.34685624671464993,0.6976949204803049,1.2740648416028069,-0.49506131346511517,0.052707844046051784,-0.009463472464714703,-1.0620897437560577,0.0741306322711524,-0.4658972636890433,-0.2758417455597461,2.0280087881233464,0.1996820312372743,1.8314712523432244,6.835823917375031
1.5567181812812831,1.0525156359928396,0.34685624671464993,0.5798869984633378,1.2979765139867296,-0.3182164364529214,0.052707844046051784,0.059892707719436895,-1.2688343226802128,0.4523681050263759,1.2858636261087857,-0.09413662347923292,2.1943009119440338,0.37377766160034365,1.7007307035094659,6.1838084953309655
2.1429108874824814,1.391750249658692,0.3499545026966427,0.6713522007078677,1.3772175231352959,-0.3260205174465658,0.04296845393127781,0.24821867485030588,-1.5574598313253425,0.50123059583893,1.1009446233339262,0.1466596413609477,2.192978575962654,0.3423384144782244,1.6030132132564199,5.91589599802997
2.1383339224094784,1.3264550355929687,0.34804886401567375,0.6706272065040433,1.2623409426619605,-0.3260205174465658,0.05239292106770032,0.11615012374238766,-1.0675448080461918,0.518368943824587,1.1593173323435213,-0.10529326705124718,2.1921617789877703,0.34309291826560057,1.5994389341875124,5.916082874892528
2.1687334301563395,1.3639299112381602,0.3499545026966427,0.6746579777730517,1.4369086222493632,-0.3260205174465658,0.043662707431136503,0.3259535484205032,-0.7569783808889873,0.4914142456867052,0.9132134517840254,0.29004442056932894,2.223941845940845,0.2846385604614559,1.528098707328441,5.887325424478591
1.5567181812812831,1.0525156359928396,0.34685624671464993,0.5798869984633378,1.2979765139867296,-0.3182164364529214,0.052707844046051784,0.059892707719436895,-1.2688343226802128,0.4523681050263759,1.2858636261087857,-0.09413662347923292,2.1943009119440338,0.37377766160034365,1.7007307035094659,6.1838084953309655
1.382965286935184,1.1980961258257592,0.34685624671464993,0.6976949204803049,1.273284990246619,-0.49506131346511517,0.052707844046051784,0.0029168770197454084,-1.0704295078810755,0.0741306322711524,-0.4651773453483776,-0.2756747179553795,2.042707194306922,0.1996820312372743,1.8304342784872945,6.835044066018842
1.5567181812812831,1.0565977393704795,0.34685624671464993,0.5799097078129216,1.315191079680631,-0.3178962230093844,0.052707844046051784,0.16805385299004177,-1.114222524678399,0.4523681050263759,1.5026264994397032,0.065325424769089,2.196656034950053,0.3787496553743002,1.700686003619282,6.024677624353701
2.143305475174597,1.391750249658692,0.3499545026966427,0.6713452164016352,1.426801395321772,-0.3260205174465658,0.043662707431136503,0.3257811258374323,-1.4106070143461877,0.4910357222576742,0.97763783172472,0.04776802700641912,2.209048272280675,0.33812864026305894,1.5879224361889552,5.876439135501073
1.382965286935184,1.1980961258257592,0.34685624671464993,0.6976949204803049,1.273284990246619,-0.49506131346511517,0.052707844046051784,0.0029168770197454084,-1.0704295078810755,0.0741306322711524,-0.4651773453483776,-0.2756747179553795,2.042707194306922,0.1996820312372743,1.8304342784872945,6.835044066018842
1.5567181812812831,1.0565977393704795,0.34685624671464993,0.5799097078129216,1.315191079680631,-0.3178962230093844,0.052707844046051784,0.16805385299004177,-1.114222524678399,0.4523681050263759,1.5026264994397032,0.065325424769089,2.196656034950053,0.3787496553743002,1.700686003619282,6.024677624353701
2.143305475174597,1.391750249658692,0.3499545026966427,0.6713452164016352,1.426801395321772,-0.3260205174465658,0.043662707431136503,0.3257811258374323,-1.4106070143461877,0.4910357222576742,0.97763783172472,0.04776802700641912,2.209048272280675,0.33812864026305894,1.5879224361889552,5.876439135501073
1.382965286935184,1.1980961258257592,0.34685624671464993,0.6976949204803049,1.273284990246619,-0.49506131346511517,0.052707844046051784,0.0029168770197454084,-1.0704295078810755,0.0741306322711524,-0.4651773453483776,-0.2756747179553795,2.042707194306922,0.1996820312372743,1.8304342784872945,6.835044066018842
1.5567181812812831,1.0565977393704795,0.34685624671464993,0.5799097078129216,1.315191079680631,-0.3178962230093844,0.052707844046051784,0.16805385299004177,-1.114222524678399,0.4523681050263759,1.5026264994397032,0.065325424769089,2.196656034950053,0.3787496553743002,1.700686003619282,6.024677624353701
2.143305475174597,1.391750249658692,0.3499545026966427,0.6713452164016352,1.426801395321772,-0.3260205174465658,0.043662707431136503,0.3257811258374323,-1.4106070143461877,0.4910357222576742,0.97763783172472,0.04776802700641912,2.209048272280675,0.33812864026305894,1.5879224361889552,5.876439135501073
2.143305475174597,1.391750249658692,0.3499545026966427,0.6713452164016352,1.3685939956853523,-0.3260205174465658,0.043662707431136503,0.1984840634901448,-1.6330268313858516,0.49109956801268395,1.1289985056884702,0.04283460104071487,2.209048272280675,0.2472839981501266,1.5879224361889552,5.882138374065558
2.1429108874824814,1.391750249658692,0.3499545026966427,0.6713522007078677,1.391212408322083,-0.3260205174465658,0.04354892917986636,0.24843131159064466,-1.4275226135100902,0.4908868461592537,1.0892457040014205,0.07256115967493044,2.192978575962654,0.3382717101829986,1.5964583199764064,5.877933531312443
2.1687334301563395,1.3639299112381602,0.3499545026966427,0.6746579777730517,1.8200348965768938,-0.3260205174465658,0.043662707431136503,0.6996583002182559,-1.9448040384293026,0.49059024009868857,0.08483663377979501,-0.1304929557624033,2.2237377214151226,0.2846877541221026,1.4879457977417652,5.893385553148037
1.334067396463797,1.2572206725075785,0.34840544338348695,0.7017168892020623,-1.866684651569102,-0.327889443227996,0.02600150469555779,-0.8920847893526793,-1.031796016964609,0.36760102417738677,1.9814130191358956,0.049931393293375516,2.1116354742330197,0.5751589045925427,1.76943124959467,5.905538402542494
2.1429080720999747,1.3445534232316518,0.34714120427498585,0.6710849449198071,1.5037097328638727,-0.3260205174465658,0.05239526533470573,0.12134033679239507,-1.1115946146560403,0.519730894943584,1.1904448793751066,0.014495949745388674,2.19248794195791,0.5456346271000829,1.640533283106596,5.8563440900520645
2.135438129594473,1.3445534232316518,0.34714120427498585,0.6710849449198071,1.3238153165431334,-0.3266135816945061,0.05239526533470573,0.1724270939983142,-1.0766686114788961,0.5284820141577729,1.1688584846943562,0.24066320634511612,2.1924671740230193,0.548933141618877,1.6838498757275566,5.7370237936912725
2.418490436860356,1.441224897489495,0.3412543283330263,0.538536719861211,1.866558062105839,-0.3182376505551236,0.0205913142342316,0.4735683973165645,-1.4231005556742333,0.4272391138179993,0.3464292210967515,-2.3163990077584105,2.166624626669447,0.2850992114849766,1.5414929284609231,5.823666882263268
2.3933232113898395,1.468086421498804,0.3410556505181289,0.5678849052906574,2.173965817085207,-0.3182376505551236,0.021127552831706455,0.48825492689742933,-1.432909525498336,0.4264681647419641,0.3610877929942334,-1.9417987272190638,2.1609363633733705,0.28543989471184356,1.3658531792433912,5.886057180250194
1.7985491823266595,1.341621099755247,0.34840544338348695,0.6668953556181156,1.2307736371597389,-0.3266135816945061,0.022124265010921098,-0.022354602801015942,-0.9863695064870964,0.5038428968813221,1.3115374003034634,0.368208695161236,2.188567280496486,0.6812247157260534,1.6844339028597475,5.87529629060132
2.3465015218816734,1.4683649376468766,0.3410556505181289,0.5697841222412213,2.3286920513874274,-0.32827502566751643,0.021127552831706455,0.559123795389033,-1.3896126488470337,0.430584394308044,0.7080189696036748,-1.254660926911941,2.1526923091463455,0.3702640373010067,1.224173402291958,5.806535216861648
2.418490436860356,1.4417400360328003,0.3412543283330263,0.538536719861211,1.866558062105839,-0.3182376505551236,0.0205913142342316,0.47359073564232246,-1.432909525498336,0.42910330899245586,0.3405018734861676,-2.3060828960041206,2.166624626669447,0.2850992114849766,1.5441384422561155,5.824039902104953
1.7952103304971188,1.3506977811511682,0.34840544338348695,0.6668953556181156,1.2307736371597389,-0.3266135816945061,0.022124265010921098,-0.022354602801015942,-0.9740923386052848,0.5038428968813221,1.3106510189734546,0.35137327815747643,2.1888361652120882,0.6806626318960273,1.6844339028597475,5.87529629060132
2.3933232113898395,1.468086421498804,0.3410556505181289,0.5678849052906574,2.173965817085207,-0.3182376505551236,0.021127552831706455,0.48825492689742933,-1.432909525498336,0.4264681647419641,0.3610877929942334,-1.9417987272190638,2.1609363633733705,0.28543989471184356,1.3658531792433912,5.886057180250194
1.1330597184443414,1.9202746137943534,0.35047339007645417,1.5457730339682463,-3.9983698479755057,-0.3276399214585861,0.02810179217023127,-0.7297398934027978,-0.8519153182217681,0.40466922582120024,1.7929596976455195,5.088357197736001,1.911310142613149,0.8392592479738261,2.0302816548596465,5.992614839073784
1.3449523192125354,1.7356547299024019,0.34840544338348695,1.491064318652919,-4.102086421425323,-0.32747177502011854,0.02825094917515494,0.16381939605725757,-0.9324021327181344,0.3907359890684362,1.8941089272146907,3.808133542427597,2.10475920474715,0.70390966276062,1.9977903859945256,6.054691420457373
2.135438129594473,1.3445534232316518,0.34714120427498585,0.6710849449198071,1.3238153165431334,-0.3266135816945061,0.05239526533470573,0.1985843355467035,-1.091688620741946,0.5265351213125339,1.0959892414894459,0.2992880017964927,2.1924671740230193,0.5532765667975619,1.6838498757275566,5.737734476826021
2.398317095527157,1.3842197825241618,0.34127000393288587,0.5162918307788353,2.302714689306269,-0.3119073068775538,-0.004755908831706938,0.8315577422965311,-2.082290601392843,0.38762765267670496,0.26051987692635264,-3.733954285127722,2.164172896275827,0.27833522514772757,1.6158237851998494,5.8543944759172115
1.4583694210391307,1.7324915650846051,0.34840544338348695,0.9050198155714876,-1.1289217310642394,-0.32747177502011854,0.02825094917515494,-0.8712117383234438,-0.9019752757056139,0.38503415855300094,1.9496885977705254,1.441696289136558,2.1579246764784608,0.6274430226318491,1.951640225552106,6.071929793211983
1.2066656880685138,1.1881444699421455,0.34840544338348695,0.7083969983783351,-1.9917529044516546,-0.3199882824073308,0.02825094917515494,-0.8631146418593875,-1.344507095469143,0.36670243347622494,2.0029026849183342,0.3590405937115292,2.112220870161285,0.5689451860517598,1.8147642165524356,6.0398341446161705
2.283396702073704,1.516858750788341,0.3410556505181289,0.6672706304030742,1.0659288360983414,-0.32827502566751643,0.020311420472441354,0.5888516379013168,-1.7784308671702078,0.45198201139934713,0.7748094584366766,-1.2826629912875716,2.146540220563528,0.37061334398276186,1.5364610702345964,5.797122118434552
1.3374997859459088,1.251919007090184,0.34991974561474826,0.6870040101751502,-2.401529498415791,-0.3278851001329671,0.17034819761497727,-1.1350748006754787,-1.7092630256643306,0.22696937719347415,1.502515033621025,-0.8991406400118938,2.115508156603245,0.514951465144673,1.768694069421765,6.619040145801884
1.3155047116835012,1.1935535392481738,0.34840544338348695,0.7017168892020623,-1.8667141162870156,-0.3199882824073308,0.02600150469555779,-0.895399450718108,-1.3513059492660444,0.3672276035671557,2.0119045260933284,0.061597647033240326,2.112717093776677,0.571657118521435,1.7768840778573731,6.042039892952744
2.146608990948403,1.4824232849807193,0.3410556505181289,0.6673327260795273,1.0753514921961431,-0.3269598456029854,0.01973094522385282,0.685387586795641,-1.6037845060463365,0.4653705255544757,0.83245089265183,-0.8935027342301297,2.1497976966349985,0.41421416844084635,1.537376187656815,5.7983076922061665
0.41349711118206806,1.5360887713544131,0.6154934029816486,0.45789133417155425,-1.5201989696810945,2.9683663482874043,0.035690999998534506,0.056352035103236935,-0.5248482033029483,-1.0902101690959365,0.6958954182414904,5.1235426004428195,-0.09128707674001059,0.2796471322464248,0.2937649901061217,-3.7112011053352685
0.29861395844369965,1.6310119422967317,0.6180696433603494,0.5750639495836339,-1.528537842582082,2.947661901467627,0.037464354185521014,-0.694815365941205,-2.2177547618090125,-1.3663319901535897,0.5786119962436823,5.548046506088653,-0.09364970444314522,0.2454052961014784,0.0029753133360088434,-3.64008707190396
0.3922590458944486,1.7229638718192961,0.6179627161006672,0.5743431749051789,-1.5375695367087487,2.9468782171252634,0.037464354185521014,-0.41718712333330005,-0.762004409747047,-1.0839559724222836,0.5400169246672331,5.278665368941878,-0.09219832498836183,0.2585415352256816,0.26018101576032,-3.6744003641678527
0.620838447186657,0.40499278543046363,0.6321233892355641,-0.09889592390019948,-1.4916941973420266,3.5298845758269013,0.03543741924754268,1.0261889006884326,0.34025283259854594,-1.0002455880248147,-0.19075222925620028,4.865804369222867,-0.2794101604287582,0.026674218727955695,0.022347198701828646,-3.7125967010493675
0.620838447186657,0.40499278543046363,0.6321233892355641,-0.09889592390019948,-1.4916941973420266,3.5298845758269013,0.03543741924754268,1.0261889006884326,0.34025283259854594,-1.0002455880248147,-0.19075222925620028,4.865804369222867,-0.2794101604287582,0.026674218727955695,0.022347198701828646,-3.7125967010493675
0.3141278264071425,1.6295688564539788,0.6153326986343862,0.44812813748746505,-1.485177288678125,3.2669224171742495,0.03562709556072755,0.9701301325225039,0.2066757396237727,-0.9921681244732933,-1.0952339860185476,4.751567841617058,-0.15188275563394807,0.06765905373724922,0.2786034873691329,-3.8681400445234533
0.3141278264071425,1.6295688564539788,0.6153326986343862,0.44812813748746505,-1.485177288678125,3.2669224171742495,0.03562709556072755,0.9701301325225039,0.2066757396237727,-0.9921681244732933,-1.0952339860185476,4.751567841617058,-0.15188275563394807,0.06765905373724922,0.2786034873691329,-3.8681400445234533
0.3275303744596556,1.649324170205753,0.6186051047110884,0.571861665335493,-1.4637061698144762,2.947661901467627,0.037464354185521014,-0.7087374264385934,-1.6402463072696665,-1.2294184070096195,0.6095586671768035,5.483057437107979,-0.08803832212555177,0.2754597157919644,0.0004807310990759371,-3.6559383556377893
0.6174349702642843,1.110952938437806,0.6345914357029268,-0.0842213184648458,-1.4724315102374013,3.5299318717853603,0.03423458257538769,1.1330235254865337,0.41063384344928067,-0.9250853182471621,-0.06258739657567096,4.590602819614063,-0.26469496345978766,0.07460710612575917,0.00391693401318037,-3.7574126669103047
0.620838447186657,0.9173964700352086,0.6321233892355641,-0.09888670696602496,-1.4916941973420266,3.5298845758269013,0.03543741924754268,1.0095943056156365,-0.048014152860649625,-0.9667447859854327,-0.24648617125084965,4.771110938073691,-0.2794101604287582,0.03444910463243439,0.012532243895241985,-3.701181382049744
0.42984696471761313,1.6315222670539138,0.6178555107008964,0.4522193567304543,-1.5099206168516854,2.9684308540514857,0.035690999998534506,-0.2991301141931531,-0.6305528966173614,-1.0657337380653895,1.3822326189713936,5.123872038590157,-0.09278810572828759,0.3431943518264148,0.34480055688423666,-3.693767341768454
0.6774996916444838,1.1113508041121718,0.6345914357029268,-0.08253634433507202,-1.4724315102374013,3.5299318717853603,0.03423458257538769,1.0931008186589721,0.4080045128664259,-0.9499448417600445,-0.06635158914691608,4.593393350346906,-0.2648757794012148,0.0741519918801412,0.0037493987699624806,-3.750371539902679
0.6774996916444838,1.1113508041121718,0.6345914357029268,-0.08253634433507202,-1.4724315102374013,3.5299318717853603,0.03423458257538769,1.0931008186589721,0.4080045128664259,-0.9499448417600445,-0.06635158914691608,4.593393350346906,-0.2648757794012148,0.0741519918801412,0.0037493987699624806,-3.750371539902679
0.3141278264071425,1.6295688564539788,0.6153326986343862,0.44812813748746505,-1.485177288678125,3.2669224171742495,0.03562709556072755,0.9701301325225039,0.2066757396237727,-0.9921681244732933,-1.0952339860185476,4.751567841617058,-0.15188275563394807,0.06765905373724922,0.2786034873691329,-3.8681400445234533
0.621920778629377,0.40499278543046363,0.6345914357029268,-0.09889592390019948,-1.492072127103618,3.5298845758269013,0.03423458257538769,1.0323914557659506,0.34025283259854594,-0.996621743572176,-0.17264362170560932,4.860192328709928,-0.2794101604287582,0.026674218727955695,0.022892733764021383,-3.737434814155706
0.5381077990924693,2.0327052796660996,0.6154934029816486,0.5000796731306435,-1.484767298686107,3.5377193833312424,0.035690999998534506,0.6462716679124212,0.1927078323616713,-1.1535093686916078,-0.2753692892207413,4.773283817341208,-0.2635445468508113,0.06228830262809134,0.1991285606002318,-3.8214645047526603
0.2990729063215223,1.6388087845194834,0.6186051047110884,0.572582440013948,-2.9321658208057033,2.947661901467627,0.03833689277436969,-1.1382293823756735,-2.219535833518239,-1.365865815812502,-1.6504650798812217,5.515343064774733,-0.08950025606235534,0.40920043648657733,-0.03901427914957231,-3.6775211957216225
0.3771198328544686,1.7307602624058673,0.6183357916357733,0.5718646586095927,-1.4637061698144762,2.9468782171252634,0.037464354185521014,-0.5533397363989996,-0.7708309747148095,-1.081793100841711,0.5204357513923187,5.270757901336808,-0.09219832498836183,0.2588358733767375,0.4019957877765503,-3.7106196306826464
0.6687971188224031,1.1871103687682365,0.6345914357029268,-0.09888670696602496,-1.4841720349947125,3.5299318717853603,0.03423458257538769,1.0180193975007537,-0.3720603061885493,-0.9614029169804952,-0.0618615991047557,4.601310910403386,-0.2621799377005267,0.031105787905410173,0.006359413748781739,-3.7399480484121943
0.6228981446806658,1.1113597610206585,0.634601974341092,-0.08262555440762144,-1.4838115831408747,3.5297406010363948,0.03715895322378389,1.1265336809788697,0.4267742853231911,-0.9270131767888996,-0.08903650092425107,4.587413310878435,-0.24537968863276982,0.08067094066999149,0.003478903979528419,-3.7592671986787822
0.5873780032353859,1.0868089246940256,0.6153326986343862,0.5223187767236578,-1.4801337080919599,3.5379984814147036,0.035546177267929545,0.7509908559930393,0.4517561701921575,-1.078794004408746,-0.41929263359041163,4.851046246742206,-0.10130376786285412,0.09627432301875914,0.20219904609810227,-3.816213962861951
0.6228981446806658,1.1112107545445633,0.634601974341092,-0.08262555440762144,-1.4470855893685093,3.528941611253981,0.03715895322378389,1.1632596747512352,0.42683068213489134,-0.930187742423817,-0.1418977060745478,4.570888693565727,-0.24537968863276982,0.08067094066999149,0.003478903979528419,-3.7592671986787822
0.6246395099117571,1.1011997428573137,0.634601974341092,-0.09620331031181946,-1.4651321774010826,3.5331956300499887,0.03716273917643219,1.157941940599197,0.32523604746909546,-0.9460991769269163,-0.36763864482891473,4.5709942902302085,-0.25101034962557434,0.09693678418021741,0.2514320763620425,-3.7791880315571498
0.6186222243160188,1.4298802687951122,0.6081404984573779,0.7141161623653285,-1.4853714047250208,3.538239804261825,0.03546936105539576,0.9641229465452185,0.6206564984473144,-0.9783230512813544,-0.03303126468811223,4.800123758345632,-0.2593503064769795,0.10999631398073607,0.20658486459834538,-3.7279998102285363
0.5686630582353048,1.6087581822144015,0.6153326986343862,0.5000796731306435,-1.485177288678125,3.5377193833312424,0.03562709556072755,0.7525805640716784,0.06981547931704815,-1.0627020023356244,-0.2206075923292279,4.787068480067203,-0.3069901250260377,0.06220305742828867,0.20109167438644462,-3.821550710809922
0.3922590458944486,1.7229638718192961,0.6179627161006672,0.5764958969661743,-1.5207132939570112,2.9477409712122107,0.0371524522558508,-0.4986939135632765,-0.6904326964856226,-1.066477791730205,0.5963800971736023,5.215323621480877,-0.09032602228205765,0.3225957979192611,0.25940419612725885,-3.672577570657751
0.3154960877254579,0.9398467189118596,0.4030287311192469,0.49792160609970265,-1.931923963278217,3.2672015152577107,0.035058712966279625,0.9045724097932312,0.14909867838828328,-0.6535316610167755,-1.2955760816688413,5.515314713697967,-0.15319518039090696,0.012806999020328199,0.2228893003966925,-3.84027617044682
0.2824292043446355,1.5109704183230732,0.6154934029816486,0.44412723186851005,-1.7253064736834627,3.2669224171742495,0.035690999998534506,0.7305157214362705,-0.5202124858651699,-1.0919307019500804,-1.290233341312413,4.581968727770914,-0.1471392236012261,0.0760396483954712,0.2866717312186224,-3.855738366480561
0.26580974919505773,1.5433881045215003,0.6000002508237345,0.49009391372836736,-1.4947121234871203,3.2672015152577107,0.03617254341983873,1.0731271613776008,0.7199696660871499,-1.0040795964031648,-1.1317676938880326,4.688555057763941,-0.1409436297234712,0.13550384615027009,0.28399155884718275,-3.8525844820719337
0.30120778970492845,1.427650486639884,0.6391231170372891,0.41248403425596947,-0.7185692178082935,3.2443006188270664,0.03730931832365945,0.7825954983990692,-0.6121930268756127,-0.9092857188896083,-1.4096217908271473,2.666598112282668,-0.11486084425379707,-0.07635685565980052,0.22004541400917157,-3.9232133517606242
0.31297034877517055,1.6118429113874286,0.6153326986343862,0.44812813748746505,-1.4850061562760903,3.2669224171742495,0.03562709556072755,0.9649866035861746,0.19250277628935633,-0.9851553885759156,-1.1017042185938115,4.457712437551708,-0.1511369806377509,0.06775908868036795,0.2786532101275981,-3.8724772809975403
0.32584015149209866,1.3721558154534168,0.6392737001134876,0.4244987896585711,-0.9142650278220474,3.2442075071577547,0.03730931832365945,0.8294473068146316,-0.596261012175007,-0.9217627457506855,-1.3141694699444992,1.363287901838861,-0.10212811922810243,-0.050797068052353844,0.2961941085620107,-3.876912517233744
0.3154960877254579,0.9398467189118596,0.4030287311192469,0.49792160609970265,-1.931923963278217,3.2672015152577107,0.035058712966279625,0.9045724097932312,0.14909867838828328,-0.6535316610167755,-1.2955760816688413,5.515314713697967,-0.15319518039090696,0.012806999020328199,0.2228893003966925,-3.84027617044682
0.3296765535412975,0.903113791638526,0.6291988331524835,0.4840698725430527,-1.8568564157596428,3.2672438233902774,0.03506948478421806,0.9981431106608969,0.15342211689023352,-1.0335745179971028,-1.2682347346801268,5.405473403306737,0.16247546862082224,0.019247929167506315,-0.014780511557111367,-3.914495528301982
0.24536788904314308,1.442059157530888,0.6154934029816486,0.44411428930208424,-1.7594203754055133,3.268850133135421,0.035690999998534506,0.6718659310656466,-0.5205097751362796,-1.0875411188507376,-1.3159225959359468,3.9982341216701975,-0.1510401001245037,0.20055199495661963,0.28231382021923745,-3.8409206404468113
0.26580974919505773,1.5433881045215003,0.6000002508237345,0.49009391372836736,-1.4947121234871203,3.2672015152577107,0.03617254341983873,1.0731271613776008,0.7199696660871499,-1.0040795964031648,-1.1317676938880326,4.688555057763941,-0.1409436297234712,0.13550384615027009,0.28399155884718275,-3.8525844820719337
0.32584015149209866,1.3721558154534168,0.6392737001134876,0.4335709754870501,-0.9212944462065409,3.2433447530708075,0.03762122025332966,0.8403684018350861,-0.5849472552097258,-0.9401957192703969,-1.3163025439576206,1.3611277724077167,-0.1040004219344067,-0.050414128046234755,0.2961045902653729,-3.8763342265453886
0.30120778970492845,1.427650486639884,0.6391231170372891,0.41248403425596947,-0.7185692178082935,3.2443006188270664,0.03730931832365945,0.7825954983990692,-0.6121930268756127,-0.9092857188896083,-1.4096217908271473,2.666598112282668,-0.11486084425379707,-0.07635685565980052,0.22004541400917157,-3.9232133517606242
0.31297034877517055,1.6118429113874286,0.6153326986343862,0.44812813748746505,-1.4850061562760903,3.2669224171742495,0.03562709556072755,0.9649866035861746,0.19250277628935633,-0.9851553885759156,-1.1017042185938115,4.457712437551708,-0.1511369806377509,0.06775908868036795,0.2786532101275981,-3.8724772809975403
0.32584015149209866,1.3721558154534168,0.6392737001134876,0.4244987896585711,-0.9142650278220474,3.2442075071577547,0.03730931832365945,0.8294473068146316,-0.596261012175007,-0.9217627457506855,-1.3141694699444992,1.363287901838861,-0.10212811922810243,-0.050797068052353844,0.2961941085620107,-3.876912517233744
0.30120778970492845,1.427650486639884,0.6391231170372891,0.41248403425596947,-0.7185692178082935,3.2443006188270664,0.03730931832365945,0.7825954983990692,-0.6121930268756127,-0.9092857188896083,-1.4096217908271473,2.666598112282668,-0.11486084425379707,-0.07635685565980052,0.22004541400917157,-3.9232133517606242
0.3296765535412975,0.903113791638526,0.6291988331524835,0.4840698725430527,-1.8568564157596428,3.2672438233902774,0.03506948478421806,0.9981431106608969,0.15342211689023352,-1.0335745179971028,-1.2682347346801268,5.405473403306737,0.16247546862082224,0.019247929167506315,-0.014780511557111367,-3.914495528301982
0.24536788904314308,1.442059157530888,0.6154934029816486,0.44411428930208424,-1.7594203754055133,3.268850133135421,0.035690999998534506,0.6718659310656466,-0.5205097751362796,-1.0875411188507376,-1.3159225959359468,3.9982341216701975,-0.1510401001245037,0.20055199495661963,0.28231382021923745,-3.8409206404468113
0.26580974919505773,1.5433881045215003,0.6000002508237345,0.49009391372836736,-1.4947121234871203,3.2672015152577107,0.03617254341983873,1.0731271613776008,0.7199696660871499,-1.0040795964031648,-1.1317676938880326,4.688555057763941,-0.1409436297234712,0.13550384615027009,0.28399155884718275,-3.8525844820719337
0.30120778970492845,1.427650486639884,0.6391231170372891,0.41248403425596947,-0.7185692178082935,3.2443006188270664,0.03730931832365945,0.7825954983990692,-0.6121930268756127,-0.9092857188896083,-1.4096217908271473,2.666598112282668,-0.11486084425379707,-0.07635685565980052,0.22004541400917157,-3.9232133517606242
0.2346295067907381,1.6068628654940131,0.6139596103213214,0.44618712037002595,-0.7021070852458291,3.2443006188270664,0.03723312924879178,0.4629987722445446,-0.5993437419285426,-0.9509840012480578,-1.3758951841293,4.514523177951075,-0.1006632495404919,0.13427924565836558,0.20735889609056482,-3.821096388164336
1.2049802145822877,1.2006437658693117,0.3411763147559315,0.6905207884909638,1.2820483809340417,-0.5485347206280379,0.052430276703903114,0.04169789438272978,0.03641192505652982,0.4340578916044409,-0.7895956930674071,-0.19192429112236328,2.348480344483957,0.2228893241467622,1.7686394208376652,6.850139540722671
1.7764889770673802,1.2022306914385312,0.34087580447480137,0.5763756916188534,0.8610437245828713,-0.32047094467387205,0.029470335338626783,0.7704423918504895,-1.2432280056160585,0.42557158976808257,1.4722579438792223,-1.1576905956279535,2.1413555737637116,0.501051379878838,1.5826492615446324,6.049608366241728
2.1687334301563395,1.391750249658692,0.3499545026966427,0.6713452164016352,1.362669084353641,-0.3260205174465658,0.043662707431136503,0.24206942538869,-1.6157377311986136,0.49110557257562515,0.9878511895861296,0.09089495557790066,2.2088413820779706,0.2536829361688992,1.587931785131252,5.888640428573593
0.9895161937805524,1.561338166124094,0.3360427331792762,0.9129069841774976,-5.209331724683843,-0.5248798059080396,0.027973381833006263,-1.3085290429422727,-0.09888740716892688,0.016066216850876773,-1.5203130388603547,2.8935728752371053,2.084132380241878,0.5531348823950272,2.019647062239854,6.9727231036069846
2.146608990948403,1.4835466968217166,0.34397406045679413,0.6672706304030742,0.9552497877931534,-0.3269598456029854,0.020311420472441354,0.7461802846474471,-1.4754187865043984,0.45502677587479956,0.8870100635340789,-0.9676012159161463,2.1506144936098823,0.41014746414562026,1.5313979431285274,5.76380199019569
1.7881982277319108,1.6989586687081573,0.3589706486150289,1.393412244636028,-3.641869262691599,-0.32769925173166364,0.05075917068041282,1.1893465439666535,-0.9570905169865984,0.43290567228994264,1.3789055737295761,3.9866056018940235,2.1084137725695307,0.7463332888202778,1.666908599565297,5.971617071890085
2.2013179506846132,1.3533999568086998,0.35760129798951945,0.6746579777730517,1.9605463817132869,-0.3260205174465658,0.04414481432976291,-0.25364663922157965,-1.6622944871728476,0.49058318943930856,-1.232379269453766,0.8600826960134056,2.2044302608302613,0.37387023929017005,1.5054884808552846,6.907444646883854
1.0421383270541915,1.1839976063240893,0.34823305584805975,0.8377455306179277,1.2757185742317727,-0.5216092205632609,0.0514317285300279,-0.7153679585853187,-0.224314956184437,0.5037694033517967,-1.0518829501802345,-0.4802943063670387,2.2230532341572116,0.1988800070727142,1.7482692820601975,6.880654739349901
1.4597748697780666,1.152577187690675,0.34702694293559344,0.34495862060830906,1.3014685375714745,-0.49679646069017835,0.05264337324318447,-0.0205505613798153,-0.8112249266706797,0.5368895346980154,-0.8161280591847553,-0.07735815135889372,2.1147262241415494,0.42903831725505653,1.915510364939755,6.481387202045063
1.2077572849048492,1.1851863354673973,0.3470339931309125,0.8448897400655827,1.275624659139896,-0.5216092205632609,0.052367306214049204,-0.7482642363085905,-0.22595925206904113,0.5025303314630016,-1.1387798186836784,-0.5320572259149641,2.223520018427274,0.198884767891284,1.73609303251408,6.893204381038809
0.8512618619199362,1.749119127842806,0.33791737075402506,0.8424465951563196,-5.101360130125848,-0.3102247138654649,0.027891039897955317,-2.221690348394951,0.04674414745582168,0.39406427882034695,0.025912755515917877,4.214807426923419,2.0013324122813865,0.8467882195662277,1.9234341513889543,5.938056373349114
2.132400327804478,1.3518211929921655,0.35132385332215216,0.6668883713118832,1.1162167882677028,-0.3266135816945061,0.02223804326219125,0.14157478352091743,-1.1100395945742891,0.5359318208987125,1.1127017898534561,0.42022810985580994,2.204905861530109,0.6591982366485732,1.666872874276103,5.740493597025728
1.3344619841559127,1.2591147884706335,0.35132385332215216,0.7017099048958299,-1.3802743654711438,-0.327889443227996,0.050591986760137896,-0.25901601478579583,-1.028583463298686,0.3626751538601643,2.367049989933201,0.17232355511145453,2.127733768281675,0.5748625080058012,1.7066319995375003,5.906896939807727
2.192755616244573,1.3615729972155013,0.34094675787541556,0.44732002661352605,1.8653149632665667,-0.3182376505551236,0.0205913142342316,0.5315226692369411,-1.340252003029865,0.45331938090585705,0.6156882028344348,-1.8251389303818892,2.1697369988025685,0.37836684270243975,1.536569303613658,5.78482778065649
1.2077572849048492,1.1851863354673973,0.348190032112003,0.8448897400655827,1.275624659139896,-0.5216092205632609,0.052367306214049204,-0.7465885902556332,-0.22512245060046995,0.508132415893642,-1.1400481452900817,-0.5376692664279028,2.2221149703800456,0.198884767891284,1.7358845779200647,6.892427679866136
1.533159469250337,1.1683416066533756,0.3468336338173751,0.5640936052892381,1.3347415132452758,-0.326386104982961,0.052710188313057196,0.079450880200915,-0.8528329590968479,0.4729427069639339,1.2952845115434344,0.1413810716089055,2.1971608947364483,0.5875729230261213,1.7823238704827935,5.8188928725274875
1.5959096366430543,1.206139215390061,0.34087580447480137,0.6989930497124691,0.9272154503499449,-0.48973921740396653,0.029470335338626783,0.5577267345057303,-1.4883289584826156,0.03843428150393949,-0.5499689552888285,-1.2855828458912015,1.9802504333944562,0.25258966368366403,1.7494009233612033,6.890172560231799
1.0489782864868182,1.2249737108155028,0.33626902251853474,0.6561089617214453,-3.219930235070438,-0.3547564799871532,0.025856508993030634,-2.726688587415117,-0.5412856874901181,0.33416853841067107,0.08068601937693283,-0.4587919646007005,2.273694417470622,0.6096606881446947,1.7730567695200354,5.80087207967423
0.8170460940225291,1.2657510255244675,0.33599970944321944,0.7784079033251219,-3.066208224550362,-0.525051987321935,0.028105953472627784,-2.721066496788666,-0.14989263669999112,-0.027686451430107027,-1.7796339411322775,-0.4668962875547756,2.1068184921600586,0.4283765515111949,1.852496346588998,6.78142103050104
2.1973466906735264,1.403099584536042,0.3410744822896988,0.641573346075146,1.6703852073189702,-0.4820752591773725,0.02943530612206557,0.42500748398308696,-1.1323860304798907,0.08567766805783165,-0.3591495290717558,-1.5913667793829234,1.9605665814303483,0.22320413381884063,1.6672678695934016,6.639900949132261
2.1658376373413346,1.3178564966521173,0.34993188979936785,0.6746568542133587,1.8505124756228013,-0.3266135816945061,0.043665051698141916,0.7695304796048592,-1.709401207342398,0.5167187711603093,-0.10168191806837033,0.2567065598709732,2.2240748659188934,0.4687265074981001,1.5618785410929845,5.730527957243441
2.418490436860356,1.4423483093304923,0.34417273827169154,0.538536719861211,1.7324614725160616,-0.3182376505551236,0.0205913142342316,0.5341484584280325,-1.4231005556742333,0.4272391138179993,0.41268731131150455,-2.3163990077584105,2.166624626669447,0.2850992114849766,1.5414929284609231,5.826883498747162
2.309219244747562,1.5019410025751216,0.34397406045679413,0.6706583690141453,1.3127293413469665,-0.32827502566751643,0.020440271214949183,1.1409523087097848,-2.023962533865189,0.44977443037054954,-0.3165947087100463,-1.4896268640993005,2.1655929963452754,0.38138235194391434,1.4813711573982653,5.8098120989339765
1.2252283728488096,1.2537057191646053,0.35132385332215216,0.7083969983783351,-2.125820029323519,-0.327889443227996,0.02825094917515494,-0.8005150209599826,-1.0235268048936021,0.3620011076708131,2.0386660137424037,0.3439556179882802,2.111167848348261,0.5728513938197939,1.8147928142830698,5.906185587282523
1.6933316140283834,1.24905554947562,0.3471638171722607,0.6923416075072449,-2.7233283224892917,-0.3271992991530349,0.1700309303696204,-1.1716788321511749,-0.9452577009465031,0.21373743030268666,1.4981413255505907,-1.1486858573588543,2.1174723480895814,0.3975749308361487,1.716350904769197,6.053863182662771
1.7952103304971188,1.3514684852732262,0.34840544338348695,0.6668953556181156,1.1848443918617404,-0.3266135816945061,0.022124265010921098,-0.009425637498281852,-0.9725383901028356,0.502006612663116,1.3184440670504094,0.35556443738876076,2.1888361652120882,0.6949532527920929,1.6918867311224506,5.874080545723276
2.3465015218816734,1.4678460365752948,0.3410556505181289,0.5698906757003848,2.3286920513874274,-0.31232257876020547,0.021127552831706455,0.5594212720565075,-1.3977305332524053,0.430584394308044,0.7080189696036748,-1.2685804789374346,2.1589508491532974,0.370205357762554,1.224173402291958,5.806535216861648
2.146608990948403,1.440689490315192,0.3410556505181289,0.6672706304030742,0.6867909867245499,-0.3269598456029854,0.01973094522385282,0.711787765460962,-1.6058758372769175,0.46331726874562057,0.8383217953844558,-0.463126903692227,2.1453562849498984,0.41421416844084635,1.5134696391072393,5.798509724358003
1.3455219903920093,1.7356547299024019,0.3485987525017053,1.4910970522407172,-4.103227432169857,-0.32747177502011854,0.02825094917515494,0.16259805292670917,-0.9465892092356747,0.39014080809241347,1.8937164048206376,3.8077257284871244,2.10475920474715,0.7033162805990093,1.9965524725726884,6.073671949858498
0.633812389641271,1.7557414122509603,0.3146843874331061,0.9909369430918645,-6.71609869446661,-0.35324419871254553,0.02781390402781998,-1.7347451594873362,-0.6135302643372211,0.31203109271250534,0.9782089397663207,4.263324100081499,1.9823374678387327,0.9207134699120407,1.9625403762038618,5.893881503973114
1.4628936468179272,1.4232652708036169,0.34840544338348695,0.8317465877086659,-1.2641514623166037,-0.3275648866894301,0.02825094917515494,-0.8382671499632454,-0.7605819563264955,0.3974273066128047,1.9600294692590008,1.2974604599049087,2.11282803811713,0.6274430226318491,1.9523784689286778,6.065008576048113
0.5381077990924693,1.3331285355954052,0.6154934029816486,0.6132385304407253,-1.5149775333058686,3.537772681397275,0.035690999998534506,0.8056848817210585,-1.2979434943735437,-1.3491629515315462,0.22817418367739253,4.787672924732971,-0.26841774373116417,0.06264943775924714,0.2665115507789241,-3.721291105649324
0.32630503167674385,1.8100667406420106,0.6254707883606933,0.5861441461695712,-1.8844723502015714,2.9476965705837794,0.036595861496243165,-0.34778613087235855,-0.34205865562380444,-1.1381799503968568,0.6620773842482094,6.6555160483082885,-0.10191527845551777,0.2370447216668848,0.28752085524300286,-3.663181380076328
0.2974564808117277,1.613285997230182,0.6180696433603494,0.5750639495836339,-1.5283667101800473,2.947661901467627,0.037464354185521014,-0.6999588948775346,-2.224153586743073,-1.3663319901535897,0.5721417636684186,5.254191102023301,-0.09364970444314522,0.2454052961014784,0.003025036094474046,-3.6443399009417097
0.4311323336226891,1.42281194969292,0.6392737001134876,0.4261817300507834,-0.7199515513074939,2.9457445499402213,0.03730931832365945,-0.15400979573457607,-0.6153046014090586,-0.9204101134528747,0.30543906716441627,2.7788877951936204,-0.05638413290727364,0.13556438755372266,0.2270988773584984,-3.7896937228812453
0.3154960877254579,0.9398467189118596,0.4030287311192469,0.49792160609970265,-1.931923963278217,3.2672015152577107,0.035058712966279625,0.9045724097932312,0.14909867838828328,-0.6535316610167755,-1.2955760816688413,5.515314713697967,-0.15319518039090696,0.012806999020328199,0.2228893003966925,-3.84027617044682
0.3771198328544686,1.7307602624058673,0.6183357916357733,0.5718646586095927,-1.4637061698144762,2.9468782171252634,0.037464354185521014,-0.5533397363989996,-0.7708309747148095,-1.081793100841711,0.5204357513923187,5.270757901336808,-0.09219832498836183,0.2588358733767375,0.4019957877765503,-3.7106196306826464
0.4034992885422678,1.534779802174956,0.6154934029816486,0.4578534924713066,-1.5178527853447392,2.9683663482874043,0.035690999998534506,-0.01616962468445098,-0.5389751271724436,-1.0900451859252493,0.7148420200805468,5.151424501275906,-0.09420135045329166,0.2796471322464248,0.3442570133729506,-3.7101253078913112
0.8507249787214196,0.9945103525944371,1.0507335701131753,-0.27535403228424216,-1.710712392031294,3.697741757720284,0.036196379109856756,1.7884930969860795,1.5611346717719095,-0.6863678928555657,-0.6412816467320039,4.428206574152931,-0.24010440566651906,0.09969354590394368,-0.02094504511046924,-3.805401115948615
0.32605653363982745,1.86528040835546,0.6382747212440695,0.5957555774648086,-0.5748629227778803,2.940439542916578,0.03768803532320239,-0.9622865784604546,-2.3886431035198634,-1.225009583317719,0.2542050404560398,2.7670242466859603,0.10856619349345104,0.07394063511796017,-0.2730928372566284,-3.5178702443005476
0.6718965291787518,1.0896258431530523,0.6308127453941845,-0.16586736679279535,-0.6807089360393666,3.527681293176465,0.034437236173729305,1.0210621222475813,0.6762931468709725,-0.8494351904970318,-0.15722693728673176,2.6646704000312202,-0.24721902249746386,-0.023008468904321053,0.09669640736955153,-3.7776719624693205
0.45514898602659465,1.5182454453924201,0.6392737001134876,0.4295172617844023,-0.7234208254197532,2.944881795853274,0.03762122025332966,-0.4974550036212023,-0.6727982886422479,-0.9351778833249232,0.980783825262122,2.772852400210183,-0.061070754274514,0.19934692101111912,0.27899613194022593,-3.773767054902708
0.5938979200293821,1.2285145382392402,0.6580063377641754,-0.12261460356009649,-2.166734954386624,3.53746719746888,0.033722339742557964,0.9384678122673853,0.7850584278347221,-0.6334307483762487,-0.011514007393459215,5.520374201011785,-0.17600292113080834,0.10261555989237632,0.19495036058445356,-3.8247320984445374
0.5805907286279093,1.051583092433248,0.6264511880692833,-0.08255408463198714,-1.4752901279631492,3.5297406010363948,0.03486473467994517,1.145335496499498,0.43565403871462055,-0.933177526732021,-0.008797078648348843,4.297927308625067,-0.2699592930540025,0.12111183131083612,-0.021951786489844326,-3.7465989767592585
0.6186222243160188,1.4298802687951122,0.6081404984573779,0.7141161623653285,-1.4853714047250208,3.538239804261825,0.03546936105539576,0.9641229465452185,0.6206564984473144,-0.9783230512813544,-0.03303126468811223,4.800123758345632,-0.2593503064769795,0.10999631398073607,0.20658486459834538,-3.7279998102285363
0.6383056243481597,1.0607815071676985,0.634601974341092,-0.06426127254081286,-1.4625831637447402,3.533195382465986,0.03716249159242931,1.4582979110438743,0.32741584968126547,-0.9777275196555417,-0.4320666514034644,4.572476275221531,-0.2518133555519529,0.06632779644085003,0.23975842881946977,-3.696408966432984
0.5381077990924693,2.0327052796660996,0.6154934029816486,0.5000796731306435,-1.484767298686107,3.5377193833312424,0.035690999998534506,0.6462716679124212,0.1927078323616713,-1.1535093686916078,-0.2753692892207413,4.773283817341208,-0.2635445468508113,0.06228830262809134,0.1991285606002318,-3.8214645047526603
0.5803753833202604,1.3442026299214576,0.6392737001134876,0.4764503253017495,-0.9142650278220474,3.515004473314748,0.03730931832365945,0.6064956834011727,-0.6768962965662435,-0.9723844017410049,-0.4794003245956721,1.3688874028845193,-0.25732500691683047,-0.0562530643613145,0.21859277728268475,-3.823978392714444
0.6086987961812357,1.1839519589778957,0.6056597773163819,-0.14804745515726675,-0.677645485457573,3.5267202444024455,0.03728541774725785,0.7062101817994783,0.62035820831228,-0.9040105390027918,-0.24691352710673858,4.383354387551133,-0.1834709902730488,0.13088628186442333,0.11053753389577692,-3.604296310614759
0.5799613816191966,1.0966323945987746,0.6381656499184551,-0.13729579527526653,-0.8986636445163141,3.5275279445107235,0.03458205890433426,0.8504947643121088,-0.6037766721955987,-0.9278447781075416,-0.3408290784405376,1.407357926358127,-0.2443924321586745,-0.038018468689960006,0.17547555153536556,-3.7264980057559343
0.5799613816191966,1.0966323945987746,0.6381656499184551,-0.13729579527526653,-0.8986636445163141,3.5275279445107235,0.03458205890433426,0.8504947643121088,-0.6037766721955987,-0.9278447781075416,-0.3408290784405376,1.407357926358127,-0.2443924321586745,-0.038018468689960006,0.17547555153536556,-3.7264980057559343
0.4194647956880305,1.7057144312958934,0.6382747212440695,0.606696255315927,-0.2775681041168506,2.930568520759532,0.03856057391205108,-1.0968224293547923,-2.855972394108125,-1.2126412567808107,-0.08812083076099714,3.33538238234753,0.025150175531521803,0.11245858490785995,-0.3060713457942817,-3.733910439990163
0.6124661504366758,1.3077935620431267,0.6116724275726693,-0.13446969925306873,-0.6994168720816192,3.527681293176465,0.03728541774725785,0.6813156447624286,0.5612513096844425,-0.8929632106770043,-0.053670547524516936,4.3990714000538,-0.18164228963965734,0.12531783537326707,0.07351398306720609,-3.680500115271817
0.7080065600908736,1.020893022044643,0.6368359342886369,-0.15216763726041954,-0.8874306888742627,3.5275881815071535,0.037361606822125505,1.0694758928857886,0.7091423907835371,-0.8486372811007242,-0.09805906358219946,1.3665546062700238,-0.23096287487078562,0.0022543256485503082,0.17240707188873897,-3.732519151629969
0.5803753833202604,1.3456563619595794,0.6392737001134876,0.4764503253017495,-0.9142650278220474,3.515004473314748,0.03730931832365945,0.6066419952369281,-0.6754743333379896,-0.9732832456104344,-0.6780793199171631,1.3610415417073063,-0.05292331365082709,-0.0562530643613145,0.21859277728268475,-3.823978392714444
0.6217406670486939,1.0936338159541088,0.634601974341092,-0.08262555440762144,-1.48364045073884,3.5297406010363948,0.03715895322378389,1.1213901520425404,0.3886007102143966,-0.9270131767888996,-0.07961935841214722,4.309445281900451,-0.24537968863276982,0.08067094066999149,0.0035286267379936215,-3.763520027716532
0.5803753833202604,1.3456563619595794,0.6392737001134876,0.4764503253017495,-0.9142650278220474,3.515004473314748,0.03730931832365945,0.6066419952369281,-0.6754743333379896,-0.9732832456104344,-0.6780793199171631,1.3610415417073063,-0.05292331365082709,-0.0562530643613145,0.21859277728268475,-3.823978392714444
0.5686492042053762,2.063663672388246,0.6154934029816486,0.5000796731306435,-1.484767298686107,3.537772681397275,0.035690999998534506,0.8291787676588636,0.15647355753527062,-1.0707676349577036,-0.052405294915662405,4.792317922419859,-0.22423606882582167,0.06228830262809134,0.21376776125479383,-3.8214645047526603
0.759898247533586,1.4993736313256065,1.0385860746924982,-0.09335446942657173,-2.087628521450561,3.536769892819449,0.03591086970038326,1.2514215655802867,1.979426477184234,-0.7005800251359797,-0.17737593909147925,5.28690704054445,0.1327923631779749,0.15411808391728826,-0.11187594612521622,-3.3577336954972687
0.6228981446806658,1.1112107545445633,0.634601974341092,-0.08262555440762144,-1.4470833458618386,3.528941611253981,0.03715895322378389,1.157653477483978,0.42683119452512747,-0.943596674317122,-0.13541162440750398,4.570331467490296,-0.24533631486612995,0.08053298025160076,0.035393630709334906,-3.7780038210847953
0.33481796224173394,1.8584258706058991,0.6096718853908253,0.607833150788367,-1.5207132939570112,2.9477409712122107,0.037778818407759984,-0.25285229315864216,-0.5576310966560848,-1.055925345794928,0.6650524138452051,5.238577464711531,-0.09152641312721828,0.28699438795169807,0.31211715856635036,-3.666800796658752
0.14141264517765165,1.379852804746133,0.6392737001134876,0.42250210944578165,-0.8876586315674773,3.2442075071577547,0.03730931832365945,0.8318210664774236,-0.5940215592605841,-0.9212375756597547,-1.613377816026906,0.9396677884488644,-0.10125873971033363,-0.04808513558267849,0.32280015030102344,-3.8797641889120213
0.32584015149209866,1.3721558154534168,0.6392737001134876,0.4335709754870501,-0.9212944462065409,3.2433447530708075,0.03762122025332966,0.8403684018350861,-0.5849472552097258,-0.9401957192703969,-1.3163025439576206,1.3611277724077167,-0.1040004219344067,-0.050414128046234755,0.2961045902653729,-3.8763342265453886
0.31397595559455016,1.427650486639884,0.6392737001134876,0.41248403425596947,-0.7406384962060019,3.2443006188270664,0.03730931832365945,0.7446442476038225,-0.6123620716806931,-0.8965175529999866,-1.3212569625773918,2.6300267770678163,-0.11666704605706031,-0.07025522849242774,0.19797613561146318,-3.922730332619338
1.143658487836778,1.1909981870195174,0.33626902251853474,0.6566968484132772,-2.8867049275760013,-0.3547564799871532,0.025856508993030634,-1.5962846833934385,-0.7527172697445235,0.36173083359370267,1.2311591868259675,-0.13123014186343937,2.2685705760959833,0.6141584151895995,1.7470322336235866,5.7862160616973215
1.4926123777019,1.7013484646245272,0.35132385332215216,1.2449209587809935,1.2725673758395624,-0.32661754985221536,0.022518380238025933,0.03203091621824371,-1.119986741362671,0.4745313391352958,1.3095084536647723,2.37505468467407,2.186747466100741,0.7080631648358849,2.03378940856404,6.011912324382112
1.786370452864441,1.115735095381166,0.34685624671464993,0.5804572619236469,1.2406956095756587,-0.32611759727358663,0.052707844046051784,0.19559279760100054,-0.9712083343346811,0.4722923658351858,1.3728008322845349,-0.03872674036404507,2.1870919863424034,0.3762888472147091,1.674331694108118,6.078784844032469
1.8560670665127756,1.1629459057686533,0.3410744822896988,0.8022152369792448,1.7446560341823418,-0.4734316818532466,0.029750229100417035,0.4531709606335459,-1.1424661625826733,0.4448942804893621,-0.3075910293853007,-1.5154659281834995,2.03702996387427,0.24387726273895607,1.7565882155937989,6.827232368670997
1.786370452864441,1.1810303094468892,0.3488896098099021,0.5809161238991037,1.1414400844148602,-0.32611759727358663,0.052707844046051784,0.24318520465441923,-0.9703571334664567,0.45710091069476816,1.3853087090424359,-0.04958031137427725,2.1870919863424034,0.37687626493581017,1.6840503324960996,6.065040415418859
1.8165362644515628,1.0492253533255418,0.34685624671464993,0.5764367963349034,1.0921983973189355,-0.3178962230093844,0.052707844046051784,0.41075952686408806,-1.1524312878313543,0.4314995377407008,1.1413777115469814,-0.3405589156446765,2.3697716324381415,0.34554976854976877,1.5770573819548352,6.00144411633968
1.3656881257353939,1.1323694188621711,0.34702694293559344,0.8487024834026893,1.4865351423304523,-0.5215808736243481,0.05256519261053004,-0.3020501217187318,-0.6650922769117689,0.49874662440266576,-0.5138403345429163,-0.5190441337476859,2.2211952029024804,0.41364428705009465,1.8790809337900698,6.825452917528932
1.4592051985985928,1.1520227112397163,0.3468336338173751,0.6976937969206118,1.299902833161348,-0.49668161231774255,0.052710188313057196,0.05623427152778911,-1.0716684542430948,0.09943515774475606,-0.5533101158085548,-0.0703752418802431,2.0432120540933174,0.4049237027829562,1.9053837041391017,6.774890681086165
1.3835349581146579,1.1986506022767174,0.3470495558328683,0.3449597441680021,1.274850694656745,-0.49500801539908346,0.052707844046051784,-0.01975382960967989,-0.9910720590048906,0.5115850092244116,-0.7279952887245785,-0.28265762743403,2.0516753315235543,0.2565475318516041,1.832131216619756,6.55626727062586
1.5959096366430543,1.206139215390061,0.34087580447480137,0.6989930497124691,0.9272154503499449,-0.48973921740396653,0.029470335338626783,0.5577267345057303,-1.4883289584826156,0.03843428150393949,-0.5499689552888285,-1.2855828458912015,1.9802504333944562,0.25258966368366403,1.7494009233612033,6.890172560231799
1.0968375087256035,1.7410763625915722,0.36050404994764595,0.8959330263360193,-5.767933430124122,-0.32637716195338845,0.05028234424179118,1.1037537876281196,-0.9101149752000545,0.36446116600651496,2.10788510377042,4.856180383631363,2.0636803659035423,0.9670770167357777,1.9118050422504371,6.076837714983275
1.7670685398144619,1.1082126438462307,0.34685624671464993,0.5763756916188534,0.820294251095191,-0.3269598456029854,0.02915541236027532,0.65902054006815,-0.742356739649585,0.4827530945808423,0.9204645365848023,-1.0165234304714688,2.1428722197398824,0.42008803200392963,1.6115727040210477,5.992266857283815
1.7900685563303613,1.1082114434448038,0.34685624671464993,0.5763756916188534,0.8101361869504946,-0.3269598456029854,0.02915541236027532,0.6592005195849776,-0.8670460507314937,0.45213321374470417,1.0452686018332464,-1.016600268259417,2.1428722197398824,0.4430867613286804,1.6094836267438348,5.988918438207224
0.9716055712217028,1.022253847906452,0.33991584157128296,0.35802744439879824,-3.104774136323141,-0.4787900131851339,0.025847308962436012,-4.150886683357628,0.32805680134019977,0.46199180946601776,-2.4781369727700646,0.3942153041547345,2.231606673652312,0.36297747027992766,2.0022192728584915,7.099666887792345
1.2077064809463371,1.1391129208813533,0.34816741921472816,0.8448886165058896,1.4821369183753652,-0.5216092205632609,0.052369650481054617,-0.936307314374548,-0.24185465862249533,0.5266327149982962,-1.246297510510898,-0.7304605414445747,2.222640598101331,0.39648449973948696,1.7672602884511672,6.848939256988429
1.4212326490605338,1.2949396006779952,0.3410691135930197,0.8446220366575888,0.8723653786995482,-0.5225202017807679,0.029325339636099627,0.5171947407321179,-0.7286640235080951,0.46002496987660985,-0.4126288437192504,-1.0708284774697785,2.1783054928284225,0.2842197912453789,1.7826511486449297,6.726193237397048
1.619606598936444,1.2598179364403672,0.34685624671464993,0.4783012967651688,2.1971726315871263,-0.3269598456029854,0.029971544719540427,0.5168972524903654,-0.7100436922530894,0.44634533597423015,1.178324850751935,-0.4484391108284203,2.157205695322532,0.477431875659429,1.1197289502514634,5.943658544081388
0.9876154493217101,1.6156054127192245,0.3360427331792762,0.919217455402724,-2.4486918434925213,-0.48208687352928853,0.027973381833006263,-2.379399305703426,-0.13234067134762412,0.007143355993410595,-1.5205588969449728,1.2843818411008243,2.076487047098625,0.4380638812640488,2.004560292597422,6.971099700610264
1.0610168657315548,1.5619203560403685,0.33599970944321944,0.8273141892353304,-5.208857618868687,-0.3545842985732578,0.027973381833006263,-1.3558377015710525,0.10385238412440147,0.38433039785908085,0.1232643491781588,2.885316206560121,2.252197316967431,0.7358678960253223,1.898722251912471,6.013086445980136
2.143353463750602,1.391750249658692,0.3500822271109259,0.6710790841732676,1.210447288657855,-0.3260205174465658,0.052506699318970465,0.2790224707479873,-1.086355830767224,0.5013794719373506,0.968962300989901,-0.0705422911216102,2.2082314753057912,0.34788069124544696,1.6006216887880427,5.901554733602295
1.1431968927625151,1.889752455313166,0.3534991758690453,1.5457371793563504,-4.1250388632972,-0.3268766186910209,0.028119385243770192,-0.6544575832073031,-0.9297023110024749,0.40639105819571075,1.8669619666532393,5.213105651446094,1.8360588351456666,0.8982750798151562,2.025068163013475,6.011505188856716
1.4631461715692955,1.4232837894791748,0.34840544338348695,0.9050198155714876,-1.112519390763362,-0.3275648866894301,0.02825094917515494,-0.866434987793279,-0.7609456985151486,0.3974481090300337,1.9556018504454677,1.7677619430553102,2.11282803811713,0.6274430226318491,1.9524200769082938,5.9562377548020216
2.135438129594473,1.3445534232316518,0.34714120427498585,0.6710849449198071,1.3238153165431334,-0.3266135816945061,0.05239526533470573,0.1985843355467035,-1.091688620741946,0.5265351213125339,1.0959892414894459,0.2992880017964927,2.1924671740230193,0.5532765667975619,1.6838498757275566,5.737734476826021
0.19732774266897288,1.9081288889672134,0.497176767451136,0.5406681687518161,-3.1594940864884724,2.9423174132481575,0.03840370784424242,-1.1831881711670094,-2.8589452863445493,-1.0476601968210246,-2.1465178797828695,5.36158189565435,-0.004304344550448945,0.27971395655825415,-0.28228457005783225,-3.6119062080662543
0.9617499023020112,-0.22878580970465318,0.7178093419591763,-0.6547591478607989,-1.6779048769526486,3.669754063028192,0.03519053162052953,1.4546241834990068,1.3000061951476798,-1.070869266662794,-0.8879501561713392,4.293728061523941,-0.15475122859117438,0.19595045675063028,0.0978362980032957,-3.3901685933336227
1.006096064953756,1.1531340504921004,1.0419206459051056,-0.23604934363777424,-1.703059803012936,3.6973262129295956,0.04186647053508439,1.7701756569162304,1.7686226736275728,-0.7142127429542671,-0.6495890197047645,4.3498066562082816,-0.23826074251547466,0.169605466422333,0.05952766492617405,-3.3070852729583757
0.7378438664370701,1.1972136909868154,0.42567158624732065,-0.17534824373384134,-0.6748846086888962,3.5267202444024455,0.037284790609591716,1.0573233291406996,0.5083103134445255,-0.43504302795414884,-0.42984816738053977,2.6497132363969147,-0.24724946896404,-0.013173437442411116,0.13023356568384042,-3.6962160017039625
0.6617820753355652,0.8732456312169992,0.4042026561797116,-0.13025204258610484,-1.4907938026832084,3.5298845758269013,0.03423458257538769,1.0074866734510262,-0.22960770659984506,-0.5472738016166661,-0.04370231361276699,4.280401390493887,-0.2794101604287582,0.024806530491496365,0.013413109395731327,-3.7122514476607424
0.30822187027970316,1.3400668883133484,0.6395430131888029,0.4352539158792623,-0.7269809696919876,2.9456654801956375,0.03762122025332966,-0.29368381515014097,-1.651774843274265,-1.086521582302065,0.5197080260881501,2.9797154628506712,-0.06255553418648757,0.15249568945420514,0.027933350422444565,-3.798059741011746
0.3352435671112329,1.8662227128286508,0.6101955440021299,0.6037923876887246,-1.457964746310129,2.9477409712122107,0.037778818407759984,-0.5227549492393252,-0.7538196859386571,-1.0593356937335856,0.5867806870136801,5.229249180769128,-0.08592995907870034,0.28738781674345415,0.2402426172409307,-3.6393944793098325
0.27413500653653794,1.442059157530888,0.6178555107008964,0.444124493081277,-1.7556313751746024,3.2689146388995023,0.035690999998534506,0.6590508261261577,-0.7069331088551114,-1.0704008616347223,-1.0146084463153182,4.050289971639624,-0.26729917130330844,0.1929441588554581,0.211483007307657,-3.8524876733898354
-0.1613189133029654,2.287361257717576,0.6395430131888029,0.47103467049289066,0.5579225781637126,3.2347751291693996,0.035809117825894674,0.3320214295135162,-2.654439889267825,-1.2702376465978962,-1.5251282283260608,1.2557476978122029,0.16632318186647846,0.02317860043469622,0.20089843084898637,-3.779193076162349
-0.8932774451259212,1.7972044680416628,0.4930130990533474,0.6672826814531192,-0.06940508277708364,2.940562647995327,0.03816946185883195,-1.281089761748927,-3.748172317067175,-0.9715282962295854,-0.48635976610282095,5.394277515444887,0.03798144125240298,0.36754339010657355,-0.38517262954821924,-3.444907668886073
0.5873780032353859,1.1570621940897856,0.6153326986343862,0.7044031896380124,-1.4763610117241643,3.5380517794807362,0.035546177267929545,0.9320042521945595,0.7122092789194888,-0.9783116761675071,-0.05936052548439431,4.809548173709039,-0.2354340837713982,0.09662768355192784,0.2211189465190566,-3.729879853730974
-0.0986513841332532,1.688153739365584,0.6382747212440695,0.5293651841977793,0.6277777657674537,2.936298462595432,0.03557382731376415,-1.4551557743247152,-3.5693909634455063,-1.3232887177239856,-0.37471093504375874,1.6184024448390713,0.1139887302569293,0.12395418061347856,-0.32992865875468436,-3.421651085224728
0.3802124452524829,1.8254006769892006,0.623314444133506,0.4873793811626848,-1.2107226478528712,2.9683663482874043,0.03547128022750734,-0.4415523502467495,-0.25411605919278685,-1.1234399428794715,1.2480429693723618,6.058526803708891,-0.10760465189341471,0.32122365767689987,0.3360597598598809,-3.780849485635353
0.6492219630442695,1.3469039537389078,0.6380049455711928,-0.16586736679279535,-0.785615005302973,3.527621056180035,0.034511232498821126,0.9085923984063773,0.20560942120302392,-0.870881330472579,-0.11736837782623846,3.4451627080136498,-0.25620771672424564,-0.06467026030501336,0.0690156573553715,-3.7124582186627215
0.6833821749927295,1.0892124476754361,0.6368253956504717,-0.16418239266302154,-0.6803548059570355,3.527681293176465,0.034437236173729305,1.0217748472599213,0.6735767236099874,-0.8511129890203731,-0.16438503469357915,2.6652414132580957,-0.24659526059175835,-0.030348240227195507,0.09536182451756746,-3.778476794052965
1.020963215805925,0.9313914058745902,0.6557649930344773,-0.20409856483958932,-0.8370140831992621,3.68817195098497,0.037437896140467115,1.7103484446126025,0.5686653806331512,-0.45226166402121654,0.10080151392906042,1.4995052144956276,-0.30792081073041966,-0.04450736554263646,0.06263431367062554,-3.798931593870335
0.5700313195536191,0.9099322703305877,0.4030287311192469,0.5498727601565705,-1.933031155296592,3.5379934935888113,0.03506948478421806,0.6970962926777671,-0.10787799985434368,-0.6632891813883485,-0.4344338166371611,5.529653269228712,-0.3086030535190348,0.00736627274559026,0.14427011570234674,-3.7822355313337543
0.5369644361727971,2.01497933459955,0.6154934029816486,0.5000796731306435,-1.4845961662840723,3.5377193833312424,0.035690999998534506,0.5300192053119576,0.15453425725287642,-1.1553519145293132,-0.3492199262538436,4.361929450316216,-0.2608155357997899,0.06501731367911273,0.19917828335869697,-3.822988322739389
0.883208111251978,0.1503964113296376,0.7129585845880906,-0.2481551850220715,-2.295325110499201,3.693808730034814,0.04688515389301062,1.2063842384985444,1.0641830328099706,-1.1018752468356592,-0.662789495985908,4.682721582680104,-0.012577636094694809,0.08013063077685635,-0.1963119342963497,-3.402663001672606
0.07878960161908596,1.6941823669531586,0.6382747212440695,0.5328049840922935,-0.7824310943526706,2.9400160311025174,0.03768803532320239,-1.349045093255993,-3.5884985146032746,-1.2328776688976868,-0.3962720303360217,1.1567079924099875,0.03134419080576349,0.09887197358242464,-0.06975556097419103,-3.6180146301005265
0.21133773569070524,1.6242819509810797,0.6147006530481965,0.43980906111885204,-1.677827961784416,3.2598006748893185,0.036797988193731396,0.5230811033447793,-0.7472208085234212,-1.072707576964284,-1.2155180301581194,3.7391887269197155,-0.12155933432870829,0.07603702614447347,0.26996162053812167,-3.840170833873678
0.32655731760841794,0.9203607667142315,0.6291988331524835,0.48647256044225645,-1.8647565078685482,3.2671965274318184,0.03506948478421806,0.9745392659078576,0.15099637908511773,-1.0475774417139359,-1.2654041817647625,5.432087719277477,0.14656589327880398,0.014816359990051696,0.003517917414925156,-3.9104482143403274
0.3804195927478061,0.18501858351841852,0.6089014957818359,0.5072017496489944,-4.674062754713378,3.2745744461097592,-0.006359595081351428,1.2554587339357182,0.5447940374212578,-0.8851041494365764,-1.9582853084874734,6.1854917428969145,-0.295648035263241,-0.06947511472535374,-0.21482981710901375,-3.593822206420669
0.20563178311095132,1.6242819509810797,0.6147006530481965,0.4437994538229562,-1.8331822980244012,3.562164129335447,0.026243787980186256,0.5200485637986885,-0.7643150212417401,-1.0729722361131269,-1.2444122659060075,3.5995248350768114,-0.15262734905009417,0.15777060057697415,0.2759628376909159,-3.8426274298504923
0.23115155029186968,1.6066167789237034,0.6171144679740213,0.44618712037002595,-0.7021082824243172,3.2651543861992067,0.03725072232233071,0.4738621444970122,-0.6181971366224053,-0.9516942646520244,-1.4064240020237297,4.530185273606618,-0.09914343616597644,0.13427813146830422,0.2084454242842689,-3.8204355853089558
1.477401721740422,1.4222238016831894,0.3479488320431273,0.733207509272491,1.2368906613758321,-10.533992303629615,0.05026541778967234,0.2141086764489674,-0.8376140703450345,0.38581716295304413,0.5650950311484698,-0.17888343737743254,-15.075449820948393,0.3188424707038787,1.0375247796827427,2.7431571208904177
1.4720985853510733,1.4222238016831894,0.3479488320431273,0.7289185473003365,1.2368822286217955,-10.561051270991616,0.05026541778967234,0.2141086764489674,-0.8613070112707281,0.3786264195518603,0.5607807579298059,-0.1770571820887815,-14.9990062736749,0.3226864835524544,1.038337590126063,2.732087951059462
1.5373755141514165,1.5253032227021617,0.34750191038567657,0.6345368004167584,1.896256328407214,-10.542186056627822,-0.2655603800605874,0.2142650060652571,-0.9935490292720645,0.5284203705457047,0.7334587278290149,-0.3744730774546691,-15.075667179947715,1.2591228849131628,0.8959900384978798,2.6459657646184995
1.298725443383442,1.5077209671098155,0.347679518967812,0.7275922594381815,1.2368822286217955,-10.561051270991616,0.05026541778967234,0.11414201594105806,-0.0468405727731192,0.3774007093749842,0.5499715435472968,-0.13301496449805034,-15.001620285398099,0.3218664318182075,0.9629630836523937,2.7558012475785336
1.5373755141514165,1.5253032227021617,0.34750191038567657,0.6345368004167584,1.896256328407214,-10.542186056627822,-0.2655603800605874,0.2142650060652571,-0.9967914314742216,0.5281979120219554,0.7334587278290149,-0.371971790561951,-15.075374185794486,1.257514636224151,0.8982688668668486,2.6459657646184995
1.4974949697768898,1.3613774156669445,0.34775552292490897,0.613575397497821,1.2424063684515751,-8.686526259157155,0.05040431931050155,0.15164971460918628,0.37386378008442384,0.4239720276949399,0.6655087933337259,-0.06960941837627659,-9.528795298381285,0.2939593491011511,2.9221084536216964,3.974131658193813
1.4974949697768898,1.3613774156669445,0.34775552292490897,0.6139953821782046,1.2424063684515751,-8.686526259157155,0.05040431931050155,0.15164971460918628,0.3734108763177405,0.42381357636726946,0.6611860028416063,-0.06960941837627659,-9.527773029879343,0.2966046246647633,2.92252843830208,3.9745582903539654
1.461067611645657,1.5963837571754829,0.34716381011818714,0.6362911446434637,2.1210474601862646,-8.576799155502108,-0.2908998940721109,-0.20037558561849095,0.676760334956773,0.5725367774419842,-0.14372215381933767,0.49347066781717186,-9.117689423978126,-1.0498749722926022,2.9572184041246374,3.414554755052718
1.801181500522725,1.7000452154634313,0.34737418597139336,0.6178330078088043,2.128870223458944,-8.692919047885422,-0.2743169004404877,0.19845257794959992,0.295971690274162,0.559239262668694,0.4794265227601001,-0.041909507318451576,-9.578310930788318,1.268100093037534,2.718597052060786,3.4581976488619146
1.5160576545571856,1.4258152530484067,0.34775552292490897,0.6119763323903417,1.242362753220276,-9.712504019355517,0.05785159764792198,0.15641067756042812,0.7828713308417808,0.42485725590505063,0.6281093097671363,0.001941844341109824,-13.350793508280455,0.295251228162885,1.7922743210104386,3.1245075582763193
1.298725443383442,1.5077209671098155,0.347679518967812,0.7529248685231471,1.2368822286217955,-10.368045150182091,0.05026541778967234,0.11414201594105806,0.13194092416595657,0.3774007093749842,0.6974682130325837,-0.13301496449805034,-14.694280387124602,0.35148834395514117,0.9629630836523937,2.7329429519909736
1.298725443383442,1.480687749176018,0.347679518967812,0.753645118972859,1.2335243419580677,-10.367866540020133,0.04988644654007788,0.2764654232817158,0.03929547775770877,0.3870103036823361,0.711356602149438,-0.14139906596134189,-14.691808168252349,0.3541519892174983,0.9573992831364309,2.7350054693512433
1.298725443383442,1.5077209671098155,0.347679518967812,0.7275922594381815,1.2368822286217955,-10.561051270991616,0.05026541778967234,0.11414201594105806,-0.0468405727731192,0.3774007093749842,0.5499715435472968,-0.13301496449805034,-15.001620285398099,0.3218664318182075,0.9629630836523937,2.7558012475785336
1.475104564528532,1.5250565242298368,0.34729153453247036,0.6529949372514178,1.8892201621494569,-10.427346866945454,-0.2824582966705621,-0.19307970007248498,-0.8838862429462391,0.5519248503358761,0.17857880413129273,0.10114322525514025,-14.615045673137525,-1.0984711259667959,1.0958956345994757,2.561139457369607
1.5160576545571856,1.4258152530484067,0.34775552292490897,0.6139953821782046,1.2424063684515751,-9.793739381510616,0.05040431931050155,0.15647306637330158,-0.5665722739956535,0.41908365283122384,0.6339259217512678,-0.08933964835434238,-13.145788426214613,0.2548801310650275,1.8008987387852984,3.857495216998373
1.461067611645657,1.5963837571754829,0.34716381011818714,0.6362911446434637,2.1210474601862646,-9.676115460129926,-0.2908998940721109,-0.19759970173350844,0.07892051493872157,0.5739730564184466,-0.14122612862660183,0.4949069467936343,-12.735704820313403,-1.0498749722926022,1.8354502858377746,2.7199604077660324
1.801181500522725,1.7000452154634313,0.34737418597139336,0.6178330078088043,2.128870223458944,-9.792235352513242,-0.2743169004404877,0.20122846183458232,-0.3018681297438878,0.5606755416451564,0.4819225479528363,-0.040473228341989104,-13.196326327123593,1.268100093037534,1.5968289337739252,2.7636033015752295
1.5160576545571856,1.4258152530484067,0.34775552292490897,0.613575397497821,1.2424063684515751,-10.331220236727265,0.05040431931050155,0.15397694811644866,-1.4002168807254483,0.41924210415889396,0.6357526870506517,-0.17653948553925228,-14.886541854255418,0.25223485550141533,1.1606580358522174,3.703621736551572
1.4768320505609482,1.5963547881542086,0.34775552292490897,0.7155348741728931,1.23038337691225,-10.336123362375563,0.05040431931050155,0.18099089660910025,-0.5399885237716143,0.41908365283122384,0.6505858294121873,-0.1795786662861227,-14.877292955813072,0.30572025171854755,1.1679332059569052,2.9499542111732913
1.801181500522725,1.7000452154634313,0.34737418597139336,0.6178330078088043,2.1284955488803945,-10.329716207729891,-0.27556857091118736,0.21428563146356444,-1.1111647224137073,0.5738513446839245,0.4326484865681658,-0.1609446182968655,-14.936057486662454,1.257169859811455,0.9637015275713238,2.642539299724445
1.4974949697768898,1.3616200885060232,0.34775552292490897,0.613575397497821,1.2424063684515751,-10.09851002725047,0.05040431931050155,0.11506543171674614,-1.374403908675308,0.4235392007655383,0.6655087933337259,-0.1956564153168254,-14.272485676042892,0.2939593491011511,1.066030012376113,3.053849776770144
1.80122948909873,1.70028788830251,0.34750191038567657,0.6175668755804367,1.9143634432462606,-10.104902815978733,-0.26614410377476483,0.11910268043688414,-1.0120775533669877,0.5734185177545228,0.41952283898229226,-0.3397472588317148,-14.322818105424815,1.262855206498617,0.8752178634142931,2.5573321269749765
1.4768320505609482,1.5935414363471936,0.34775552292490897,0.7151148894925095,1.2296035255560622,-10.250793430545391,0.05040431931050155,0.1441268480885311,-0.7901985542246873,0.41924210415889396,0.6538090250567802,-0.15642603797115803,-14.482596545719225,0.29595408809262264,1.061039648733739,2.8660494378515446
1.4974949697768898,1.3596636587074555,0.34775552292490897,0.6139953821782046,1.2424063684515751,-10.233897034101252,0.05040431931050155,0.11506543171674614,-1.285033896820251,0.42381357636726946,0.6611860028416063,-0.1956564153168254,-14.459100901888053,0.2899754606919925,1.0553842993460063,3.0445703144393805
1.80122948909873,1.6983314585039428,0.34750191038567657,0.6175668755804367,1.9143634432462606,-10.240289822829515,-0.26614410377476483,0.11910268043688414,-0.9222546377452461,0.5738513446839245,0.41952283898229226,-0.3397472588317148,-14.510455599771918,1.2562260425258462,0.8641521657038029,2.5476260324840623
1.9451335333399857,1.688118981218339,0.34775552292490897,0.6504692751819517,1.262146042897022,-0.10751227388555251,0.050089396332150087,-0.221722078989205,-0.9767404009386559,0.5300304384787464,0.7126404261465796,-0.10432430552130513,2.689829492469925,0.4485410801207705,1.610598070484242,4.7061943186860535
1.9451335333399857,1.688118981218339,0.34775552292490897,0.6508892598623354,1.262146042897022,-0.10751227388555251,0.050089396332150087,-0.221722078989205,-0.977193304705339,0.529871987151076,0.7083176356544603,-0.10432430552130513,2.6908517609718663,0.4511863556843824,1.6110180551646258,4.706620950846205
1.5482003010473366,1.6575896456811845,0.34716381011818714,0.673100932737609,2.5817252717506225,-0.07624814611567503,-0.2908998940721109,-0.5782547151484327,-1.0274513262658058,0.7940218044596268,-0.1457586557691669,0.289300351946238,2.713932343541404,-1.27885881176198,1.8782858245871004,4.420166153976689
1.8883141899244051,1.761251103969133,0.34737418597139336,0.6546427959029499,2.5895480350233004,-0.10310368442483986,-0.2743169004404877,-0.06924986105453466,-1.4100368535942998,0.6294972082233021,0.8231495045987284,-0.29655170410904147,2.776635631384559,1.6055888232451714,1.4237448750313786,4.498103806879046
1.6407178852527164,1.3637204407157597,0.34644823388678475,0.6346753596898453,2.6189038895121337,-1.6864874098229408,-0.2880979424278212,-0.4251183388901999,-1.1536675384565593,1.6016714832097185,0.8346127192398716,0.22423106084144573,-4.176862789497273,-1.3557269112421038,0.9186048202208759,6.411049270656009
1.9808317741297894,1.4673818990037077,0.34665860973999096,0.6491348576907456,2.6289480345281704,-1.7942731529859837,-0.2715149487961979,0.0832083045434328,-1.2885852039421695,0.6503704683013238,1.2531831348228575,-0.2984460624167949,-4.182632621541666,1.4605865878816038,0.4020843629034355,6.52550152648829
1.5160576545571856,1.4258152530484067,0.34775552292490897,0.613575397497821,1.242362753220276,-10.331162941471344,0.05040431931050155,0.15363479367544583,-0.7294985050828994,0.41982801087411314,0.6256132845744006,-0.17198066334802978,-14.885944637094747,0.29782651857762293,1.162781457942541,2.98991420656801
1.461067611645657,1.5963837571754829,0.34716381011818714,0.6362911446434637,2.1210474601862646,-10.213596315346576,-0.2908998940721109,-0.20037558561849095,-0.7516568504639687,0.5725367774419842,-0.14372215381933767,0.4062708306322654,-14.478231244974344,-1.0498749722926022,1.1973055017302636,2.567265068943538
1.4768320505609482,1.5935414363471936,0.34775552292490897,0.7151148894925095,1.2296035255560622,-10.250793430545391,0.05040431931050155,0.1441268480885311,-0.7901985542246873,0.41924210415889396,0.6538090250567802,-0.15642603797115803,-14.482596545719225,0.29595408809262264,1.061039648733739,2.8660494378515446
1.4974949697768898,1.3596636587074555,0.34775552292490897,0.6139953821782046,1.2424063684515751,-10.233897034101252,0.05040431931050155,0.11506543171674614,-1.285033896820251,0.42381357636726946,0.6611860028416063,-0.1956564153168254,-14.459100901888053,0.2899754606919925,1.0553842993460063,3.0445703144393805
1.461067611645657,1.5946700002159944,0.34716381011818714,0.6362911446434637,2.1210474601862646,-10.1241699304462,-0.2908998940721109,-0.23695986851093084,-0.9816844381812174,0.5725367774419842,-0.14372215381933767,0.3674236708766269,-14.049017295986843,-1.0565041362653724,1.0900742651685649,2.48456677913813
1.80122948909873,1.6983314585039428,0.34750191038567657,0.6175668755804367,1.9143634432462606,-10.240289822829515,-0.26614410377476483,0.11910268043688414,-0.9222546377452461,0.5738513446839245,0.41952283898229226,-0.3397472588317148,-14.510455599771918,1.2562260425258462,0.8641521657038029,2.5476260324840623
2.0286741489957625,1.4495672541180304,0.3469185702339624,0.6452537727247196,1.0651760370527437,-1.6975194887948484,0.04022303926740579,-0.03299400530893444,-1.2735485338366304,0.584399332131909,1.1461526676475324,-0.12698254261168818,-5.110310892938167,0.41729111553833836,0.7988185342704108,6.998149356704034
1.6317889052791132,1.4186608318768301,0.3465498011626089,0.6346462787903258,2.1250719583733995,-1.5853251561710928,-0.2887920461825051,-0.5352399793917324,-1.180685224032472,1.6257194850329488,0.8536325019459958,-0.011655403436977636,-5.262649090735777,-1.444115628446262,1.020354849773709,6.624110197481955
2.084257227583158,1.3771771783090665,0.3475460933323135,0.6920729614710338,1.4971586800016132,-0.38354444253365805,0.04065242713137124,-0.03785875427218187,-1.15958140810721,0.47888815887922365,1.0366394200597668,-0.01878445282092058,-9.319606764620056,0.33327197953178767,1.07229255439677,5.262003023359899
1.687371983866509,1.3482675902726877,0.3470821049398749,0.7144443984956259,2.588610918034292,-0.3522803147637806,-0.28850219891748013,-0.45308417912815957,-1.221701694578831,0.74592227846608,0.5084045498104038,0.19053720257471546,-9.249645118214572,-1.3443198489360586,1.255993404752408,5.227617604108797
1.4254379103312413,1.838888732492904,0.34750191038567657,0.9078540254180241,1.9637167910776556,-10.547877313705618,-0.2655603800605874,0.22322112553062284,-0.8227582797323935,0.5281979120219554,0.7617149430629458,-0.2927861104487676,-15.118905895935187,1.2572324192532116,0.9119776618518016,2.6129055534916596
1.2989791128187511,1.4803538343735185,0.34772254270386876,0.7532251342924754,1.2335243419580677,-10.414773849699959,0.04988644654007788,0.2672228085136549,-0.0222084265220806,0.3857326772055331,0.7191816178694017,-0.14576694107298127,-14.544052458545524,0.35100911455571293,0.9417104965029719,2.7220129418473356
1.298725443383442,1.480687749176018,0.347679518967812,0.753645118972859,1.2335243419580677,-10.367866540020133,0.04988644654007788,0.2764654232817158,0.03929547775770877,0.3870103036823361,0.711356602149438,-0.14139906596134189,-14.691808168252349,0.3541519892174983,0.9573992831364309,2.7350054693512433
1.4262276692403846,1.7094691246954723,0.3476952195038949,0.7610032851485342,1.8834834563102714,-10.340794385323798,-0.2655603800605874,0.3075077109561983,-0.7247239594481318,0.528121197200138,0.909151137796682,-0.3723256057336611,-14.801312049236397,1.2738355764807436,0.9079354738502137,2.6014399856752153
1.477401721740422,1.595255193306682,0.3479488320431273,0.7174987337239507,1.2296035255560622,-10.0952283401413,0.05040431931050155,0.2304019327144388,-0.7909601364891039,0.41920810882797055,0.6494862345646606,-0.15650062695359498,-14.055046007918166,0.36297769811618824,1.1511002380029254,2.9691644626195766
1.7966045354497215,1.7000452154634313,0.34750191038567657,0.6175668755804367,1.9143634432462606,-9.929699028299442,-0.26614410377476483,0.11910268043688414,-0.610630717377054,0.5738513446839245,0.42024930537669647,-0.3397472588317148,-13.886975644384723,1.262855206498617,0.9662468489979682,2.6249806945086127
1.4611156002216619,1.5963837571754829,0.34729153453247036,0.636025012415096,1.9073272769885035,-10.213596315346576,-0.2827270974063881,-0.24235460322384464,-0.36691502525008773,0.5811158900814017,-0.08899941945669808,0.23526667307447238,-14.479048041949229,-1.1105964787362188,1.210004754329352,2.586681428480273
1.7966045354497215,1.7000452154634313,0.34750191038567657,0.6175668755804367,1.9143634432462606,-10.329716207729891,-0.26614410377476483,0.1295297217809348,-0.717423983526198,0.5738513446839245,0.48270802482755226,-0.30810615622573706,-14.939669548759419,1.262855206498617,0.9713834022655028,2.63032432228947
1.298725443383442,1.5077209671098155,0.347679518967812,0.7256602491233749,1.2368822286217955,-10.57512807856391,0.05026541778967234,0.11414201594105806,-0.06577775794216464,0.3774007093749842,0.5489324234513201,-0.13301496449805034,-15.037935086799227,0.3343533981657322,0.9629630836523937,2.7558012475785336
1.298725443383442,1.480687749176018,0.347679518967812,0.7263804995730868,1.2335243419580677,-10.574949468401952,0.04988644654007788,0.2764654232817158,-0.1584232043504118,0.3870103036823361,0.5628208125681744,-0.14139906596134189,-15.035462867926974,0.3370170434280893,0.9573992831364309,2.7578637649388034
1.4565418797482361,1.4607634300365941,0.34729153453247036,0.6512792840824534,1.8842945507587865,-10.423860603596665,-0.28214337369221065,-0.18878283143510277,-1.1246790926734893,0.5401923809554782,0.2833735150934191,0.19265219441255024,-14.658253222317544,-0.9619019787434931,1.0990110734936869,2.3286058664119103
1.4254379103312413,1.838888732492904,0.34750191038567657,0.9078540254180241,1.9637167910776556,-10.547877313705618,-0.2655603800605874,0.22322112553062284,-0.8227582797323935,0.5281979120219554,0.7617149430629458,-0.2927861104487676,-15.118905895935187,1.2572324192532116,0.9119776618518016,2.6129055534916596
1.298725443383442,1.5077209671098155,0.347679518967812,0.7275922594381815,1.2368822286217955,-10.561051270991616,0.05026541778967234,0.11414201594105806,-0.0468405727731192,0.3774007093749842,0.5499715435472968,-0.13301496449805034,-15.001620285398099,0.3218664318182075,0.9629630836523937,2.7558012475785336
1.4720985853510733,1.4222238016831894,0.3479488320431273,0.7289185473003365,1.2368822286217955,-10.561051270991616,0.05026541778967234,0.2141086764489674,-0.8613070112707281,0.3786264195518603,0.5607807579298059,-0.1770571820887815,-14.9990062736749,0.3226864835524544,1.038337590126063,2.732087951059462
1.475104564528532,1.5250565242298368,0.34729153453247036,0.6529949372514178,1.8892201621494569,-10.427346866945454,-0.2824582966705621,-0.19307970007248498,-0.8838862429462391,0.5519248503358761,0.17857880413129273,0.10114322525514025,-14.615045673137525,-1.0984711259667959,1.0958956345994757,2.561139457369607
1.5373755141514165,1.5253032227021617,0.34750191038567657,0.6345368004167584,1.896256328407214,-10.542186056627822,-0.2655603800605874,0.2142650060652571,-0.9967914314742216,0.5281979120219554,0.7334587278290149,-0.371971790561951,-15.075374185794486,1.257514636224151,0.8982688668668486,2.6459657646184995
1.4974949697768898,1.3613774156669445,0.34775552292490897,0.6119763323903417,1.2424063684515751,-9.704664496885801,0.05785159764792198,0.15442559849416862,0.4578164305883628,0.4290012727258774,0.6680048185264617,0.017113252127952845,-13.310758723622556,0.30863438727890163,1.79168841429522,3.2614353237929468
1.4974949697768898,1.3613774156669445,0.34775552292490897,0.6123963170707253,1.2424063684515751,-9.704664496885801,0.05785159764792198,0.15442559849416862,0.45736352682167947,0.42884282139820706,0.6636820280343421,0.017113252127952845,-13.309736455120614,0.3112796628425138,1.792108398975604,3.2618619559530977
1.801181500522725,1.7000452154634313,0.34737418597139336,0.6162339427013251,2.128870223458944,-9.725284006528017,-0.3367912909377369,0.20122846183458232,0.29000990241042685,0.5642685076996315,0.4819225479528363,0.04481316318577732,-13.430196024864259,1.2827751312152846,1.5881770127343158,2.7455013144610443
1.461067611645657,1.5963837571754829,0.34716381011818714,0.6346920795359844,2.134667670794501,-9.628740037856224,-0.3533742845693601,-0.18183377710733456,0.8056143082264624,0.5736276391206935,-0.14122612862660183,0.5372727166885323,-12.933191902656183,-1.0718103224411328,1.8011806952408036,2.5805067571517597
1.801181500522725,1.7000452154634313,0.34737418597139336,0.6162339427013251,2.1284955488803945,-9.744859930239539,-0.3380429614084366,0.21678174972041764,0.32601687273238916,0.5749422063626337,0.42473398800684703,0.0772040925841127,-13.422399133069959,1.254594569396717,1.5691142364569686,2.6621121176784834
1.4974949697768898,1.3613774156669445,0.34775552292490897,0.613575397497821,1.2424063684515751,-10.104346503213002,0.05040431931050155,0.11506543171674614,-1.1111254649895868,0.4239720276949399,0.6655087933337259,-0.13160718258668133,-14.069215589460304,0.2939593491011511,1.1570589979597874,3.12149834430378
1.461067611645657,1.5963837571754829,0.34716381011818714,0.6362911446434637,2.120672785607715,-9.99461939955795,-0.2921515645428106,-0.22140658062509505,-0.8941549170106935,0.5811158900814017,-0.08628429562487953,0.463863833005104,-13.658109715057153,-1.1151019299009985,1.1987238417427433,2.594184669315721
1.80122948909873,1.7000452154634313,0.34750191038567657,0.6175668755804367,1.9143634432462606,-10.110739291941265,-0.26614410377476483,0.11910268043688414,-0.7487991096812667,0.5738513446839245,0.41952283898229226,-0.2756980261015714,-14.119548018842227,1.262855206498617,0.9662468489979682,2.6249806945086127
1.4768320505609482,1.595255193306682,0.34775552292490897,0.7151148894925095,1.2296035255560622,-10.336123362375563,0.05040431931050155,0.18071113098097077,-0.5312327200482015,0.41924210415889396,0.6538090250567802,-0.17955182420419333,-14.88287224824749,0.30258325206539344,1.1682708852954382,2.9487477276569525
1.4974949697768898,1.3613774156669445,0.34775552292490897,0.6139953821782046,1.2424063684515751,-10.323323419001628,0.05040431931050155,0.15164971460918628,-1.0550063091030004,0.42381357636726946,0.6611860028416063,-0.15680925556118633,-14.888314850875556,0.2966046246647633,1.1626155359077055,3.1272686042447884
1.461067611645657,1.5963837571754829,0.34716381011818714,0.6362911446434637,2.1210474601862646,-10.213596315346576,-0.2908998940721109,-0.20037558561849095,-0.7516568504639687,0.5725367774419842,-0.14372215381933767,0.4062708306322654,-14.478231244974344,-1.0498749722926022,1.1973055017302636,2.567265068943538
1.80122948909873,1.7000452154634313,0.34750191038567657,0.6175668755804367,1.9143634432462606,-10.329716207729891,-0.26614410377476483,0.1556869633293243,-0.6922270500279966,0.5738513446839245,0.41952283898229226,-0.30090009907607623,-14.939669548759419,1.262855206498617,0.9713834022655028,2.63032432228947
2.142958876058487,1.3906268378176947,0.3471638171722607,0.6715060531598837,1.2971820070909394,-0.3260205174465658,0.05239292106770032,0.12931971123272887,-1.0860650074623042,0.5010721445112597,1.0276486187952356,-0.057522042610102964,2.1931840474897126,0.3506690367289987,1.6095775572558768,5.900259145089924
1.746025643765833,1.359701103711002,0.34657210436553887,0.6937236377324598,2.6166690563286914,-0.2947563896766883,-0.3162742580115964,-0.3573530934482621,-1.0536441036013573,0.7957922309039178,0.17249357942789173,0.33595534521479425,2.2022534666648514,-1.3898787630044676,1.8739359655616545,5.337339219572578
2.0286761189827383,1.444651001129284,0.34691222227922336,0.6451916770482664,1.0655507116312926,-1.6975194887948484,0.04080351451599434,-0.08903994135586114,-1.3549198065648533,0.5724972273209287,1.134460204218757,-0.17140574007168283,-5.115198049493831,0.3223408860029408,0.7928402897421223,6.966848949785343
1.631790875266089,1.4137445788880836,0.34644823388678475,0.6346462787903258,2.122850576630041,-1.5853251561710928,-0.2887920461825051,-0.5068855229042178,-1.1671281954502573,1.6240972841466352,0.8343448902445898,-0.021901093925593636,-5.267416959490724,-1.443589182674951,1.020354849773709,6.6248328704931465
1.9719047641431615,1.5167162260373235,0.34665860973999096,0.649105776791226,2.1328947216460783,-1.6931108993341357,-0.27220905255088185,0.08394146135597373,-1.3087594720011342,0.6727962692382408,1.2529153058275757,-0.5445782171838351,-5.416551819361646,1.2293592886222282,0.5038027943209533,6.727499246767923
1.4768320505609482,1.5963547881542086,0.34775552292490897,0.7155348741728931,1.23038337691225,-10.117146446586936,0.05040431931050155,0.1441268480885311,-0.5950230680497798,0.41908365283122384,0.6505858294121873,-0.15437659331161754,-14.059966691017959,0.30572025171854755,1.1643341680644752,2.944610583392434
1.477401721740422,1.5954978661457608,0.3479488320431273,0.717078749043567,1.2296035255560622,-10.115406423694608,0.05040431931050155,0.2304019327144388,-1.01589471362465,0.41893373322623917,0.6538090250567802,-0.15650062695359498,-14.318274697358477,0.35984069846303424,1.0596512677388672,2.9010892629257894
1.4768320505609482,1.5965974609932874,0.34775552292490897,0.7155348741728931,1.23038337691225,-10.115406423694608,0.05040431931050155,0.1441268480885311,-0.887239758194736,0.41865082590182223,0.6505858294121873,-0.1564528800530874,-14.292175024059782,0.30572025171854755,1.0733051824808009,2.8769620158587976
1.461067611645657,1.5966264300145616,0.34716381011818714,0.6362911446434637,2.120672785607715,-9.988782923595418,-0.2921515645428106,-0.22140658062509505,-1.1574333606964153,0.580683063152,-0.08628429562487953,0.39981460027496246,-13.861379801639739,-1.1151019299009985,1.107694856159069,2.5265361017820847
1.7966045354497215,1.70028788830251,0.34750191038567657,0.6175668755804367,1.9143634432462606,-10.104902815978733,-0.26614410377476483,0.09294543888849503,-0.9779570687239366,0.5742297231067057,0.4931185485816071,-0.42515295206921083,-14.322818105424815,1.2737137694453293,0.8752178634142931,2.554134052868609
2.024097183922759,1.444651001129284,0.3470462946482456,0.6449255448198988,0.8510439314186087,-1.6975194887948484,0.0496475064038283,-0.11747014936343388,-0.8333854909671691,0.584399332131909,1.2066227296609735,-0.338370283732399,-5.100478386960674,0.4229764622255007,0.8055395423412128,6.985542636310887
2.024097183922759,1.444651001129284,0.3470462946482456,0.6453455295002825,0.8510439314186087,-1.6975194887948484,0.0496475064038283,-0.11747014936343388,-0.8338383947338522,0.5842408808042385,1.2022999391688542,-0.338370283732399,-5.099456118458731,0.42562173778911244,0.8059595270215962,6.985969268471041
1.6317889052791132,1.4137445788880836,0.3465498011626089,0.6346462787903258,2.1250719583733995,-1.5853251561710928,-0.2887920461825051,-0.5347235973721366,-0.9174391130130001,1.6265434906209653,0.5314622777806253,0.0419353875097684,-5.252816584758284,-1.4444445824939627,1.0200576675989566,6.623813015307202
1.9740886657469465,1.627523683905231,0.34761272160693557,0.6924122866796716,1.2613392532438963,-0.38354386317421885,0.07446023782895245,-0.20279485098277708,-1.1175473645788057,0.501872355848455,1.0843189219822558,-0.12480193972789867,-8.312228641412876,0.3977246807388981,0.8946787211763083,5.422490298267943
1.9694637120979381,1.627523683905231,0.34761272160693557,0.6928322713600552,1.2613392532438963,-0.38354386317421885,0.07446023782895245,-0.2289520925311663,-1.2046887716292238,0.503660797366024,1.153591841089451,-0.18342673517927524,-8.430391415543928,0.27684148849082946,0.8950987058566922,5.422206247293346
1.9172693223313668,1.7005147976758268,0.34723138465341996,0.6893461479263427,2.2056149710426456,-0.3791352737135062,-0.2499460589436854,-0.028482174190100573,-0.8640594152454698,0.6013391255930104,1.2500244768728719,0.04991724706935111,-8.364737735060615,1.5102616942874838,0.7494888992400859,5.49446270193631
1.5160576545571856,1.4258152530484067,0.34775552292490897,0.6119763323903417,1.242362753220276,-9.732079943067038,0.05785159764792198,0.15641067756042812,0.8505075836748827,0.420918872552822,0.6281093097671363,0.001941844341109824,-13.299569349545507,0.295251228162885,1.766656651453077,3.008855133340719
1.4974949697768898,1.3613774156669445,0.34775552292490897,0.6130166842359849,1.2424063684515751,-9.724469847543304,0.05785159764792198,0.15442559849416862,0.5823402195001143,0.42490443804597877,0.6636820280343421,0.019912921287866155,-13.303185249882473,0.2643866529158415,1.7664907294182424,3.1165668496833123
1.461067611645657,1.5963837571754829,0.34716381011818714,0.6346920795359844,2.134667670794501,-9.628740037856224,-0.3533742845693601,-0.18183377710733456,0.8056143082264624,0.5736276391206935,-0.14122612862660183,0.5372727166885323,-12.933191902656183,-1.0718103224411328,1.8011806952408036,2.5805067571517597
1.4974949697768898,1.3613774156669445,0.34775552292490897,0.6146157493434641,1.2424063684515751,-10.323552845947606,0.05040431931050155,0.1519294802373157,-0.9992033846327748,0.42381357636726946,0.6611860028416063,-0.15400958640127263,-14.886765272309631,0.2669619433305793,1.1610780205326008,3.0976259229106042
1.461067611645657,1.5963837571754829,0.34716381011818714,0.6362911446434637,2.1210474601862646,-10.213596315346576,-0.2908998940721109,-0.2000958199903614,-0.7531943658390732,0.5725367774419842,-0.14372215381933767,0.4062708306322654,-14.475435979852264,-1.0498749722926022,1.195767986355159,2.567265068943538
2.1383339224094784,1.3906268378176947,0.3471638171722607,0.6710860684795,1.2971820070909394,-1.063534455809855,0.05239292106770032,0.10304336664313264,-1.1108020189740135,0.5389703727418691,1.1051185238873946,-0.06610755927980805,0.539617563234426,0.3580942609144725,1.3815826996126095,7.3078355728199975
2.1383339224094784,1.3906268378176947,0.3471638171722607,0.6715060531598837,1.2971820070909394,-1.063534455809855,0.05239292106770032,0.10304336664313264,-1.1112549227406967,0.5388119214141986,1.1007957333952754,-0.06610755927980805,0.5406398317363683,0.36073953647808454,1.3820026842929933,7.308262204980149
1.746025643765833,1.359701103711002,0.34657210436553887,0.6937236377324598,2.6166690563286914,-0.9853910357359663,-0.3162742580115964,-0.35737468358837826,-1.0528430517583816,0.8315755734860796,0.1824555081826718,0.3345758856947499,0.5083257126610544,-1.421488983680589,1.6456344340267908,6.783318792202954
2.086139532642907,1.4633625619989505,0.3467824802187451,0.6752655008978007,2.6244918196013693,-1.059125866349142,-0.2728719698591993,0.21560394520176465,-1.435428579086875,0.6661758366684873,1.151404644150266,-0.23914182937735237,0.6925727714148954,1.5845024222372501,1.1428673349322045,6.882875996146933
2.037603128969366,1.39462686295696,0.34691222227922336,0.6452836531772659,1.515770327651874,-1.7986817424466963,0.040917143022089715,-0.007275861589634552,-1.33371530820651,0.5602122639444964,1.1464269525465445,0.08597594880146028,-4.226569570591189,0.3469411537377085,0.6350281181511067,6.843253320140874
2.033026163896363,1.39462686295696,0.3470399466935066,0.6453754099528287,1.3016382220177398,-1.7986817424466963,0.050341610158512226,-0.09175200564413395,-0.8890889161149849,0.560053812616826,1.2025742240678663,-0.12541179231925076,-4.225547302089247,0.3552717759884828,0.6421691109022916,6.831073231907879
1.9808317741297894,1.4673818990037077,0.34665860973999096,0.6491348576907456,2.6289480345281704,-1.7942731529859837,-0.2715149487961979,0.09287787131822124,-0.9520015149688461,0.6503704683013238,1.2787246978995512,-0.2125955778430593,-4.182632621541666,1.4604572456190978,0.40139826847952953,6.518841161548416
1.4974949697768898,1.3613774156669445,0.34775552292490897,0.6141973709915415,1.2374507862623347,-10.328226544649926,0.05040431931050155,0.15665095961187972,-0.9978013492534632,0.4239720276949399,0.6654875058006872,-0.15896516859051327,-14.88009587445056,0.26404270686207326,1.162174263694283,3.0971992907504533
1.4611156002216619,1.5963837571754829,0.34729153453247036,0.636025012415096,1.9073272769885035,-10.213596315346576,-0.2827270974063881,-0.24235460322384464,-0.36691502525008773,0.5811158900814017,-0.08899941945669808,0.23526667307447238,-14.479048041949229,-1.1105964787362188,1.210004754329352,2.586681428480273
1.7966045354497215,1.7000452154634313,0.34750191038567657,0.6175668755804367,1.9143634432462606,-10.329716207729891,-0.26614410377476483,0.1556869633293243,-0.6883285627733926,0.5738513446839245,0.42024930537669647,-0.30090009907607623,-14.939669548759419,1.262855206498617,0.9713834022655028,2.63032432228947
2.037603128969366,1.39462686295696,0.34691222227922336,0.6452537727247196,1.515770327651874,-1.7986817424466963,0.040917143022089715,-0.007275861589634552,-1.3337147751711587,0.5601818504565992,1.1464269525465445,0.08597594880146028,-4.226535443476599,0.34694484658659025,0.6350500590927258,6.843253320140874
2.037603128969366,1.39462686295696,0.34691222227922336,0.6456737574051032,1.515770327651874,-1.7986817424466963,0.040917143022089715,-0.007275861589634552,-1.334167678937842,0.5600233991289287,1.1421041620544252,0.08597594880146028,-4.225513174974656,0.3495901221502023,0.6354700437731097,6.843679952301025
1.6407178852527164,1.3637204407157597,0.34644823388678475,0.6346462787903258,2.6211252712554933,-1.6864874098229408,-0.2880979424278212,-0.42702149484587315,-1.1721395165600967,1.601641069721821,0.8539067868450079,0.22342699799751842,-4.177198498646892,-1.3557222987803785,0.9186591588508297,6.411049270656009
1.9808317741297894,1.4673818990037077,0.34665860973999096,0.649105776791226,2.6289480345281704,-1.7942731529859837,-0.2715149487961979,0.08278943542492763,-1.5559522017388427,0.64951604922541,1.575353358988228,-0.3520368533635408,-4.1825996937566154,1.460620853273894,0.4021071033980822,6.52550152648829
2.037603128969366,1.39462686295696,0.34691222227922336,0.6452836531772659,1.515770327651874,-1.7986817424466963,0.040917143022089715,-0.007275861589634552,-1.33371530820651,0.5602122639444964,1.1464269525465445,0.08597594880146028,-4.226569570591189,0.3469411537377085,0.6350281181511067,6.843253320140874
1.6407178852527164,1.3637204407157597,0.34644823388678475,0.6346753596898453,2.6211252712554933,-1.6864874098229408,-0.2880979424278212,-0.4265051128262772,-0.903978485140257,1.602495488797735,0.5317365626796373,0.2770177889442645,-4.177215627364289,-1.3560379472797677,0.9183076380461235,6.410752088481257
1.9808317741297894,1.4673818990037077,0.34665860973999096,0.6491348576907456,2.6289480345281704,-1.7942731529859837,-0.2715149487961979,0.09287787131822124,-0.9520015149688461,0.6503704683013238,1.2787246978995512,-0.2125955778430593,-4.182632621541666,1.4604572456190978,0.40139826847952953,6.518841161548416
1.9740406771709411,1.627523683905231,0.34748499719265236,0.6854387594337122,1.4894662440648174,-0.38354386317421885,0.06561624594111848,-0.14426331173632814,-1.5546872413248056,0.49152860616877925,1.0753351264815685,0.005281262557134772,-8.406641211369527,0.3879726297565104,1.0215521350314054,5.45550042704992
1.9740886657469465,1.627523683905231,0.34761272160693557,0.6928322713600552,1.2613392532438963,-0.38354386317421885,0.07446023782895245,-0.20279485098277708,-1.2236072681468777,0.5017139045207849,1.0799961314901365,-0.12480193972789867,-8.430391415543928,0.2811849136695145,0.8950987058566922,5.422916930428094
1.577155433454296,1.5968533393878783,0.34702100880021375,0.7078042847610017,2.5809184820974966,-0.3522797354043414,-0.2665290525753085,-0.5581662783958083,-1.4003486689543052,0.7658637218293359,0.22591984006651095,0.26882271773964456,-8.427441022903775,-1.3740582589494432,1.2046363401469864,5.421825617902554
1.9172693223313668,1.7005147976758268,0.34723138465341996,0.6893461479263427,2.5887412453701746,-0.3791352737135062,-0.2499460589436854,-0.03958937042821171,-1.4471445409326413,0.6013391255930104,1.2203695635111,-0.23117885374189992,-8.364737735060615,1.5105572159699556,0.7497064783421106,5.49340008803979
2.079680262510155,1.3771771783090665,0.3476738177465967,0.6990464887169932,1.269031689180692,-0.38354444253365805,0.0494964190192052,-0.09639029351863072,-0.7185430441066041,0.4892319085588997,1.046349681954858,-0.14886765510595387,-9.225194194663416,0.34302403051417557,0.9454191405416715,5.22899289457792
1.687371983866509,1.3482675902726877,0.3470821049398749,0.7144443984956259,2.588610918034292,-0.3522803147637806,-0.28850219891748013,-0.45308417912815957,-1.221701694578831,0.74592227846608,0.5084045498104038,0.19053720257471546,-9.249645118214572,-1.3443198489360586,1.255993404752408,5.227617604108797
2.0274858727435836,1.4519290485606358,0.3472924807930811,0.6959862616609668,2.59643368130697,-0.3791358530729454,-0.2719192052858569,0.06681518703593448,-1.0003352025489507,0.5813465472365039,1.180725024689323,-0.2437392369769056,-9.166424652953365,1.5604838493536901,0.7468196775812683,5.299700968248182
2.0987026129287725,1.367634656599148,0.3469240380678567,0.6766649748470658,1.9721456648556652,1.668256012948528,0.04152877887133721,-0.024967533979005453,-1.242178198861805,0.5695751293590761,0.6815807178678461,-0.023254035850664052,0.9193479389329628,0.40015839507510326,1.591344527941453,5.370411141532336
2.0987026129287725,1.367634656599148,0.3469240380678567,0.6770849595274494,1.9721456648556652,1.668256012948528,0.04152877887133721,-0.024967533979005453,-1.2426311026284884,0.5694166780314056,0.677257927375727,-0.023254035850664052,0.9203702074349052,0.4028036706387153,1.591764512621837,5.3708377736924895
1.7016724704999755,1.3657784482033097,0.3464600496754181,0.6662015381350123,2.616022408654079,1.6312099163945797,-0.2879880808147502,-0.515069222627888,-1.2497819104781724,1.6158352903182256,0.4858636560652542,0.2510336456990526,0.5690605688840654,-1.7264556394659034,1.9319797412145108,4.919551367668792
2.04178635937705,1.4694399064912578,0.34667042552862426,0.6806610361359126,2.623845171926757,1.664779731469799,-0.27140508718312695,0.07724204846947173,-1.6402723707021112,0.6637102698218159,1.2073102282084778,-0.3244302056620057,0.9476962334904214,1.5695360349456287,1.4170428100825778,5.08683250949622
2.091516043995501,1.3779399748481798,0.3473435736145036,0.6764478136708086,1.175634111636218,1.310297269257374,0.03965458569690143,-0.012153619422044145,-1.8988289361335597,0.5835865468646154,0.977931018406206,-0.5994341521474231,-6.922638339273313,0.38792800743846073,1.584531515897129,5.369418599323232
2.091516043995501,1.3779399748481798,0.3473435736145036,0.6768677983511923,1.175634111636218,1.310297269257374,0.03965458569690143,-0.011546064349416173,-1.630702684792449,0.5842521011249616,0.6514380037487147,-0.545843361200677,-6.921616070771369,0.39066112005394743,1.584191940776669,5.36908567168254
1.6944990260755899,1.3760837664523415,0.3469748045431501,0.6659843769587551,1.8195108554346313,1.2732511727034257,-0.28149697861015877,-0.4889219566972416,-1.3086455717460659,1.6303182521204667,0.4855852955149366,-0.1846339205811358,-7.100759039032248,-1.5712618378729957,1.9221431447012194,4.978628568463724
2.0346129149526644,1.479055413601581,0.3470899610752712,0.6804438749596554,1.8273336187073101,1.306820987778645,-0.2710642574069694,0.09723904197168455,-1.699136031970005,0.678193231624058,1.2070318676581595,-0.7611690464382861,-7.1987403110875015,1.2481128998769289,1.410631215580331,5.125096235426428
1.631790875266089,1.4137445788880836,0.34644823388678475,0.6346462787903258,2.122850576630041,-1.5853251561710928,-0.2887920461825051,-0.5068855229042178,-1.1671281954502573,1.6240972841466352,0.8343448902445898,-0.021901093925593636,-5.267416959490724,-1.443589182674951,1.020354849773709,6.6248328704931465
1.9719047641431615,1.5167162260373235,0.34665860973999096,0.649105776791226,2.1328947216460783,-1.6931108993341357,-0.27220905255088185,0.08352259223746857,-1.5761278023861844,0.6719722636502243,1.5750855299929463,-0.5981690081305822,-5.416551819361646,1.2293910604951763,0.5038027943209533,6.727499246767923
2.0376511175453715,1.39462686295696,0.3470399466935066,0.6449554252724451,1.3016382220177398,-1.7986817424466963,0.050341610158512226,-0.06559476409574468,-0.8634390788501004,0.5602122639444964,1.143711828714726,-0.11820573516959,-4.226569570591189,0.35262650042487076,0.6417491262219077,6.830646599747727
2.037603128969366,1.39462686295696,0.34691222227922336,0.6456415421811963,1.529765212838661,-1.7986817424466963,0.041497618270678265,-0.007063224849295968,-1.204653268841079,0.5497739086921595,1.1304052427219196,0.010664397770257484,-4.224730505114364,0.3455197250060949,0.6294698583032027,6.805957633806656
1.6407178852527164,1.3637204407157597,0.34644823388678475,0.6346753596898453,2.6189038895121337,-1.6864874098229408,-0.2880979424278212,-0.4251183388901999,-1.1536675384565593,1.6016714832097185,0.8346127192398716,0.22423106084144573,-4.176862789497273,-1.3557269112421038,0.9186048202208759,6.411049270656009
1.9808317741297894,1.4673818990037077,0.34665860973999096,0.6491348576907456,2.6289480345281704,-1.7942731529859837,-0.2715149487961979,0.08330581744452346,-1.2877911703190026,0.6503704683013238,1.2531831348228575,-0.2984460624167949,-4.182632621541666,1.4602894057068512,0.4017871807286829,6.525204344313538
2.0053594893341997,1.2544989353217777,0.34609831641490624,0.6849559317857233,1.6465531556779598,1.517047261354246,0.02719904954677686,-0.1126919074955869,-1.5449810426080621,0.5866567935935295,1.7819002734982436,-0.29389537702111784,-9.596068462776627,0.28185688362936423,1.6075097078620562,5.826230585427926
2.0053594893341997,1.2544989353217777,0.34609831641490624,0.685375916466107,1.6465531556779598,1.517047261354246,0.02719904954677686,-0.1126919074955869,-1.5454339463747453,0.5864983422658591,1.777577483006124,-0.29389537702111784,-9.595046194274685,0.2845021591929763,1.60792969254244,5.82665721758808
1.6084126220552324,1.248214724905561,0.3460725423288681,0.67895588995221,2.178631331964356,1.4800011648002975,-0.23787691027154861,-0.5967932299776574,-1.4750366853306787,1.6633795548403238,1.6028980312757208,0.17346283686195874,-9.374395358680228,-1.2530454380177405,1.945807353714365,5.443356669751319
1.9485265109323027,1.3511863720548005,0.34512582652176904,0.6934153879531102,2.1862518526673065,1.5135709798755166,-0.2274441890683592,-0.015641967391567792,-1.8494960154854896,0.6989409336325796,2.3197944801100294,-0.37587223399375863,-9.570121047292137,1.4685848831755255,1.4343689673461035,5.589824336714025
2.091516043995501,1.3779399748481798,0.3473435736145036,0.6764478136708086,1.175634111636218,1.310297269257374,0.03965458569690143,-0.012153619422044145,-1.8988289361335597,0.5835865468646154,0.977931018406206,-0.5994341521474231,-6.922638339273313,0.38792800743846073,1.584531515897129,5.369418599323232
2.0346129149526644,1.479055413601581,0.3470899610752712,0.6804438749596554,1.8273336187073101,1.306820987778645,-0.2710642574069694,0.09723904197168455,-1.699136031970005,0.678193231624058,1.2070318676581595,-0.7611690464382861,-7.1987403110875015,1.2481128998769289,1.410631215580331,5.125096235426428
1.5160576545571856,1.4258152530484067,0.34775552292490897,0.6123963170707253,1.242362753220276,-9.712504019355517,0.05785159764792198,0.15641067756042812,0.7830453741854922,0.42411289786216144,0.6237865192750167,0.001941844341109824,-13.30582921368645,0.3151769394876132,1.792108398975604,3.1249341904364702
1.461067611645657,1.5963837571754829,0.34716381011818714,0.6346920795359844,2.1210474601862646,-9.609164114144702,-0.3533742845693601,-0.19759970173350844,0.6707985470930378,0.5775660224729219,-0.14122612862660183,0.5801933383213995,-12.969574518054069,-1.0351999341148517,1.8267983647981643,2.7018584206518472
1.801181500522725,1.7000452154634313,0.34737418597139336,0.6162339427013251,2.128870223458944,-9.725284006528017,-0.3367912909377369,0.20122846183458232,0.29000990241042685,0.5642685076996315,0.4819225479528363,0.04481316318577732,-13.430196024864259,1.2827751312152846,1.5881770127343158,2.7455013144610443
1.4766119628312793,1.7246748011041138,0.34775552292490897,0.8892302491617715,1.2374507862623347,-9.798642507158913,0.05040431931050155,0.18348701486595312,0.47035224072573617,0.41924210415889396,0.6574046450970427,-0.08531141975112837,-13.137600616597071,0.30251293898124626,1.8055865755993585,3.1103008437278206
1.461067611645657,1.5963837571754829,0.34716381011818714,0.6362911446434637,2.1210474601862646,-9.676115460129926,-0.2908998940721109,-0.19759970173350844,0.07892051493872157,0.5739730564184466,-0.14122612862660183,0.4949069467936343,-12.735704820313403,-1.0498749722926022,1.8354502858377746,2.7199604077660324
2.0320016521942454,1.3887848329197596,0.3470399466935066,0.5974178270948676,1.3016382220177398,-1.7469771341547309,0.050341610158512226,-0.06876604048217301,-1.1232979618197336,0.5751640404535823,1.1429439033596422,-0.11794420520303657,-2.321240056447293,0.3491194546033574,0.6531889165828775,6.926701892012333
2.0320016521942454,1.3887848329197596,0.3470399466935066,0.5978378117752512,1.3016382220177398,-1.7469771341547309,0.050341610158512226,-0.06876604048217301,-1.1237508655864166,0.5750055891259118,1.138621112867523,-0.11794420520303657,-2.3202177879453516,0.3517647301669696,0.6536089012632613,6.9271285241724865
1.6350684199015904,1.357878410678559,0.34644823388678475,0.6200553963478274,2.6211252712554933,-1.6347828015309753,-0.2880979424278212,-0.42977390211379635,-1.1652778818120815,1.5667195929226367,0.5166869120867887,0.2755331826218604,-2.181340935333466,-1.2687026330395956,0.9300446105818457,6.501086714673061
2.0376511175453715,1.39462686295696,0.3470399466935066,0.6453455295002825,1.3016382220177398,-1.7986817424466963,0.050341610158512226,-0.06559476409574468,-0.8638914495814326,0.5600233991289287,1.1393890382226068,-0.11820573516959,-4.225513174974656,0.35527546883736455,0.6421910518439107,6.831073231907879
1.9808317741297894,1.4673818990037077,0.34665860973999096,0.649105776791226,2.6289480345281704,-1.7942731529859837,-0.2715149487961979,0.08330581744452346,-1.2877898377306252,0.6503400548134266,1.2531831348228575,-0.2984460624167949,-4.1825996937566154,1.4602918992261933,0.4018099212233296,6.525204344313538
1.4564906465726535,1.5963837571754829,0.34729153453247036,0.636025012415096,1.9073272769885035,-9.813579135916127,-0.2827270974063881,-0.2789388861162841,-0.28531869259914405,0.5811158900814017,-0.088272953062294,0.19641951331883337,-13.426354137574533,-1.1105964787362188,1.2048682010618172,2.5813378006994157
1.4766119628312793,1.7246748011041138,0.34775552292490897,0.8892302491617715,1.309836860323447,-8.699326202531093,0.05040431931050155,0.18071113098097077,0.9214372829028813,0.41924210415889396,0.6549086199043069,-0.012925345690016394,-9.5195852202618,0.30251293898124626,2.927216275116142,3.8041436815503475
1.461067611645657,1.5963837571754829,0.34716381011818714,0.6362911446434637,2.1210474601862646,-8.576799155502108,-0.2908998940721109,-0.20037558561849095,0.676760334956773,0.5725367774419842,-0.14372215381933767,0.49347066781717186,-9.117689423978126,-1.0498749722926022,2.9572184041246374,3.414554755052718
2.0320016521942454,1.3887848329197596,0.3470399466935066,0.5974178270948676,1.3016382220177398,-1.7469771341547309,0.050341610158512226,-0.06876604048217301,-1.1232979618197336,0.5751640404535823,1.1429439033596422,-0.11794420520303657,-2.321240056447293,0.3491194546033574,0.6531889165828775,6.926701892012333
2.0320016521942454,1.3887848329197596,0.3470399466935066,0.5978378117752512,1.3016382220177398,-1.7469771341547309,0.050341610158512226,-0.06876604048217301,-1.1237508655864166,0.5750055891259118,1.138621112867523,-0.11794420520303657,-2.3202177879453516,0.3517647301669696,0.6536089012632613,6.9271285241724865
1.6350684199015904,1.357878410678559,0.34644823388678475,0.6200553963478274,2.6211252712554933,-1.6347828015309753,-0.2880979424278212,-0.42977390211379635,-1.1652778818120815,1.5667195929226367,0.5166869120867887,0.2755331826218604,-2.181340935333466,-1.2687026330395956,0.9300446105818457,6.501086714673061
2.142958876058487,1.3906268378176947,0.3471638171722607,0.6710860684795,1.2971820070909394,-1.063534455809855,0.05239292106770032,0.1292006081915221,-1.0856050854758121,0.5389703727418691,1.0419333380421352,-0.05890150213014733,0.539617563234426,0.3580942609144725,1.3815826996126095,7.3078355728199975
2.086139532642907,1.4633625619989505,0.3467824802187451,0.6752655008978007,2.2413655452738377,-1.059125866349142,-0.2728719698591993,0.23628319531357367,-0.5165537980495468,0.6661758366684873,1.2066011205887321,0.12780475600763444,0.6925727714148954,1.584374740467025,1.1422608435810266,6.877575427278331
1.6317889052791132,1.4137445788880836,0.3465498011626089,0.6346462787903258,2.1250719583733995,-1.5853251561710928,-0.2887920461825051,-0.5347235973721366,-0.9174391130130001,1.6265434906209653,0.5314622777806253,0.0419353875097684,-5.252816584758284,-1.4444445824939627,1.0200576675989566,6.623813015307202
1.9719027941561857,1.5167162260373235,0.34666495769473,0.649105776791226,2.1328947216460783,-1.6931108993341357,-0.27220905255088185,0.06715972759892132,-0.972175753906856,0.6744184701245546,1.2784504130005392,-0.44874925377364455,-5.401015359853605,1.2292688294869611,0.5031166998970474,6.720116208816856
2.024097183922759,1.4495672541180304,0.3470462946482456,0.6449255448198988,0.8510439314186087,-1.6975194887948484,0.0496475064038283,-0.09131290781504468,-0.7993738172256181,0.584399332131909,1.1441640102101183,-0.3311642265827384,-5.110310892938167,0.4229764622255007,0.8055395423412128,6.985542636310887
1.6317889052791132,1.4186608318768301,0.3465498011626089,0.6346462787903258,2.1250719583733995,-1.5853251561710928,-0.2887920461825051,-0.5352399793917324,-1.180685224032472,1.6257194850329488,0.8536325019459958,-0.011655403436977636,-5.262649090735777,-1.444115628446262,1.020354849773709,6.624110197481955
1.9719027941561857,1.52163247902607,0.34666495769473,0.649105776791226,2.1328947216460783,-1.6931108993341357,-0.27220905255088185,0.06715972759892132,-0.9672595009181092,0.6744184701245546,1.2784504130005392,-0.44874925377364455,-5.410847865831098,1.2292688294869611,0.5031166998970474,6.720116208816856
2.091516043995501,1.3792909998167628,0.3473435736145036,0.6764478136708086,1.8259521451430678,1.668256012948528,0.03965458569690143,-0.03892534516048419,-1.2659468050928093,0.6164327632439534,0.6996062412971978,-0.08316333647729457,0.48520916429594846,0.4031093362687643,1.5886195173875628,5.368496834041393
2.091516043995501,1.3792909998167628,0.3473435736145036,0.6768677983511923,1.8259521451430678,1.668256012948528,0.03965458569690143,-0.03892534516048419,-1.2663997088594927,0.6162743119162829,0.6952834508050788,-0.08316333647729457,0.4862314327978908,0.4057546118323761,1.5890395020679466,5.368923466201545
1.6944990260755899,1.3774347914209244,0.3469748045431501,0.6659843769587551,2.469828888941481,1.6312099163945797,-0.28149697861015877,-0.5258732913820072,-1.2801322511632662,1.6623404629117886,0.5038891794946082,0.19219561956851067,0.307088464537015,-1.5563361860068137,1.9273796182416512,4.984829545747849
2.0346129149526644,1.4804064385701639,0.3470899610752712,0.6804438749596554,2.47765165221416,1.664779731469799,-0.2710642574069694,0.06028770728691875,-1.6706227113872054,0.7102154424153797,1.2253357516378305,-0.3843395062886364,0.20910719248176413,1.2630385517431109,1.4158676891207629,5.131297212710553
2.0053594893341997,1.2544989353217777,0.34609831641490624,0.685375916466107,1.6465531556779598,1.517047261354246,0.02719904954677686,-0.1126919074955869,-1.5454339463747453,0.5864983422658591,1.777577483006124,-0.29389537702111784,-9.595046194274685,0.2845021591929763,1.60792969254244,5.82665721758808
1.6084126220552324,1.248214724905561,0.3460725423288681,0.67895588995221,2.178631331964356,1.4800011648002975,-0.23787691027154861,-0.5967932299776574,-1.4750366853306787,1.6633795548403238,1.6028980312757208,0.17346283686195874,-9.374395358680228,-1.2530454380177405,1.945807353714365,5.443356669751319
1.9485265109323027,1.3511863720548005,0.34512582652176904,0.6934153879531102,2.1862518526673065,1.5135709798755166,-0.2274441890683592,-0.015641967391567792,-1.8494960154854896,0.6989409336325796,2.3197944801100294,-0.37587223399375863,-9.570121047292137,1.4685848831755255,1.4343689673461035,5.589824336714025
2.1429108874824814,1.3906268378176947,0.3470360927579775,0.6713522007078677,1.5116887873036229,-0.3260205174465658,0.04354892917986636,0.1051413771600714,-1.63234332367055,0.49095069191426344,1.0229876137866674,0.11221492273740838,2.192978575962654,0.24742706807006629,1.5964583199764064,5.880416153393034
2.1429108874824814,1.3906268378176947,0.3470360927579775,0.6717721853882513,1.5113141127250733,-0.3260205174465658,0.04296845393127781,0.187638613738839,-1.5034651644729107,0.5010721445112597,1.040774266381109,0.08243343816910813,2.1940008444645955,0.34498369004183654,1.6034331979368033,5.912474122524897
1.746025643765833,1.359701103711002,0.34657210436553887,0.6937236377324598,2.6166690563286914,-0.2947563896766883,-0.3162742580115964,-0.3573530934482621,-1.0536441036013573,0.7957922309039178,0.17249357942789173,0.33595534521479425,2.2022534666648514,-1.3898787630044676,1.8739359655616545,5.337339219572578
1.5482003010473366,1.6575896456811845,0.34716381011818714,0.673100932737609,2.5817252717506225,-0.07624814611567503,-0.2908998940721109,-0.5782547151484327,-1.0274513262658058,0.7940218044596268,-0.1457586557691669,0.289300351946238,2.713932343541404,-1.27885881176198,1.8782858245871004,4.420166153976689
2.091516043995501,1.3792909998167628,0.3473435736145036,0.6764478136708086,1.8259521451430678,1.668256012948528,0.03965458569690143,-0.03892534516048419,-1.2659468050928093,0.6164327632439534,0.6996062412971978,-0.08316333647729457,0.48520916429594846,0.4031093362687643,1.5886195173875628,5.368496834041393
1.6944990260755899,1.3774347914209244,0.3469748045431501,0.6659843769587551,2.469828888941481,1.6312099163945797,-0.28149697861015877,-0.5258732913820072,-1.2801322511632662,1.6623404629117886,0.5038891794946082,0.19219561956851067,0.307088464537015,-1.5563361860068137,1.9273796182416512,4.984829545747849
1.7016724704999755,1.3657784482033097,0.3464600496754181,0.6662015381350123,2.616022408654079,1.6312099163945797,-0.2879880808147502,-0.515069222627888,-1.2497819104781724,1.6158352903182256,0.4858636560652542,0.2510336456990526,0.5690605688840654,-1.7264556394659034,1.9319797412145108,4.919551367668792
2.04178635937705,1.4694399064912578,0.34667042552862426,0.6806610361359126,2.623845171926757,1.664779731469799,-0.27140508718312695,0.07724204846947173,-1.6402723707021112,0.6637102698218159,1.2073102282084778,-0.3244302056620057,0.9476962334904214,1.5695360349456287,1.4170428100825778,5.08683250949622
0.13892351102242856,-0.8000645565186267,0.7370020328571792,0.16400771975145553,-1.5071980465626549,-9.862288998948465,0.03787104398758728,0.5503840951965098,0.844249023888348,-0.6727206748250818,-1.3804004130446483,5.063080204453257,-10.985243668684923,-0.7948410728632309,0.2775108035595471,-1.9612982064357376
0.1428977888445534,-0.8525437273799384,0.7370020328571792,0.166326095234634,-1.8220270612748384,-9.862288998948465,0.03779737963833327,0.548354288192898,1.2582350908875115,-0.6587800241729788,-1.3798638209215122,5.205290326656984,-10.848899395459991,-0.8025376526628967,0.3147103878406912,-1.9585754722124409
0.21192036471256567,-0.09048792117541342,0.7315499516861432,0.16107827741275793,-1.4404159397109029,-10.298469979774348,0.030133315138978354,0.5337512425563997,1.2041459130618963,-0.8594781814775225,-1.6410774744084304,4.59974453798196,-11.220479975030502,-0.07395102961633873,0.3528809785079947,-2.610010220720129
0.1547234629543749,-0.04787261002344022,0.7381652529195312,0.1883944487781939,-1.4859535630747027,-9.595761156369933,0.0266694487444439,0.333403719295476,1.2638540244709158,-0.670142943588967,-1.5194705854753818,5.126630395767783,-9.086796851532805,-0.8343163645999967,0.11960398245886593,-2.6760181747674268
0.20290564838076322,-0.07309621029158259,0.7387009956914643,0.17942660080268308,-1.4847969308240876,-10.241928496248152,0.019186133595533558,0.5265585015326081,1.184268550963059,-0.7691978728031723,-1.5990395160805722,4.661960405546682,-11.615244597646997,0.11487434521420042,0.3812523634992892,-2.6453568451599083
0.12580379376408407,0.7990115400033857,0.7368382722730035,0.1479336210136492,-1.310066595075248,-10.242445950178176,0.019453383215643796,0.4227588344022241,0.6707978348234684,-0.6841605722088822,-1.5357622925041923,3.5463144938615625,-11.804703077292917,-1.9409057991554326,0.43859551634220506,-1.3535366556900659
0.1428977888445534,-0.8525437273799384,0.7370020328571792,0.15670611710110302,-1.8220270612748384,-9.837437701139777,0.03779737963833327,0.548354288192898,1.209828193251172,-0.6587800241729788,-1.363490601866576,5.205290326656984,-10.793842023825073,-0.8091789554820339,0.3147103878406912,-1.954052353877064
0.20478294166860037,-0.09051396684181261,0.7315499516861432,0.1514582992792267,-1.4404385448249108,-10.264997288969667,0.04129136222907524,0.4964908814789158,1.2481317980278335,-0.856732034794814,-1.6245706081734066,4.604446433246846,-11.141021988570063,-0.10544378126545614,0.32565822285959944,-2.613917635565317
0.1428977888445534,-0.8525437273799384,0.7370020328571792,0.166326095234634,-1.8220270612748384,-9.862288998948465,0.03779737963833327,0.548354288192898,1.2582350908875115,-0.6587800241729788,-1.3798638209215122,5.205290326656984,-10.848899395459991,-0.8025376526628967,0.3147103878406912,-1.9585754722124409
0.20125790097189897,-0.12481437889868778,0.7327443659107129,0.16275515406439206,-1.2920643118338637,-10.292672941706002,0.030130329515905416,0.43618166495832994,0.7462319629847476,-0.974192234139668,-1.6584656455056899,3.590082247524481,-11.33169330993842,-2.3708757765735595,0.3461140634905187,-1.2677293027818994
0.1547234629543749,-0.05583337576458845,0.7381652529195312,0.1883944487781939,-1.4860115092222381,-10.023855495298124,0.0266694487444439,0.33792474200694306,1.2845600024548922,-0.670142943588967,-1.5068408205980817,5.12740910243703,-10.565581851813644,-0.8430558370103927,0.27027466245088205,-2.62633336473752
0.20290564838076322,-0.07308959699806153,0.7387009956914643,0.18842955640780634,-1.4847969308240876,-10.025191706855152,0.029800834909655943,0.5265959641985435,1.1889738368140494,-0.77422711783411,-1.5990395160805722,4.751261944466855,-10.884154947667824,0.11732524753968218,0.37407646533943884,-2.6664172526917116
0.12580379376408407,0.8077884985460239,0.7368382722730035,0.15693657661877236,-1.310066595075248,-10.030354744571511,0.03006808452976621,0.4189306726215453,0.6750077570543519,-0.6891898172398196,-1.5346856273677263,3.635616032781741,-11.064579073893974,-1.9391414896491133,0.4319467841806389,-1.3843124283532893
0.1547234629543749,-0.05583337576458845,0.7381652529195312,0.1883944487781939,-1.4860115092222381,-10.255439460019966,0.0266694487444439,0.3349690529722919,1.2778398920924725,-0.670142943588967,-1.5122236959808368,5.040209265252126,-11.330963395664057,-0.8430558370103927,0.27854721446117675,-2.6102584231571404
0.2032830724582202,-0.030717970491636524,0.7386617406615712,0.1883944487781939,-1.4847389846765522,-10.25617293405398,0.029800834909655943,0.5250670789433552,1.3058416725106738,-0.7754225437186588,-1.6089138022150047,4.663907158306898,-11.659838217423273,0.14599754569184165,0.38234901734973387,-2.6713799821923185
0.13610471037955935,0.869052524167888,1.128803239216291,0.1552623227340961,-1.458420258783104,-10.255756413073446,0.030071070152839146,0.7215419319047149,1.2586589873353202,-0.5834245621451944,-1.5199130259539282,4.564731537787076,-11.772834743169092,-0.009194892293828664,0.4556257125627789,-3.0443766288126315
0.1258196707163498,0.9465191179595319,1.1299583984109676,0.1563576005039896,-1.31001068475853,-10.025295044262108,0.03006808452976621,0.5899299584418644,1.165395485830616,-0.6911245491261769,-1.5408788024506646,3.5780244074569287,-10.96696221564768,-1.935515695278002,0.4486545808905622,-1.340473283453807
0.13610471037955935,0.8717219253977545,1.128803239216291,0.15505540471197216,-1.458420258783104,-10.025295044262108,0.030071070152839146,0.6860727322604707,1.1655980196006328,-0.5752166271740152,-1.5204050638979716,4.5878573240201135,-10.90182854652719,-0.009194892293828664,0.4554214959080383,-3.0220808314377767
0.15288469807934074,-0.08764199132433406,0.7381652529195312,0.1883944487781939,-1.4859761681887107,-10.056037802589994,0.037827495834540814,0.2641879014973819,1.535614531852111,-0.662098138737327,-1.519336938295295,5.0672582400807995,-10.441330305132619,-0.8751335204176354,0.26542088469647623,-2.589245252737331
0.20290564838076322,-0.07480996725107114,0.7387009956914643,0.18842955640780634,-1.4847969308240876,-10.161209271672394,0.029800834909655943,0.48813361285371304,1.145944346370515,-0.77422711783411,-1.6044223914633273,4.687187893514985,-10.954526608795437,0.11082047165616735,0.3877168511938412,-2.6231640246452046
0.12580379376408407,0.8266614410291431,0.7368382722730035,0.15656451852611353,-1.31001068475853,-10.16019001316885,0.03006808452976621,0.36017085372486296,0.634911806195942,-0.690255264104353,-1.5387404011596422,3.5707912424372408,-11.146498283369564,-1.9455258004681282,0.4485825151083198,-1.3412349106436237
0.3096213279112222,1.1854226276875797,1.1354185404496793,0.42906653059993927,-1.5090633151546513,-0.3276530688885335,0.027057414514569264,1.2828740552815676,1.2193419841236102,-0.47359474104920185,-1.088057518203464,5.160257114429435,4.476182780325278,-1.205451293651211,0.2495329716311393,-3.5197233474713547
0.38235407685336886,1.54773830815454,0.6357972457166658,0.4353155035562923,-1.2762555275870544,-0.32089032663690287,0.03114894953991963,1.0049150254607493,-0.27082573036958335,-1.0584208914791737,-0.981937094091785,3.7368568469603236,4.48583727637517,-1.9675134239686531,0.16567380337601426,-1.7600078853794003
0.4070816662765255,0.5653937824783603,0.4039847366617689,0.4101399216622112,-1.3089000602691048,-3.012387433620479,0.03565283636683687,1.0600941325918136,0.32823060232255463,-0.763805247527823,-0.8150490013220824,3.837335772159457,-5.370402476008858,-1.956461018179001,0.33806204956255415,-2.737630798836166
0.20290564838076322,-0.07308959699806153,0.7387009956914643,0.18842955640780634,-1.4847969308240876,-10.25677567157699,0.029800834909655943,0.5201265322402578,1.1750622190547286,-0.77422711783411,-1.6044223914633273,4.664062107281951,-11.666719124190323,0.11732524753968218,0.38088569607001893,-2.650342311111332
0.12580379376408407,0.8283751979886314,0.7368382722730035,0.15656451852611353,-1.31001068475853,-10.255756413073446,0.03006808452976621,0.39212631044547247,0.6638624413270358,-0.690255264104353,-1.5387404011596422,3.5476654562042054,-11.858603873341128,-1.9388966364953575,0.44175135998449766,-1.3684131971097524
0.13608883342729367,0.7535780054268538,0.7356831130783269,0.1552623227340961,-1.458420258783104,-10.255756413073446,0.030071070152839146,0.4882690842640792,0.6640649750970526,-0.5743473421521915,-1.5182666626069496,4.55749837276739,-11.793470204220636,-0.012575833511184352,0.4485182750019738,-3.0500207450937213
0.15288469807934074,-0.08764199132433406,0.7381652529195312,0.1883944487781939,-1.4859761681887107,-10.056037802589994,0.037827495834540814,0.2641879014973819,1.535614531852111,-0.662098138737327,-1.519336938295295,5.0672582400807995,-10.441330305132619,-0.8751335204176354,0.26542088469647623,-2.589245252737331
0.12580379376408407,0.8266614410291431,0.7368382722730035,0.15656451852611353,-1.31001068475853,-10.16019001316885,0.03006808452976621,0.36017085372486296,0.634911806195942,-0.690255264104353,-1.5387404011596422,3.5707912424372408,-11.146498283369564,-1.9455258004681282,0.4485825151083198,-1.3412349106436237
0.13610471037955935,0.8673387672083995,1.128803239216291,0.15505540471197216,-1.458420258783104,-10.160682051112891,0.030071070152839146,0.6860727322604707,1.2148469115486291,-0.5791120695386304,-1.5204050638979716,4.5878573240201135,-11.073378948143105,-0.01582405626659951,0.4609992218718783,-3.0171884209756565
0.3239246413525713,0.9218554580907716,0.740868336825294,0.3697399356917043,-1.3606460488964234,-3.0563071884275907,0.031030854188062628,1.089144831456913,0.8816494534458005,-0.39793151671959454,-0.7390697394790725,5.100856417881775,-5.784110076923244,-1.0351747478335696,0.43694790292234215,-4.578539089892653
0.37248425085641645,0.8969004781416887,0.7413648245673341,0.3697644256620089,-1.3594873808149905,-3.0563986208240324,0.029969843254885456,1.3007414065998573,0.9357220449624725,-0.5130439072192243,-0.8270933483751118,4.725999603781039,-5.977065375455328,0.0659330871566414,0.5587201480396118,-4.6377794679928295
0.4059006890325912,1.0648694653400432,0.6343671682302451,0.37585662002219794,-1.1547461949637308,-3.001550875095426,0.03092999211502378,1.0516844055910894,0.13920472767385508,-1.1625537312678054,-0.7228035927164784,3.7145505584768452,-5.803719545699648,-1.6739613341964803,0.32919368410434535,-2.84217756695341
0.298661031448052,0.8859879895039471,0.7423266136347775,0.5247490747310881,-1.5097327920811574,-1.2755426670075787,0.026687369705050302,1.0816705524194377,0.9283356736152043,-0.3813168681030735,-1.0686422609315254,5.155655271736768,-8.327206953863602,-1.1631840017036412,0.4059841070767424,-3.9853363343878647
0.19145739834839856,-0.9168652212141639,0.737498520599219,0.16705977003772512,-1.8208124828766878,-9.875184386026037,0.04092876580354531,0.7354812207366365,1.2872315611804817,-0.7887658753061907,-1.4703461577571117,4.826158021581855,-11.189654352248805,0.10449279978070328,0.4185121907292479,-2.0474423795439876
0.19145739834839856,-0.9168652212141639,0.737498520599219,0.15670611710110302,-1.8208124828766878,-9.838171175173791,0.04092876580354531,0.7354812207366365,1.2423957870912103,-0.7887658753061907,-1.4529338186061984,4.826158021581855,-11.101747542096936,0.11053404135739875,0.4185121907292479,-2.0429192612086107
0.15288469807934074,-0.0528125517224257,0.7381652529195312,0.18839386813563613,-1.4860086209382921,-9.60245857824975,0.037827495834540814,0.29811945687584174,2.184281857258098,-0.6526708838406421,-1.4905341134558232,5.077764359312534,-9.793109362685009,-0.8844635907748937,0.2419313738970759,-2.595588298148015
0.20144430758318602,-0.030744016158035712,0.7386617406615712,0.1883944487781939,-1.4847615897905602,-10.01414451372701,0.04095888199975286,0.45233751822162654,1.3519882705956907,-0.7673777388670189,-1.608780155034918,4.691734839804816,-10.69367901626704,0.09855122590143192,0.3684704109712866,-2.6418038431826707
0.26736396450501804,0.9510820538117329,1.121626148053139,0.1563576005039896,-1.31001068475853,-10.0051169607088,0.03006808452976621,0.6098256842840847,1.0643052539968973,-0.7348635798523929,-1.8028250703385518,3.5753214538485345,-10.908859056837786,-2.0910974318895157,0.2964600564461545,-1.170274523124005
0.2776490041682276,0.8762848612499559,1.1204709888584625,0.15505540471197216,-1.458420258783104,-10.256248451017488,0.030071070152839146,0.7379239148233017,1.168029465540981,-0.6189556579002312,-1.7823513317858586,4.562028584178683,-11.785436988397212,-0.16477662890534145,0.297148092953555,-2.8829971685511437
0.1428977888445534,-0.8525437273799384,0.7370020328571792,0.166326095234634,-1.8220270612748384,-9.862288998948465,0.03779737963833327,0.548354288192898,1.2582350908875115,-0.6587800241729788,-1.3798638209215122,5.205290326656984,-10.848899395459991,-0.8025376526628967,0.3147103878406912,-1.9585754722124409
0.20125790097189897,-0.12481437889868778,0.7327443659107129,0.16275515406439206,-1.2920643118338637,-10.292672941706002,0.030130329515905416,0.43618166495832994,0.7462319629847476,-0.974192234139668,-1.6584656455056899,3.590082247524481,-11.33169330993842,-2.3708757765735595,0.3461140634905187,-1.2677293027818994
0.20290564838076322,-0.07308959699806153,0.7387009956914643,0.17942660080268308,-1.4847969308240876,-10.241928496248152,0.019186133595533558,0.5265959641985435,1.1844357885161791,-0.7691978728031723,-1.5990395160805722,4.661960405546682,-11.603428412215203,0.10047612963189467,0.3812523634992892,-2.6453568451599083
0.12580379376408407,0.8077884985460239,0.7368382722730035,0.1479336210136492,-1.310066595075248,-10.247091533964511,0.019453383215643796,0.4189306726215453,0.6704697087564816,-0.6841605722088822,-1.5346856273677263,3.5463144938615625,-11.752328382355815,-1.9244664514713625,0.43912268234048923,-1.3632520208214856
0.12580379376408407,0.8283751979886314,0.7368382722730035,0.14756156292099032,-1.31001068475853,-10.260485161456128,0.019453383215643796,0.39859574240375767,0.65873424584067,-0.6891644024256437,-1.5333575257768874,3.5455637544689367,-11.818792951416425,-1.9414719269100948,0.44243694317545434,-1.3600778857018065
0.2032830724582202,-0.038678736232785206,0.7386617406615712,0.1883944487781939,-1.4847969308240876,-10.026959550190925,0.029800834909655943,0.48764947005229287,1.2651594078343207,-0.7754225437186588,-1.6016669127204601,4.689887937950648,-10.766345371435092,0.1372580732814456,0.3869645745800947,-2.632239288585357
0.13610471037955935,0.869052524167888,1.128803239216291,0.1552623227340961,-1.458420258783104,-10.02654302921039,0.030071070152839146,0.6860727322604707,1.215266735496622,-0.5834245621451944,-1.5199130259539282,4.589933610761583,-10.879287311236885,-0.009194892293828664,0.46024126979313956,-3.0132615313694626
0.12580379376408407,0.8283751979886314,0.7368382722730035,0.15656451852611353,-1.31001068475853,-10.255756413073446,0.03006808452976621,0.40556508710300226,0.6366774576774031,-0.690255264104353,-1.5387404011596422,3.548079277947423,-11.8451650966836,-1.939503060351846,0.44175135998449766,-1.3679131646619087
0.3138440980130244,0.9809753959896673,1.1340466817891484,0.42546907512997306,-1.5162365464393177,-1.2177780513594139,0.035510321058861975,1.319246787582356,1.5862274122282274,-0.25598546735934397,-1.0476520450811928,5.141478301868287,1.5955457772354154,-1.5573043142657725,0.3240959373731371,-4.087330558642952
0.38661987580942225,1.0302361910878794,0.6344253870561348,0.43159417684161444,-1.2836599071501398,-1.211015309107783,0.03960185608421234,1.1481798751653782,0.09019204110432001,-1.0487413956598663,-1.0317887117157243,3.7415686916767004,1.4746327436352717,-2.186841394296945,0.19264488282741235,-2.0871732272273538
0.3924621754350995,0.9559662764184651,0.6332702278614583,0.43027685241812025,-1.439966333611814,-1.211062605066242,0.03960484170728528,1.2428723051615431,0.1368256634300624,-0.9325364892023749,-1.027163057005793,4.756699287724366,1.52834999028124,-0.25634821835901733,0.21009537205119516,-4.068801530000805
0.37248622084339267,0.8919842251529421,0.7413711725220731,0.3697644256620089,-1.3594873808149905,-3.0563986208240324,0.029969843254885456,1.327192707131699,0.9294460926124175,-0.5131039887335322,-0.827086892471382,4.716007567054879,-5.982873064307968,0.06591450739209201,0.5587201480396118,-4.637174950173658
0.41618769868277705,0.9854230888623414,0.6332183569903075,0.3745485125328782,-1.3031525293164994,-3.001550875095426,0.03093297773809671,1.173009425008106,0.13301889944576215,-1.0836198400699368,-0.7202206588469218,4.713909699116395,-6.091587270348608,-0.09586347599158733,0.3285922534345164,-4.601427868057655
0.1547234629543749,-0.05583337576458845,0.7381652529195312,0.1883944487781939,-1.4860115092222381,-10.026226076156911,0.0266694487444439,0.29949985332804807,1.234447640253776,-0.670142943588967,-1.5122236959808368,5.065411338226628,-10.437415963731848,-0.8430558370103927,0.2831627716915376,-2.5791433257139715
0.1258196707163498,0.9438497167296654,1.1299583984109676,0.15656451852611353,-1.31001068475853,-10.02654302921039,0.03006808452976621,0.5899299584418644,1.2150642017266051,-0.6993324840973557,-1.540386764506621,3.580100694198398,-10.944420980357377,-1.935515695278002,0.45347435477566367,-1.331653983385492
0.15288469807934074,-0.05014315049255929,0.7381652529195312,0.18839386813563613,-1.4860086209382921,-9.940649677879021,0.037827495834540814,0.29811945687584174,1.8822411661537553,-0.648775441476027,-1.4905341134558232,5.077764359312534,-10.178527813576759,-0.8844635907748937,0.23710592454698234,-2.6010180810361803
0.2776490041682276,0.8789542624798223,1.1204709888584625,0.15505540471197216,-1.458420258783104,-10.025295044262108,0.030071070152839146,0.705968458102691,1.0898299384618908,-0.6150602155356161,-1.7823513317858586,4.585154370411719,-10.901780996809732,-0.16477662890534145,0.29840152211353693,-2.8607112925471356
0.323940518304837,1.0211954787041881,1.1339884629632584,0.3697399356917043,-1.3606460488964234,-3.0563071884275907,0.031030854188062628,1.3189039361739152,1.4645848026631432,-0.40184871150788276,-0.7407161028260512,5.108089582901462,-5.7703756452015655,-1.0266337814114996,0.44259201920343233,-4.572894973611561
0.42062846873333315,0.9854230888623414,0.6332120090355685,0.3745577294670526,-1.2990765409997937,-3.001503579136967,0.03093297773809671,1.1467394133652768,0.12833937420805705,-1.082941245069934,-0.722276291494756,4.718597751189269,-6.058053086316038,-0.09581189695487023,0.31649481904911986,-4.603844597591214
0.31230674193911784,1.1535357222963647,0.6344992852040159,0.5261629598160064,-1.413731366507443,-1.269116655302434,0.05552277665979499,1.1126733248886636,0.3696278408428724,-0.9671543020119018,-1.0461193007590817,4.722696746849356,-7.719217614044341,0.009334715881531131,0.21979718290141373,-3.943452839765989
0.2032830724582202,-0.030717970491636524,0.7386617406615712,0.17939149317307057,-1.4847389846765522,-10.260901682436662,0.019186133595533558,0.5280227679780062,1.293521969627407,-0.7743316820399493,-1.6035309268322495,4.661805456571629,-11.637209928170652,0.14342225527710392,0.38157127926097567,-2.6630446707843722
0.13610471037955935,0.869052524167888,1.128803239216291,0.14605244910684906,-1.458420258783104,-10.26097719940017,0.019456368838716733,0.7244976209393654,1.2386693511933577,-0.5780212078599211,-1.515022188515217,4.5626298360518085,-11.745673616189967,-0.011770182708566371,0.45485364993901306,-3.0360313960338385
0.15288469807934074,-0.0528125517224257,0.7381652529195312,0.18839386813563613,-1.4860086209382921,-10.242995408549243,0.037827495834540814,0.34042425850399155,1.7412053768240696,-0.6526708838406421,-1.4905341134558232,5.054638573079502,-11.27142799629783,-0.8844635907748937,0.23712109376506577,-2.626703395591184
0.1258196707163498,0.9438497167296654,1.1299583984109676,0.15656451852611353,-1.31001068475853,-10.255756413073446,0.03006808452976621,0.6253991580861084,1.2584564535653038,-0.6993324840973557,-1.540386764506621,3.5548986212238924,-11.837968412289584,-1.935515695278002,0.4488587975453028,-1.3627690808286617
0.2776490041682276,0.8762848612499559,1.1204709888584625,0.15505540471197216,-1.458420258783104,-10.256248451017488,0.030071070152839146,0.7414376577469362,1.1752209729378822,-0.6189556579002312,-1.7823513317858586,4.562028584178683,-11.76825435572513,-0.16477662890534145,0.2986114142332697,-2.8829971685511437
0.4553883918016916,1.0361177009606792,1.1257144314313197,0.4252621571078489,-1.5162365464393177,-2.6391992279060905,0.035510321058861975,1.2944864571385668,1.7597852949607222,-0.4062686969331622,-1.0864940522515165,5.116963514038382,-1.8606837285431974,-1.4323933949237788,0.19197332848652704,-4.451012138857288
0.3634564437045058,1.0082801446782022,1.1345431695311883,0.4252621571078489,-1.5150219680411672,-2.639143629106858,0.038641707224074034,1.5104376630335816,1.6181286342588523,-0.4736540043530632,-1.1327393557148706,4.744058914153412,-1.711051442725176,-0.07203613870117709,0.4737955921055798,-4.633134584909397
0.33524526882983025,1.267013321871198,0.6344253870561348,0.44617035527024407,-1.2715664184358502,-2.6330010529219097,0.0396063828998172,1.2732978478589287,0.5843888657793064,-1.0931341894772948,-1.0350479207857735,3.7050669912022296,-2.045378456642078,-2.1776793399752132,0.19532650195093862,-2.6668394740306827
0.3265363213661048,0.9957425536825026,1.1339948109179976,0.36974548535393287,-1.5335766074493773,-3.067143746952644,0.031561301341486506,1.3212114690636634,1.4721756457186637,-0.41838151794302597,-0.7393588409292065,5.137453737104162,-5.451474827943849,-1.4290675034435125,0.46095416583525145,-4.598311957832644
0.361578147280847,1.2713539354857022,0.634373516184984,0.3905359755667533,-1.2892594434028883,-3.01234013766202,0.03565283636683687,1.1715717724950798,0.5706348485497152,-1.1421504254839203,-0.7298416889882131,3.725882667668807,-5.355687279039887,-1.9062290266198862,0.32861559693846826,-2.790804314327786
0.2744031250699224,0.9599558939686293,1.121626148053139,0.1563576005039896,-1.3099973440307993,-10.256248451017488,0.03006808452976621,0.6527108064541708,1.2992334421857783,-0.7373106735790741,-1.8026766698294923,3.5521103692399976,-11.850570657517704,-2.4112210886541456,0.29038117793607887,-1.3010354614433375
0.28468816473313197,0.9558780645605502,1.1204709888584625,0.15505540471197216,-1.4584069180553734,-10.256248451017488,0.030071070152839146,0.748853580272778,1.669508004697882,-0.6214027516269126,-1.7822029312767995,4.561943285803181,-11.785436988397212,-0.1148282569278821,0.297148092953555,-2.6222787083005774
0.3265363213661048,0.9957425536825026,1.1339948109179976,0.3697399356917043,-1.5335766074493773,-3.067143746952644,0.031561301341486506,1.3212114690636634,1.4721761787540146,-0.4183876006406054,-0.7393588409292065,5.137453737104162,-5.451465031619576,-1.4290638105946312,0.46095177598655374,-4.598311957832644
0.3750800539176841,0.8968095133593593,0.7413711725220731,0.3697399356917043,-1.5323620290512268,-3.067088148153412,0.03469268750669854,1.2797996546890755,0.9328500337796949,-0.5216993016338191,-0.8255856133881122,4.754613018591112,-5.2956000741768765,0.02912958788495649,0.5801099495300157,-4.618601513828525
0.4129392321313914,1.017500925891064,0.634373516184984,0.3734539321229942,-1.3009999681601994,-3.01234013766202,0.03565283636683687,1.0698043284941205,0.10100209872240888,-1.1641438547979932,-0.7242768837349978,3.725599423375787,-5.354484303672107,-1.9494431891593327,0.3297810542515631,-2.7730795460359343
0.4232242717946008,0.9599701638406568,0.6332183569903075,0.3745577294670526,-1.453230406305168,-3.01234013766202,0.035655821989909804,1.1490469462550241,0.12804362977246034,-1.0994801342026568,-0.7209190295979113,4.745876115768843,-5.38986693374542,-0.1266007600551315,0.33485457583224104,-4.5840649011582855
0.3265363213661048,0.9957425536825026,1.1339948109179976,0.36974548535393287,-1.5335766074493773,-3.067143746952644,0.031561301341486506,1.3212114690636634,1.4721756457186637,-0.41838151794302597,-0.7393588409292065,5.137453737104162,-5.451474827943849,-1.4290675034435125,0.46095416583525145,-4.598311957832644
0.361578147280847,1.2713539354857022,0.634373516184984,0.3905359755667533,-1.2892594434028883,-3.01234013766202,0.03565283636683687,1.1715717724950798,0.5706348485497152,-1.1421504254839203,-0.7298416889882131,3.725882667668807,-5.355687279039887,-1.9062290266198862,0.32861559693846826,-2.790804314327786
0.31229321981007013,1.1534592049235952,0.6344992852040159,0.5261629598160064,-1.4133784025504645,-1.269116655302434,0.05552730347539985,1.1175491673481723,0.3918512357743835,-0.9709420079748932,-1.0461193007590817,4.7181737173020535,-7.718609062566252,0.009302231964156428,0.19847462693309917,-3.9417623045098793
0.26464507198252646,1.176997629587694,0.6398454740123289,0.45780761541948417,-1.5291957839850043,3.2665879897700374,0.031142302284286993,1.0915179227842995,0.4091429354974783,-0.7484147388585499,-1.017881507666682,5.141834322706186,-0.2514714141363532,-1.3188940745141562,0.13018871977795662,-3.8667894985508493
0.3186652937472524,1.0905152890799914,0.6368405713355219,0.4430060990493216,-1.2655991183719482,3.228792902929829,0.030425357585543815,1.0082174394861514,0.0800945943968174,-0.7837455717348949,-1.0075459307575623,5.182353583449034,-6.552699681742479,-0.8364437697311405,0.13947462101395805,-3.7939515195298963
0.280389404552812,2.16341438540521,0.613643659499518,0.44922126872835877,-1.0719003751016438,3.22857767162406,0.030776284079870847,0.8042841847942496,0.3429566650635163,-1.1558919124335232,-1.1538866820817704,3.7555305327570268,-6.579824510672945,-1.5757262317011105,0.26825055556054406,-2.102840260425468
0.32122970335885653,1.6649371644645563,0.6123277959575791,0.4479120164801065,-1.2207166994464327,3.22857767162406,0.03071775376359517,1.0054667998386835,0.2213342323131428,-0.9905652233425458,-1.0965493961637323,4.7782266365954245,-6.799707892854541,0.10552872942759535,0.2793908279773429,-3.862117518931927
0.32392661133954753,0.8754427467350514,0.7408746847800332,0.3697644256620089,-1.360701959213141,-3.0564542196232645,0.031030854188062628,1.1388454167892843,0.8865297579500847,-0.40587509295203045,-0.7392137566654975,5.091615120548243,-5.772170580840676,-1.0359596134248195,0.4339178582150592,-4.577332829804856
0.37248622084339267,0.8919842251529421,0.7413711725220731,0.3697644256620089,-1.3594873808149905,-3.0563986208240324,0.029969843254885456,1.327192707131699,0.9294460926124175,-0.5131039887335322,-0.827086892471382,4.716007567054879,-5.982873064307968,0.06591450739209201,0.5587201480396118,-4.637174950173658
0.4103453990570998,1.0599532123512967,0.634373516184984,0.3758658369563724,-1.1506702066470254,-3.001503579136967,0.03092999211502378,1.0783169950119424,0.12961061516594816,-1.1619952992964184,-0.7248463135568528,3.6992545370974015,-5.792960778298263,-1.6740129132331976,0.31709624971894895,-2.8447127937970382
0.42063043872030936,0.9854230888623414,0.6332183569903075,0.3745577294670526,-1.2990765409997937,-3.001503579136967,0.03093297773809671,1.173190713897119,0.1283402070673296,-1.083001326584242,-0.7222698355910262,4.70860571446311,-6.074357047620376,-0.09586347599158733,0.31649481904911986,-4.603903846246249
0.3932733063738362,0.9926649333672953,1.1339948109179976,0.36953856733180873,-1.5335766074493773,-3.0671761343536335,0.031561301341486506,1.261882411393021,1.3542783307955681,-0.4471177224811717,-0.7798732677378881,5.136640596174652,-5.447481318476016,-1.3271834969371294,0.46095984130024364,-4.545011124428974
0.4129392321313914,1.034500287329614,0.634373516184984,0.37587058706557425,-1.3048240719523991,-3.01234013766202,0.03565283636683687,1.054173227369849,0.10487971958744333,-1.1784680242172536,-0.7234955075637379,3.736524938403135,-5.353172253280626,-1.9494456826786748,0.3256790074973265,-2.771508210262873
0.2970062660018593,1.0457453955441143,0.666573098541617,0.4440990471600044,-1.5949520607598144,2.9381604848809157,0.12791822648778484,0.9310800951831709,-0.026383057296026666,-0.868473791991583,-0.9922884981152459,4.8544044195859275,-12.269226968005455,-1.0480083111138672,0.12500318719425751,-3.691107950779353
0.33970830965083854,0.47938662267508636,0.4366808067604418,0.47836838175664137,-1.5966006592527273,2.9381687877216893,0.1440420533253694,1.1390620386283148,0.24453844463118865,-0.5617986996941802,-1.1752395163464304,4.577002497992842,-12.456075288046668,-0.028834078032688067,0.25536997939680495,-3.717072659721454
0.25783036928859093,1.31983583317564,0.5878315187357283,0.4450547198895802,-1.605382971294624,2.9378979576166877,0.016491582154242408,0.7874506750825068,-0.8457413937542885,-1.5158823454031376,-0.7705410495594072,4.455494538477347,-12.252126430053163,0.042455337165351256,0.3341789962419037,-3.7429809781440753
0.3186652937472524,1.0905152890799914,0.6368405713355219,0.4430060990493216,-1.2655991183719482,3.228792902929829,0.030425357585543815,1.0082174394861514,0.0800945943968174,-0.7837455717348949,-1.0075459307575623,5.182353583449034,-6.552699681742479,-0.8364437697311405,0.13947462101395805,-3.7939515195298963
0.32122970335885653,1.6649371644645563,0.6123277959575791,0.4479120164801065,-1.2207166994464327,3.22857767162406,0.03071775376359517,1.0054667998386835,0.2213342323131428,-0.9905652233425458,-1.0965493961637323,4.7782266365954245,-6.799707892854541,0.10552872942759535,0.2793908279773429,-3.862117518931927
0.154346038876918,-0.09024423652986516,0.7382045079494243,0.17942660080268308,-1.4860115092222381,-10.241195022214137,0.016054747430321516,0.33844634747429886,1.1537240209356332,-0.6639182726734807,-1.5095962993409486,5.037483805822663,-11.27449900451196,-0.8798377806599436,0.27745056061073226,-2.5922608822885227
0.20290564838076322,-0.07308959699806153,0.7387009956914643,0.17942660080268308,-1.4847969308240876,-10.241928496248152,0.019186133595533558,0.5265959641985435,1.1844357885161791,-0.7691978728031723,-1.5990395160805722,4.661960405546682,-11.603428412215203,0.10047612963189467,0.3812523634992892,-2.6453568451599083
0.13608883342729367,0.7535780054268538,0.7356831130783269,0.146259367128973,-1.458420258783104,-10.240909237744606,0.019456368838716733,0.49473851622236464,0.6734385445585032,-0.5693180971212538,-1.5128837872241947,4.55539667103212,-11.698655336159982,0.002099204666566164,0.44888494243124405,-3.0450352791422968
0.15288469807934074,-0.047898655689839295,0.7381652529195312,0.1883944487781939,-1.4859761681887107,-10.000912406399665,0.037827495834540814,0.3026127901762784,1.307323890840033,-0.6699391201246307,-1.5139540629125399,5.131332291032667,-10.608242969827694,-0.8817626843904061,0.27922097483673636,-2.6084574433401713
0.12580379376408407,0.8283751979886314,0.7368382722730035,0.15656451852611353,-1.31001068475853,-10.024172448351607,0.03006808452976621,0.4120345190612877,0.6505890754367241,-0.690255264104353,-1.5333575257768874,3.6352791151323327,-11.0626009201611,-1.939503060351846,0.4349421292539176,-1.3839881062422883
0.13610471037955935,0.869052524167888,1.128803239216291,0.1552623227340961,-1.458420258783104,-10.024172448351607,0.030071070152839146,0.7244976209393654,1.26537909769774,-0.5834245621451944,-1.5145301505711735,4.651931374971988,-11.007453199318675,-0.009194892293828664,0.44735316055248403,-3.06045157039301
0.37877299447188334,0.8909674833221587,0.7413711725220731,0.3213315547234221,-1.5323620290512268,-2.9405449314251313,0.03469268750669854,1.256953475853443,1.0572596113510868,-0.5045424135053218,-0.8263535387431963,4.755864639196219,-3.1108847351788547,0.02034732969374793,0.5783432996321718,-4.625750763293653
0.4166321726855905,1.0116588958538637,0.634373516184984,0.32504475160168533,-1.3009999681601994,-2.8857969209337395,0.03565283636683687,1.0469581496584854,0.225410876740775,-1.1469869666694956,-0.7250448090900818,3.726851043980895,-3.169767765344543,-1.9582242480210008,0.3280136048006925,-2.780228795501062
0.42691721234880003,0.9541281338034564,0.6332183569903075,0.32614854894574374,-1.453230406305168,-2.8857969209337395,0.035655821989909804,1.1262007674193926,0.25245240779082645,-1.0823232460741594,-0.7216869549529954,4.747127736373952,-3.2051503954178555,-0.13538181891680037,0.3330871263813705,-4.591214150623414
0.326520444413839,0.8802680349414684,0.7408746847800332,0.3697399356917043,-1.5335766074493773,-3.067143746952644,0.031561301341486506,1.1048911410041904,0.8627487154677287,-0.4144704058523169,-0.7377124775822277,5.130634393827693,-5.436319058136795,-1.4382112008731895,0.45530765970546333,-4.603456041665892
0.15288469807934074,-0.047898655689839295,0.7381652529195312,0.1883944487781939,-1.4859761681887107,-10.013411039692995,0.037827495834540814,0.2641879014973819,1.3212765030151443,-0.662098138737327,-1.519336938295295,5.0672582400807995,-10.364749608563795,-0.8817626843904061,0.26466860808272963,-2.588707880311285
0.20144430758318602,-0.030744016158035712,0.7386617406615712,0.1883944487781939,-1.4847615897905602,-10.01414451372701,0.04095888199975286,0.45233751822162654,1.3519882705956907,-0.7673777388670189,-1.608780155034918,4.691734839804816,-10.69367901626704,0.09855122590143192,0.3684704109712866,-2.6418038431826707
0.2744031250699224,0.9599558939686293,1.121626148053139,0.1563576005039896,-1.3099973440307993,-10.0051169607088,0.03006808452976621,0.6207553497335611,1.1957117644117132,-0.7373106735790741,-1.8026766698294923,3.575236155473033,-10.908859056837786,-2.4112210886541456,0.2964600564461545,-1.2699203640001668
0.12580379376408407,0.8283751979886314,0.7368382722730035,0.15656451852611353,-1.31001068475853,-9.596078109423416,0.03006808452976621,0.39212631044547247,0.6597780682647247,-0.690255264104353,-1.5387404011596422,3.6348652933891152,-9.597309282481822,-1.9388966364953575,0.2842714492619021,-1.4261473525562485
0.13610471037955935,0.869052524167888,1.128803239216291,0.15505540471197216,-1.458420258783104,-9.596570147367459,0.030071070152839146,0.7180281889810802,1.2397131736174125,-0.5791120695386304,-1.5204050638979716,4.651931374971988,-9.524189947255364,-0.009194892293828664,0.2966881560254601,-3.1021008628882787
0.330229261920304,0.989900523645302,1.1339948109179976,0.3213315547234221,-1.5335766074493773,-2.9406005302243634,0.031561301341486506,1.2983652902280305,1.6017457815301217,-0.4063907377168225,-0.7401267662842905,5.138705357709271,-3.261589667416838,-1.4430060939905536,0.4591851260887097,-4.605461207297773
0.37877299447188334,0.8909674833221587,0.7413711725220731,0.3213315547234221,-1.5323620290512268,-2.9405449314251313,0.03469268750669854,1.256953475853443,1.0572596113510868,-0.5045424135053218,-0.8263535387431963,4.755864639196219,-3.1108847351788547,0.02034732969374793,0.5783432996321718,-4.625750763293653
0.4166321726855905,1.0116588958538637,0.634373516184984,0.32504475160168533,-1.3009999681601994,-2.8857969209337395,0.03565283636683687,1.0469581496584854,0.225410876740775,-1.1469869666694956,-0.7250448090900818,3.726851043980895,-3.169767765344543,-1.9582242480210008,0.3280136048006925,-2.780228795501062
0.3138440980130244,0.9809753959896673,1.1340466817891484,0.42546907512997306,-1.5162365464393177,-2.639166840505101,0.035510321058861975,1.3220903726911668,1.5862020396926138,-0.3707376011781249,-1.0448338325079956,5.119666467646774,-1.8648044654441065,-1.5342925785208656,0.34898762681603607,-4.618499066565454
0.3634564437045058,1.0082801446782022,1.1345431695311883,0.4252621571078489,-1.5150219680411672,-2.639143629106858,0.038641707224074034,1.5104376630335816,1.6181286342588523,-0.4736540043530632,-1.1327393557148706,4.744058914153412,-1.711051442725176,-0.07203613870117709,0.4737955921055798,-4.633134584909397
0.3455303084930398,1.192743407201784,0.6332702278614583,0.4448622477809243,-1.4199727527886188,-2.6330010529219097,0.03960936852289013,1.3681715667441066,0.6209908069543769,-1.014140216765118,-1.0324714428199466,4.714418168567938,-1.9172734586196625,-0.19002863538907314,0.20450366058152455,-4.620051584920697
0.3239246413525713,0.9057209599631533,0.740868336825294,0.3697399356917043,-1.3606460488964234,-3.0563071884275907,0.031030854188062628,1.089144831456913,0.8823423230264897,-0.39793151671959454,-0.7390697394790725,5.100856417881775,-5.7686684483763155,-1.0351747478335696,0.43694790292234215,-4.578539089892653
0.37248425085641645,0.9222624383810439,0.7413648245673341,0.3697399356917043,-1.3594314704982728,-3.0562515896283586,0.029969843254885456,1.277492121799327,0.9252586576888236,-0.5051604125010966,-0.8269428752849569,4.725248864388412,-5.979370931843606,0.06669937298334197,0.5617501927468946,-4.638381210261454
0.3589823442195792,1.2968068605073864,0.6343671682302451,0.3905312254575514,-1.1351055780975141,-3.001503579136967,0.03092999211502378,1.169264239605333,0.595364911268949,-1.125617619048777,-0.731198950885058,3.698604303089233,-5.779171842753185,-1.6307446781376933,0.3200328391600908,-2.8639496492069147
0.36926738388278885,1.2222767370184298,0.6332120090355685,0.38922311796823167,-1.2835119124502827,-3.001503579136967,0.03093297773809671,1.2641379584905081,0.5940945031703299,-1.0466236463365992,-0.7286224729192312,4.707955480454943,-6.060568112075299,-0.052595240896082925,0.31943140849026175,-4.623140701656127
0.310944663695647,1.7625927662316738,0.6134829551522557,0.44922126872835877,-1.5414419597381066,3.2669224171742495,0.03071237964206389,0.8736417462687436,0.23707910842807992,-1.3664706832076225,-1.2461107364231119,3.86244054382648,-0.6455658074269137,-1.5684756143182343,0.3048433951973018,-2.5098752009550513
0.2911487001469934,0.5766388906928603,0.43618431901840177,0.47836838175664137,-1.597815237650878,2.9381131889224568,0.12791822648778484,0.9358062680802978,0.20205005096558787,-0.45456980391267987,-1.0838419918735922,4.952610051486205,-12.287590138078349,-1.0488084737430274,0.1305676895722534,-3.657230539352645
0.24885145850058468,1.5505563459052918,0.6021397635815208,0.44699268958299276,-1.478412035345712,2.9378979576166877,0.01517441163098056,0.6755239038708146,-0.41443533649862485,-1.2883953450353751,-1.1892139617932096,3.581597193955896,-12.198953601727933,-1.7643871698328963,0.2822396829644251,-2.302321988723555
0.25783036928859093,2.050370969968479,0.5878315187357283,0.44905562550853517,-1.5714000403070667,2.9378979576166877,0.016491582154242408,0.7874506750825068,0.4614796159784865,-1.2193808354815914,-1.1366269442496466,4.454589774223328,-12.210695372859636,0.042447562567364136,0.2814352067177735,-3.7568202681164347
0.3138282210607587,0.8449134297611048,0.7409265556511839,0.42549356510027764,-1.5162924567560356,-1.2180187419204869,0.035510321058861975,1.2057939423599786,0.9480878530211236,-0.25479174208446925,-1.0460966809670034,5.136490498779339,1.5570496157390523,-1.56360879612269,0.3154564760187681,-4.090992970807997
0.4511656216998896,1.2405649326585908,1.1270862900918506,0.42885961257781513,-1.5090633151546513,-0.32768545628952306,0.027057414514569264,1.2552701397289696,1.3929252393917184,-0.5091258368042387,-1.129717737946985,5.15755416082104,4.480303517226187,-1.1035521100541237,0.09251867330163023,-3.3522364197631895
0.35816506046280155,1.0655201697565384,0.7427949020537548,0.42909102057024384,-1.5078487367565008,-0.32783816065037424,0.030188800679781313,1.2614484258810112,0.6690099340105178,-0.5687316743213571,-1.1751033424240485,4.777914370876985,4.407904768903305,0.029093895479901013,0.3674940241275458,-3.5783278210650864
0.38235407685336886,1.2177278682294725,0.6357972457166658,0.4329035987229141,-1.2762555275870544,-0.32089032663690287,0.03114894953991963,1.0205461265850206,0.04521434882030914,-1.0440906393623341,-0.9827184702630446,3.726406765961648,4.484516628988956,-1.9675134239686531,0.16439837124917897,-1.7597594363689755
0.29067444421602157,2.1120097401944133,0.6124885003048415,0.4479120164801065,-1.6894383040988574,3.2669224171742495,0.030781658201402128,0.8622065689946623,0.3667781951787147,-1.3852968127488072,-1.2982968442881027,4.857567322212884,-0.7815411332428467,0.11284980226695829,0.3120574400416749,-4.2688956399106495
0.31600615683307076,1.0546020593726837,0.6398454740123289,0.4432314369908546,-1.5409363087423156,3.2671849444384775,0.031142302284286993,0.9730620610589827,0.06434998153847174,-0.7847299593799467,-1.0082796973564818,5.152001159411839,-0.24835943370865193,-1.2350285573364854,0.13041394981255122,-3.849466488747518
0.30384278674393295,1.7040989799429354,0.6164878578290628,0.44943738973571734,-1.3367709543253559,3.2669224171742495,0.03562172143919627,0.8752564136373278,0.17543602022250135,-1.0641493612880928,-1.097809575045072,3.7426564005046594,-0.11426707782275282,-1.7553863438281085,0.26942632873854677,-2.055667761064395
2.142958876058487,1.3906268378176947,0.3471638171722607,0.6710860684795,1.2971820070909394,-0.3260205174465658,0.05239292106770032,0.12931971123272887,-1.085612103695621,0.50123059583893,1.0319714092873546,-0.057522042610102964,2.1921617789877703,0.34802376116538664,1.6091575725754934,5.899832512929771
0.3141278264071425,1.6295688564539788,0.6153326986343862,0.44812813748746505,-1.485177288678125,3.2669224171742495,0.03562709556072755,0.9701301325225039,0.2066757396237727,-0.9921681244732933,-1.0952339860185476,4.751567841617058,-0.15188275563394807,0.06765905373724922,0.2786034873691329,-3.8681400445234533
0.3826213093215511,-1.847554058111244,-0.02276879914322281,-0.3118623583667062,2.783023433278275,-0.49819437806754774,-0.04655097019760426,-5.770784234969958,0.21580393802669506,-3.6344382352912765,-0.8257662960829046,-0.7115376235795142,3.5715919203144044,0.4216865365456793,-0.006985013966134028,-2.2114625382821376
1.1774864110859995,0.89013890643435,-0.0036691232330983803,-0.15739496261432248,0.7198573100215125,-0.3094240974196779,2.9842491406773934,1.0096030831863974,-1.0642197702062473,-1.334161633973572,-0.31262009804978136,-2.4909447348478717,4.727054640126153,0.7588527640233067,2.0062685691669175,-1.8324175091712303
-1.2299076604651604,-2.761255758979546,0.0014058478235838053,0.04215486629792443,-2.0176350851656815,3.1765996586035032,0.054909869724682266,1.1840582240268398,0.8103847455875431,1.738553793730944,-0.2571536353734012,3.8153970992084116,-0.5801804942380494,0.384219852405655,0.32520153284806025,-1.9359926223518151
-1.52720609937814,-1.9639943023211635,-0.04374763626600366,-0.7464232878142731,0.5127062576044628,3.192353320872729,0.08314523626192062,1.8690255599141252,-0.3767641545865814,1.8570791773828124,-0.6610428169848657,-0.18618619718873414,-0.7245795183288494,0.6378179735012182,0.18258661382861752,2.1494384492165834
-3.9160626168779697,1.1795095224025023,0.5824017829521396,0.03316731032630794,-1.9995056749987974,3.5049710361772557,0.0128727550520594,1.6669870750750586,-0.7736349902228076,-0.3448693182414585,-0.2817442547822982,6.29596585057394,-0.36768264799853134,0.5918097305166143,2.2962430988344167,-2.601193495558094
-1.9162694219429008,-1.3570706361522809,0.4384692502527772,-0.013096973534125861,-1.9568860226021156,-0.20898472448157446,0.06250244739841991,3.903760646358712,0.8355479499543341,-1.5535705109881748,-0.8201927068437397,4.064786881105782,2.9414346947699146,0.2697623249541407,2.2484388057488998,5.0240879065106325
-2.8899395703826194,0.318948328000175,0.9447854768003322,-0.5182187337919454,-0.8158581385727585,-1.307440657439419,0.022253916551383108,1.1072149518497925,0.19140201906320414,0.2719936077537369,-1.0345555039693966,0.42726286004763503,1.510610857417966,0.1626647085265633,2.4086208874193984,-0.5381524295235856
-4.385829530324913,-0.6208043450553314,-0.02151882072694079,0.06741128981573385,-2.277893661414154,2.9953148617024175,-0.0873426902663176,1.1769592672100928,-0.545123720652617,1.360522146872381,-0.9370150651231078,5.720745052639707,-0.804138501661107,0.7939733228943338,1.5124384969806188,-1.8977424297691157
3.1225376251261805,0.9339564055686143,0.1189188306280579,0.3976175491965667,3.210991660872911,1.7241467970610955,0.33485999599054533,3.4717873641392343,-3.4599654149848136,0.3784615695761331,1.073100875240107,-9.369859775593293,0.6190034811446725,0.14091892720282798,2.9475304862545824,5.747249004942137
-1.6090918105998098,-2.8402236432634917,0.28532783884151663,-0.21798714881918352,-1.4059953542275736,-1.4494309130410081,0.08089457776868535,2.3771231666057093,3.1723766855296383,0.505597495551237,-1.037754552863911,3.6372713045976854,1.5195319327221468,0.03634468084934325,0.45515994181568664,-2.196138751158456
-1.8448785141579236,-3.23484905197761,-0.007528435744764164,-0.5719571681685034,-0.7249342045524773,-1.0152085957238859,0.12310321056200965,0.7360723464219707,0.6395042766461138,0.48718626325322373,-0.7729680237714641,0.6740311011816553,2.0095243715792486,1.7160816887155128,-0.43429284826360365,-0.8110143544327947
-3.0629255379266187,-4.4359562176354785,-0.05972691101488068,-0.8433882257511656,-0.9518755412726373,3.1950803257081923,-0.009912118575492946,3.5261546751977293,0.07679160910331878,0.5458282481643448,0.2767392093290851,-0.8203616181101996,0.07194572560980877,-1.0379655808564183,1.5372439969411533,2.253199306876377
2.504412856164164,1.4658459042105205,0.41016059412207573,-0.12708790110339166,2.0313823854487083,-0.3771826971254888,0.023885622854724245,1.8199488533667052,-1.2416649969873093,1.7571211630688914,-0.7518915133615964,-1.5490355806715292,1.9090810857253078,0.2781897222021166,0.34676148336533935,6.32888620542955
2.132056408138295,1.1833710733569325,0.5702951186002152,0.7974739846882424,0.5014738947918832,-0.4552876901994705,0.032609458956235425,0.9567498938336484,-1.1449322492746423,-0.22417760794449082,-0.1901275786086937,-0.8572553868535836,1.9635004914226617,0.29259362360205854,0.7693090728972978,6.6234993506679105
2.6788584372952293,3.0362665138790885,0.4048151843666341,0.5266167497255437,0.36129760414488377,3.4672580591062268,0.03812460686059592,0.18915167595372356,-0.4544917509418976,0.35692542780434333,0.19401774853941212,-1.572034637430429,-0.23158650243646958,0.15649483332488268,1.207874382769349,0.8794564213092316
1.1551234099933037,2.0881356253568875,0.3897879237398032,0.336148567311596,3.8646023486285657,3.3390374156487073,-0.00497025378869603,4.536096996294308,-2.301787699301366,-0.7533002028807962,-0.6085580287313558,-4.20232277078214,-0.16359024791240576,0.07274846082705928,-3.41358764033979,1.3785243810636008
-2.0030163969728347,0.08542189592872214,-0.05076518768894444,-0.3761124280927854,-0.8309161075311129,3.42154237049951,0.16409005086030867,1.4567429013024507,0.17238464011127844,1.1314957025005112,0.0561146287833431,-0.1489541806523641,-0.21478415163585707,0.43556135223779213,1.7907262092789689,0.39536011834523593
1.6170046597783556,0.9616249507655291,0.5605433623054763,0.1557735095359002,0.5485459006289269,-0.1763875163893169,0.03889354665013928,1.4232231606883416,-1.137071612175287,-0.08039536364246548,-0.18351748454340594,0.18741112641527935,3.016870456336878,0.47833177059169024,1.9010238199107916,2.6194233446721134
1.7911522789807162,0.3478590008117031,0.0007097503875765341,0.8450932897265274,0.5091098196638381,-0.13616354729263544,0.03374480015461486,-1.858179844962111,0.6552892305682663,0.7765813747897738,-1.6949581665875086,-2.176142194247855,3.116930424692538,0.051187426518910735,1.5873690224990444,1.807545839774071
-0.2615635437827942,-0.061262937536327416,0.3378756430321733,-0.37197404750775787,0.6273007570254888,1.9550818882472767,0.07811375951324682,2.577289542159751,0.40932801434801247,1.5111604653905726,-0.44955835776417225,0.33585684046156516,0.04941577093851794,0.5337391698762138,1.4199964947780797,5.0982871110155425
1.457017762101294,1.7007120048385618,0.616731619965453,0.9157214338569374,-0.6330870060500382,2.0838703556638243,0.01918246448695705,1.2830804921295327,-0.547891645991695,-0.6693812288872536,0.12178842969307775,3.224238107943653,0.5686905265795816,1.2484402413103426,0.49813563042468184,6.648167611315748
0.6352368127639625,0.9363220048611032,0.33127289111270075,-0.4273451766143653,0.20028112898440895,2.1948304177012803,0.040656432755706066,1.7304929174256471,0.13210813552339057,0.528541266773181,-0.1355898187473639,-2.696294501344744,0.6225485034202894,0.3316124774727994,1.690769238665085,3.49856641031409
1.6602432458855931,-0.11032565416174393,-0.007755230045436874,0.10923663991068205,0.5694435366418474,1.8721386128489454,0.1078502364717645,-0.7368294133343767,-0.774826947604188,3.146893273373863,-0.7696753690235696,-1.732879430915815,0.06963394062460021,0.638262765896241,-0.1461198708833898,4.6038645103207285
2.067625149640025,1.0388615031780877,0.555649451195825,0.9374863585625931,1.982896946789435,1.7796048155681945,-0.16361234823361515,-0.7800750508372454,-3.2340155743006145,2.1231743711189064,-0.7855507860254176,-0.20487245432061793,0.29103022758531005,-1.971771116302734,0.38940897752603854,4.627805422792699
2.1098003240972067,0.4907114921648071,0.5698131915781304,0.4767239735398257,-0.35934834670115884,3.2341155249391687,-0.07462621960284302,2.2802328115222092,-2.147434727142148,-1.606781681858051,0.2563426457464416,0.9901457896414809,-0.8607690850197446,-0.3380797079144958,1.4939981914883043,-1.8703469909265653
-2.213786006623328,0.5857313827512699,1.1128693595398311,-0.46277585424900536,-0.2407270052505493,2.262169608210697,0.031066029260625624,1.89567825235728,0.022060712961954245,0.03261758740973214,-0.6432519076340859,0.1933218061948233,0.35870970304303257,1.0159197131510598,1.6418433913318426,3.462838815375325
1.5820236258598939,1.0124616178224515,-0.002582639429235163,0.5452324136590684,2.113671823640408,-0.5203296226339759,-0.05005838989066429,1.3240728328490876,-0.709761765401168,0.6192377832880492,-0.3320059554070684,-4.370202988138213,1.9960678828304481,0.07934572205696513,1.437168903696928,3.994595940588224
1.3573523241987202,-0.1884256527794242,0.03998751817333134,0.27020066866330156,-2.669314441712585,-0.7414810480879228,0.046466597125356855,0.36389574895026267,-0.9497437729930023,0.562848012075337,2.4254914373478584,3.4844237281945247,2.0294236815106856,0.4711324713358471,1.346965538323729,0.7313623139447244
2.1962962156059525,1.439236893273051,0.2633676032153416,0.47712461352760294,2.6324851342518367,-0.26103958535015964,-0.017218598229163027,3.1187360099019767,-1.7757573952241301,2.3762144963100043,0.9827548398192683,-4.486841893710142,1.9462759580259592,0.07440137702839629,-2.1620335004343083,3.9682322213257315
0.4750895563367151,0.5184012124104032,0.5530504586001331,-0.3528377836655971,2.012533148237418,-0.49175594417839147,0.09324777680109145,2.2111957176522843,-0.6457780166697656,0.7591968941625467,-1.2160043914916943,0.27931649729804936,1.8087974599836063,0.41491931355182876,0.8717119327139915,5.1269296944179645
-2.32767109486957,1.183397390115794,0.9860213502442952,-0.5638022249990758,0.912469087727208,-1.2990707137265525,-0.024455705356190856,-0.6875402075583937,-1.5506089477963743,0.5909547321337976,-0.14509146883503898,-2.70464377335909,2.0453434474876198,1.6155709256555204,1.1504843293407343,0.3008684348421705
0.9014281541759134,1.0212286287231374,-3.16629901470677e-05,1.3339938136719525,-0.501624497868214,-0.17500139714632898,0.020700666425903617,0.8421660530393306,-0.6238080331383807,1.1217815398231554,1.5001621341268054,1.591434518929494,3.9330803440766213,0.6238690970521239,2.036761645790485,-1.1947241410709164
-2.372333305054838,1.035067150034437,0.43808343837600616,0.5827189250708124,-2.4657346992361124,3.259030941758204,0.0111168152154442,2.276135846862075,-0.9656327312921517,-1.160002058750244,-0.7919120389980432,9.07320743849348,-0.2849447579263446,1.500057683339353,0.7308134251072862,-0.632925419543766
-2.123962226957979,1.597554201972473,0.8223324123202266,-0.3108255215894387,-0.39897764528830054,3.643368809654111,0.10156177210817298,1.8853866497492358,-0.6406735529768698,1.214838393613128,-0.03601266134861089,0.7738588263655689,-1.0071795714412677,1.0562010137761768,0.23638488011853545,-0.697603989551647
1.6597796246385303,0.646418838459189,-0.0018948498277796036,0.5878382610663938,-1.5424148177131645,1.8081147593133247,-1.7659414981540014,1.0633918942254057,-0.6233927979217986,1.286782528970091,-0.31149740718213687,-1.8816746951398737,0.271886712058466,0.47135183668615593,2.120648912231565,4.718488490454043
1.9541769881797473,0.7990629189041324,0.5174732797416505,0.19110136120590365,0.8720821634395078,3.3650766127218676,0.03334589860272958,0.7239195768687648,-1.8735075456758656,0.856261931755945,-0.2592584407982229,0.9390155997002131,0.13052444139237773,-0.015490667569587694,1.6026438779246241,1.3005761340720416
1.644613127860197,0.5281518082039781,0.4782135080898139,0.806204051214217,-1.5529401723162515,-0.39411508694025427,0.12810758572463915,0.8083484012978617,-0.23200544176629262,1.8641574985493816,-0.4179490345230926,-1.0083993301429712,1.7660299965593547,-1.189387569691897,1.300712834385571,5.547040974351131
1.9277714818359035,1.1396163607853866,0.0036477485034095342,0.6189507083913104,0.8895340212463423,3.1858615747887526,0.053649393588511694,0.7817163419647668,-0.04799480120713162,-0.07960392085475625,-0.049495025112359654,-0.18950692644737321,-0.07904377016143264,0.21909074966682685,1.338832060864525,-0.4125369738970648
-2.415154790136418,0.26717006688484013,-0.060216288526900474,-0.08284581936360955,-0.5176466810867698,3.3056857281195833,0.09259827721657113,2.512370410804375,0.39626641919367794,1.835929803217939,0.25418008092113903,0.06695361079288639,-0.0440256410197493,1.7272333613830744,0.19705662446974873,-2.863289229338409
-1.9443896761838015,-3.645899013762866,-0.013949529763248304,0.3273027990976517,-2.546800108346396,2.6875698809036215,-0.20342120588726312,0.053231809823211414,0.1654645861156725,3.3155140022466454,-0.2588191860485068,5.175802717448585,0.12466510074462447,0.9642614212595687,0.0896488552195265,-1.4530850542899316
1.9918252934529708,1.777535264143871,0.32370966725496997,-0.3365962543991188,2.449895694019359,3.622478089109994,-0.06831321839246429,2.0067011468183034,-1.1346893121071504,1.7630863516266282,-0.825033015315169,-0.8710494436969802,-0.008378456688829807,-0.03036651252234577,0.5364253640483666,0.26343499716311963
1.9720600187935369,0.7836844312117681,-0.009335742768317818,0.1874442359669159,0.7725238000867838,-0.6762099101126486,0.050986122448710196,3.155927147809746,0.4904247131039797,1.881284945161074,-0.13030790132772155,0.3173258700615914,1.8263367699532136,0.3085951403788706,4.723072172510246,0.775686348331501
1.0318893261043924,0.3737888473851872,0.041956943347679077,0.12489357356792918,-0.5895665573310751,3.1919015941261653,0.037001862467217705,1.4617040492483262,0.8751144837120854,-3.3291298189554657,0.0024841745644332575,0.8154363155858287,-0.7914533776526355,1.3406518363932736,1.0321702678226996,-2.207880096317176
2.7096999593365227,-0.2887766454406433,-0.01684589798228281,0.5036180539707015,0.32903630479405555,-0.2728277239121511,0.11472978072544891,1.7355399940559264,-1.447526369460848,-0.5618782583654797,0.5130263615369256,0.2499368806876521,4.2567414088517275,1.505538446648355,0.3740973574850227,-0.7053043750340695
2.5893257542614507,1.907150969380761,0.33195603258358575,0.28024283124176746,3.4873735116591718,-1.0173918879692117,-0.06369653582429928,1.521515562622224,-1.816319292215917,0.22280562586213787,1.1518494899974032,-3.735509276598986,1.6399852474769665,0.6925628716822391,1.3767087686708637,-3.8371914842196944
0.6378931114104511,0.10464974556552674,-0.03193125561423085,-0.19912021126983873,0.5432335461941635,-0.1250700806356041,0.031482971514558346,2.280376361548274,0.4893617281915855,0.042433067819900555,-0.48316638991294175,0.5467939208620636,3.144465975741977,1.1742403617339148,0.06981709936025317,2.900324649179636
1.270270477636231,0.9631586907495805,-0.007926020110608339,0.6116464686494386,2.02117867706656,-0.18844091411046032,-0.002481364316092519,0.37315290854448313,-0.30927644487085215,0.28944683548559713,0.3122692547300228,-3.6850101396042527,2.9112827581036784,0.986034132747458,1.6408775723485995,3.1891034171639148
1.6745678340231052,1.9583995215269179,0.3868200198359335,0.041646942083026384,4.736377275759589,-0.2044258111040626,0.05525210538578074,0.8443644456852943,-1.5060390231861784,0.3297597851258866,-0.9466530234676844,-5.208656693701759,2.4165542896880425,0.07071134353664603,-2.738660721670956,1.4111371920814206
-2.388454811074194,-1.4367872257382983,0.43501215948903454,-0.5801375171179726,0.9195110964431095,-0.49053166834515455,0.07062181008408333,0.9768315711939695,0.3350450938218142,0.4507291059134692,-0.5543873317852935,-0.28123728779262447,3.8383892376217315,0.34006318474452424,1.884660531217928,0.12505999007382454
0.7504239553080672,0.9456904243111203,-0.0038860930844936818,0.7723154923100236,0.8922597148902703,-0.2864560856214054,0.012157389696843126,-1.2588761209878048,-0.275061571622596,1.1145431932665029,1.9927180513685394,0.42813282714462586,3.9258282270407,0.5430176054714457,2.2786077113728194,1.6926925564329836
3.1247774400712185,1.181067372418509,-0.006153645580818158,0.13958912888649308,3.590977738041318,-0.21491745278768115,-0.0011571790691443113,3.287502850782726,-0.3110110503770533,-2.0819985061766726,1.079512147294941,-4.686281676427948,2.3378692211878582,0.5656737861396322,1.7500431408044352,5.739570275154108
1.5975698484399512,1.7755191922520959,0.5632799853632885,0.8492502173746691,0.6531295724572691,-0.08993032736559299,0.039536412949318096,1.2690890928303458,-0.885641074997705,-0.7288680797960698,1.883870876229663,-0.3130761328044503,2.912588157381429,1.6763257330630632,1.7247568412992849,4.163380628641798
1.04619668378289,-2.0763562825157726,0.050640947436380784,0.059312815036949094,-1.3718094728427395,-0.918429883251699,0.06257971903136343,1.6395677577026828,1.184246750704356,0.33245363396795624,0.2624604377547112,-0.09564543007618673,1.9162917018700514,-0.14029557168552992,0.35579344758287035,-0.791578851655238
1.4193188382326696,2.1603866931842113,0.27908533303238126,0.4872511294521321,-0.021094999929832617,-0.005955229562467477,-0.45100627744636196,2.461136208759468,-2.120450923629927,0.4206231924862878,0.5305015947330132,-5.05312960225483,1.8629594364387592,0.6444838465440366,2.5048975039139694,2.4701941805158514
2.2375151527573807,0.5561687753971246,0.028404066153742264,-0.4303699990021983,2.8324293301509975,-1.096639216614428,0.13446892097293353,0.9727334116131101,0.04102696091488604,1.4352660496405665,-0.4420119776638139,-1.6411587798932934,2.2844547266488915,1.8182774299007742,0.8655916181426027,-0.34277479587012216
1.069113053961121,1.4615293068209272,0.01240005493606705,1.677868950854583,-0.7079051634562561,2.607885284485967,0.01884990416809538,-2.6113898498897266,-0.8645935866035233,1.1003238188884297,1.941503708168549,1.5114739137996955,0.21710237996037168,-0.5413361855284716,0.6378823773560708,0.43537820991632076
1.9776916500303303,0.3104849332668798,-0.015641082238805455,0.007645658694418268,1.3942214617454762,-0.056963182795114344,-0.04585747053543679,1.2054827247950204,0.22594584355931413,-1.3578685563493071,-0.05290601599422092,-2.143355809194307,2.3513834725623104,0.1618258803689706,0.30557400905472754,3.2543558950304714
-6.647835351938761,-6.158385876053042,0.07266607878830633,-1.902807083930425,-1.9497151886658786,-1.2235962376759875,-0.22834127343913685,0.4247518227658414,5.024897049682229,1.2665432029865347,-1.9586521263774326,3.890320782593504,1.932569164112465,3.881245178117008,-0.09811380151727181,-1.9507953574052799
-3.2565093317604825,-3.969838414446323,-0.04931884133529739,0.056584473628284525,-2.3777873790308024,2.1109506120642014,-0.15475238808550007,1.2480734758579923,1.1401460065994868,0.6524857138906962,1.0140717527559602,1.2850997075750066,0.5610444509276491,2.130675890622001,0.7261345229917905,3.392388960207774
1.7560862044119496,0.5003918784301982,-0.002003801935352408,0.43750627538664544,-1.0135166519447778,-1.0311745862484234,0.03001415279589834,1.0345461474690316,-0.3796242244544919,-0.3605706544770877,0.41145552066671665,3.835578291261046,1.4678408205471545,0.39027584466578036,1.4026682316932693,-0.3673777050520018
2.871596359739464,2.398181930329085,0.26886496647839314,0.284787363734642,5.456972923641035,2.979820056372263,-0.011925160818861916,4.489447941078891,-1.9877535166741196,1.4773910090603595,1.0764597547287977,-4.915120783587463,0.3822865528895916,1.764971113663031,1.325201120755465,2.801051822502115
-2.8245275551085145,-0.7191657037228772,-0.03537362297498221,0.001295287579603001,-2.403243619408802,3.1841191226266186,0.1226160171337045,0.7404057670395223,0.4995609439856584,1.908579887281216,0.08168263046179094,5.304534805733905,-0.4440763548583425,1.42291328176763,0.3553406160073524,0.8824756809717893
0.8219843348668668,-1.5689950923177622,0.5539878415521464,-0.365266466380453,0.8309979135966901,-1.420380746463331,-0.03889764885984003,1.556943578199682,0.8725328459424233,0.811308508390941,-1.4739107426554867,-3.061758176795474,1.4900662333171033,-1.7755719977113198,0.1744073323540181,-1.924796689818444
1.9776017923079698,1.4069043496009175,0.42247151808248057,0.5837467904478376,-0.9794109909059245,2.9289927509370144,0.1216666548537788,0.2304782840545829,-1.0015280987163255,1.7635861053231285,1.5865788274162054,-0.2504244244953294,0.03163055197622343,0.9643161940521455,1.4358559823228647,-0.6180267228621258
-2.2975806170422617,-2.4658317105379655,-0.07474974788581523,-0.6968953259530316,1.8966924849689843,-0.39726038737877734,0.00011958708765721782,-0.39927197072673776,-0.3671391661748777,1.0644842573311895,0.06316732714407575,-8.134237475284152,1.931973966540266,1.5815807525282166,0.9423833797699939,5.153955963286556
2.0324258298865523,1.1473052219541318,-0.004985404044241752,0.5179866311086923,0.5630602708557271,3.0447204354038133,-0.08164383725630485,-0.7999135148869894,-0.4397202518030518,1.4882070260622862,0.4174455337999013,-2.4455844862008447,-0.8223959892563317,-0.31933461918885003,4.60734268422613,-0.9347876764506412
-1.831540566884138,1.046224070812529,0.2750769610954833,0.7864174182997424,-2.2657770290321984,3.371581284535249,0.17396490358051778,2.5492844298076007,0.025892400314908613,0.5756294466875808,0.468894730340147,6.276572771864293,-0.3817116746571487,0.8508184363296543,-0.04430035989802546,-0.4230093892978418
-2.8451834967253573,-1.401317722628622,-0.04921119954436776,1.036074022586204,-3.4836636150476346,-0.07018088765911931,0.18732433382250532,3.4340535350968393,0.7107531054645125,-0.8057499082968577,-0.7982540990233564,6.901524024205874,4.065757843129437,1.28950286277452,0.2610189688191254,4.706912346645744
2.6811439002603614,1.0088560920317136,0.023613161359803465,0.12235661545198989,4.135882965464755,1.68003819127947,-0.16914598284652396,3.1463404753449122,-0.7648674406702538,3.925807369944226,0.4774513640840195,-7.14596579951564,0.9083471802474447,0.6724375561200359,-0.32963837222564296,4.709797165189853
0.6332980047892938,0.1370108032737349,0.334434615327381,0.49803428104299735,-1.8534558416278066,-0.16960389327155254,0.02991092156938126,2.6753781591086456,0.6005277686519633,-0.40174648459634804,-0.17059653752062773,3.5870307868355513,3.1373538379062076,-0.3878114734315322,2.5025299062018065,3.020953505175919
2.2504454710184167,-1.0829807861683045,-0.012749373533286843,0.2813014753562985,0.8383610885797325,-1.0501533787282114,0.04902706887293651,2.9281427923810956,0.4294951979481074,1.0035285340967302,-0.3885812345073243,0.268117911909511,1.9154587536529886,0.193329935612505,2.3000041069271395,-1.0220303772302064
1.8414579520542698,1.961259374741793,0.38660684984557214,0.6367328257413424,0.5851377679891396,2.1387663294760655,0.00018572397775084917,1.1069509335589462,-1.0092781555493286,2.0048923827483223,-0.05106122322933798,-1.140276904639062,-0.09483074005451246,1.34060774864382,0.01836692860480521,3.023087693853581
-5.745976014277785,-2.849777956327855,0.017404393443507134,-0.8381402160831788,-6.1802250658790285,3.3134234153075166,0.09245261977644063,1.4443628447799841,2.465252100112287,0.4238030930734427,-1.1896253895554438,4.518877579866141,0.2918540629429351,-0.11071121150234615,-0.1195276168000113,-1.918072045398792
1.207600164607951,1.1087384168128487,0.0030451668147835746,0.5312987126186586,-0.1259015739672344,1.5566602663115396,0.025396933575626605,1.3159526538941917,-0.6026839164326563,0.20011639729789127,0.8500556627402195,-0.5273231935688243,0.5378288506334671,0.19039122543059944,-3.6883915474358613,4.890806788877521
1.2506097430384666,1.2280298159002647,-0.004041043803906599,0.5070383680132665,2.8198604795104574,-0.38734408127073355,-0.06346910000124882,1.490278948228635,-0.9855090656992558,0.9645289536692503,0.155461735184916,-4.190612389470215,4.672962542462503,-0.7481102087154832,-0.27556938434366135,0.12331431229636992
-4.052207862238616,-4.572739003561346,-0.030063444414014664,-0.847698826205727,-1.6856663051438725,-0.46586326109890225,0.0626319486737048,2.8600588744682676,1.3555854629761745,0.08023832256892854,-1.0564424027717554,3.125558122240585,3.2410579133603927,-0.1976429696523329,0.42763864110361993,1.0823023269434735
-2.8302927082351856,1.7869947476696224,0.7188978418468388,0.3520237789229792,-2.042385551314248,-0.872028700895573,0.031589587347836255,-0.04112709396941706,-1.3777560218418483,-0.3664090484088126,0.2164090191923883,5.623027487297437,2.5407948668502054,0.5223477141415432,0.6042117429934373,-0.18994917911539103
1.930842934651693,1.4423213881737271,0.5682660332166083,0.9614041793444439,0.3933698330799244,1.7499914371180574,0.01929095975505106,1.6990029185140778,-1.4960636941722867,1.081814006414044,1.7061392259332275,-0.23946892835049655,0.7402950385504058,-0.8942001387416659,1.8071630003166625,3.865286210440376
1.5510880251144943,2.1194196530939404,0.47558358526245376,0.6123406353410079,-1.8329761274731222,-0.014382510064908772,0.12685274386481696,0.8506684677418306,-2.1737115637732454,2.7248609896976737,0.6403886996804847,2.4017141349059146,2.232085531327657,1.7528791081259096,0.7403858410297697,3.051884921826697
2.061447927851296,0.20814973701703748,0.347797042980534,0.05053479166120378,0.8699326349084651,3.4240642961545436,0.045730245121056376,2.817389734249247,0.41766551821642206,0.45152514965910495,-0.7028393009115812,0.027347579228714156,0.06323651905125513,0.2714896862240985,2.298917044117181,-0.6667328560690682
1.889819770051745,0.749795497842283,-0.0022207556718694503,0.6574877260787436,-0.6690763519475045,-0.2699147653603255,0.026622412703598126,1.468696851759189,-0.25830756497860585,0.785423022181953,0.7283531929474175,0.0891913328600614,4.413149833188824,1.8962263439727294,1.5789934335747624,0.045398527606391854
1.2577249401188448,2.0258627036031336,0.34396967875661905,0.4182499196419859,3.6342570180949596,-0.15617497772638017,-0.014526796973522247,1.2318284426154367,0.05384474610321582,-1.2033682706635767,-0.26034597436114576,-2.4831938871498447,2.860501728762663,-0.9540737810386343,-0.730606605597895,4.9737943753885325
-4.869130140625835,-0.981470969917896,0.54476112794197,-0.9380439697064211,-0.5131850023485295,3.63936405749143,-0.1268574598137203,0.6432951874919611,-0.9420441178234021,1.0063910582577544,-1.3677862829910348,0.23755255418047982,-0.6520661336951085,-1.077791777718432,0.4039285793600613,-0.6934076438095161
1.7351810376988277,1.2151000861400048,-7.944576409321423e-05,0.6954886502076906,2.1460932100447927,1.8975718230086038,0.02710383266999065,-0.2735562584462909,-1.6462140010713004,-0.9301596808451477,-0.5015433692464818,-1.2287900446669244,0.6612764030233322,0.42244338435743356,2.4570260401283393,7.056136705562011
1.4600815584844304,1.5618625749695778,-0.008486299056503041,0.4610252796202265,2.1945420089527494,-0.1151019838922605,-0.05484282323208639,0.4680886890374303,-0.5821569591616983,-0.15289453156445587,1.50558632586472,-3.082543501703564,2.8534553677629058,1.8201658937615914,1.781200877774791,2.916631114773583
2.162375743294024,0.8756475354879978,0.577615808018372,-0.1295625602617844,1.4527223344568152,2.2983761176052835,0.026100097712120098,0.004727582265213609,-1.0399036320629953,0.9552102919577307,-1.1646361526807398,-2.691831156784949,0.5461870877044791,0.2695876259196344,1.0281428301490856,4.4061122441693605
1.683092745462134,2.0699385373997616,0.36373636582302665,-0.042037943914664144,4.449845890638954,3.3700461016497085,0.03918117162736193,-0.4008677708227538,-0.8063538812922526,1.1052430057086866,0.18322405167225664,-5.616511383796041,-0.4047767567413652,0.15873709428994753,0.7913189084765871,2.032607275352179
2.042072736417782,-0.07856839778183959,-0.0035989720037355034,0.6891520331185258,-1.1001106515109333,-0.3304909016619952,0.19109833109523391,1.4985663509654363,-0.11713456496548422,-0.8274622003183117,-0.49304866108947953,-0.1784364071287628,1.8342401014354979,0.665253932766161,1.8291153940649623,3.2084864276953353
-1.646369549812559,-0.6029700159780071,0.5338311057131978,0.631918479686846,-2.092066550234919,-0.24761262884930368,0.08586004102975232,-0.17266772905528965,0.4225463704686519,0.08082417395836508,0.06123086325605228,5.608750987267411,2.2443082977156834,0.3069738425801522,0.8561782527607951,4.990975527205458
1.6523170618738368,0.1837562525470412,0.23659270768416796,0.5516114276644615,-0.5156031778926715,-1.2691833635022278,0.024213232044599325,2.2301623497802106,0.7433154827026992,-0.29743948170404616,-0.4525204432500157,1.1441221788339806,1.6921524452020087,-0.9431634038059001,2.3420669921356048,0.7264085714410232
0.6073449187888426,1.2522441576420826,0.3157172685498106,-0.2745222989084739,1.0883897136448357,3.688011437326192,0.05396907765604816,0.43192942164142567,0.28591101582691203,0.45907481164246927,-0.07398839219267309,-2.9960179883269853,-0.31085937726681473,0.3443783775177799,0.6227059960802497,0.17310137227966213
1.6659392450464587,-3.7364672847428904,-0.07227124326801868,0.686827419960463,-0.8364411888015565,-0.40176410951566066,0.028409672818228933,-2.586111756925911,1.0760697457669512,4.888143277878469,0.97874199278863,1.553086667865215,1.5815695650946962,0.2862770255550364,1.6116835462698136,4.740050248077837
1.2011212270385785,0.3894434419336468,0.37493903059777467,0.08302949052548936,0.6638777829825141,-0.30561716993364335,0.04494909261494058,-2.3751079112141387,0.10141394313282674,0.944720724516869,0.027991762586800698,-0.1410898976439337,4.713830973628906,0.3179655164832246,3.988114518029339,1.6350838749780734
0.3776673186828326,0.6103492722007522,-0.026123998254641238,0.21039575523205772,0.4520085972859227,-0.3570389333891863,-0.06541003728693567,2.214055256079995,-0.030818820478748097,-0.8932087701956593,0.2970752236369756,0.012201974537797316,4.326267048837691,-0.522254776868422,-0.11360387132807666,0.20088411353604493
0.06260916420513649,-1.4416680162399338,0.31931338146662674,-0.10900756160550507,0.7947230400943359,-0.13504465753017758,-0.1546863481324222,1.431001847021161,0.3241215223942833,-0.5229934166544301,-0.04527798877630264,0.04225913115865883,2.6101235727544685,0.6275349876120051,1.738554664541708,3.7627397831103875
-3.798319316478835,0.6516166469892525,-0.03477457542583924,-0.5800057624793397,-0.7956001800527432,3.301118598379345,-0.06651341722652519,0.659925485908636,0.3065873905269095,0.4378625835775316,-0.29050127967609946,0.9103356577813425,0.07241801036640687,-1.0266465781997733,-0.17321994850082095,-0.13821558403582884
2.6188323907600264,1.851219445521703,0.44999212181333575,0.5740758505700909,0.23178489729197627,3.3588928108391314,0.02427023168848052,1.655063069974568,-1.6954942105398885,2.219176908938707,0.058315342082911184,-1.225232332102535,-0.04424901139402795,1.1150277143242142,1.7253383853980546,0.10010251600195122
0.31547390128475544,-0.0033009957856298114,0.5522127302545092,0.7957096049020078,-1.4923891660017556,3.5561457512623407,-0.11170399886665609,2.802675201261678,0.48492233193377055,-0.33528678687561964,0.35638328528247165,5.035609982133575,-0.1768570517373658,1.5880186613426468,-0.04831138785520703,0.7664724883298115
-0.07711776434998875,0.11901531153495228,-0.018125183263314977,-0.8720016723006225,0.529546456940407,3.161703243963773,-0.034917785863431354,0.24632122918907254,0.04232647171423504,-0.14935395726634731,0.013630765811137813,-2.103541787780988,-0.555982814402054,-0.6676535243672563,-0.533342917494578,-0.7704888965301476
1.4828375011567978,0.3892503240876515,-0.008097558566413683,0.9450299512152249,-1.7540824590492785,-0.16273710087647952,0.02679747401455157,0.3638314477421324,-0.046721801117335156,-2.6214503105553226,1.8777138521458763,3.4022035838056848,3.8047313184662443,0.2366527843463827,-0.22902442741037501,-1.1089731974749877
0.49354275431493144,-0.33565449108823725,0.0066422467075234175,-0.2629657637668852,0.783526854471994,3.353772925409868,0.012895763389429684,1.5948542362425662,-1.402172610002442,1.446936713740526,-0.5052208554212182,0.021942804230050118,0.029894468571600684,1.414895024153454,0.1761299533909101,1.237173316748875
1.8553503031847471,1.3315841135491324,0.4756189041595659,0.6559803681359164,0.20546845198102434,-0.44673147265092694,0.025119563464268274,1.1899388084109028,-0.22224700011924173,-0.3397229726283181,-1.0930333532306296,-1.2323990268880358,4.7176654909642854,0.22473364507755292,1.6469859898992634,0.6820637900075706
1.0947968157254464,0.41346556710979904,0.6169212600006759,0.5469342404477553,-0.3262177057639014,1.474582753750486,0.025665004921074402,1.5293533033213373,-0.7862378425837425,1.139237903642496,1.7265237469857297,0.060200127771074176,1.023728858641636,1.0813982933616255,0.34119778230773135,5.994741096457271
0.7552617862036248,0.6562106504037186,0.34003564091386107,-0.011972795834363075,-0.9676779433261966,-1.2306412419578998,0.1478032329239785,2.0454252065640355,0.6393281352749894,0.19030999434569434,-0.13881483572038114,-0.6174656519584084,2.140853236722282,1.000835361845035,1.3029202549793109,0.1037805949900277
2.6241311174361726,1.465617116675639,0.2588782603317661,0.4633873366114285,2.975728014982322,-0.22941497554815649,-0.007152875268315605,3.4928236927360667,-2.044965366852377,2.2445439815349384,-1.1592283639018157,-4.213382895364084,2.097644586697026,0.8829599371006811,2.9004551279437445,3.707639501991251
-2.635829582777075,1.48946490132608,0.21738966238416524,-1.3849151814735017,0.27382734257522684,-0.6047601144104523,-0.03382697843055236,3.225945530498036,0.2090758758727614,0.5297070692063632,0.3315193081842003,0.05316889669683049,2.9664116699323713,0.9115611203250477,-0.005077162374463018,-1.454453918022547
2.9747797738097708,1.1732657621768654,-0.008553642032549748,0.5895657210433765,1.471831236003293,-0.21452219468567627,0.030008609167655798,2.727162041020615,-1.1638410680924163,-0.7251487796902059,-0.020505529840017297,-3.655101845884465,2.2062294374945255,0.9129877435478997,2.240342343855639,4.975202063744244
1.7294830529366956,1.0186499656201133,0.0018926052734980837,0.7539834309992717,1.1092823506056926,2.6915706658799805,0.021505687856053987,0.6618847643387796,-0.5189028879745616,0.487161424429498,1.9894773256825207,1.6682250682782496,-0.17714308548574562,0.6538555114173279,1.8398509824170721,-0.3254556849243628
2.174624734127833,1.2247514530393473,0.005363175883758889,0.7200848218225805,1.5457539892630896,-0.30146857127057014,0.042422969953921454,2.274688435111869,-1.015783850150493,0.4702824191883284,2.4601703003720785,-0.8874063108734143,2.3181433127645947,0.5885083054536236,1.9873921613360244,3.759940272753229
0.6342535457909279,-1.6978272110063928,-0.07565997445032416,-0.05948460939038293,-0.43349146138516825,-0.13109765319163993,0.03862143479259368,2.8452252150869977,0.8635322963705457,2.5013505799241567,-2.3592460721425383,0.3656287294362706,2.895305618077235,0.6020552321191955,0.5947533804748555,2.8202888177717127
-3.0004214760500987,-0.8515661180695984,0.35959368775758493,0.33420968085980374,-2.967015267140151,-1.3350975480375218,0.0188868778939393,1.4543390298421928,-0.003246663502059598,1.0919119361476681,-0.7194332923161757,8.933375069481418,1.4740243319495334,0.3039928028326546,3.5311966841086257,0.5227306545301533
2.326036945958688,1.5365200410863642,0.44543884840845815,0.5763480990530411,1.8133308387838964,1.657288063277157,0.0770482067125997,0.28831056808020383,-1.5484332785183692,0.3135984659291163,0.39397509755949783,-2.227235524327718,0.8873271239533815,0.7369481748663548,1.7430480437473457,5.484006954092406
-3.451904660666362,-7.3804714499925375,-0.9985239067847201,-0.6179117336914455,-1.6078839443031154,-1.0101261378873727,0.14223039709664745,1.9838556499406477,4.559465581540709,1.4797205293938387,-1.5864099275523549,2.793028369145938,1.582732231612355,1.71748187844495,1.727989890774907,-2.012736867869456
-1.987074906671982,0.20473898016972691,0.4845664635985603,1.0283341196246694,-1.7948080922357943,-0.3118249531013268,0.03331295435074453,1.6034699285350256,-1.6756474242132133,0.8895133510343642,0.733783784741504,5.7467122579656404,2.7413523189031235,0.47176163599934734,0.42931770691376225,-2.9093397990611605
1.6838285551316192,1.6999261124330869,0.33363531342125363,-0.2975501817488354,1.4195623238398873,3.6519755035790267,0.0536654515418275,0.8061699459835652,-0.44693771430976087,1.9979877394320826,-0.40779295479391997,-2.485252633796218,-0.3933783783641991,1.2522178658796974,0.8188488437164365,0.29541128272442857
1.646590168456378,0.5138736092360127,0.008358257581535954,0.10895896073747859,0.6801629778892695,-0.9430789935641787,0.06052190074005333,-1.261143529748373,-0.14040929874092667,2.105279178149232,0.23506939981448727,0.38781634887352384,1.4507576027928073,-0.06254436145060878,0.1777084274025141,-1.6779736058463184
-6.824947977228322,-4.593724528573011,0.38251534596069897,-1.2140141141938317,-8.942382339693493,3.5232765516507447,0.06898403918143432,0.4292094707152979,1.395628198770514,-0.3892697820316974,-0.13944234057373492,5.770219572105815,-1.7539671880909942,0.1763247359902461,0.08288317006715712,-4.278881619446263
1.4973660404379219,0.2978705666421238,0.0035382871297735866,0.5032475520283913,0.6978199522190043,-0.28701171259741054,0.029280621175685386,-0.13445724752912394,0.04829555666507085,0.875031453106995,1.0651379165504804,-0.716919140540958,2.3718931013977196,0.4329987229983739,1.342431990146785,5.663280327371929
-2.8046746872214174,0.530227633179244,0.21995321758536207,-0.5336215883097818,0.6531348515082523,-0.5620427402648419,0.04645605576040465,0.506206086243744,0.5607555423987926,-0.12929576319733224,-0.4747718340418787,-0.08725896538293222,4.213118421448464,0.43564595084183955,-0.13626239300825851,-0.01683577852136862
1.9041354298378725,0.8227948372930443,0.33911320285322055,-0.2543977097787583,2.4306523032396905,3.4303767466580894,-0.06173385479197378,2.4238166599744373,0.8820653638818229,-1.5795971304460499,-0.35041850371303923,-1.0785025383862707,-0.4516886402617797,2.1218256929971013,2.561852745954779,-0.39451353739907297
1.5096950333080708,1.3691519418462743,0.3308310746426384,0.4668838808449667,3.002566925637762,-0.2276771435810795,-0.13369425484871864,-0.6801596370844799,-0.49693759080255956,1.9267488496604244,-0.5188569746183456,-3.9364360908052816,2.701029051259145,1.063842835560151,-1.2607341902987965,1.3336580579592066
2.357775320164387,1.4809552868155431,0.009348641763233887,0.6037958829028749,0.6321391150369391,2.055247324335862,0.05405612747077252,0.7103673111880575,-0.7505134695193065,-0.30579089759188094,-0.5595923142832642,-0.13243891607225547,0.13576899226956574,0.2982653956240094,0.47321314453841173,2.2528382855513187
1.7658982733277968,1.1553027702437733,0.5907510028938149,-0.08755890590335255,1.4592343170721433,-0.493017885683634,0.03008279320800729,5.355055300512069,0.5031381141301671,0.011146486648301035,0.08116797021641388,-0.887955168583028,4.316927398922113,0.6354821825554967,1.3679570204784481,1.6976459232081194
1.6651587514102804,1.3232370204961221,-0.007495771647870478,0.6676539760200884,1.5465358764990877,1.8091050810080407,0.025481673694099045,0.01651360665593489,-0.2059610569114764,0.7482798075699817,-0.4013147344129994,-1.3922275039615755,0.32876562420582606,0.19996322639860106,-4.145212113161284,7.120415924756029
2.7439335000653675,1.8976143717975515,0.30067659755556,0.31165694319306064,4.714229337126134,-0.05514003451038884,-0.00036911977175095036,3.7269887128548134,-1.6714082387952955,-0.49788312222577835,-0.018906442903229716,-7.343873732194521,2.2138585805661273,0.1550216978711272,-4.199537811088571,3.3725465573719435
-3.2658033428371755,-3.3559565926976704,-0.027451700875221596,-0.38267834878567514,-1.4457909049758688,-1.0876729282006405,0.03719417566597016,4.22211627844847,1.2382314764320863,2.1205838557640004,-0.5600729533862123,3.3210050922359233,1.6857854103905272,0.0404926329898521,1.3908832137433418,-1.6831576077287629
0.9461000077916556,-1.17198797755983,-0.07521240849816603,0.7221364551304421,-1.840427982495898,0.01810651221224055,-0.2258462270640199,-2.677816086096413,0.6092045094641537,0.09623140300573706,-0.32004729446472885,3.517169043169131,2.558731136547477,-1.1183848599222566,4.226365310262324,5.557060124903565
2.7138404384476065,1.2959258374491252,0.5779729369749304,0.6720881045025814,0.617803729085096,3.504067152813146,0.0467740775076249,0.05305264122196254,-1.1676516319861707,0.7386502906720647,-0.1338710564368621,-0.254304665015878,-0.11097033110323759,0.0653206621836558,0.95663843764521,-0.6502144091043045
-2.98142348237211,-1.9223539024107825,0.44857061656559,-0.8974837949307575,-1.255201467859445,2.112754746910807,0.07965090216961355,3.6258259422207577,2.2891775954742295,0.5858697072728305,-0.4589293669162065,3.6125947531473024,0.6559972195209645,0.13468164582233105,1.658365921760589,4.574480397172582
0.15241955640992727,0.9306890837490043,0.6109639714460776,-0.11596217053947283,1.143807082383993,3.489612915823417,0.04061688910397934,-0.331840673775788,0.2570186935406664,-1.3194168875185754,-0.6439748298577844,-3.053478736045556,-0.6264040142664412,0.11114383279630345,0.9239109703876529,-0.634434169347783
1.4187115815643467,1.8656894869856315,0.579478395094789,-0.003082917276181111,5.240936314901568,-0.43374212583818,0.03573605884025168,0.7613314761505677,-2.541534301109149,-1.0287527595081456,-0.9441932088547388,-6.559319752702444,4.578465193727249,2.146648178298899,-0.028109743176914493,1.1469030695222757
1.106385300632372,1.5165758455705776,0.28458855379380193,0.6878604986084379,0.945189076807128,2.9842325797320717,0.01422688863461838,3.384731572901718,-1.4086804243755122,1.0837013500603903,1.7465969155734336,-0.9427607985126663,0.15593309835041438,1.5304472504517748,2.940361195302811,0.6290416050566737
-3.1265020571163262,-1.0674963123884431,0.5095098946520112,-0.36016073499233187,-0.8842344110583696,-0.15122505693373753,0.21310249858580307,4.80200010104263,-0.11849234161103822,0.6477676103374416,-1.3892736773611818,-0.20104315046106758,2.6525880201147793,1.3229106994811048,0.836218636910783,5.554880169255311
1.6124400115333097,-3.2110535941337033,0.04862605143195097,-0.31317064702194414,1.9221309689516954,-0.40818232167768337,-0.2554025524230537,0.2372870875794132,0.4304210568629605,-1.1580431691005733,-0.4716862190456186,-2.1276889300056303,2.993794442465028,0.30127011126522785,0.8498270539043459,-0.8339439588569053
1.817144775792776,1.3260775591771083,0.548978005112555,0.05700806699423388,0.39813435708821865,3.506063995229644,0.09838219104688015,0.9438445084935261,-1.5447091041182375,3.3068123781523817,-0.5186842447758915,-1.3402199016251846,-0.8425195075958207,1.5590215294385394,0.6995684753944563,1.1207421349897662
1.3583079726691365,0.9135049637114738,0.36132301802340294,0.636323272751047,0.4906021762398201,-0.3564843393835093,0.05548466402665211,0.008741291509071186,-0.7838748321214286,1.4854125669202376,1.8253190222984153,-0.9138058065407139,2.002182948935033,-0.06376615035713232,1.9274664791867249,3.985629298290373
2.28616646210984,1.3449101585661531,0.014097552268948614,0.10146007827148047,3.357898702171105,1.651962005929464,0.1893504446569047,3.9825296071162493,-0.8899358372250464,0.5866377912987674,-0.5023983367782612,-5.021713075448059,0.08076242500730915,1.6407214107926482,-0.765538236179043,4.349212178126617
-1.6051435858988308,-2.407115276732765,-0.0426037482444092,-0.5884216752686138,0.5369376716043611,3.189831837884019,-0.3575355920697886,0.885478637657973,0.5554606540280207,0.19024162925178326,0.07656170345590925,-2.6732836265317395,-0.049573217703245444,2.5904036632192944,1.1534175390658632,-2.982073996428508
-0.5413731499055172,1.33265788981545,0.5380490144027713,-0.20137921547849497,-0.3941022896410102,1.9322072469043077,0.02519960367812295,2.045733234824586,-0.7522674288046409,0.9553705802829652,-0.38417788697859695,1.0841941708952436,0.7585213663800374,0.969345881083599,0.2885336699038587,5.241954127974409
1.1453028649050754,-0.4627144404296138,0.6208936246516568,-0.6642430000042729,3.9229751168894746,-1.4241544196005727,-0.16730784276446983,0.16224745753964484,-0.37017413375082375,0.4118048471021911,-0.6858002167785021,-5.590850851973442,1.1673208077437958,-0.9091359377065221,0.6971342311155936,0.8767510354692659
0.06779544877838647,0.6639989704329796,0.4854043797069789,0.2047707440080175,0.4727194844544761,-0.30524228329660064,-0.046775460214209454,1.4314189877233963,0.06342981677203152,0.9228751650361409,0.6544842548977289,0.6554305110127819,4.455902048037266,1.8496668008500388,2.1092655848829858,1.7122096694849425
-1.4268066085653142,-2.01135688945462,-0.029431549745135708,-0.19253095130921027,-0.70443843333931,-0.3772189649533958,0.06348676708547846,1.4093157137427788,0.812537331231209,0.6807605692771581,-0.5541830273989645,1.5210826191394156,3.3307366506296368,0.15747711148059088,0.15983400528938518,-1.892253710425235
1.6119983231393524,0.22596430939027876,-0.007138691460892319,-0.2901430154314524,1.5672512376880907,2.09814600962602,0.0019011648382478976,1.3791153349177245,0.7199869575022243,-0.45337734502844274,-0.48880646714635456,-2.0205834842383688,0.3651012779927399,-1.6604396081359154,0.42316371507598366,3.553085213953498
-0.17811285310987712,1.0119330904534387,0.041427895940034494,0.39703532380657736,-1.6628708433269057,-0.09754861206309366,-0.04882853409257461,-3.416749696870606,-0.004918840816666809,0.1167375422548696,-0.924855207510967,1.9725881097900082,2.0179040962024257,-1.6991252499694334,4.0896809674407155,-0.45738220117140704
-2.3816617763456063,0.6381710342417766,0.4562333795596384,-0.47510793884733915,0.7786318415453733,-1.4321005288703705,-0.2691490612056677,1.2404793228414372,-0.3199924520674723,0.7021683454801794,-0.3374839113655586,-0.4856302170837488,1.472927203858188,0.011540831316092067,-0.38582811092677455,-1.0224884541431838
-3.649752295255623,0.1476351949484713,0.48112312208518965,-0.7313674592709405,-1.2495280753161386,3.5291925549789944,0.04303470697746156,-0.1527977179946617,0.6057042928760379,4.017860342408538,0.1715122375035332,2.4983967429429605,0.26490809742032,-2.1984940246223443,0.37190192153447976,-0.8335790675730627
-1.8249236172176586,0.32615977625116055,-0.05758699967232704,-0.1843293688786687,-0.9092733522810187,3.3298316780513013,0.04768841331137314,2.469274649856194,1.2971558530843128,1.714458240115597,-0.69210972889952,0.09827962451448707,-0.1596147541162669,0.6753832890995707,-0.021719621848464817,-0.8470241711090299
1.7078246112079787,1.1485386139035534,0.01053378827040336,0.7406957509650092,-1.1132373985680084,3.505697892229599,0.0837167224296511,1.4875025771920516,-0.8669769449294182,1.1727003821987985,-0.4286967163944031,3.601143725885839,-0.3863803645288816,1.3694958522453775,2.4651059736676086,3.0822264061036995
2.3268887021674933,2.183551865323777,0.2782997399975369,0.5789077181756328,2.0144906312264688,-0.0340551858413731,0.024567665744646645,1.2688004967800264,-2.1240066820764896,1.2345104248133703,0.11842750161716128,-3.4075246369214995,2.2210577106514147,0.40328520137286106,-0.8160977447742584,2.735545138345331
-3.5539152194924855,-5.03399815420531,-0.011910594655208767,-0.37286179401755865,-2.1161108929293753,3.3199883024680945,0.06708355668074192,1.3840196368147064,0.401595012839907,-3.3711700399779936,-0.6932477076857475,4.178017560196428,0.3292105331783353,0.3775774328025998,0.5660730534405444,-2.8131038594934035
1.205121975363993,0.5817401508949831,0.5420321683631407,-0.22531225058894708,0.5716492054477479,-0.5397461525186551,0.04536385652549807,1.3385834974705848,0.34230087489334216,0.12432460766371119,-1.6587473745940673,-0.1945685422501242,4.363776632549418,0.06027497037523214,-0.0745691227282765,0.4995804537936667
-0.1303201032666639,0.5100899328344732,0.471728116052323,0.040406960655413604,-0.5402760303437194,3.3476522958744335,0.027160731637943736,1.1890940206953124,0.289348379500576,-2.469322158218044,-0.09982659199734192,0.743991961993157,-0.22621888251045924,-1.6305156280984028,1.0501356736857812,0.3250929369759047
0.5710035524875132,0.7855472196158081,0.5719529025383355,0.6281072647531143,-1.7604375542191357,2.9855064639937625,0.027495437976775807,0.5604123546228436,0.9302739504330914,-0.09347705339464632,0.6475233041540664,5.131274029225402,0.10158607201506392,1.9774962726885175,-0.02916796553794016,0.25448323627694486
0.838624660249158,0.887813132438996,0.5823090018554806,-0.138852308580026,-0.18434379248916632,-0.5087130387450475,-0.029388574062729836,0.732969079843824,-1.178757469862327,0.1341466482447366,-0.29937378806317305,-3.0074836612215785,4.279048122280562,1.208960412150118,-0.3121413323540263,-0.7669119801230451
-1.5899249393320662,-2.0810677740133294,-0.03255434710451754,-0.3251092105303028,-0.7430948866929553,-0.3848245745010381,0.052748121333656424,1.9120525681742322,0.7150287033615401,1.2645896683475224,-0.40311898600313617,0.3760176314917797,3.91780513414834,0.19512957242752665,2.5574453499958163,-1.2407704405671234
2.3795456490223326,0.900837697843947,0.4812670497723654,0.9514558025582774,0.7832887257431583,-0.3887984527275735,0.04417591010374646,1.466618251540343,0.8696243834086205,-1.0900897536449756,0.2140155421927227,0.01617211670787597,1.811264513074323,-2.011239464180923,1.2268827671608016,7.14082918251053
1.5862719984599964,0.6795301270144496,-0.003472561639248395,0.5010789509875214,-1.290625971099485,-0.1493589344668042,0.04024144157334893,1.1478315930225027,0.4312408668943133,1.594207084607948,1.5948004395864732,2.972383266304693,1.948901319009773,1.5457908874858832,0.9399613125818921,2.583053674559019
1.5039247029863592,0.40305897724297635,0.3472572619053701,0.39536420220855695,-0.7767164310338928,-0.222712044853308,0.024207722323364288,0.8668600206969165,-0.8114337059391041,0.5676002482948559,1.6132162845541644,1.480976123951414,2.8142564952782303,0.49761927875928025,-5.2704940446107384,-1.26007679285634
0.1309992393258867,-2.3708783594389464,-0.01908526990958326,0.13097886948421178,-1.3601107348922676,-1.0981308694877978,-0.07473388563048602,-3.5745253109633266,0.7790600969646398,-1.3969174278666785,-1.5516979103902582,-1.3776901776681378,2.0148728479543374,-0.5670469449399007,4.869068596814377,-0.43270726413551647
-2.1105674021625993,-2.576457954003269,0.5378173103374219,-0.2387307047721458,-0.16143582995157352,-0.5961624958891812,0.08303601832923659,1.7111210456638366,0.11263377712856736,-1.2922449262008302,-0.5090915012413739,0.1061093246205528,3.860424077299117,0.11814696850296204,0.33619105656961795,-1.1972033255117362
-3.220412113503275,-1.746110636942051,-0.04243321311571363,-0.6453910055561736,-0.7881196259693983,3.3529112185078005,0.03297005541148393,0.8154885313698018,0.06648753283528663,1.7021214356402918,-0.4160712116016804,1.6052020472654394,-0.30304622976390094,0.55190735354636,2.2965923132298403,-0.34179979735221694
1.6593430261802942,2.0142508848728538,0.5522062535573561,0.5113068483239402,1.3526352469863903,-0.2750822656709265,0.026515489394643602,0.2867484226913352,-0.814145854240175,1.4663539517047448,-0.8804255509982726,-2.1237993351000433,4.630573024773911,-0.5345219653579668,0.14515202781035896,-2.0057151942865046
1.5640666591655135,1.0562398464644724,0.3489922461963652,-0.42935128259026234,3.2297684470317876,-0.15107844298081483,-0.00657314175113772,1.4510080716247096,0.04463587514279366,0.45287773092060224,-0.8193224025486915,-3.4787142227007566,2.948854424963215,0.3085330078669157,0.26502133563115976,4.0835317089889305
0.8187719277904201,1.5525669209066493,0.4590876605711107,0.097754664361347,-0.6418970475662608,-0.48368732543988424,-0.09086844237517475,2.8127273996835402,0.35314224479024936,-0.13789656583041626,0.4579045804238551,3.2646832816084648,4.53943112453813,-0.6798044231924981,-0.6901276341445834,-0.407027054564014
0.8283861261982722,-0.8819737561792238,-0.01747715180086602,-0.2447626402271546,0.6141826625191081,3.2689460804138135,-0.08884774987705338,2.2369554033838264,0.1624744801815279,1.4191882285352,-0.71587339641117,0.35513112847411143,-0.4266813364407221,-0.5038171983345063,0.049139067105984,-1.6111246193223128
1.2062377459451814,1.5689814116992633,-0.004583069648182946,-0.04656084023384198,4.737450734069777,3.3465824051147357,0.011180354731639962,0.8027802071100681,-0.4763109453022208,0.39947370995615644,0.037062780484480744,-5.452854779797979,-0.20336194054372672,0.5754416642998524,1.316225085847302,-1.1279217451281025
-1.6655598673747911,0.47573483307233466,0.8702794722484668,-0.4894351776019509,-0.6741785046159146,3.5570063472330764,0.017393473129344774,1.8929813096889496,0.11499246535644246,-0.2933025775881098,0.43722528896402774,0.08338929574504517,-0.2596592500579901,0.48923124391973133,1.8936006379698376,0.5910766346494546
1.7520069146781077,0.8784443079151794,0.015865056697744635,0.6294698501785996,-2.3542343726190396,2.9236301753884804,0.020083785840133987,0.30317994447559826,-0.4549844772177105,2.4557311995915265,1.6078421066844937,3.3171300662988097,0.442862004320033,0.6943168973850466,1.8570136829639399,3.1880022448483483
1.4874051859779116,1.5013930682608343,0.34473403902534233,0.5669093887481319,3.9166987090719414,3.3490295716440803,-0.11961943194638246,0.9450982107619555,-0.9940013251055441,0.5797240029549061,0.18146937048317432,-3.207349311775157,-0.0693472755535187,-0.6622254685116854,2.804211124279722,1.302580422106011
2.026775442779189,1.922739020704546,-0.08393859395492444,-0.04402695941602166,1.3693994888837562,-0.31189555903160077,0.031822292879483974,-0.10796103594095266,0.5242815407395018,1.6737124297075672,0.3135890929973384,-2.376361254161886,3.7937660820297503,-0.1647751288787558,0.9735416192037865,0.44239769551698643
1.443669009994571,0.4303015453471257,0.017719367232823507,0.6554142027939251,-1.9812702607581456,-0.7362706787605426,0.02581017360888236,0.5948842983431177,0.08924721257139619,1.4221652266916591,1.087965188733271,3.4333337146658844,1.6423496548346905,0.5608265131379095,0.17547450046140597,1.1245378121319576
1.86063249169241,1.0743554633020753,0.034531495494527456,0.5767804561898904,-2.2834092100913796,-0.16519091039087797,0.03136859582292815,1.6756492924325497,0.08134895487330666,0.6385329398066013,0.7061063720484088,3.481643043004089,3.7322811576674315,1.1930995867782135,0.18313833719013628,-0.7762510027513211
2.3026375207444083,1.2486098345379046,0.16319492254079968,0.3146453295543431,3.7977057837667445,1.6968232458383825,0.010549010694174408,4.622814062840435,-2.563557446279578,1.602088334363532,0.3338605883326269,-5.599756107339461,0.6799066129387532,1.3512484121767798,-1.457727815200842,3.6749045538960434
2.1047533555565043,1.9328268162954603,0.3912088946833332,0.013770168913224023,1.551881502311658,3.5045129207427843,-0.07373363323464749,-1.7416398119179612,-1.1932042006199242,0.6581589452695454,-0.2577156067298677,-1.7389794759803656,-0.5700687084834618,-0.6280205287441337,0.6141380333639916,0.1385919576066975
1.655185707542802,1.0459065542242625,0.5710088938311388,-0.08595401382316244,2.170194987574671,-0.41352954952385923,-0.04718091779443303,2.338407635185963,-0.3820546332049042,-1.9133228950446635,0.63514629355787,-0.7348483424939858,4.319984159668528,0.7735547665293121,0.9436374619416522,-0.45638362704882274
2.0969679809453705,0.9599987687894794,0.02680191223896947,0.7624568857444265,0.5153336960233459,1.7708892329773867,0.050947960294198055,1.2252214803547523,-1.0422814491797037,1.2526190387874858,0.389037899023434,0.08313942555086988,0.7360525511662923,0.5847046541659969,0.5604410360495781,5.091329066777219
0.8951496965738821,1.8463174898490124,0.29847159844376764,0.7390542076218473,-1.9439337442868911,-0.3296040463111184,0.09482684478937019,-0.03857537047495918,-1.6003526324901989,0.6156170133456822,2.310231395606856,-0.6654102997527961,2.073540374500087,1.428540252772062,1.4733890014502498,4.832678516594943
0.30345652734808065,1.4033799097339787,0.41343841628625894,0.02342201745428802,-1.2457648497302682,3.5017336624801096,0.0017504907821095986,0.5134502982860423,-1.6949693634302065,-0.40746182336590026,0.08334062599252202,1.9974379745954567,-0.7432603322380477,0.8255155079770824,2.4664922025256026,-0.6753120539735619
0.2081503035850486,0.6614485384521265,0.5406262352855218,-0.2145633707923807,0.9310994898795161,2.1288102398439785,0.07213902592426387,-0.6908217132352114,-2.713643095629881,5.1986572577177315,-0.03045854305579755,-0.19846989595983025,0.7338923760156686,0.8760263466864157,1.964757692419608,3.008052815584046
2.2339090768758405,1.4889290049864568,0.5659148075565276,1.0088067314714604,3.0068161831538283,-0.5250771868545109,0.025275560028503202,1.5331726334830353,-0.25028084303857584,0.40449619221267114,0.02629734927302848,-0.4056954554022374,1.6166556024427732,-1.8345630763609029,1.0985777602270044,6.382403600897334
1.7611060979790902,0.7579613065296175,0.34821125500586225,-0.3729941137671249,1.623030088767448,3.154790433425314,-0.0291024170318657,1.9187234734132714,0.4505721023626703,3.1682995799227784,-0.048733410903801004,-4.233032174747906,-0.4060865675251906,0.27612512507907855,3.0483598018893074,-0.22681056813650305
-5.3491577087289155,0.10784665830793268,1.214647111803888,-0.618446067557548,-1.9913704618687607,2.015585347905422,-0.08177650861100576,1.0915327871906075,-0.966702096302723,-0.4830818566245797,0.16329328848722424,-1.2898357685089872,0.5511504904573264,-3.5486893227581477,0.17363384450674077,3.336473078618722
1.6782011995975215,1.1103648294210589,0.34353927348273017,-0.17514371578262308,4.251175825478736,-1.3357714295702972,-0.0081468375120671,-0.22857763740456677,-0.7693839686523488,2.134467945141453,0.4650394338133559,-2.0610900363594338,1.3954696143602972,0.17708149622968222,1.9267843735348682,-0.13148899117627827
-2.6610905554051043,-1.313234155478474,0.5143355710764245,-0.11772945711813051,-0.5427397533097265,-0.1459184176068452,0.055775492078838834,1.13113116899444,-0.7885159001246597,-0.9685882773802129,0.027084853609002733,1.6249619681503484,2.826636471016592,0.6550038190065263,0.5626356732276733,4.841708301195146
0.4080559697337852,1.043657647327245,0.33527973499177627,-0.1389781808889644,-0.870284884171121,-0.335212335028797,-0.01614304273664807,2.6319156391735676,0.24733488205273466,-1.1290914190832633,-0.34691243188769916,-0.02837623259566765,4.732852861959074,1.4300991419396256,2.4314388640754365,-0.027224674030465735
2.166321219529878,1.4522013495127408,0.3905962273702748,-0.06542014085030172,1.786044744308044,-0.478252692732109,-0.0571284134594085,0.196147675687813,-1.2018675952316376,0.7380923212145811,-0.24472860576721414,-3.1259476878744286,1.6442746865440203,1.4851124118271293,0.7168758346822534,6.025448026554318
-2.3824758133580883,-2.281433372469634,-0.014192923720017412,-0.10327795581493435,-2.11793157449698,-0.49437359397582936,0.054427278917315455,3.6972157911460397,0.4351857044471939,0.27422857442710646,-1.244778555742444,4.672383646062099,4.164607492808064,0.06213835709276336,0.034042976439026956,-1.651620942802607
-0.6449592689454765,1.1750382158821164,0.6826794433110432,-0.12594064877413141,-0.847026603215326,3.5038179326911707,0.1303037774273969,1.7752264687183652,-1.75619958783579,1.5394889075285068,0.21442136989708382,-0.7934237085605498,-0.6442922893518243,1.1157123914309195,0.1526428168696971,-0.6329275281276397
-5.594883891745584,-5.320435330472712,0.039176704714177765,-2.1671767461440794,-4.643702340355666,-0.5419867984720969,0.10763668719666936,0.81888835944743,2.9236377000043006,-1.77731327950755,-1.0934638934567062,2.535984234193038,1.7751701415578396,1.416526020360091,-0.6585176027707207,-3.985134029488675
0.6819460644800915,1.7352413164175242,0.303170790987989,0.8758618620631282,-1.4110951878113283,-1.179594505379953,0.040977883725382844,1.6621167049072165,-0.8837500748723047,1.5393105534406621,-0.104853720135138,2.9617587661505844,1.835367776575489,0.08192797128945306,0.575034998799125,-1.0508154585569114
0.8958945375193318,0.9864671020116672,0.5745928707471388,-0.16118126828645615,-0.48803207648143937,-1.256277979001463,0.04001959453445843,2.2940481633592213,0.009859880909634104,0.44752820598775384,-0.10808982544516443,1.314580288750791,1.6146851992931157,-0.11508741692460435,0.3246112950523044,0.5200245630931859
0.28176101084040306,0.7732013496500271,0.5764866540163325,-0.2950814646950455,0.3767734512170292,-0.4591542815660935,0.02616887390754111,1.003932871896848,0.0673681530816663,0.3137561935016325,-0.10215452688320777,-1.8698852511291166,1.8433132482564174,-0.9828350531142297,2.259945853788269,4.147225796857786
2.084115846720715,2.364524290089105,0.6533150249815641,0.7762347098787779,-0.5282699870256905,2.8923405473005954,0.12636297080933154,-0.138146521645607,-2.2219969064064844,4.830312682485468,0.6591070309280391,1.9555185758893354,0.3931938371313955,0.8151006044475141,1.184058600872577,0.2517720925411684
-2.1068630326923325,1.0071794066234103,0.4796262621968522,-0.2962450145478971,-0.15096604439668243,3.502874045033198,0.04688783680121023,2.233411322776708,1.07457710921281,-1.4009114842332404,-0.2167682163814078,1.1126666608931493,-0.3934667205878144,0.07765389692982175,0.13841537827996275,-3.5163482941732433
-2.927250810139266,-3.9444425442117748,0.5470558332494021,-0.5489987534504537,-1.5097154310802843,-0.6169353883494073,0.09862237158594504,1.9742782214181207,4.084961947705764,0.18080267945920542,-2.020594909148401,3.0421373835993535,2.971727017146063,1.1104840647107441,-0.14853364053949747,-2.7883161136108474
2.1494010409082853,1.5559847544516185,0.3397278493870906,0.7605670117890592,1.1871168034969402,1.7406644768798691,0.03223162077124324,1.9728209580927407,-2.71074625713426,3.254294143491462,-1.6444742380399402,-0.37185078515148073,0.4184082412438979,1.4159306416584683,2.102085489167726,2.712739531509318
0.46885817872988705,0.3268971891065902,0.5720217643960634,-0.528874552651063,2.4196283332593556,-0.44894839875989206,-0.0799245126990289,1.1961470893550399,-1.4000700482497224,0.18368446370889505,-0.16224639270395083,-4.820168813554607,4.531718163071254,0.237944261855539,0.05009718501192237,0.3845271065331966
1.1628153212415804,0.5750984727476948,0.3000028588690063,-0.36098714388634573,0.7278386096371717,3.5106314987770113,0.025595662172177184,2.932602348600036,0.5400708240976422,-0.5448734866288554,0.24043580743416096,0.6962583468894378,-0.12758081890531373,0.757419388474042,0.89188845691032,-1.779701298085822
-2.3009014698763077,-1.2813424563002982,0.42954915249432335,-0.27959566629152577,-1.5234162019187332,-0.37833984126941783,0.1066128758788169,1.974363760698875,0.49997523932612176,-0.950100632868268,0.6516398598184807,-0.6161804991344517,4.062087412473617,0.47605723098602304,1.733879813164453,-0.08671819894489234
1.8557217542566178,0.3273122683254771,-0.012336246440753559,0.42106949190978815,-1.2083572141564896,2.4335766040475226,0.17924556341290238,1.3867448097211263,-0.08128779167628865,1.2613205818254836,1.8504771832506015,0.16492615242489272,0.16198963514750084,1.4539669732286673,3.5331987440923798,-1.13742547123503
1.256664821211178,1.9558365830614253,0.5836850830280399,-0.34388140275819096,5.150124450206835,-0.15185844185958838,0.0007522346630564681,-0.2691848193464666,-0.9418193202464136,3.2058782472696916,0.8142510948220271,-2.931995574599704,5.020116134696274,0.05009611992212565,-0.2901468277647655,-0.05103020221404256
1.4465653369654514,-1.2353781940204542,0.5950141818945318,-0.2898519730904666,4.23469827812796,-1.4567306177304788,-0.11165223303446715,-0.21277359166617182,-0.8766399041061175,-1.5249044869660136,0.14483202760931918,-7.505174718377345,1.688554267164578,0.18503871058175345,0.16068027068506674,-2.1106960069791625
2.625318417205309,1.4989331498327958,0.010887144493881755,0.5871421930986516,2.2563138506076927,2.7515031232383116,0.03311238810494263,3.370314764065739,-1.05601317680151,1.5695997213930002,2.5305531291530543,-1.9330004796654012,0.022116179492709553,1.5703808126071426,3.7787712052519216,0.22448204308129235
-1.5442675344433436,-3.8238753060282376,0.26754187834641385,-0.10518767396562609,-1.4994551372020595,-0.5194258551779943,-0.27147572723076396,2.3849407848463287,1.0892810200962655,-0.32763136744998833,-1.875892491621014,3.302797891082829,2.8245768088495633,0.4209807037963936,0.09347955674042127,-1.4194782688368195
2.2515184294071005,0.5461224938792101,-0.012248752378415717,0.7217539082903088,0.5519521662286192,2.0757247617175043,0.05657605892424267,1.743921940597609,-1.0240679920075149,0.32613870040413767,-0.6342098937953351,0.1271767793857578,0.26223869317945764,0.36989212487455186,0.7788927512489491,3.5042540326627143
0.33344606297423174,0.006082801364967761,0.0023527016240332274,-0.02596551331427238,-0.8695720895719212,3.1931111962872296,-0.003106075757997666,2.2431837215187564,0.5717897501973944,0.7236359730861657,-0.4785403881713232,-0.17537536036086682,-0.06622791209253051,-0.1629246587314501,3.1803666103151307,2.9918436854441386
0.44520412045551083,0.5900880867490802,-0.0048132583438997645,0.5335119120804616,-1.6982229079497964,2.7101827338741216,0.02503719845551062,1.1982983622574905,0.007938863747605992,0.4529205415890919,0.7016154085879837,4.085002005866674,0.16671215167137096,0.7575527934953501,1.3978564160312281,-1.1020264120988965
-4.383691974946769,-1.181295656846558,0.3399061315176189,-0.4863801828901391,-6.72855618886516,3.494645150371958,0.05380475724519592,0.4169015032174225,1.008151756483999,1.4463689168065061,-2.69112095286431,6.596802426241518,-0.25543736445967263,0.38064955980857595,0.1520202138950561,-2.966446128087622
-1.6778816063763689,-2.36637272209716,-0.04270622935863781,-0.23014931679009992,-0.20072939364940215,3.3212339899322196,0.05998752819999297,1.5305874781595137,0.3909723044113239,0.7874999420273064,-0.6466490756740667,0.8096626522412548,-0.20242808195604228,0.30355932982917794,0.49856979038771915,-0.8616112258571251
2.2390793504299262,1.528060110186211,0.40999428882230304,-0.025708035126358737,1.6225554078640125,-1.251054981901587,-0.10312696267648268,1.0190193992396688,-1.9098026393274958,1.8263878561658469,-1.137413168309579,-1.997186897273058,2.1311107503167195,0.11713271075067754,1.563818321063588,-0.3422317787947065
-1.6385184332343978,-0.9607500113392899,-0.022996023872662297,-0.2690570200356406,-0.7002906331669964,-0.30828554431214605,0.03617397687763763,2.3807217514966377,0.8886810885583536,1.1331438209009306,0.4628045087054833,5.074933787757461,3.728024554153039,2.0005938611159224,0.26207972249334127,-1.9197102302774882
0.896933101949942,0.1320277051619732,0.456667344546924,0.45795697028422977,-1.7608978303163056,-1.2699622397695305,0.024618708977711908,2.9233063505648405,0.9278081986830194,-0.16858032214863872,-0.27234623378749917,2.8505669851983404,1.4558489724252044,1.5082070984971776,1.1414793378002643,-1.6843246628713313
1.9536865599342668,1.899905549352344,0.605945498447644,0.9804352114761951,3.132424913945378,-0.5287464328060153,-0.05024225415571723,1.4714428292176869,-2.0251585033411996,1.7358681344181917,-0.581372599315985,-0.9037202271465108,2.1785790692402105,1.2743732883997527,2.015978974376622,3.727230993998706
1.1492542398377485,1.6201857331441207,0.3508688354270957,0.743899751541114,-0.8035445790864092,1.7409698910356404,0.07701483255186155,-0.03831585158714461,-0.7650053491135324,0.04102749341873784,2.2974894145512894,0.30369558781013406,0.6600779112397428,1.2461304510211697,2.0946036059176714,5.6550805481518855
-3.1621388044981447,-1.6017085570706289,-0.0401188644403942,-1.48250660511239,0.4700907113219645,-0.5412640286167085,0.052060427192534196,0.6630665395266389,0.7510167617107096,-1.0853359316145175,0.21916372074821572,-1.9333674839307333,2.886924354634013,-0.09549029481812618,-0.6589102289156811,-2.2579826016271936
0.7295014989080936,1.7547543458982653,0.29886950007663454,0.5486732691001269,-2.071448870934357,-0.4191726299626056,0.09493273075272811,-0.27599997419813366,-1.463035536463284,0.9279803963970145,2.8484448870113286,-0.26978480389114146,2.0732987596140102,0.5821909961606776,-1.7535578679761574,2.379050916507652
-2.199150401994677,1.4470230908868655,0.606592287973937,-0.11643194747077361,-1.3468590096368973,3.487623195072704,0.11371339416892169,2.0430858396208813,-1.1652065216768674,-0.07084673549277336,-0.01031607606941655,4.66686138980408,0.2462540929257221,1.55973966422779,0.032623952312258744,-0.06565306058013283
-2.838796206445679,1.1689559284534812,0.9060890964428459,-0.22846504545405255,-0.3515379699899367,2.0740946166285994,0.09941895844980606,2.137549728257694,-0.7499494082464951,-0.59090968576055,-0.07269564324477219,3.1541712803946025,0.7630960239827312,1.3244952713153886,0.2754700065022211,5.846022090790489
0.047767765659934125,-1.289346454810606,-0.014153915334705286,-0.13214607018786625,-0.7833926239651565,-0.4365235917370957,0.05439947521439574,2.7824206631043595,-0.0711228691921298,-0.8627524208549977,-1.3220957591991382,3.7084543292617416,1.8934277985406918,1.8043736228369074,-0.16235524642257546,7.529212338025049
0.8459691157655422,1.462611969894767,0.13511816172748867,-0.5287737234830321,0.37685297484044156,-0.2954491243504975,0.027507752296604324,1.5898472114884032,-0.21446133653347574,1.211237437099731,-0.3713767759786674,-1.4459107813521583,4.19008133168161,0.025253514215293156,2.1362499132377306,0.21876147959560038
1.6306727789462914,1.4928590316468249,0.581539948742498,-0.046753610997374614,5.208832268627048,3.539224828953912,-0.05871866007044067,2.1445784598314366,-1.2115113908635122,-1.781591266790193,-0.16289656075243644,-4.047931512423275,-0.3718685565779891,1.6450899205222798,0.22985377743761615,-0.9024531834231824
-5.858293007867317,-5.941449968847147,0.03130388156652406,-2.132949941417994,-4.295901782151987,-0.48346365251718026,0.0407799565359001,0.7131552601770021,4.057638412861755,0.949496768832194,-1.4692883466999553,4.114963339321513,1.3492259629127665,0.17108461392848628,0.387944081636092,-2.0637586721351324
1.4661232599640879,1.78280455266496,0.4029944980939922,0.6592771637260267,1.4773429856021707,2.902551363201612,0.06757853004627074,0.10193108327401645,-1.402490312140553,1.9597067152121375,0.9980259035708089,0.3670421056610243,0.21302010534516275,0.19988005387460928,1.288900434667876,1.0082666767598796
1.5512557575172812,0.7723337024985097,-0.03275587002223812,-0.0896333381107341,1.6539344653516104,3.3498278482512935,0.004476004580409199,0.9005991582458566,1.0467342689271653,-0.16332459291142298,0.20173808157428771,-2.2674722822104347,-0.16680094720930538,0.2748874227945548,0.5400434351657203,1.5666340991074181
-2.592685884307002,1.7873261155211067,0.5224189722260503,0.02189772963385489,-0.6269580544180835,-0.29659140113103094,-0.0525881658341769,1.741642928328613,-0.5859738952733702,2.267944943242608,0.5040718877393967,2.821909646042616,3.7597661534956077,-0.8260584746313017,0.11883891118463158,-2.1915022446724
0.35291178330022743,0.919730090762523,0.18340453356405076,-0.3184320853797864,1.4124844000604622,-1.300743023834461,0.01714522952426208,1.5613956130469544,-0.08660844550067219,0.2643043738791795,-0.2913077556959336,-2.3982056333984336,1.1912000312466824,0.20020121645088054,1.883789637992555,-2.853140346660417
1.232003858068687,0.23747463743904274,0.02305785298769301,0.7003790797858418,-0.8069468416992573,-0.2713131116172623,0.04769000225363261,-3.049231556025701,0.1391577618827618,-0.8338540216768295,0.4982218567793109,3.9022289928826512,2.1016493783603436,0.08358234283907306,2.146634390072322,5.714051121903944
-3.8659057283178493,0.6420378773999703,0.7542101765958685,0.8356654340794444,-3.6598930790843447,-1.2680209487402707,-0.08613545899890093,-0.10365685349547514,-0.8279474173933625,-0.5789496452148128,-0.100302377231378,7.515270260859624,1.1185964231999435,0.07999240795319751,-0.4753704293593098,1.1368043616210761
2.5213079845872546,1.8492484790066979,0.42923379635952347,0.8221454372529775,0.9504728226745787,-0.5121374348411799,-0.1647226791689648,1.2325639445416627,-1.206979563094984,0.06967416513775333,-0.28578995355418946,-0.06522013401180136,2.181765208878586,0.9331061210495102,0.7390135189210714,5.8425470879127115
-3.9463874952712574,0.3666043505434847,0.7700731696851124,-0.0003006868269917473,-4.946886732032592,3.3993297141574566,0.024636172101905888,1.538677372250833,0.6400276543368956,-1.0815579390022145,0.3261710121475778,6.562265599426549,-1.4122645579408846,1.001781742638178,-0.31519282302106555,0.23284687243281754
1.5571217870350575,1.7299686387023194,0.3013646026659331,0.3651125873853504,4.091546786999515,-0.38025943978604976,0.09695215528083284,2.5176829649349917,-2.300988517739378,1.9651834011347213,-0.05633553753245178,-2.952477409738822,2.536555133562039,-1.2925464554307506,1.6893842404322745,3.633185244082188
1.4131471869309091,0.27760703703285483,0.5712768213467584,0.014411024783276286,1.8433472238761943,-0.19485415773334164,-0.033953427485889615,1.4276026046995323,0.3411162988791881,-0.5681437575630506,0.36751755042681516,-4.0246947634204835,2.9836970673185115,0.16690549640111307,0.854469921606617,7.143605076841028
1.5957456986927736,1.1267623069746429,0.35672382988055557,0.09140873073765647,0.45197505040252384,2.046169010637972,0.023661071898584223,0.3158168879986297,-0.3436100631883066,1.206204462837655,-0.31141733842929203,-1.2306264337023225,0.33560279028804096,0.25082552801874114,2.1072266811103715,4.03176554730111
2.399874141786898,1.3811715050533464,-0.0020619538217477576,0.5184244797385131,2.4088898526323836,1.6503062359314549,-0.006556160530776965,3.3299414679820236,-1.413973667747807,0.05517705828513021,0.3352744225045942,-4.573974718053149,0.4731444294145725,0.31260277306555556,-1.2611387008779982,5.484069693583751
-4.708635091196351,-1.418356714890913,0.8913824872316457,-0.9901688577969519,-2.098088589313585,3.534457860321849,0.17054244189495588,1.8351116360058022,1.5531761236056332,1.8270654749367852,-1.177029812331422,4.157758338465936,0.2552432526757022,2.07671823830985,-0.053859610633530834,1.432623696840678
-2.8747513770711377,1.042212534777193,0.5072555749855762,-0.3899265752426108,0.3930661689198697,1.9161280667756362,0.0412648148087782,0.96046341840043,-0.03967572059411422,-1.186524369974181,-0.24621170773120898,-2.7025284297203163,0.21412980485730923,0.6304094452933172,0.4172920943435386,5.788227967688899
-3.7160261261773293,-0.9455501679963968,-0.016585940201298825,-0.005911987081536094,-1.8879003864263,3.152423360933147,0.17636641268910982,3.3557686718179953,-0.9793336669295841,-0.42287697054988577,0.013610412540153582,5.617250269039645,-1.2025475125047111,1.248949773636841,0.020800800190883165,-1.8282647018384366
-0.5470205674639743,1.008122274618669,0.328764311096606,-0.6254499999344683,1.298807398522117,1.9187396497892901,0.035172153285658966,1.6858850422536753,0.03744725449949255,0.2690582181070415,0.3445954422175766,-2.63531078520153,0.6207134494582205,0.43398400552019273,0.6967951001827588,4.536326581092094
1.808096044339622,1.3840264576616064,-0.002262341109973061,-0.05102958888117683,4.231525794891925,3.5075631563384393,0.09969347730132415,-1.5767187831929839,-0.7372903870925716,3.1577201743956653,0.4372118620678234,-4.175994449145434,-0.5073799219936554,0.049345755557393775,0.33295348957517923,1.4356217525562862
2.2981430568825294,0.2684548971904119,-0.03435467147276989,0.9588478757945201,0.5537672113106997,-0.3490189065438819,-0.12059802484974468,2.2492628450193526,0.2418357343300701,-1.3567259556589264,0.2714023616218159,0.5761971761843768,4.834617331927232,-1.12136478052284,-0.1912045446036595,1.0820027090737536
2.660439159670503,1.7009648006381912,0.4478396048706122,0.6103165874043897,0.4430351342110134,3.480844288229943,0.04143684333818502,1.6235760965970079,-1.4439738199598793,0.2579559973980288,0.2173987623915487,-1.1640978004760851,-0.1311784095557466,0.3561166340597051,1.6916913466038512,-1.4108743670815163
-5.129786834971597,-7.831948366041649,0.00951274710495822,-2.0603197566295917,-1.5491237550940107,-0.4838715623292852,0.07735895131657786,2.0742200604393877,3.2291104902137935,0.9813559726566372,-0.9862108060486044,-1.6026160711991555,3.004064154000564,-0.4294023540962992,0.2478124654045166,-0.3032081743086919
1.9658276936461339,1.8627034969846428,-0.0054826386172509576,0.4201105779363161,4.357246813610976,-0.2969717161186235,-0.0013396247473896968,4.181337151767974,-1.4196530796097682,1.6705668914655158,-0.406158292807921,-7.434531054013991,3.1901644980341404,1.7847763683277489,-0.818275575605144,2.2243804771752123
-1.8899192310945154,-0.24115648273113663,-0.07406240724785179,-1.4520449505650075,1.8459395622716472,3.1877106486937703,-0.0552912566773865,0.6553452711345071,0.6506100845086495,-1.0375549911344746,1.058192558554798,-4.541868228549385,0.20804995015360772,0.8271986854573794,1.5030149300219717,1.4609461709974567
0.4943907502267848,0.9979833415792626,0.2896208570813992,-0.03743611624229479,-1.1438060099519878,-0.4144548753362351,0.027645539443658888,3.026223841539834,0.5269827049807958,-1.2023195240180005,-0.3595475293875129,2.5786623180641475,4.847134145377279,1.1868605928427318,1.3668591926466855,-0.6071179938390278
-2.3462988757732792,-0.32885847009843994,0.23504616363931682,-0.4383804248727349,-0.2806997458757393,-0.23225012737302322,0.03452097641497952,2.7384209968199444,0.7987410120094374,0.6599418433567322,0.4444470781023622,0.6407102512956859,3.36722923922794,0.47426387959450883,2.339084157982886,4.626805295200818
2.484520324087115,1.344455861330779,0.6040163954144886,0.002324231516219876,0.6568668541102295,3.4731293009443034,0.041432709125937765,2.689789317353505,-1.3882935651841413,-0.13253153225632014,-0.16112295916978228,0.08872947809372733,-0.15385944132073437,0.4999523351511276,0.23053572940899109,-0.5564246541819223
0.693135794640098,-1.0046185140236623,-0.015622518727266966,0.35424464953592755,-1.1839681329758673,-1.002929761980814,0.16848028553800815,2.0469165085995287,0.811586175290007,1.888164398371401,-0.49488952940149883,-0.2733790912790265,1.565952483060368,0.3233624079168228,2.5113248832493675,0.5566665855290371
-0.8744108070716113,-0.21437967332902907,-0.04427226840097887,0.4127177776851097,-1.7393416295611865,3.1264126498559657,0.04228266495446334,-6.324130490791942,-0.8019591319981642,0.8974038653378877,0.3800014050715378,3.947075140171447,-0.7995500276940322,1.347716358120504,0.15234589051860065,-1.251549120224937
-2.0676222392112305,-1.9153274853417706,0.23949142589506456,-0.24442908723512882,-1.310522378824684,-1.3766245958671735,0.05871283041825637,3.542824797107641,0.43882066970551,0.3082038433183672,-0.6047255968107539,-0.058462233264513205,1.6325781195660227,-0.10830208795829897,-0.04273602506559783,-2.0922869775923796
1.7508602250415353,2.0745776412090273,0.8516869509336757,-0.6008187603188383,3.6769607188438447,2.1714102012832512,0.01037139087453518,-0.034464280513971844,-2.187432742988364,0.48168499032316126,1.0701513032203511,-3.9077190885658326,0.10929482279566985,1.250537983435243,0.9642585702575828,3.603373438719199
1.6992275311887695,1.8995613851243338,0.41690164419562886,0.7850646727478424,0.20399432083170296,2.840870774410643,-0.000760823852664295,0.21500456995931289,-1.1969413135965914,3.506219775927109,1.3872982884430882,0.9673020074635855,-0.13316118527315376,2.2608670047233863,1.6166759710933152,0.6309787113070819
1.2339366740732578,1.7256843263749235,-0.008721753343394754,0.36317212866084164,1.5109644876697639,-0.05504704852923923,0.027185196712620974,1.2801235726101232,-0.04371253895784938,1.1345010008918028,1.377576616241846,-1.7204045485800776,2.4177552607952615,0.2585594233540299,-3.5831131343126073,3.2188809203104065
1.6316513632548069,0.8927704885480251,0.33480148754536904,0.29552321677352333,0.7702534285072579,-0.37324963086023416,0.01972773468643033,3.153864508743159,0.6746852800703556,0.28484167275825895,-0.08139911536645883,0.8101354709578763,4.707998651850553,0.4097136944415312,2.4666035385804146,1.7595793682878467
2.0206503134541465,1.7780201486838556,0.4028805837347659,0.5390057138979942,0.4414775659221741,-0.43360603372706874,0.020259127048034096,1.4492309846267604,-1.9955162045411996,0.7189996466771772,-0.6617993257192217,-1.3354174289205483,4.441443674164081,0.238555980647176,1.058573492286921,-0.47396088846514195
-2.4046753142817536,-1.015891059220327,0.31175896401101816,0.14922253890132178,-2.307868801028929,2.2800581876341153,-0.5346147999865684,0.7137287087275346,0.1427464338366169,0.5905116186933613,-0.9037770255292248,4.327468806652297,0.39438505381459343,-0.6685902378189738,3.018186561492336,2.890269958357878
0.897105155403129,0.2731277094114626,-0.02840787481385647,0.005120444620126922,-0.8394995044260559,-0.9659173907813302,-0.02927665961030606,2.2042535887366204,0.8214632899909395,1.5064814750234259,0.19780079582198118,1.647571820442984,1.8562288314238389,1.2049359809527762,0.02636280922509913,-1.0734790288761937
-3.8511900841492057,-5.527919920982249,-0.06879477184278043,-2.5942515024973427,0.7650817238272271,-0.35841381387611987,0.09397865263556562,1.7927325424112666,1.8276228976851219,0.10331093499555843,-0.8970447412503377,-1.4542436428586365,2.2575655784404454,0.37796069250095643,1.7420759057705746,-0.17282613021175194
1.6494339469454025,-1.940926537755677,0.003217321390158168,0.21102223807278359,0.9594090788113387,-0.4018245072613801,0.07577855115505666,1.0126720080554392,0.12690798485706717,-0.2118468041129671,-0.17991018229330685,0.5622682969051206,2.208563138943362,-0.1893371643448536,-0.9886905291249565,-1.549897371966858
1.502449515700558,0.857132866559337,0.03620491789034835,0.4486786487760193,0.2648954392987206,1.6954145545972383,0.026527839577846022,0.39917182067774987,0.2952686222002198,0.7891863184685054,1.5215159757055159,-0.44668226018735996,0.7218767386899051,1.0232746830817945,0.37299837957776333,3.5980159286329787
-0.062007550538855816,0.18928499656697875,0.5824511657486038,-0.12566866662086024,-1.327553781477055,3.5156162980077315,0.05500959224369247,0.2918359360215983,0.8309903295347426,0.689936786109484,0.34052254246162816,-1.8561795019834066,-0.7699332931142734,0.11093081182960551,0.8690955001846004,-0.41511273631548334
2.6656863703012226,2.2118441635896775,0.3756391650293573,0.8340750975973991,0.5945167092058972,-0.39139882622149996,0.030927932759388065,2.070286442847409,-0.1108480237903762,1.6826218203641552,0.27143886686954183,0.7048577098103451,4.114510207252896,0.19122271014466494,0.843542812101762,-0.23566958876443725
1.5005165019747884,0.35982813795544183,0.34784713553313407,0.37884462761596216,1.8230135767660456,-0.4304501968824807,-0.22486980259620715,1.4053475369414217,-1.2177293877202822,0.1263432448068565,-1.5190590812594045,-5.679541814772291,2.135567070367989,-1.014813461519,-1.1470094606805756,7.682834317121178
-3.645681888717282,0.48778239140364676,-0.1104356099277672,-0.4221385484665118,-0.5502352655183452,3.311262416179649,-0.11423931550944945,1.4284676945674293,-0.29384393833714934,0.9417716706535189,-0.07824889158188969,1.123696327131018,-0.26742748210961914,-1.2413864587638397,0.04759765095203793,0.4416902271146069
1.334940150404723,0.6876503150995231,0.35489834563972084,-0.7126865879102623,2.2170220213470886,-1.2434129810483359,-0.03624770062232085,1.8812520834176403,0.7638867821374524,-0.9921917132276384,0.20896262804669288,-3.501345772132218,1.6860939966411348,1.1099191801327075,1.4833287706940983,0.4186423282071938
-1.6012119888515128,-0.5325890957445301,-0.05867707641327453,-1.2826830813900933,0.8406947500535511,-0.37775079630243524,0.23755101942132695,3.8074549183680255,-0.4248522981204107,1.7158841906462614,-0.4382644861100422,0.2837098388520648,3.929173308979661,1.1252314076665055,1.724133580580585,1.9225894969940656
-2.9797091097950004,-1.3517643197042877,0.5841241002204669,0.5119706902582567,-2.2308283818434407,-0.2822074283485722,0.16327405735632627,0.9828607629269697,-0.3744630471305182,-0.3971246758709976,-2.1744067802859774,5.166670532746709,2.4352199687911784,-0.5637234042934256,-0.0005415536459373541,-0.9752377027089842
0.5721467949078793,-1.2420279048242453,-0.028015945087114427,-0.2536832283185671,0.531683190465335,-0.28477320489873387,0.049031070372572316,1.9110440882923243,0.7656670573837083,1.5899000189383876,0.024629401007182233,0.04964071899850335,3.9669217276702375,0.8109159656553875,1.2741524756619136,1.2015164340585271
-2.4980059401700148,1.050513090268384,0.47438719806606927,0.022022981436370822,-1.2294814535562935,-0.44637966466169904,-0.06795326358876834,2.452744129189022,0.08952551606576738,2.593694424904225,0.0978435869789488,3.284686600390471,4.7404471864912,0.18117352734715741,-0.42507640027088583,1.519345949199114
2.4747208148913544,1.4901761203474206,0.6152424408768403,1.0110346185980268,0.37198455816482506,2.1479870768721834,0.017843204085448948,2.020190329371977,-1.3673638150055007,1.4725195766549641,-0.32205814841431396,-1.4819609845115664,0.39196354991584687,0.3078337154879911,1.1020671491497958,3.3578012536608592
1.4764971824026825,1.231368006568387,-0.007799180084807347,0.6422836854967408,1.4998281570767742,-1.0503277839205967,0.028928440439737232,1.2654977728609345,-0.7875206330778863,0.8224324760018701,-0.19593515078564835,-2.0854756213152905,1.5566756840772433,0.18149018349131116,2.2681014575141267,0.4965573694506338
1.4977771555090498,1.076766799494907,-0.005534535438045483,0.6988355695235624,2.289911179114214,2.131815153100592,-0.057207106855432635,-0.43201932342384086,-1.067161584845659,0.5566544719472183,-0.6155448134168,-3.7803099727552785,0.4753156485466602,0.2167550772196219,2.3934716625138077,2.980009132052193
0.41845701960484294,0.8584782812646757,0.3461942208432619,-0.8301982086364703,2.456289130915521,3.244331297486005,-0.13829575679930833,3.549766890598517,-0.37793452248171144,0.11629772458559413,-0.3494850962582043,-0.15720282134100666,-0.8215185598897731,1.185120277845662,3.9903921689306974,-0.45047711947220365
1.2390575112306397,1.4896223273336013,0.38770745601004797,0.45353657674914627,-2.3278201893584076,1.7381218139860484,0.08519277672559865,0.6581107994697813,-0.9207551764229147,-0.7710326854053657,1.3271636469032366,2.7751153819601764,0.08810639500916893,1.3290221172497305,1.7101314922291933,3.694023152133914
1.6730619810280607,1.5491823376575085,0.0017061280342630626,0.41170054720721516,1.793221149617213,2.6580514099330035,0.03421250173895564,1.1392198871312242,-0.46648722646300605,0.7875220219797011,1.48084231281344,-0.6526583173618512,0.08984744295583663,0.8875956099180892,1.3514394301601202,-1.2318720840483333
0.5894081537537936,-1.1312264216487042,-0.017145694810929046,0.05099012660670576,-1.2985077810453618,-1.2446561548162087,0.033233157608756864,1.726351679257954,0.3001477327234615,0.3699642055848599,-0.5111511877050734,3.1656638126105507,1.8018771353532095,0.48329343345258496,1.7895568327960722,-1.3911376316349322
-2.926840275345006,1.1255284934537473,1.034130496111026,-0.7252192212404026,0.19017907241153423,2.244830407135069,0.15486323356301937,1.3649751440188962,-0.6501291358496624,0.1308129918025831,0.4864174802866174,-1.8503324647821315,0.47519799329049506,1.3102863930671595,0.1536801399838534,2.665011139935583
0.9955733935344995,0.2654788410180585,0.023961179391233323,0.5422657722882817,0.528685511209215,-0.0684390078720943,-0.0529194065752317,-0.10636238479158738,-0.13087195019750078,2.888696086009253,0.1823697283778967,-1.9626127332441132,2.4512138356765147,-1.3411928384450882,1.9566305286421861,4.193950066514004
-0.011002321611501362,-0.19462242471504393,0.37279972480067564,-0.1337464908809115,-0.6629596823278637,3.379270439998804,0.027339112090965696,0.6159499793384828,0.013799422391954166,0.6523928190962541,-0.43673284567981124,0.4592564972962134,-0.294452779874123,-0.6160999621230572,2.6914240092120827,0.663884051575272
1.7257049024612314,0.9415154663367513,0.341552762947598,0.8003078092825541,1.4729751451738549,-0.5221222972314047,0.022797271814858314,1.1480741912217505,-1.1136438070383337,1.001278384003303,-0.6981751759361525,-2.1154470040377027,1.7915067195280492,1.3852608083272195,1.7337236399971918,3.3021008265929126
-3.346278999515269,-1.4081569175913595,-0.03199108314786468,0.0012511485696138818,-1.9452800506861105,-0.2040771005486391,-0.3771633468559872,2.2524838834523497,-0.025709781881425593,-0.4852947052839107,-0.46754390593981104,5.67891010587065,1.8545995781397728,-1.0785485806865391,1.1493690143002808,0.008064828017781423
1.8609965189994595,1.318300918333631,0.2550679618971311,0.5515247327054381,2.1662355167641842,2.722117778381079,0.0363394917232643,4.700870439814224,-1.7790605769669743,-0.37516337381992454,0.8209282475432342,-4.556223603442039,-0.4738435196864389,0.6296575241978387,-0.6662382596741024,0.6650164785341433
1.612215560093146,1.683481989892441,-0.010571147663123878,0.6167395118976219,0.8128806469338797,3.199825610074189,0.05410446641035154,1.3961796456057123,-0.5703589138562236,1.3668269795505261,-0.531947379163325,-0.024370317049230882,-0.3767356126604769,1.3317880883681588,0.5450603715221161,1.3783169606694035
-2.0598462278265934,0.5554205240931955,0.6346029585735881,0.10043225456261819,-2.1096525208105668,3.4794864321917767,0.01786459589657354,0.9768579825962691,-0.06644621689195786,0.04940869680096879,-1.3454275517714132,3.7986450859633925,-0.4935451091072669,0.7106034671381647,2.160969251304273,-0.5408457552209246
2.1676977946531846,1.3939308298704414,-0.005289685146592127,0.20229056010885807,1.9644642004088348,1.8151765600270342,-0.007004824520158261,0.7447289808923675,-1.328939268629412,0.8509254745485847,0.6112647558122226,-3.151335527063874,0.24826058901514805,0.4880988220612533,1.816011647600933,6.579027491292612
0.9585708746418133,0.5723303414787242,0.326407467004419,-0.18132044871468514,0.018897176240793238,-0.37874562013313956,0.056882325582344,1.9075074512317325,0.7761253346473458,1.327718349451029,-0.3165472653216205,-2.6426790495458166,4.576316597003119,0.1282377485848616,1.8675237678259842,-0.3885925200439811
-3.4351349976384227,-1.3666638982757329,-0.01840407519915468,0.2408288980994027,-2.3843168983340375,3.1436405026921337,0.04563669365015764,1.138429656718033,0.6356513213028019,1.5690333251005513,-0.21213735274788073,5.611115978408679,-0.4751625632963313,0.11497604743258862,1.1588998668876904,-2.095696588335104
2.101305514861837,0.9861483460088344,0.5721888336251413,-0.12988840538182356,1.5091646876384213,2.0886181213850286,-0.059964101338715624,-0.7599207283303452,-0.9326428776227244,1.1444611904518656,-0.7419598147344724,-2.5679284150874206,0.5381408495713941,1.5534328318211443,1.2872255548462328,6.423815390682332
-1.4471685642854593,0.6979252107301489,-0.09240002074062723,-0.35185280965860727,-0.7956637553902985,3.5041946141480707,0.14676030947671842,3.5471494646332014,-0.19293402022572145,0.5652734180603058,-1.5046051678340309,3.8468578650662506,-0.6831571511456944,1.0904946115537826,0.2696173230617814,-1.5395332343577797
1.2891227016283742,1.3832468030060927,0.008469117480709457,0.46678990502021506,2.9834871910368355,-1.2747986186847715,0.017119765066485236,2.029964123610637,-0.3439849351917843,0.8014120691333874,-0.3736036342518245,-4.175360055426669,1.748457752923364,1.2852166268664154,0.44093270935466894,1.6648760274327208
-2.0175341775496536,-1.0351080701203392,0.5427448201236071,-0.16861956210300208,-0.9012044608478165,-0.5394126897696481,0.08436022672348972,3.965160069097427,0.5195196545208801,-0.5171511220560974,-0.5932527385598508,5.058488319680878,1.7787985870470966,0.8069970407759297,0.40402682241080173,8.058549485421501
-0.24017664397459093,-2.634968615456089,-0.11892646534349854,-0.7897117729598312,1.6525888975790446,3.170509291372964,0.0830265563451889,-3.9714351289170886,0.8904215362235652,1.6131858419740985,0.35519617858377406,-6.704644423741644,-0.16985739681953407,1.2926347557663063,4.252326336552898,0.6138242687966076
-1.346619189057948,-2.60801323427544,0.537941181291209,-0.06715200079333222,-1.6980732486182086,-1.2927949933586116,-0.09693797532267191,1.5145372671614852,0.7115871253276356,-0.4095034999752932,0.2692039758150655,3.3418168449692,1.3490967491060306,-0.6896544606445875,-0.23295205597891952,-0.8798820661596177
1.9316641540776103,-0.31616894295497244,-0.02317269918975064,0.6220503244795544,-0.6495940796994342,-0.39786742974464423,0.023453723618917566,1.3308764923923864,-0.030572351128692898,-0.8189953644883837,-0.2630029843436067,0.9903992799455908,2.020547018527947,0.16530574122268477,1.287183264384765,2.995288884775294
1.3901037115134682,1.602831682402658,0.04546713630502364,0.6384119958346981,-0.9421605792950405,2.734936440400534,0.0976431303515949,-0.05743169707020732,-0.5632493977040157,0.4920940037484134,-1.865703527545204,-0.21561039384120576,0.2818651210647466,1.5689229351451448,0.5826213558966125,0.30949887382504737
-3.0003344521038757,-2.0388425364965723,0.27882428072218696,-0.10659997450175782,-2.3038194108609815,3.366135250980987,-0.22161260521142817,3.9350063496438024,0.4204988337873018,0.737994381234976,0.3465401266856401,5.157009000958434,-0.1320249393435985,1.458995612872287,-0.14119577790193855,-2.396913565131767
-3.6464241697529753,-4.294824154356114,-0.0110927407154591,-0.4284372453841456,-2.588423640506622,3.3060541510512422,0.09406305868300646,0.9828784835716946,1.9153398216373414,-0.26912006446695164,-0.058249333286271715,4.283459066846413,-0.47552631070515555,0.3001215581827141,0.20925306224080809,-3.653899194087434
1.1710869167101974,0.48713912436172047,0.010004365850281294,0.6844234650339004,0.5903134503430287,-0.7861673800228108,-0.0534530271167457,0.14876515616648195,-0.9105240283302404,0.8346717447172085,1.6642624579681777,-1.09812997205112,2.245695975257451,0.9139355679622203,1.6715468036893613,0.35278369605809384
1.8669126686627535,1.7288928761695848,0.2992726510978608,0.6894679481497715,-0.9171751922149619,3.3748825556245055,0.06868984566919939,1.9024067984994457,-0.4781049881846365,1.6618138249810468,0.2983971774093762,1.3513955937298847,-0.6090996563748939,0.7530285453197525,0.5259949413599373,0.02510415163072685
1.4442473747840736,0.653678312408862,0.4717018135262025,-0.40520733295228706,1.8045141449148259,1.9262991124117426,-0.058558852660552746,1.3797632179468677,-0.04045263007135924,-1.3893987001253507,0.4474859419064028,-4.816091558762828,0.5127146254118246,1.7149598880879804,1.4234837552130548,4.902100627526167
1.4307513524370976,-1.0299390336960306,-0.01304695340156517,-0.1337824562206613,0.13942529258540642,-1.1064230706370792,0.03570250747951586,1.3094640048195998,0.6712561120053562,1.2333475897635227,-0.6259700833082709,-1.800165419486767,1.5628278722042444,0.9167145733575671,-0.14315127761308669,-2.2541801848790857
-3.068864472987557,-2.144635180459144,0.527019314921653,-0.3210403027197167,-0.4551560924246991,-1.4563177782410008,0.057070902022377655,3.730848140757244,0.7808887248486005,0.049729820154361434,-0.40418036068248897,0.24574962413823298,1.3308505573537028,-0.08419432117605972,-0.2742692869966746,-1.3226472441171944
-3.01607237674305,-1.8041054069541362,-0.053177215916621536,0.5221358466420838,-2.004903859929532,-0.22943907845750458,0.025136922789525985,0.08668066601045236,0.025512266257167595,1.2808723683615233,-0.7922516399817776,4.287777301827357,1.8777744498414528,0.4557646397079133,0.12334729392718986,0.6015226336989546
2.127983744932265,0.31242301376704545,0.01655114877449542,0.08089457090809746,0.55570006268897,3.199140075457803,0.01713418387881819,2.6003264773038963,0.10990984554633003,1.907942016289828,0.17192587776099458,0.5167878339173608,-0.2599284954962879,0.4066409875706342,0.3396410792457845,0.978350197289067
0.0019260605549717585,1.5072328341160706,0.6116593813732151,-0.033931767135254934,0.511272533267581,2.7567905108807396,0.010834488080525374,0.37621119043621454,-3.0595951771889225,2.587650879201258,0.8029461110201469,-2.3588081087989234,-0.8443815657231166,-2.355851226499026,0.006813999481887956,0.07525836540631518
1.7945553604499647,1.2284056126451326,0.4715645822618887,0.6364663425059912,1.6543181058652656,-0.9931739063986228,-0.04155961809334919,-1.0284481833420855,-1.0014089564107627,-2.548895460807966,1.861201296820577,-2.4807667394336104,1.7458821607159294,-1.1461508336096244,0.690810377285767,-0.5339527015054102
1.8694113751936228,0.547694234995252,0.36197955023226386,0.10660797535928054,0.5649856272315357,-0.4758534197327163,0.04310582047668489,1.9327516853342062,-1.0434724602724699,0.22942457309552616,0.2854768721384134,0.3252062516830083,4.729481386135582,0.1310012329301484,0.0793454791644084,1.042659897792719
1.6507011726870187,0.8655837501419338,0.3682465858647661,0.03310378954736867,1.5605646576327539,-0.3870260833338039,-0.3565288559782423,1.1463819783401128,-0.5361173765223205,0.24743524126007177,-0.5703317047229811,-0.503571186832292,2.2055339323237524,-0.34604413640935117,1.92730018999523,4.854166267879061
1.9545671769466526,-1.6977604111602214,-0.10748298596005545,-0.9539337733193652,1.0474420553593198,3.180848270117181,0.04105856767987361,0.225972767602968,-0.046284990927297986,0.13814777850407048,-1.3330716462584202,-1.498422469963355,-0.8257630737192786,1.3034516843631043,-0.43762351407515154,-1.8724850445310512
1.0215190838989765,0.9476936738524498,-0.005137679116240653,0.6008741495638953,0.6569466110803557,-0.021695795528297205,0.027569372657350297,-0.424274983697768,-0.2327686195560393,1.7045917231520333,0.4159657361519442,-1.7279168296494523,2.280296622250195,1.1628235765525619,-0.8042230440968526,5.552377478582257
-3.2894274987570653,-0.014924588571809519,0.45365196031822863,-0.5046628893673459,0.3566647731214781,-1.4662653154166272,0.17763751137565284,1.0071479996547097,0.1963352940885268,-0.4036290966274128,0.16063910724116787,0.17509972562605075,1.596370064069626,1.3397526293835607,-0.2783196878923036,-3.064831540637113
-6.984264135518878,-5.076760048159537,0.5117165248992347,-1.5224884257609859,-1.948958157099313,3.6404655168970246,0.06402820829034638,0.13882626322025896,0.3800062969656772,-0.10547250561257533,-0.8740600001860919,2.8919867152340126,0.75131943770976,0.39358416794745915,-0.07180898691772408,-3.5464038056709897
-3.457163952811936,-1.5317278431690502,0.4225742891835931,-0.3502435684873358,-0.677556978202039,-0.48327968734298565,0.03670163954068708,1.4562086692477372,0.3596720118570987,-0.19103706034491397,-0.06852386002399968,1.397649486389151,4.073907398868415,0.4198504251567356,1.3577236362445944,-1.8242542641109822
1.678747849427015,1.464995716370075,-0.008918645664383083,0.49496481303039336,1.5501715503342706,-0.04685298648392063,0.027314500038682826,-0.07937362859786731,-0.5684169563400793,0.5949964412702011,0.9949050983841585,-2.801854646361211,2.310791688999934,0.46184945781682635,1.018677007330985,3.532972477149108
2.206193530092088,0.8928934960353715,0.0477478619769719,0.20712114854299804,0.6825279410907393,3.351696649668591,-0.039329843773025334,1.7892703091947098,0.4086346001291841,0.9273717703252692,-0.34134589940131327,-1.243419533487269,-0.2730463072928335,-0.8751826160185621,0.3907411078197453,-0.05803786976726514
-4.598116345060154,-4.781258980052453,0.08965206593320295,-3.2457063841348344,0.36451674773368054,3.3272484780710836,-0.019515210910992783,1.1574758504319567,3.442316871819615,-2.7817899509356523,-2.795212162621013,-1.4981271555069875,0.5082915826021609,-0.6337511870450928,-0.8237473358305161,-0.8626457019692615
-1.7339006829150188,-1.3073742149294787,0.4434529895012772,0.07128469710528554,-1.7509891586193163,3.504467030909086,-0.32289468916382186,2.3584148983084603,0.6858462581616646,-0.04520713688603609,-0.7516838618804544,2.62524324388978,-0.03148753791326062,0.28677082379680796,1.863801823203657,-1.3711494063357144
0.8273875727747589,0.2928678688410386,-0.016429974979793236,-0.5252163071416491,0.7322420365659106,3.196776702640262,0.05836328262218193,-0.25143289262759233,0.30152183737541566,3.6158843144950157,0.024461370780941502,-2.9530138835877575,-0.7581169341442148,1.7991244858162374,1.8791534442693274,-0.06945104144890485
2.5515966339252025,0.7684298215856207,-0.009023144729825102,1.1129001624599517,0.6669834121526254,2.071113785409469,0.025095910375978657,1.101941856380058,0.27243639856465385,-0.6661343968745,-0.587940756619369,0.6270990652548772,0.4528829146178097,0.45029081244552366,-0.5058496780736138,2.1866825100712233
0.508998269642879,-2.53468653012162,-0.018948710871861982,0.1687856479335038,-1.1027056038480065,-1.2429959997990365,-0.14580939227239803,1.8683876117471903,-0.06430350500672342,0.8766780684542321,-0.23393053880743916,0.5230696104165852,1.7049539216638039,-0.7996816823832775,2.002247152116468,1.0734293759926206
0.38538022212454776,-0.3147971927355681,0.612553398886778,-0.1310510185085512,-1.5568706519196303,-1.2881650069816593,0.17670277106373172,1.4610599817673073,0.29645130184946394,-1.0866982863798158,0.4711981799480509,-0.9298368291699093,1.4607164771622685,1.126157770824094,0.014091321215783294,-1.7468005359607182
-2.786621813905968,-2.6202464241449714,0.4120731022198291,-0.42573841257313433,-2.0080637785319215,-0.4492863347357815,-0.0660370049510243,2.1590719677844343,0.8484442295142496,1.5963490388290082,-0.8423719490565207,0.4294728190435064,3.9501764517894573,1.9049791724727894,1.968362255228195,0.5298639671822711
-2.2138243728180504,0.5488130386169862,0.43100641764251874,-0.09976601351781353,-1.4450563608087503,3.4880183349353246,0.06020476719545803,3.0044526980101245,0.5106424191468245,0.7943006108735668,-0.9660663569812044,3.8328826572110444,-0.5108599772563095,0.6050171436729885,-0.3523421742760909,-2.782989592221311
-1.2060356229242346,-1.64814452970916,-0.007144203137079929,0.019233696029180403,-1.278386258895873,3.3009452865684166,0.06070715470088108,2.02232508957003,-0.36742891059618193,-3.0415407388098337,-0.9408811066271189,4.4716494524459085,-0.6486935950695338,0.7155158701890058,0.22525254730738886,-2.661884152411018
2.3263759450593025,0.5211640312568789,0.029245332953780685,0.5555132402132011,0.3836814268084625,3.1815357834675853,0.031749157024886905,1.1096634764063051,-0.32140235702860326,0.40859423331841604,0.15758327017340742,-1.3992375451692336,-0.019948492561858915,0.4175733601428579,2.1650385762124276,-0.48645229252487465
-1.442647127864471,-2.281759386594408,-0.038617456590732596,0.09051237032331422,-1.882813133412607,-0.14845303437685303,0.036694703827115094,1.7952044522551718,0.6679458852277181,-0.7180453445388837,-0.4407255596199766,3.8765740412929253,3.1059073782975735,0.7473499753643925,1.7577940689661058,3.091316763815889
1.387311647919684,-0.5636218416546871,-0.021063045385838513,0.5276547190007219,-2.292747912418478,-0.2172231360064507,-0.08211265723596882,1.4653722500200785,0.012127503615971398,0.3977392731863034,-0.20736479729945415,2.9814583157928634,3.18457616390777,-1.8657244692154606,1.634216202100545,-1.702027996178444
1.5809003146108946,0.032207062901016985,-0.014044372482487171,-0.026184125479451554,2.7389671571244847,-0.13354376726732656,-0.20374195541306886,-0.2804717695415955,-0.7774165189330001,-0.6108585102421126,-1.0681951488114882,-4.990645785101045,2.390307391856103,-0.29650208223721203,1.4283372852871714,5.165886250762772
1.5615578909859082,0.48006840823206093,-0.01617268182460896,-0.0963024133063918,1.6308977214331724,-0.10374746112634364,0.04871554504672311,1.5717257438490035,0.017014419919170642,0.5718375741961987,-0.9493680157718468,-2.251591174450527,2.8654244340471022,0.31877421676967554,0.7495693775717794,5.487207690178031
0.7762009480734473,-1.2562116506076124,-0.0312990501127393,-1.1434038140912814,3.366860797127104,-0.68588394494622,0.10066868312660195,0.9345429938157304,0.8863568523801849,1.6567773185212555,1.139443442525213,-7.25928081572191,1.8817093025183511,2.0018427957148943,1.363541215411766,-2.7500276142145577
2.392145916226855,1.3310605366475396,0.03220903051042848,0.7388389420714874,0.5473871950692978,-0.17481720771935866,0.07662726463501475,1.8175830904832075,-0.39441442863173437,1.506167805568641,1.5065379011993831,0.27623873181829767,3.3070530734647368,1.5913656463077188,0.41961924073697704,1.1161720405461855
0.0698685547884775,-0.852615558940468,0.3292652712928196,0.05058190040156087,-1.5112872887110076,-0.8671860150186484,-0.33878835351669273,2.797295104710927,0.27981179974962495,-0.8164386332935131,0.1131782679345706,-1.0670591299782892,1.7321256950630919,-0.3759817994406198,5.132674373656984,0.13815548806890499
-2.6219792533864203,0.9774070432785217,0.2800136401715693,0.5724086090727185,-1.9527454468915892,3.294077052096038,-0.02922711283966041,1.1222662344436674,-0.7763381220793041,0.32906196730848775,-0.4376069680935967,6.198577172960267,-0.4383607537130951,-0.9310768428849518,1.9908385541896942,-0.8943936424169857
-2.3001664248628026,-1.7298524751063007,0.27970465614338685,-0.221370850896313,-1.3719001941665863,3.655771620095658,0.05955951697088885,3.029127755808311,0.31474754918643344,1.2149036490839933,-0.39671514946366593,4.818480796979271,-0.2823693109827126,-1.5648382098580058,0.1396163543009937,-3.8954726693829897
1.2919109708051135,1.7760423609780849,-0.010457701539575504,0.9581654169750501,1.5822237043460632,-0.38992083838060193,0.023987446813169503,0.9113182845633203,-0.35308105532386075,-1.074976629980622,-0.45402873067153465,-2.74831981569778,4.850754342459916,0.4776149820833775,0.359449866037786,0.7048879383188804
-3.832114724226724,-3.6246379371267445,-0.05232298821652825,-1.4842072437168676,-2.2597078923257166,3.2499595617831543,-0.4161187958189609,2.3953372881191495,1.2909888001943113,1.0905431652257858,-0.32120759567538465,-0.4107580151924879,0.44119252308940593,-0.9601260558551084,2.2719201793649155,1.6392045747258446
-3.637610533253294,-1.4633628816551438,0.2576546570826737,0.00021820290386255581,-3.2333353001765186,-0.5517560488473261,0.15247202892632586,0.6203937915987272,0.7249989212829453,-0.8309921833990596,-0.8965962774056763,6.838603111286749,4.85394114312283,0.32353375950545504,-0.312043220590776,-3.4717968067801466
2.5446403622573937,1.9851849902807823,0.42212732147679854,0.09261246768057003,1.8174746451916712,2.6905124899955646,-0.07358492055471358,2.042781561473693,-0.9656934915681015,1.2143721093216493,-0.41349115831327216,-1.7283085736685915,-0.9308570727096223,-3.0745010966924,0.9143003467587465,-2.0588006170969266
0.5030486611972838,-0.31302667517222027,0.004372051546976723,-0.13798102744686824,-0.8494510150111645,3.3909662584620075,0.054977533756490386,2.1069307585706025,-0.8498941266368938,2.995460050143819,0.056695735144514384,0.00010718697804689337,-0.22399184673948294,0.8056377685647339,0.08597407270872669,-0.5489740679061791
2.3853257159013577,1.382521788885365,0.5639255164395014,-0.025840400509287674,0.17421188083343697,2.0232549375849795,0.011840018666273202,1.6782979889880496,-2.2061065540235902,-0.3303460633247919,-0.2938497826786049,-0.7253298799419656,0.1730361389810058,-1.072407740697755,0.34125711961379157,5.181834929205046
2.1820700392060455,1.2697162028585192,0.3270880581618235,0.5802026287924398,3.0289482493839133,1.5260010745935633,-0.5208640145389394,2.4279979567967747,-3.0248098845290854,2.872225257231301,-3.0093772042861966,-6.7427495186179565,1.0089352495110526,-3.0292132779070653,-12.150677889738061,1.0730100628112462
1.9155660304299185,1.625005008558176,0.42672964405727154,0.25448794398534147,0.47067263324475456,-0.4912341813068764,0.027483062130833086,1.763684129834673,-1.415766728968137,-0.42036821970032423,-0.39794057227136354,-1.665781852401186,4.882659446180494,0.20772203026192118,1.8337178630982498,1.7887658261977561
-3.8138677386169313,-2.8213279453021127,-0.05249438110572255,-0.25581373344830466,-0.8776281158514212,3.3182565342881993,0.08434100262630313,1.1255836449452374,0.23945527627340113,0.38261011967896946,-0.30745679491958,-0.13028424003426708,-0.7599888122773755,0.2993142151025667,0.10470199397310573,-1.3490153367355575
1.7650543758480024,0.5587726890146479,0.6000409871944854,-0.41114792548045453,2.4219001872365946,3.496087272054244,0.11659615709727895,0.7925478297592752,-0.9121090184637405,-1.3427921807979628,-0.38354168902135355,-1.768813154998549,-0.3355512260257015,1.5623774789268678,0.6772930495213991,-0.38536694505182084
2.720591418531306,1.2431743018432324,0.26466408133090075,0.3648174698796701,3.2420324753213006,-0.272846259547504,0.08516656719832934,3.504650248083188,-1.756228771679447,2.1318500608754234,0.7386213927276438,-6.82802653329441,2.3999023209721617,-0.10560736945191727,2.1109968074401975,4.634033359951595
1.1346696457203125,1.4274163513518945,0.01875799360384544,0.7186849375585674,0.6379816728273093,-0.15706038991088925,0.11425031346501083,-0.8546842298052671,-0.545147366646834,2.380446011641947,1.4716778128799435,-0.3183339526804406,3.62835130044893,2.663775398837647,-1.7001083363347933,2.268653197808739
1.8192421106925516,-0.7014040265772261,-0.03772387045465707,-0.19490436486880922,1.6016170586717455,-0.9356908643239352,0.061649470655270794,1.1246757690780083,-0.08166964674421301,0.6006711508164869,0.1889939171716169,-3.4040916343981107,1.6370561168387616,0.10657943079841449,0.7618622465381591,0.07556185763275627
-1.9558860835983016,-3.9929562717792364,-0.0056211030709419595,-0.011918954016370812,-2.120774699976114,-1.2232120333338754,0.1289430161781366,3.315950103522132,1.5795413417576636,-0.5906743165732123,-0.45266689920798,4.5556209786859725,2.0973104656965313,1.5598166912429432,-0.6406135931260364,-2.199320471203125
-1.8286595078156191,-1.2086519658512467,0.49445780085255814,-1.230985700653831,0.20740220966328293,-0.6159260709253371,0.03496718398412629,2.6786757922901843,0.5116653625504762,-1.8148969528243677,0.24129334838208702,-2.719759236707003,3.468616526981206,0.0600415729407939,0.2992614808508217,-4.803106025768276
-2.2099226955597593,-2.3437915208785043,0.2878626222027241,-0.2577990484100474,-1.592383673152873,-0.49566750075620336,0.3576404958643929,3.5266956339608275,0.6432280199125688,0.5726143495837276,-0.1319682835145977,3.759442741297656,3.109516350257367,1.235694306692954,0.09285049869425396,-3.1386541990544203
-1.3693125082557314,-4.386575327090953,-0.05555660056768905,-0.7368136014830051,0.9282251148850135,-0.14588739527662906,0.048052423595241374,1.9409580850625874,0.8462155411889342,0.3128501371503545,-0.27984525859508713,0.026577271764494835,2.468076285709601,0.790964704034733,1.9686662296037696,3.202368551994814
0.36407108962310925,0.4842317821476717,-0.004786092151496711,0.4571081933923732,-1.844727408195323,3.208295664493177,0.021491214335253646,2.2341246978581695,-0.2064552073204038,1.6325573787595642,-0.31300119928087583,2.77582538986951,-0.10518498864320922,0.629941005424125,0.1759025258347797,1.2135455776662993
-2.3173547259441394,-0.7107406184094162,-0.03632048198430564,-0.23683610540167344,-1.1180584398265527,2.120598890339773,0.077616999091242,5.260930292663761,1.607361535336,1.3365265540500446,-1.1114723635828216,5.025013457954487,0.6646579226636457,0.7825258022971415,1.047187004347867,5.455783305886776
1.6468199576104516,1.071098369617621,0.3578862889767153,0.00467635553577547,1.0518795300092494,-0.3517921842314007,0.03327094984372892,1.3302234445433239,0.44032961134897797,0.2940726883591567,0.6264439259452302,-2.2550147388217696,4.637929916348601,0.2281306066041182,1.5250382140485172,-0.6964711338439468
0.44486384951992114,-0.2890533787781054,0.4443397158214356,-0.09903474647949617,-0.8809100046486965,3.400195367922917,-0.32588641603982416,2.4761050561882096,0.2803333127472426,1.6069447475185106,0.4123602502828892,-0.022482823655663776,-0.4231660908120592,-0.7340254182386845,1.0169611014080975,-1.0865577350223672
-3.169889479032751,1.5061280933603687,1.0532723122608292,-0.2725937850051732,-1.431259610718412,3.509562168109984,-0.06322211860010854,2.411362212239333,-0.7381365173289276,1.6268903267091621,-0.2594749405225376,3.36339025317447,-0.1106597577621965,-1.3938658029754183,0.17015762514466962,-2.9473480628990116
-1.9914334906914564,-1.3186287352021675,0.9751765788785605,-0.2492692806533269,-1.251412827440273,-1.434139948644034,0.04634837090871767,3.533234449478521,1.1486104339733223,0.3413609792852977,-1.3654976856112802,5.570674229653398,1.3379847417649964,0.27302233893087086,0.27654687940692857,-0.017644858728084054
0.7231550534253743,0.772030234025999,-0.09800856297798671,0.21889902110316226,-1.174635656706259,3.111581885173175,0.23383306697258313,2.2684614592984387,1.1532392667820357,3.50812495073882,0.55816536565378,-0.49216277774337963,-0.11578007991227986,1.0469812182563822,1.318262724978603,0.5521756661595143
1.4329432266036104,-1.9117967174492583,0.0446246895031942,-0.4181461714987417,1.1525241912298227,3.225086039612328,0.06573529834180167,2.1034674073078707,0.07101272605366188,0.671948510089904,-0.29804896367703604,0.44146385234102625,0.43966778422810177,0.42348942427323244,1.4080140684899591,-0.977335642127714
1.7549993707283915,1.7417373425444336,0.4299199253223989,0.4896059824296371,-1.027629601492734,-0.3005600803999737,0.09706686434385943,0.35974089225797956,-0.19882011025075688,0.1161963141951359,1.6856644071037605,0.24650792083635736,4.412341042816102,0.6397019385027679,0.6334573909421864,1.2430070869400873
0.9376587669528701,0.31839415052286396,0.012566378795419305,0.20849983347591,0.9129461666770993,-0.2741301935913761,-0.09483169277978182,0.6532452384776136,0.39478800702029043,2.89338969139012,-0.8569634568364621,-0.04872508987647705,2.928006900581358,-0.8721392632230615,-3.5229863676628836,-0.6233300463070282
1.1424390797807698,1.7278645452713943,0.36686180660977286,-0.0010864701619215048,2.1633960860952524,-0.5297543898527673,0.011874962601089374,0.6196708397924329,-0.8710305698733457,1.1782850395404894,-0.030759927765766047,-5.1442793198856025,3.846250693253141,0.15591153378766898,1.5545385984491753,-1.5401447661000984
2.0577086216948732,2.5655945417875508,0.30116860237981746,0.6075687775547343,3.4300108195974217,2.91671628215731,0.06074239112551276,2.2731638748006215,-1.9377467350347684,0.20443738402646347,1.2693397864269067,-0.5449023959432003,-0.7913804906994165,0.9041015410105221,0.9802310806180394,0.24043826999189535
-1.9078720749706684,1.4412207983612602,0.531177524739147,0.566792500168627,-1.7449611100508124,3.3868689517442063,0.0604286207782587,2.7563492684193163,-0.5820776532547896,0.8261370313104641,0.03187412993276648,6.156293430429436,0.10029233382609759,0.4693478530036701,-0.29374199205302487,0.3974548501052552
1.6554169928984939,0.7247592273232287,-0.0012616141899819504,0.7152854009765458,-1.0545844982510415,-0.028349985105550504,-0.09476975563537875,-0.3900357181973313,0.38535840839329955,1.625809778739346,-0.11657262382641703,0.24344860872841265,3.0775819395934922,-0.04720638450492171,0.3257112849365947,2.769487219487118
1.9836435871263165,1.2232534842132683,0.46740308662817304,0.7360118703831289,-0.7377066974148028,2.1142626409314484,0.027078230135124764,1.6050708219920844,-0.561502740332415,-1.409284088177262,-0.6543506672210997,1.816062651963159,0.39768800204139393,0.7996977984195524,1.2741899021873517,3.9132234422565184
1.5546448525220837,0.8956194434107642,0.3530398383897136,0.012061025665348418,2.048145757738378,3.3465931677221405,0.03444191341148145,1.1584111619963036,-0.2255801324383883,1.7058695985467367,0.7929430173218336,-4.84242885724164,-0.10673292791479158,0.22765453816760708,1.1192718910576522,0.9650063658680427
-1.8047994904857905,1.238922555872755,-0.008394073556568774,0.49013482170940353,-1.819323768767344,3.0685660480913253,-0.016831775889870847,1.3726795801806182,0.09279316134960122,1.6632121390856447,-0.33515532128926134,4.385461401667158,-0.6038382455976141,0.6868956430222117,1.5247038128401376,-0.9802387747659514
2.488294061427015,1.559325679345778,0.519861338220446,0.6774070679901023,2.894378223017503,-0.20652647001013955,0.02252023277618886,2.2439230577933227,-2.3521255648575545,0.693224359730972,0.7948658709292067,-2.1299855634423266,2.109767864303408,0.7745112597516203,0.6316478861695173,3.5089330863890527
1.8380238128469095,1.3721517992680115,0.5025545225436776,0.04757715649432906,4.347438090224367,-1.279059696647324,0.06926807756872877,1.2320550686015435,-1.798991842408736,1.5236766736939877,0.3561603377020147,-5.482300293140884,1.1875953726582966,0.1998028984189112,0.4866020442834941,0.5204147173060124
1.4330650854785294,1.0977879970092175,0.34402983968337514,0.6166719925375593,1.4320961011876652,-1.307062862968386,-0.04920818245157826,0.2855188060590918,1.1276906750887705,-0.0001867182591924317,0.26770899942042764,-1.7140839213165215,1.6416322246275155,-1.3346044671396267,1.5819988131754357,-2.4336411907867745
0.5702615325709743,-0.07889790710656402,0.329602798740725,0.07647939670403431,-1.1772390573609035,-0.5300849283327067,0.03581369971100119,2.673065471675496,0.28015757225001764,0.3774747031757809,-0.25232775617441083,3.253660491173732,2.597108602372947,0.37923845910449827,2.5150937037928967,4.192907024908234
1.3909678169748454,1.279490491286122,0.021814964836493516,0.06111004130738885,2.791780844255221,-0.3458227185401731,0.015248944350315301,0.7862467974268712,-0.32949990103632437,0.7239141859785605,-0.09033648540400901,-7.505672467272252,4.338429655704671,0.9725289326721721,2.0584035609620686,-0.7349727030940322
2.3491104248342256,0.9042007867637614,0.3553396323140362,0.09153267999765916,1.4559417258952112,2.2902103391816677,0.03395214243881009,1.151607972772054,-0.7449046500961019,1.187609909967466,-0.5440207499084575,-2.4561460498279173,0.6463363601813148,1.3446217225526522,2.242818459845726,2.8335825376995465
1.4790925001913486,1.0515949369721658,0.009913659468768975,0.48203769240616523,-2.134406665706685,1.6417575706872478,0.09575504310932002,-0.4374224349331022,-0.4369289616274874,1.3986441988942104,1.4230718883919422,2.6509672452594866,0.8350472670910328,1.7618342167716872,0.06456805213354112,4.852852210289099
1.3059958078171385,1.3313060578214606,0.346345520348533,0.38018689278150436,2.0396189829197593,1.6995779474261419,-0.06493547053903775,1.5151159865077621,-0.7867056379368773,-0.48327315774039353,0.6956215774004044,-3.9787254024979974,0.357687187069258,0.6806593881939985,-0.3374098081574602,5.362558764650259
2.123900139208996,1.9823642514132835,0.6110955358752962,-0.04472207565827034,4.8661104398400115,3.398357675245798,-0.005336448316398645,3.234535956581782,-1.4697546279334022,2.4241585096892857,-0.21513508265957393,-2.3386516178069185,-0.829405111202539,0.3299568246274179,0.9550209514286597,-0.6291827631067806
2.7815121116425083,1.323658265631603,0.049936696340648026,-0.11123694415796691,1.3995481090950195,3.1507313332851288,0.10208150826884982,2.253538124302312,-0.6148990183313994,-0.4769067970274879,-0.4135242366628732,-1.2831855499369207,-0.020012691063176078,0.14592545949211622,0.6531073345439369,0.6012155137914724
1.317925705640546,-1.4146408234214087,0.039776209287743614,0.007291492831071329,-0.8228399907317206,3.354620156636772,0.05250230263928108,2.1924753138293838,0.7245734908224171,0.8427164822622201,-0.2683419206744934,3.8243844131874876,-0.3734518687337055,0.22044181606847368,0.2448676412184157,-1.5259612932008992
2.0706276349307315,1.2172168667854628,0.006607508546777239,0.6266169934812869,0.3965079654779644,-1.2830560359481247,0.14318763296953876,1.014985573930577,-0.8267257572885875,0.7422817691873993,0.10847556145698452,-1.589436377780664,1.9781972946607915,1.6618779696838937,-0.0949442233489928,-0.22066285184986825
0.48612388936154977,-1.9077629041212272,-0.022643674311623518,0.5022804330095957,-1.6132358716824007,-1.2233936653590733,-0.1103981842031243,1.5103859064642333,0.8838073036378525,0.9341238703289354,0.08312774794350986,3.7726822286639687,1.4868495881595207,-0.85122813813061,-0.09311911708241852,-1.688782321765385
0.3482724997084008,2.604433265379249,0.26256175910143437,0.4377244679641696,-1.9394967806871293,2.9146989316061847,0.038388341187625755,-0.0020510169167173536,-0.2565233967444778,1.0663216530978812,-0.4222620220322387,4.751967489007737,0.5249271471895461,0.579368475046798,1.5428887680821637,-1.4217864446486537
1.6279492610326531,1.2349299302064833,0.5379930736634402,0.612398992042836,-1.6136685294024897,-0.1776481696430587,0.02293566792437982,0.19509950599728293,-0.8253838971741829,0.9844457029306605,0.9081384798006614,3.0051411683397777,4.029701201383677,1.3292579645378706,1.3803363292464754,1.165176036366536
1.6949627478483993,0.3057910537428719,-0.006894354632893029,0.31606376138309966,0.5396846333585972,-0.17313992034609757,0.03356451104574829,1.107513122240719,0.07195832051019531,0.5571341017466253,-0.9630843008389217,-1.976720943851996,3.2361974198399435,0.22165671416782382,1.898941505515875,2.345161241062004
-5.437033816735285,-5.778372577626893,-0.010031747601826986,-1.1404007072589375,-1.850430094527404,-1.1422188933318085,0.1055628373665121,1.7001008422548902,1.5316452591658045,0.696103511030023,-0.3104840326893491,-1.4085588116575996,1.9120291480457576,-0.15497444250799633,0.17575459029700843,-1.967654075835802
0.5411558953244827,1.3835693804981941,0.6898639561263374,-0.06853652245218522,2.4219835532539604,2.0914098663305443,-0.013612826781696312,-4.670124577671117,-2.1190647740728963,1.8432857750555984,0.026568925342335615,-4.258646974172821,0.7052326677996901,0.6857836312097112,0.4627773004538482,2.6444358299643276
1.9534701855293297,0.4315588173822152,0.01379482443972382,0.6275374573740996,-1.4252279137669137,-0.11272344070602404,0.2439711187060053,1.6201447190729632,0.11844615271401687,0.7398537780380904,0.5088770532720902,-1.0742319937236493,3.1348180910731798,1.2102097406691419,1.0258185412530718,2.665090545150638
-4.65267858782285,-5.599588222025701,-0.10247956627455584,-0.9557391803686353,-2.043391261566508,-1.1202016439311264,-0.01583189317399512,1.939152735260761,4.325046764328887,1.7876407918513217,-1.8939549540294887,4.156032180602992,1.2209398569909267,-0.11864272251313705,-0.3253678773157808,1.20259035395685
2.134385146730518,-0.5196566924354598,0.004128253588955367,0.003015097945152214,-0.46673001567547756,2.127538392957002,0.04720600175009103,0.9682855484376585,-0.6931199252613599,-1.374325301109498,-0.8964115523826264,-0.5238379513637007,0.12003877147183183,0.8146371853657486,-0.09605674745852288,4.0668873301959385
2.04174049615972,2.1159349299019126,0.4649216801030499,0.7660180096913664,1.5771895798382594,-0.09493282564031165,0.02718157220948599,-1.4389110671334147,-0.8062359301642015,0.18956967155295718,-0.4644344958066887,-2.411639503096791,2.8464803606367393,1.0018318923974938,1.5372637346108224,5.012489622550002
0.11858853405024271,-1.9555432419261591,-0.03489474779719908,-0.41123130514565653,1.35467972127197,-0.1000771188061867,-0.019546514637162987,0.5419580140246337,-0.4740473373377011,1.904442325832724,-1.1386452374359906,-4.25394088899156,2.5526389747680103,0.564318086553749,1.0503907253513034,4.698524135770344
1.8773338822849348,0.8953136934611069,0.34964100442288326,-0.0501251236049289,2.293109010079912,2.219811818268107,-0.018079866501193483,-1.3838944390316794,-1.2917683009274565,-1.1477709940777916,0.11317882760210164,-4.12333738853708,0.25950664488256237,0.5878373621646368,0.6115472294665446,3.670651604239187
-2.2242664536680197,0.9631117085814267,0.8391619109701526,-0.18238548866867915,-1.1253126304327472,-1.442793798814215,0.048099776858234626,2.6610401518608784,-0.13139437922663771,-0.1029260641902687,-0.3836389485888738,0.4818278563616312,1.647756634770495,1.0720674548704,0.07554373531069894,-0.6602324904358182
-3.2606499356754717,-0.4457871370964375,0.4463091600517736,-0.7490818481053612,-1.5046111442932615,-1.226292567619386,-0.040175979353694206,1.8564362805458525,0.31877855059578053,0.004419082999060142,-0.9916579371084135,4.659976512995459,1.5676782387602832,1.1777706100234986,1.6328778714830674,0.5494807558156032
2.5915302948098873,2.1527468574762967,0.38328991313623145,0.018584373671770762,1.698456986561587,3.513968825939946,-0.20852181804024697,2.375887716143282,-1.0432638434684522,0.7683501956593533,0.26811317077010005,-0.05273581379532537,-0.3233250741922442,0.00481291243108057,1.8648785333906654,-0.08627666950804659
0.3303243450696096,0.8153218334389095,-0.002779955613317265,0.8784178358244655,-4.190252671543612,-0.9856657704954602,-0.13133340606602317,-0.8547851445556378,0.12857919075596433,0.33574281010718376,0.687809835468443,2.847674690411733,1.5490757060099196,-1.0192378738879897,-2.3807895281662907,-0.9363194467906812
1.7449121209138865,1.7071539884763318,0.5884140897516891,0.19372712789591623,1.572246499615539,-0.4269874897094882,0.10928616055941659,2.4644496540409175,-1.250018400062632,1.6323271725901518,0.18082341556921752,-3.8080445877232987,4.55200341664157,-0.1525781416336586,-0.10690632171094032,0.2772251285853968
1.7838530490869806,1.8794802534926573,0.6050838268219912,-0.45018564734387856,1.1703618987999114,2.18062659738206,0.023196169395854973,-0.46719815292777295,-1.0689627656321128,1.497967150569201,0.21576308653868254,-3.223357505715802,0.46311906585695417,0.3908427064507419,2.0828060828321395,3.2601789009988487
1.9141877597586758,1.8129929099394235,0.26917803300452825,1.409333395205066,-1.5313625337103534,2.905979605068474,-0.6259161961054951,0.7607742004699523,-1.0981678039058391,0.9638097893215891,-2.2520191737350532,4.507779559098086,0.0635479369213606,0.43635032341262897,-0.6614410744398664,-0.060579992641190156
0.5176327176272105,0.12305199218988323,-0.006966936069119298,-0.2268392048316339,2.03029088173371,3.2611624439943268,-0.06463978332813428,-6.410354929695302,-0.8848083477173754,3.101505574859533,-0.24453386037152328,-3.447034957555586,-0.29621473315861024,-1.1158681705854268,0.560586677144131,-0.03985895275911136
-3.4077657885509414,0.09028000281965433,1.1581239187181533,-0.6324189437532938,-0.8141058187763301,-0.516343858606185,0.11959674440835351,3.058743182765851,0.10185510824545708,0.4561958909978851,-0.24928086108321773,-0.4326802594614758,1.8043088582533744,0.5671060543925152,0.5289326758783224,6.159668447159525
1.9322589650392437,0.58735703162261,0.02074369066682689,0.05061411901009877,2.3706203681673257,-0.44993363645897355,0.12772112629972082,1.9381877762864386,0.219622671222326,1.0765332214008516,-1.3008578875642178,-0.8650737301480962,4.347788100300496,1.6182338310386124,0.16603827818393782,1.9611513499475133
0.8538360126705872,2.1817167995784743,0.3780031090249938,0.811429412669448,2.2630112630447794,-0.33324017200713113,0.01725058750901404,0.35036993115804277,-0.15467068211997975,1.0957634104881955,0.8627535431565346,-0.9001804591418968,4.057940406904305,1.0156908691082098,2.139673625890016,1.7463546837207222
-2.127331339273398,1.1215812045889169,0.6391865696379505,-0.6078694645585175,-1.0165065229830144,-0.3905934336468724,0.037388543850392794,1.3532170288614171,-1.1674367557187457,1.167346258852749,0.2916756826469949,3.3567518036320982,4.020593861186172,1.2159292938923236,1.004851556974233,-1.268913102201314
1.550992294480523,1.7329919951532877,0.38756354291523065,0.5412358451164693,2.1595125042971475,2.903066141457169,0.05716585049479321,0.5913062715456447,-2.1737011332286156,2.1395155275588533,0.634399719127679,-2.4435404007434864,0.22771119762587372,0.8152391008545298,1.530913368946992,0.4417115915950564
1.7366177491619663,1.763234259835088,0.352836684256896,-0.005500788703194156,3.6302660530826536,-0.4421114808762353,0.006404699065683905,0.25173393915121034,-1.0229880502975552,1.8836177730877692,0.4652633207149867,-4.939337899236143,4.674081185785362,0.6481546273822216,2.596847902467689,0.4699864107285212
2.3628796798274507,0.5495739229113943,0.013553977880160585,0.6974485860781741,-2.0553938720025826,-0.2215423050834328,0.03339464614841235,-1.3406323569646887,-0.42639906478716,-0.8764039025903365,1.0045463413882383,2.706669996906504,1.735785372284961,1.6104216550011508,1.692928835711561,6.618157146920144
2.6144307973615817,0.5217747943615334,-0.0035950566686618625,0.5191433984777802,0.34025527751236806,-0.09586127824632411,-0.1583753546059208,-0.1067156273187932,0.3782611707249783,1.4870523963611535,0.22002676951451614,-1.6112203834571894,1.5603792308892899,-1.2136612806720837,1.6278794267964278,-1.5250567464554092
2.069808893194645,1.6585383131704177,0.26338980981061316,0.3439632730337002,6.397118468194858,-0.157866269379084,0.23261209581658687,3.764817361828502,-1.6846011075744962,-1.342438484305659,1.139847265397051,-5.5200351205587435,3.6976852691167883,2.67228072469606,2.6529192070243224,-0.1877156373304818
2.8982734816205373,0.8100232931063054,-0.0058393143508696016,0.4352745139091107,4.680529331031123,-0.7145674468266526,-0.22332253736283372,3.3374786847260234,-1.798779103276526,-0.7592128735912291,1.4875591482172486,-6.359434043107107,2.121782261541542,0.2780047882408728,4.782130901870842,2.0211709186264217
-3.7392141952285716,-0.6411730145744591,0.28313063379725606,-0.6568222544167844,-1.2065491590947588,2.8279670721482484,-0.0733887578002413,0.9398148725363575,-0.6984805043719646,0.08236115924515244,-0.2567021460176827,3.522581216352371,-0.31821648875851605,-4.557633584863355,0.20930976575902574,-3.818184151568865
1.788753477986556,1.6293016174468455,0.41859031430524873,0.8805135672442067,0.0808119547323046,2.9323067333524717,-0.006752268024620515,0.6678805454416173,-1.9730178529957605,3.4151871887965783,1.604316662718461,1.4048821192258634,-0.002540855776684327,1.7415311131353375,1.1786085827365478,-1.0940172335518425
-1.4851833809410417,-1.5974735412789474,1.16153403333265,-0.12367240817612318,-0.36562614984996994,-1.3216364542953831,-0.20371289623902067,2.702059916423984,1.6968258563191667,3.89713686137129,0.18057835650581824,2.2138423824540627,1.8926156726526675,2.2728680827324257,-0.7415643853039968,1.9715488054106187
0.625613259486652,-1.9131150756749744,-0.019207910739654065,0.37810952684203447,-1.7992673822116787,-0.24843227551753078,0.10657932638116135,1.3349279039305324,-0.09930412701170767,2.579484170624252,-0.43944352045062207,3.617918608331035,3.7734708417535514,1.3344680672754148,1.5017144511772105,-0.49608354073871835
2.0031011807666714,2.9335656569039683,0.4013247272091975,0.5578415995786328,-4.500244928000409,2.864085119167881,0.06538293410739998,-0.8352830752436362,-6.701469497154122,5.066518461739841,0.7561432787774026,1.786021937506626,0.272942882859632,1.5071456188375858,1.5894882952272964,0.18140297091656957
-1.7060974007456788,-3.052588445121913,-0.054347515303311215,-0.10273603207810372,-0.9135149957922849,-0.42833770215113637,0.06338115302882381,1.7871482501034708,0.49823637917787844,-0.3808100179696303,-0.28536853862622774,-1.59803100964358,2.5938163036677047,-0.8946804578482012,-0.14060076399938834,-0.9273068356317138
0.595811978609725,0.1663349524206193,0.7802280782553027,-0.05291160831319771,-0.418526665496892,-0.3967912874925052,-0.1492400017815354,2.3194313608811528,0.9187470555612615,-0.5497702839974745,0.2785463847759343,1.728461970266629,4.171582061582242,-0.31823068002808846,0.10592865452370293,0.8282935368889278
0.8677443679732103,0.0008504384529516309,0.0320730292431696,0.40400923093753704,0.39257715198388654,-0.2713341493031402,-0.11242687583921555,0.3340107949248833,0.5021532248901205,0.7659344696642105,0.9745594999229131,-3.5223119095520534,2.358207251073069,0.46155809216332233,2.1051802932501804,3.962272772158609
0.9529291888388224,1.3771358484008798,0.35310135634668366,0.017861340509615447,0.6524964179352519,-1.2747212289237688,-0.08077675632635056,-1.8249235325021333,-1.0596773389334435,-0.8291247211452251,-0.05729252873359852,-1.4185603090987742,1.7592953629128114,1.5238738969428318,1.3407877649454842,-0.6000607946100832
-2.1020737960723914,-3.1646795010555024,-0.04432256280289049,0.013863826895175313,-1.352919954011919,-0.11534846972372617,0.06713402969525076,3.381167176819192,3.3546062294789385,1.1413883901842488,-0.9377703621967269,2.656867214949698,2.442722828965275,0.47487954232664487,1.2099282218149918,4.539983153647987
2.043740765033241,2.02914531554309,0.39495637733093153,0.7617574915588645,-0.5849708315543359,3.3315622910706115,0.016070749116865676,1.7960956682608962,-1.2487330086941109,1.9113590055029646,-0.3065017637649074,1.183391375089746,0.23349618564531388,0.6078840705820041,1.5471651289870496,1.0704982970030954
1.483482311918629,1.2627048936622756,0.24784946824888293,0.3552264467331902,3.318470393295046,2.931488027172902,-0.01649961054720031,3.8820511998170906,-2.0741480577057154,-1.6947706024283429,1.0417237142093834,-2.4865927550961047,0.13244812628998573,0.7860241802958041,3.639541972253311,0.3469818226440748
1.5461596733529253,0.5734517206918258,0.349439326129402,0.46742637306411977,-0.8746549841972243,-0.08644168027385339,0.09423086582927873,-1.56014302589554,0.5341102887720143,-1.3241381070160707,1.5177643525863016,-0.17595185688919623,2.71301481582862,0.4524726129937738,1.5093011748540566,3.0065119142321493
1.8387861445008944,0.4766525229540427,0.3476746514978206,0.5206940397905818,-1.0884048444550096,-0.2704416128988544,0.03311651979412653,-0.8761369502777564,-0.6808189365576693,-1.1818950681258242,1.9420938876540002,0.3772062734457918,2.182920658562937,0.1651365482046733,0.8369388648190319,3.9517378410321373
-4.9700570241059,-5.662303515272567,-0.08105756363639645,-2.3313896195165027,-0.32043033871652377,-0.46883254154494747,-0.009440725834027816,2.884063137511295,5.489700294662397,-3.4442577222906614,-2.3650244742453586,0.4734037019372319,1.8012249111943008,0.8098135385670474,-0.06148018938974088,0.7726764464105702
1.849140532557428,1.436016385829562,0.693446713675894,0.6523885967801706,-0.5514569757940236,-1.286743960920987,0.036754990824364085,1.975224040362332,0.31172482977511284,0.06270364429711216,-0.2527659544294076,1.0831359328429495,1.5217437934416764,0.11479134793025612,0.306241343103652,-0.33740958488209616
0.7149875984074934,1.4190170811945106,0.5749240682718494,-0.47978659988210914,3.1544740095373682,-1.4064208373039435,0.08059683182098136,0.1716339695912342,-0.40447846948467275,-0.37942854539002296,-0.29042509287246693,-3.6165911345092803,2.087443718274314,1.986274282360989,1.0222255534855413,0.7524393045471175
1.3237141480252557,1.674949456609274,-0.003960158534400223,0.3596585199362599,3.725544492729124,-1.255929721019099,0.04286321731393897,2.931784643243637,-1.2248062455093462,2.821453102341278,-0.1839609413237417,-4.998406516705195,1.5912535955725486,-0.10099832236645394,2.313171754689731,-1.0182351630964313
0.9641404967260719,2.0092771000558862,0.6171897717856711,-0.5146885167906191,4.5416840154983,-0.1474149561020608,-0.15752563427215116,1.007369502305384,2.4123484224582143,-1.282866093581349,1.2425312639897972,-3.2016902954239166,2.629479451523563,-0.32478688736832073,1.1889003690863449,3.9337525664353037
1.5153132424065459,1.6216200500997897,0.3738875188947517,0.031533967118542436,4.48735370856997,3.39631803798408,-0.009114958244820608,0.4299953499413462,-2.5071368496095303,2.7950851899071014,0.46067692872165406,-2.851643884728193,0.26209418929584105,0.5262139165094776,0.787251955727563,0.08087634736070642
-1.5232827737190195,-3.1421273832324923,-0.011667301501943216,-0.2788401605314614,0.22723481795391862,-0.46109205553424154,0.05888986964125673,0.32454758044845045,0.9452586167414374,2.6147628275374637,-0.6663192232618768,-2.360694003954882,3.034779929148093,-1.1735186735385141,0.09224335988696904,-1.1412289563725158
0.21559006383832924,-1.570050585035189,-0.09562057240703656,-0.290510934558401,3.484409658150073,3.2581825823932578,0.006764942730929382,-6.950735104312811,0.4454598696774738,1.1982466411856574,-0.3595132298102554,-7.265229958013164,-0.17293354561978533,0.683697339733125,0.2586424283664918,-0.33143828682637644
1.0233184854116917,1.2920404213683179,0.32389998024071365,0.6070075917627155,1.2215943075558449,-0.3344841417510393,0.02375232226813444,-0.10098124772077058,-0.2143287385548415,2.7540747692629366,0.7401426414001331,-2.002145959867441,5.151346548680964,0.9777661729321921,-0.6213593520180511,-1.5484697335606017
0.04291476629609004,0.4124331829958707,0.6507298167620915,-0.19011576263121596,-0.9205276951429393,-0.5590627826671052,0.08713162313362767,1.305282761291101,-1.1041639948459863,0.385487906231135,-0.42362751598528237,-0.037909390813078536,1.8849444639434507,1.080309478948516,0.8117793032974489,3.8297272759753707
0.1467092850000958,1.1278740875041744,0.3470659449051595,-0.19384328184430516,1.071271653096055,0.011415966170304773,-0.10844818275719754,1.3343547465299914,0.4212358949993496,2.002626850702265,-0.21795859519275082,-0.3565156022966352,3.1720609312242507,0.2715031338277167,1.0124291838223887,3.066545291234329
1.5199294276838007,0.751394940303751,-0.12346145720327092,0.5135786930512002,-0.6679038387234569,-0.03679223125869916,0.020773992754672243,2.235676094058082,0.18788226111387993,2.1474076598721488,0.4760666264205605,2.8903125503267804,2.7724979679252812,0.724695758658555,0.4634067287211176,2.8841543408207744
1.7987305797329616,1.1765374295451125,-0.009879580826338953,0.1782747113075302,4.066910120583194,3.128741887526571,-0.0027875160672560764,-0.5509123805394424,-1.292891706979828,1.5765508828306758,0.1796681705796926,-2.20835627849005,-0.14355614500450142,1.4554914511160013,1.2418135051759303,-0.09472846898189109
-2.592310068001846,0.8678808788691407,1.107961511493707,-1.6509852611644948,0.279652177766855,-0.5895490639094457,0.025770918514510906,0.581953445700825,0.6270602260227522,0.05104376337024481,0.8159947053356559,-1.1778751355461168,3.0991383299875537,0.091801716706215,0.14585632600480103,-0.38079801344874575
0.5413942359920159,1.2161149842018182,0.5645468675469384,-0.2993531720292412,1.3847141290756648,-0.5271254278518668,0.3705420776550431,0.3166555254116689,0.23362591066160865,-1.2572752128616802,-0.11716630750286064,-4.022380455015185,4.007268015189164,1.4184726628065552,0.34666938288779237,-1.3886677636422733
1.8547946525062848,0.04741792412951998,0.005959292323520969,-0.08839040424425672,0.22671768059451256,3.375595467535791,0.034805210759450866,0.22166223899690402,0.3651434079924416,-1.6553126675283096,0.33358875867035476,-0.8530462830780986,-0.40588999400006426,-0.9777954700350278,-0.541046756271206,-0.16672790171582513
1.979104306775958,1.4342626092584396,0.2533122558529295,0.026513056066892953,1.9457635307142358,-0.45976679251174074,-0.18671207904393483,3.068559463230977,-1.3932621436957249,0.1411464875106502,0.02867704496713997,-3.737830028638282,3.865876887705556,0.7598451207117798,1.399669360677887,-0.4374275387005123
2.4974573055967997,0.6062687329984102,0.5705048619932918,0.8341581952431059,-0.4694309102972638,2.0108772380838653,-0.14165903555343548,0.23085115915377682,-0.8613969263761926,0.46965385010064886,0.20931822541075126,0.934891435000701,0.6000772746211306,-0.4750671424221399,0.812237508544461,6.4092642143233665
2.3359731911873913,0.7545522493204648,0.0003184517582568112,0.7780531001173792,0.6785708174203994,1.9025969049681288,0.05574618677942143,0.4419314149983107,-0.5679190018217564,-0.3606305490758213,-0.22029719603393197,0.6561416062948386,0.23721755248140125,0.43953179201449444,2.199056680186804,5.222948808477652
1.1849498481089522,1.1448798709290244,0.010533652945685479,0.6159667616545711,2.0819007725684466,-1.3025523360103755,0.05204442846065301,-2.045869306020066,-0.4668759118429205,0.9887097914850834,-0.2495823731000569,-0.25497180937086295,1.9885610490935675,1.3656713123029194,0.5188729667216789,0.5923873042988024
2.1349714056799423,0.5505005031391612,-0.02825766302651795,0.6204235000527771,2.091865724281905,-0.14528856431351,-0.05197797678778214,1.5425029846031144,-0.9330563040482198,0.94542201679278,1.6195880522832704,-4.102993365021304,0.9829036927457631,0.5007979163490046,-0.6256125632894896,-3.8558316018746654
-2.6723417012818973,-1.519850367817457,0.42071204364872733,-0.25984132669649457,-1.2875113921513532,-1.3430841441346746,0.02570122433327073,0.9918155628225501,-0.462996483141597,0.22494316656274982,-1.1030508285843852,3.076527528991489,0.9046701096709778,0.31788069963583837,-0.053510012677613024,1.385070940826337
-2.8487630708907736,0.8601460268683514,0.8571973220570231,-0.15192422852279136,-1.4991801250900667,3.6476637521133783,0.019498240536297867,3.278159879975467,-1.170266696017836,-0.7348899042933359,-0.7638812614499508,5.588290449925107,-0.06750337925087706,1.3733493636005412,0.6758847669578679,0.687276675269197
-2.533045566116886,-2.538166056799981,-0.0010043626855771321,-0.1156855222029782,-2.479690774010548,3.1744507077006503,0.04933558268799428,1.1651824137407096,-0.005235138449188769,-3.3458276851453177,-0.16421590902144256,5.378412701511412,-0.7335699867650587,-0.7500323278068431,-0.5796668878256225,-2.4721760732113927
-3.3744709670984845,-2.591309220820647,0.0017389077376414673,-1.5208070980599484,-1.0162557022329988,3.426460071372858,0.0650936475014641,0.42655146550506834,0.39357222335624553,0.9605243943979996,-0.5049149961095407,1.0092551467701443,-0.6036392867178937,0.7422558115000524,0.868619246678159,-1.633888933223641
-1.4760724502226508,-4.198254458982629,-0.8714628999079603,-0.19593099228060357,-0.6208739158354839,-0.43992343890010754,0.34126273305264565,2.1797915399515917,2.0152713381387217,0.8641584997430187,-0.4191839822260229,1.9633726531112217,3.444034279278191,0.4623781056485168,-0.2589353310383091,-2.630944632713828
2.0599198501314406,0.745534430075204,0.4672040758708028,0.056414889723465686,0.9079655910785048,-0.3982132645323878,0.041600873983269115,1.5887076404415725,1.3137120941576133,0.27019960182770814,-0.063608372644445,-0.023908975009053344,4.246118059925077,1.3667160398478269,0.4013612229551094,0.3881399994854491
-2.1713663146316997,0.9559710717190685,0.2702493736962368,-0.020867428151011672,-1.4809542548341104,2.7024349660037363,0.09713512181626312,2.975761742178209,-1.0081840662337722,0.6365051023482895,-0.25603303491410884,3.619065902495819,-0.5147449306255206,-2.9573310269684723,0.582109908311849,-0.7463932606528396
1.6479619885071704,1.691235003151816,0.4709694696817638,0.9778779661630916,1.6482952690525816,-0.12028495406753636,0.13060888920657324,1.473601085738974,-0.25068156513403234,1.1941851160835042,-0.21447268504457148,-1.8977776520324285,3.0405847230880254,1.4557729181305523,0.8359228096913625,3.0641750370049294
0.5734148247192318,1.2526526308988024,-0.0010737809937877475,0.3323966003258866,-1.780858627227734,3.206525254908978,-0.03566209757537397,2.6107845965100815,-1.4146808679716534,1.7160046421106463,0.3405931169919097,2.8623135736967047,-0.25868525198485404,0.025667747336416163,0.005889601443213282,-0.5469369111804758
-3.3415685285961634,-1.2807350038122827,-0.026778294338655386,-0.6351701577163233,-1.6956531603422027,3.52476869470418,0.040232796539127307,2.9968876820929484,0.6597948017378413,0.7488300826940048,-1.4044358184968024,3.5471623885943493,-0.7274986146817776,0.48500153649429983,0.3425519763604825,-0.11749192028360939
1.366614152870895,0.8897151776494081,-0.007284305739389144,0.5150658126164747,1.6560722540351993,-0.07924755908723162,-0.3219746122130796,0.2371580324855507,-0.5507214883409273,2.0085841069203676,0.2675798486598873,-3.085161326304829,2.18802957110922,-1.3318441200187447,1.1016046629815837,2.9292096602007502
1.8711090589490114,0.3770774764874761,-0.04247417306702047,0.22763848232270556,0.22551480977993385,1.9205622986698923,0.023467998894833537,1.0175558125291366,-0.09564374373250414,1.3227231777861874,-0.7993456497349556,-2.438540382577128,0.340896528817883,0.4893957179566566,0.5791842410981856,5.901057638572138
0.33421186330879105,1.192845631083915,0.6367515485845376,-0.11877262576403637,-0.719558988790264,3.4159519648062386,0.034779592551954515,1.8620587642618471,0.9748354208495117,2.668423394742454,0.1817603478037887,2.134995735410499,-0.09369739889456905,1.0032809590085197,0.027723644110102943,0.6804520711538918
-1.423096120491564,-1.1366695009085745,0.545461313887094,-0.02450197965974395,-1.0563415155867393,-1.2929149272055422,0.02896478482085427,2.5957827770159265,0.16722115962356918,0.027022871105781568,-0.20971595467713508,6.5758629803057875,1.4254065406118503,0.27086882883200347,0.8221695461202506,0.03527599579811607
1.6584385465464369,0.7918951672337985,-0.10605504309292685,0.09049740480197595,0.3998229742736496,-0.3842830088748828,0.026881845262533406,0.9159157678124328,0.6050877291854599,0.5894726324652383,-1.0500357618165481,-1.467072203939132,1.5953016241865137,-2.3279447388127137,0.2514511810272316,6.597767838002357
-3.4571706383359926,-4.7656379442853485,-0.08799671810008666,0.029221847068212955,-2.103045955454958,-0.9765778770735627,0.08526671515461025,3.2395322214099322,1.37864537638149,2.130137084288619,-0.509016032458426,5.257197549969299,1.3791905354514211,0.5173750319502366,-0.28707318995886094,0.4040679244092069
2.9706712210872963,1.4377617242192335,-0.0011439300453226664,0.5602019525102212,1.3985537646609714,1.7257345938119073,0.07068976669360491,2.6549178668351026,-1.1284587194479991,0.94515899736648,0.5549472741811183,-3.9989964118249253,0.6159786580776448,0.40755986850085224,1.786128997700077,4.467019028379555
1.7742590773011635,1.310270422357934,0.01603977593915989,0.5583072403922756,-2.539125537880977,-0.006626478012994742,0.029206302237607097,0.7430597703410448,-0.6035781816050798,0.7367776062836605,0.5189172932652211,3.6716240524259094,2.6988168913719885,0.7249330632921672,1.603073998795743,3.8315525304541556
-2.9337136530709844,-2.198634121628308,-0.051174487429670186,-0.03214251340926299,-1.1592203269887018,-1.1418950040922242,0.18220627662555786,2.4968420189620035,2.770626543610792,1.2724254803700483,-0.2699007818565993,-1.0663275278739073,1.5327444896579405,-0.9580971584114585,0.21717329464457308,-0.9617311366154837
-2.3921161186100734,0.5139542772394673,0.4770578376380084,-0.496650459393029,0.6016301949656474,-1.4391696213257614,0.06815721880769418,1.2493633452422597,-0.20646355555724172,-1.7934089460077705,-0.8116937150933149,0.002083612672575333,1.9412502569408332,1.9285439466629797,0.49205351034489525,-1.7777859302382448
2.0275020727515716,1.584085823483172,0.3329329546746818,0.6114341538707814,1.519184333300677,1.73498091145484,-0.0009230227465578862,0.7720465106721232,-2.2572829051923597,1.1771789548957419,1.4570283128182524,-0.2681080913507884,-0.06919096423049807,1.524411427874624,0.8958612561961,3.782836856507888
-1.8536770072428972,-1.3935986221468641,0.5431408101341927,0.8182785154308669,-2.534095102324688,-0.4038959337251324,-0.351583550172572,2.6738876339104314,0.09536555045785085,0.8459596295791072,0.9105968523894495,5.921906780406227,3.99217438137903,-1.738226381632608,-0.20900980028771832,1.4161756106971213
0.5338803882486297,-1.9831635700315409,-0.023535672218771387,0.11095189282056467,-0.5683788662910907,-0.42678584889045856,0.024190404806707064,2.2603390728002086,0.6283392464034738,1.7664412478635734,-1.4886838643286722,1.0379130051134653,3.8341150980246623,0.1860906119722324,-0.20720161441965415,0.13429166452092775
1.7865588013530294,0.9098033921919746,0.35166093589408143,0.24889204950443516,0.32807874818128574,2.2969256312995383,0.027463972208714958,1.052771504538264,-0.23373780952687495,0.8925918193411366,-0.4081346373325543,-1.9128796763336307,0.5062666787286507,0.13884915942513357,2.3925033572444,2.812666132546388
-2.422685006921682,0.9639027672940792,0.25261973418546735,-0.5227836302317438,-1.10549823123111,3.492355216307919,0.016860225579091313,2.6673648624532618,0.9651635863324092,0.9026998686314598,-0.7561271223865372,3.3378491719785703,0.03533057018207817,-2.2666635535786397,0.4639024557118897,-0.7995676507057694
1.9213626012812088,1.7268929562848172,-0.0031009485404913492,0.38807105711260015,-0.25898946281590873,2.6852040641238015,-0.021659410712592538,-0.46597513869646656,-0.04460870332179924,1.3356835587283697,1.7784515375659469,1.0907248068334816,-0.9296172397811933,1.1586419337365985,0.6415589470961367,-0.6430184810241959
-2.3177896759498946,0.08474363471416951,0.8310128859585927,-0.2554023994994496,-1.4951756683173782,3.660725980938828,0.06293437146896579,1.1189266891155234,0.2859499552263651,0.49701304746692737,-0.6984724055890774,3.970446161825221,-0.733955931576608,0.5551435845066921,0.3874756161766827,-2.38994387291696
-4.651773093066666,-3.7819644627014415,0.6039959620910387,-0.2901852869714418,-4.820905927552436,-1.3719923567738077,0.13920928554369827,1.0539216599462053,0.5080434841745078,-0.14223753617200874,-0.6543779649529436,4.772038732003533,1.469334792571363,1.5364685565037244,-0.0542650505921944,-0.025185849517351023
2.410843437605833,1.1758760914358963,0.00350789467774996,0.6492176809856265,-0.3345879694149393,3.331989801783128,0.02674207058142921,0.2517623481466014,-1.1809129646336176,0.2771878291248172,-0.16022407311454226,-0.6774291840527313,-0.42813012892724744,0.35177023305041744,0.660654812274167,-1.3482348373185349
1.9622408414112102,0.7604658529450924,0.021494582366891047,0.027708465981673317,2.5054231483827145,-1.2715634592448177,0.005439021212902696,2.034721749653161,0.20266545265025607,1.7672434176088305,-0.5554871687358569,-3.5891690376525376,1.328938138072545,-0.10959075181335158,1.518616101055895,1.4383895121072638
1.2873184253755547,-1.6225955527804743,-0.1727446591803489,-0.04081652250368104,-1.0037109306466043,-1.102037145256277,0.05830518768432454,2.1793419887099725,1.1547929653768279,1.8870119089866657,-0.8371302951192735,0.4096929257513625,1.6502668057227101,-1.8431006096444935,0.18372553698142702,-2.2171238510929614
-3.558868530121988,-1.9221030081182535,-0.08127305433842807,-0.893106889165493,-0.034259862714033286,3.2949631355252165,0.12099732324793004,0.28942573373731223,3.530336449188219,2.4386362918278515,0.09494200096876959,-4.0982534122443175,-0.47098915453017753,0.7447496064759995,0.2477577614263531,-1.9712315890228387
1.2940569672202276,1.6662429497433515,0.629879790039557,0.6991332174296284,-2.1993332366729486,-0.9374792496806722,0.023283690768012958,1.2083174861625412,-1.900459470531447,0.999967537425151,2.4603271713304435,3.040843163675959,1.525196912467494,0.5801745904767928,0.562765054094782,-0.9559308681277744
-2.1301728369220916,0.44701876644507826,0.503012281124143,-0.5608607279065245,0.6169055953475988,3.669004421040242,0.018114379651609926,1.998642293184142,0.11920222394725803,-0.07577857978796906,0.9219228635899863,0.6001407226848153,-0.09299499627197325,0.188737738441005,0.026976791008603566,0.2264727166661575
2.8652507853582825,1.3100649379906122,0.4742808257143493,0.9623605629427714,0.04456478578155209,1.8889872548366864,0.025575322484266715,0.7808528515265187,-0.9449279455167631,0.08570788515119798,0.10530514859087185,-1.794571061850203,0.5053605656966195,0.3299759073312387,1.1972561236905992,6.249098021712364
2.821938455844871,1.5799005281680647,0.2549136238060286,0.6042602599147358,2.0182708882741514,2.9855209526175477,0.06659441758005225,3.3276465035642713,-2.260793053034985,1.7946134533110554,1.2358936105951992,-2.9393716982532085,-0.07296100572361501,0.8679284887695076,3.6959409548097137,-0.6044901112473814
0.8290338277357144,0.5613283959354763,0.0031042681254778407,-0.27406829423383905,1.116026577806554,3.258703840497657,0.024297510124405758,-6.822226727341459,0.5869956115963669,0.717291222812903,-0.6460775334301245,-2.266830198131924,-0.2588956501382237,1.9239336560304874,0.3001573666001362,-1.231176941191305
2.0738281625104453,0.45693883183612943,-0.0047818492054160205,0.12089811324102816,0.7582608828461312,3.1689661370863402,0.056247591597562555,0.9184856769050042,-0.0942376733417385,1.0125202317422692,0.3503556329880314,0.24731913907620867,-0.4325863693741817,0.5884989227238889,0.5033023502499004,-1.8197821951170503
2.9261213884959454,1.2127193812458876,-0.010370184357749519,0.2685058918175077,4.199177146483292,-0.1686432228246475,0.02682717739569803,5.036970101382514,-1.5617413594526903,0.029339549929322715,0.0125280301889216,-5.930713199114523,2.0902228125206923,0.7420402778268136,-4.03599159067651,6.553149273036013
-2.5946462805671433,-4.335891332856774,-0.03729150039630314,-2.190986755813436,-0.7352034691146089,-0.5339742946335684,0.051737968492612675,0.9332638710637287,3.139518683295634,0.8257093100414646,-1.8039523548409049,2.242178128497115,2.6820181963956755,0.8089079856628978,-0.07796856398443275,0.22937864715005193
-1.7270908836477865,-1.7685091141802387,-0.04508699017488076,-0.45094751667331184,-0.9270706454767629,-0.3772310348435068,0.04205345552105981,2.4267901374785406,0.1250134399636303,0.6836343334178402,-0.2649670535639794,0.22067526313684943,3.8845822310015237,1.2019651295852043,2.9937090055672093,-0.7807086259525311
2.2872221624724896,1.668774538348036,0.00735405580958942,0.6078992319295814,0.18722271480672809,3.159672718199624,0.03098558672264278,-1.3486880500721996,0.1679450236042516,0.801362694352305,0.1811668928292088,-0.6490686764821171,-0.21134408142166608,-1.1479427776180338,1.4885660774591951,-0.40073558437433704
-0.31588542970429256,0.2634675039274865,-0.018297262638332475,-0.12768792164456638,-0.8314711729984177,1.8099759028869926,0.048141933467365734,3.0616083031706625,0.8407709937675053,0.1600137316061077,0.8040246575788057,2.934133229175237,0.7154747446841221,-2.5434884931179353,0.019344632224276206,5.559034679306132
1.549907132579201,-0.06572371474464567,0.0010511123853998716,0.6111807617085478,-1.141286052029336,1.9115993205531037,0.025726782556727692,1.019185450741664,0.22417383165998392,1.7871299893544768,-0.34122347060774166,3.761836428751655,0.5390833898232498,0.5848320065590354,-0.9675065424984092,3.662013130896423
0.4945840612832543,0.7232498079722451,0.2151555429079724,0.10012086957073905,-1.0067864483226634,-0.6250628180456993,0.09530275700850044,1.7443043390750332,-0.11664263530123604,0.13056006441536094,-1.6931251535651115,-0.3755065417879251,1.990751026668795,0.8156521792277496,-0.5438878693991918,2.0094455136621394
1.8356754284356207,1.474774512906791,-0.00556496649615237,0.6045869963668,-0.5535063773269261,0.0348456533306209,-0.08597796553836187,0.8043860641383955,-0.43019891338783856,0.8736783027752394,0.8796321236635762,1.1398661340422114,2.746500310848721,-0.014739790439046342,0.6706781433750617,2.9805511258135624
1.5181037812892602,1.1773376355261176,0.045182349244607144,-0.14358413393592645,0.4733078188154506,3.3446924619452196,-0.022040380947308147,2.186100602117773,-0.1378997487785884,1.2313903154752068,-0.8927010588521832,0.6134424380836547,-0.4682000526335798,-0.5291623980784961,0.21189180460129384,-0.3086199455968414
1.5258785823470806,1.6996643477106552,0.2873084628629273,-0.05426793351374146,2.36033164183552,-0.353110736386884,-0.04057626374269725,-2.2840124219257056,-1.3945576441079308,2.545744287588212,-1.0125587642754559,-4.189016124882235,4.161547621899167,-0.08238718258501149,0.5462500146618974,-0.818499453108521
2.4362895976216485,1.7139810478409352,0.21298979819942104,0.6652810828577983,1.4576899617884715,-0.24003114371639775,0.053619009370801746,3.105045257233212,-2.0557413018887365,1.5114327272815509,0.05426575420315658,-1.131790588259952,2.246207119044125,0.39232748124917755,-0.3184729368495278,7.3226633328312465
2.667440451692875,-0.1723910201716633,0.001644083280585985,0.47936562837442975,0.39479288911302934,-1.040688495814329,0.03823777330594382,0.018721712256860538,-2.1299046178533456,-0.19868564875428013,0.22400842370255034,-1.6658190551548382,1.6599487047848362,0.2177709335212382,0.7954973093935703,0.9181815879016743
0.4701629705037899,0.35801915227087266,0.023435901944022123,0.4580003274734112,-1.20880341188079,2.169425695819921,0.07979359336294542,2.6906335302762536,-1.8147378614525917,0.6055623076519583,-0.7815177110858454,5.4175060180714825,0.31572513862340995,1.306732955025174,0.6009920575239871,4.124433896575081
-1.332855536294362,-0.3134877474016091,0.44646432781639883,0.1139362705809279,-1.3269228458993798,-0.0854526807260457,0.04147858836623383,3.115435328160084,1.028814536231757,-1.3254626870983026,-0.34713945132250934,5.226791894712583,2.768380230458352,1.9910806906028553,1.6289024353043804,4.427273858089603
-3.4751983501570005,0.7160617425754171,0.7277135179090771,-0.3628502774920854,-1.9436147483867632,3.4112675625910316,0.02215531173939438,2.0671327052659954,0.5487323797410018,2.00499011900942,0.004562960864904562,6.0136161784521445,-0.2162791866599795,0.727394339433014,1.970159448078006,2.2894033964710507
-3.829029622369785,-0.8551124186492627,0.5141624394365134,-1.7184782590418566,-0.7051736043869298,-0.23584044423546585,0.032886280055895105,2.162248494860774,0.132807387487943,-2.2807986535172504,-0.01502650449474309,0.9111889765345376,2.397853926329673,1.0154817620661964,1.6848711884061716,3.4335537865195698
-1.3805577786773604,-1.8721979467154768,-0.04779630820531777,-0.034105713758152884,-1.5017602575017508,-0.1792820354721714,0.04594704919904578,2.612621303089316,2.6814229320516056,-0.6628597869117809,-0.37215897348093807,3.918417179075411,3.153883854668542,0.573929707121437,0.2252459208156983,5.090463001108739
-1.1452218528421099,-1.238316159969616,0.5224329980820537,-0.41224889445722096,0.45009965837056837,-0.5068442003295701,0.04094118960839256,2.0267302674038916,0.9426903661109437,0.5844588162268983,-0.9344186091726475,0.28738145234450985,3.6785399978309905,1.6875423830442213,0.007116406917025641,-0.7215733782908638
0.5600149683507863,0.8847464762555721,0.013825896141293353,0.3258675147848732,-1.823476144372828,2.8855433971127016,0.1679357678972709,0.8059985637531324,-0.08333850388759051,1.9346538787216447,-0.7934710644341375,3.993995722600342,-0.37847895492619754,-0.4349897522617973,2.0851370075004407,-0.04043800310138149
1.5482442960142953,1.6124596664805249,0.3903195655243725,0.4890679477393827,1.9551411876106497,2.265839691741805,0.03877496543872706,1.344847902719414,-1.5244875767630004,0.6530343985181751,-0.17511956672751325,-5.234920228351032,0.5094444094214908,-0.7397535600794527,2.1981507780767275,3.3347160620909206
2.1501279086192846,1.6110214216310677,-0.0019070010355563163,-0.14317786457195505,1.260870312001487,2.0230446150019503,0.10222601378898469,1.354134081101164,-1.3458880876018822,2.368568973055399,0.24395041922179048,-2.3913850980424636,0.13063104505590115,-1.0048104436004373,0.2505031488039757,2.663224916084851
1.2603453949010495,1.558824747180454,0.030962771341655,-0.1835444139269238,1.9245033230166835,2.733959451015933,-0.17998180985045,2.1661245695932303,0.24036084551758263,1.1209073683228288,0.42319598162337435,-1.3670104914935377,-0.6422732555341645,-3.300839455940361,0.276413567336725,0.31861885497149706
1.0777255075908978,0.6958034937039068,0.4021732854448335,-1.5276752161289784,3.9432922637796146,-1.3656259784480502,-0.1970102315090802,0.9400065330930942,0.0025983899606150268,0.9270015004709163,-0.11600176146219301,-4.794053223898635,1.5431105387731203,-0.9587107694123415,1.3470891919237928,-0.26765332285654264
1.981228624792896,0.026591806017144858,-0.03794278561710208,0.31181538511248663,0.30639782365590884,-0.06015008503153495,0.023223574502295282,1.1395020548710137,0.24374573675598268,1.2600987695655919,-0.24866209688441607,0.11965572905112844,2.9192914521102318,0.4245007389082621,1.5786153921704622,2.454314921878115
1.6328760639567201,0.507997835194615,-0.008655645506896492,0.06392291202304828,2.625048110417761,-0.45189563473375355,-0.04758034548382028,-1.0158121748717532,-1.0467161886047769,-1.1131791376494338,-1.7048218470917156,-4.678129008551976,1.704675790674459,0.8217968454004664,2.017457341745349,3.8643420760795264
1.3967261389597543,0.45944406509400004,-0.017747145724698477,-0.17659867866252582,3.8008273687732688,-0.4081692358608819,-0.029867024550480608,-1.933956388912853,-1.073785520893363,1.7296334181924733,-0.8174676144078297,-3.2039359063363655,4.358715804385241,-0.09836268766762372,1.3315760299964694,-0.213915328654186
-2.3596223642515763,-2.857753651971062,-0.053550627606223526,-0.7296934053117523,0.9304064171191334,3.5207812170232495,0.006989305623436338,3.1586504032347644,0.11360837370228234,0.6713579093005259,-0.5057938684854194,-0.13936494323234694,-0.033850605696266536,-1.0496353192844563,-0.03308266855800854,1.0132628324682658
1.1198398996888248,1.1106189289277706,-0.000551940827529386,0.6796829738920077,0.6286097214010635,-0.28781171602593464,0.023392048514434542,0.7197926716672439,-1.34466491183918,0.9757047350430006,1.2019678500144346,-1.3902361977378956,4.102184891807368,0.3652900422989714,3.31885088474954,0.6862784647046332
1.2432910272935433,0.6495225497008756,0.429159740749144,0.54208028436927,-0.9964690971344768,-0.9969223655805427,0.023488883670362695,-0.08683829185194182,0.2991209216896179,1.0471077546323724,2.0508589368189676,2.38924681126675,1.776175423660019,0.8671382783794477,2.045022731872581,0.28406023121090435
0.9009612459676413,1.1350693325524226,-0.014184345482578516,0.48789869700467214,1.670244310589086,-0.14960200226686093,0.029342552687230145,-0.5487012231424984,-0.14235268104623044,-0.8376085873503663,0.6811397131896346,-1.640785993241356,2.873627445901047,0.5332597151970436,1.9432775920172887,2.681463546726188
1.0650327166257478,1.0351636655198695,0.5794597049946224,-0.04533349975703133,0.10716376279362505,-0.49664938278552384,0.018728855641248734,1.1829913492898867,-0.6179545897573981,0.18339654070870948,-0.10499799208032232,-2.3562173384858767,4.516021209006776,0.4390662287957788,0.023044504978109673,-1.2057081756906654
-1.707014029700303,0.3600010248338818,0.2119513598614731,-0.13192546860427476,-1.339753514836775,3.6494549867602166,0.04986076685433058,3.9094863731340843,-0.5753884212101192,-0.7406479737486743,-1.2008723681773101,4.055677504866517,-0.4476353559963004,0.6770716192395422,0.08805076260100782,-1.2403320204958097
-1.8575925326839546,-1.0397910831350243,0.5461353549231827,-0.06764794527622262,-1.7681183789990087,-1.2182529968723883,0.02457111654259571,1.177380133863372,0.39204770692635965,-0.12684234835411784,0.12320742012244543,4.010551394110938,1.4085540497293414,0.6271987164293945,-0.14565482475740882,-1.1411109004173392
2.1481643466548532,1.205956962699839,0.5088102282153856,0.23951734357835228,0.07156309841276483,3.357820904723308,-0.06406512386711687,1.9099519769105073,-0.9999364207322198,-2.5053892366157835,-0.1500768095908295,-1.8130575146496546,-0.6343524170151307,-0.13813706501840214,1.4266295012560326,2.044943109785027
2.6982181225512534,2.2693216656715824,0.5101548839817978,0.4788469211168733,4.6171899310594835,-0.25557205560793933,-0.029198004486571418,2.881566108160679,-2.579377977049106,0.21190009966493575,0.8374677959955197,-5.437181015907808,3.0614109766766413,0.8586083529459558,-0.5879642998413575,0.18138098658549184
2.9401769891940837,1.4838785356466164,0.5420828636282652,0.7520620197822855,0.4017941286170495,2.13250361804459,0.04082557380233598,1.2008204324447909,-1.1624803994853088,0.7608094168083698,-0.18335442315560657,0.022217855722470488,0.40449780556856235,0.6914816759374826,1.859843449832195,4.822894666068461
1.367046343675873,2.2064298001703477,0.42764448396711763,-0.047431348905312934,4.818910237865755,-0.39435699171439015,0.05034889633132307,1.153903037739301,-0.8639355279221911,0.8229920260789216,-0.057499227526023274,-4.930861411825503,4.52001513661364,1.2597942930283375,0.9223313194117435,-0.41569499621449
2.635694039021533,0.23082774797778416,-0.014424634270570823,0.752107302977148,-1.1663748907317633,1.762532725061601,0.11220916197655005,1.0636430331067426,-0.7990420675036655,-1.3798270484017832,0.383979994690564,0.24900111924820503,0.6230662798812212,1.3397793108983056,1.4404482890206132,5.0811644628469965
1.8452850007908366,1.0153708468874283,0.4673779326405148,0.5857481532432725,-1.4333393025671797,3.2537254624417358,0.03168597109180206,2.0870479642644626,-0.6448817156470046,0.8225607244037559,-0.8486318131222724,2.7724443846978737,0.06922081708903347,0.6917615064391135,1.5776035039053995,-0.16695692344187285
0.4110242486787912,0.32596302505059377,0.3418533002320964,-0.30563838172339663,0.3784531925070661,2.2850404464181184,0.01792120780208998,0.42140855687756196,0.4465259807279919,0.3667118913413409,-0.020030060374298893,-1.6515459490950173,0.459704503571084,0.5354433960778706,-0.8584110479108136,1.9389267409721673
-2.3561887230006686,-1.574387895998855,-0.018356298799950547,0.12870262039262573,-2.768539487889387,3.3748340374260275,0.0467785084936444,1.8269664152020118,0.34924484387265814,0.5621451769711256,-0.6103794351768834,0.7790974330627473,-0.7792450289103872,0.3170583508330138,2.1484026634455327,-3.2361893174392775
1.66619220618779,1.5590204506156011,-0.0013898978322625603,0.42799681483388247,1.5723767954837151,2.6694377022236657,-0.0961537975252203,-0.4304053118234207,-1.4434492720341283,5.668847144380997,1.3982943258285587,-1.761430163670224,0.13038882499518445,-1.3482187755835888,2.2947771335695966,-0.8338695886053044
1.8440019297859591,-1.3788448838561829,-0.030496827503631984,-0.05616029910218076,1.3404477098797716,-0.3995575360818756,-0.05855562136139577,-0.7351524843909754,0.30629173168562196,1.512505064277898,-0.10441077321545524,-3.9693471176654227,2.2902487175975295,0.12786989425169584,1.663722928353086,2.7873605463355964
-1.8400221242337238,-0.18862374159522954,1.1445077233420002,-0.6128471353593717,-0.11675917545161724,3.5664157971598445,-0.17030932396415843,3.100076601624385,0.6674254346208748,0.32591327454590546,-0.6746965768021743,0.8608183758501233,-0.48082304234607404,-0.8337248271812777,2.132000765542983,1.2203652476146234
0.700721529440417,1.020684524038597,0.023324562131371306,-0.01690353562732743,-0.7103252359470658,-0.3104422661071816,0.03712129255744677,1.4810733491396735,0.25029197087734373,1.1110391054550852,0.24790948173055774,3.3783124703708958,3.8321100788896363,0.3119222244490114,0.040617794902972224,-0.998610953690245
1.9866265993842647,0.24385507463296985,0.006241445178737278,0.6959152803150568,-1.2026147634705644,-0.09808689523874735,0.2415613688387179,1.5947474723840378,-0.18010619505271547,2.332795021401877,-0.2876849259806849,-0.6048111565616752,3.017616599540518,1.040814381362818,1.5501134772863605,2.288398427526193
-7.759202870308834,-10.46012266368934,0.31197719435427396,-1.8385465229904752,-1.8386731616227556,-1.1169792277772097,-0.1553768152822727,0.03602909940352392,3.5908620622560883,0.267884575299122,-0.6879106773628816,1.3676496737721333,2.1702949867304615,-1.0870018615103092,-0.19556657150850243,-1.7329186133725951
-2.603117250146788,0.33942181970304086,-0.12044523314772743,0.12107206687973915,-0.20750848274071018,-0.44577798915276406,-0.10787958993680097,3.0228733653887496,-0.144236596109361,0.3926370430999394,0.345544727273864,0.5762612516991891,4.718408762985891,-0.3546987631244383,-0.5397020768427377,1.124479020572287
1.4677373930920787,2.378069968426489,0.2872999742360332,0.6012133882262142,0.8692861408812665,-0.2643852032360896,0.013050363930266193,1.6115377677656417,-1.242287335738456,1.4636756006301281,1.1235409994192105,1.1316930544235169,3.7789965175486526,0.5457530535686674,0.7062171483145148,-0.2170322160198141
-4.36170388981583,-0.6437871586349144,-0.05340198565051019,-0.3486134939135821,-0.7055584638305002,3.3071339344027186,-0.2853405480793523,0.9798919765930197,-1.2200387862050326,0.7976935250973843,-0.46291000521388515,-0.4767774349928552,-0.5602179642912744,-0.6633359883608702,-0.04138429497724842,-1.9290134734791808
1.7320147026645847,-0.08515098361352454,0.3468755297638439,0.17438523084585317,0.4733773960912674,-1.3360832860381544,-0.05983981574128092,0.8139903751590463,-0.5617586632464845,0.9449430487990953,-1.8409503448987805,-1.6759747976352541,1.2401169944942472,1.6449848770533204,2.3357101663209843,0.002662306101720513
2.6071333428769723,1.9792865502767036,0.510089137673507,0.5394629907730175,0.14529097333935562,2.2396904433206193,0.018298512122392453,0.05246635245572451,-1.3403435116900477,1.5460208795865462,0.33849265719241767,-2.3669060760745504,0.47523934738143714,0.8028489327352094,2.0429699696073342,2.7528348784200514
1.338115109660175,0.8548659043163659,0.022297800428934582,-0.5856509418499258,0.9232505101898735,-0.4207085014124415,0.047272941917935636,0.9581607716937219,-0.5244814567025865,0.2143956470552421,-0.7957062260031832,-1.8361095944725243,4.301735847293145,1.1175072142578886,1.3709727850133004,-0.6627713824804337
1.9779540165953016,1.040310267800519,0.5411457553035818,0.35362686549900335,0.8133577875963353,3.5222693280651067,0.017179504253712712,1.3761751537833469,-2.2049780815600366,0.3399116887024257,-0.39654782911776054,0.6571628018648369,-0.257511488533783,0.692392498095763,2.1911970857612557,1.0669705073361382
1.0841726873943338,1.1400385873150123,0.01685810948481684,1.4909063042863553,-0.9845142856549054,2.7111545026258255,0.011995455058901245,-1.3380552043050444,0.43729752843969105,1.4799448078031796,1.7588777492355638,2.6779458345189453,0.24583548228998064,1.0917218694722557,1.8785403162848298,2.056738637578542
1.747622826836408,0.5391443505869775,0.015312565083105752,-0.08742127413676412,3.5192428071188777,-1.0254302546923781,0.016689665363137467,2.2726592903445217,-1.5576268081746285,0.8568369481158303,-0.10128498663299511,-6.5661834646878745,2.1073636395266786,0.4623943855155049,-0.2789090854069599,-0.12360238896934767
1.3604652099130796,0.6463752787074126,0.005098977711161253,-0.2680314105982978,0.7605580737868837,-0.2610269310310107,0.31205981283107453,0.09665003381327436,-0.3862059006793724,-2.9509250751969103,0.20903191559281317,-2.781092553779317,1.5560726878295374,-0.8630991416892692,-0.0014247990421234302,-0.7366764309756041
-2.8841233572025917,-2.144691885169665,0.5538015189372102,-0.6062257823061064,-1.694198949632738,3.5109511102389757,0.02882982651056032,3.4363675917524685,0.035315063925245346,-1.161932064007329,-0.7949872353393619,4.5834875703469375,-1.1211604927423664,0.6576037037764686,0.3156715801439547,-3.3586415878453963
0.942739037220084,0.6462060532549879,0.4968850289905095,0.043555774102667054,-0.7514321957695851,3.5058487014777877,0.031027048140166262,2.429552961756563,0.27630412059242154,0.8009040721771593,-0.20206602910389862,0.2191663802114221,-0.4241375554031282,0.36290345635067645,1.7403855251538516,0.4623522074422225
1.3570514355185401,1.4640378359738477,0.41431180000678774,0.6397213162490432,1.3789641817217384,1.700027689503951,-0.1497813913302811,-1.2812523099469841,-2.369194865029568,1.347381038061689,0.1914759494832639,-0.11201175289696824,-0.5748513816705229,-0.9037424606518247,1.7183997286449264,3.6932710130138395
2.301093235517398,-2.369898074049697,-0.07693076383324333,0.2927290667545314,0.6340750606535915,-0.3982087702853023,-0.03232698645254379,2.3793315964879045,1.1199171162429427,3.015906297196242,-0.6168340961888836,0.07770682993436845,3.1371838085719332,0.9410010667518178,0.08360845978211752,-0.8661592906021675
-3.6712482936691324,-3.9780788588017817,-0.037383691876317085,-0.06753816642598154,-2.0726147514148083,-0.3930251388198277,0.05801300847678973,3.916304692786128,1.311457544618969,1.888787201719787,-0.5675657405470643,4.800547458949462,1.8771605411550631,0.6168947931095924,1.0068241290702495,5.1432771872615195
2.859826151467459,0.9344046630958309,0.49493297784362855,0.8006524060831433,0.5643347576991711,2.1042568956578958,0.0727043638741751,1.4273343985937226,-0.6410936064482476,2.1910884178124284,-0.28867217446654614,0.2513425701710507,0.2743367932592498,0.29763031441490423,1.7199461053042975,2.9988614091815293
0.5111172607837989,0.0398628288950988,0.5014735668966074,-0.38801316728059165,0.6114532252083202,-1.2934139222450658,0.04501160279076118,1.8168100532986309,0.05849526838937479,-0.16405113688248305,0.013679523583242606,-0.3487684869043111,1.4485821474022713,-0.8124128984445507,1.7152220185750804,-0.7326636610054359
-1.5344425571778204,0.6583105779341308,0.7573017007177698,0.11123027589483607,-0.6035319558020377,-1.2648990058656648,0.03776557524292142,2.9995115645225687,-0.9555856560676378,0.11662877216604461,-0.9532931056954097,5.523230344246152,0.9874062057016801,0.9535244353981516,1.9712064614494487,1.2798039198932742
-0.20952455020838603,0.7682213665689898,0.36143997865232935,0.5457272901742257,-2.3260465963582333,2.876907398842945,0.022092372407762656,-1.087400061158269,0.21271316754719813,1.2546483648659712,2.1597640709538073,4.870225757673973,-0.32969028125680017,1.1280873940974372,2.325253850237506,-0.3431983433530461
1.0831425874357723,-0.2421283445794789,0.5333830240586848,0.07905397820200084,-0.5581119929881674,-0.5836193814902908,-0.18489107237051397,3.589598131849066,0.623091732471381,0.0602555003331951,-0.5207415269132892,1.8695040536208158,2.399341944410603,2.234716112325766,2.5108524938867682,3.763813069530962
-1.5227733432606925,1.0894176955255144,0.941107146824672,-0.8535387770826391,0.47089667897963633,3.539334549940527,0.02166680265555677,1.8421680628032553,-0.49892417715837356,-0.3535921126440706,-0.037748177509587276,0.2885312635240583,-0.8294045643704184,0.7686689837581548,1.55420048571073,0.6177583596354235
1.694457375650984,-2.823807020145626,-0.03724472099518671,0.5762221665120033,-1.4585835517766286,-0.19637817033611177,0.10137779050798787,-0.7003493037323146,-0.24984155200578143,2.818864804229641,1.5926916052869164,0.16529143850836248,1.984620915624512,0.5530160334526022,1.424940382942033,4.3109742002237335
-0.09556396246975125,-0.7251444150723935,-0.06974322043054776,0.40743747304021516,-1.8706221526443234,-0.31252004837667274,0.02293411298058808,0.1484552532760334,0.4827349565909457,1.508771908210507,0.11086882054006798,2.3397964317713535,4.384354061940733,0.43649485593880416,0.16751073591929222,1.331536060893683
-4.173183880123994,-4.410675842445685,-0.031012522592759523,-1.3100761310228513,-1.3301477244047104,-1.1465195355579483,0.19254919708391438,1.3941582883257015,2.5086239235243113,-0.2465942201065477,-0.9827403526455448,1.5946247723140308,1.5055863133538971,0.1569249122310966,-0.3608102379490976,-2.0456945600818135
-8.686415871991773,-6.440352893228804,-0.05317651084915082,-3.7254624786407606,-1.4674022738309673,-0.5464312328925616,0.14903515848084567,1.8358659043613172,4.36814394422129,0.17219064951633656,-1.2546641515804369,1.555823310743239,1.6620281927219085,0.1876558855423949,-0.02744547658910331,-3.1219992361842834
1.828209939223029,1.6012318146528821,-0.009040256015820945,-0.04977805792296988,6.909300963983818,-0.8847255401582951,0.03008709633407958,2.642773283738478,-1.346819281553918,-0.06208287374658483,-0.26282278627095806,-6.592960021625723,1.9355922880954242,1.888347305217991,0.5349834149749711,-0.4929853290437509
2.0164659366015996,2.139618310022744,0.6346087766414648,0.947203795720926,-3.4725690681827253,2.096668448915193,-0.197551203944255,2.3759218077994544,-3.1824567056833213,1.6178605677405806,-0.6169556602305536,3.4662432925721216,-0.6975942000468984,-4.8242421120780055,1.5862976722063766,-1.2415921167802875
0.7245178675580768,-3.120063137610718,-0.08825030780116128,0.04214813710147225,-1.2767858650611486,-0.435188361101149,0.1666265445774059,2.1575121909843755,1.1710340190620854,3.3575124436059616,-1.0729088559933522,-0.30323834063494204,2.1186363817698,0.3720532709108384,1.2444160225525138,3.6044665087492738
2.3239548690936096,0.5929091430456651,0.011553423529842611,0.6170507703989174,0.6963406076130603,-1.233412724349036,-0.10774953822085849,1.954757410315708,0.8662104876304859,0.9192060899929967,-0.020894039867208846,0.43890503644285345,1.9589561969621812,-0.6098568064727482,2.272457815005786,0.057910988726823875
-2.2488536006151887,0.9925386915182706,0.7866565114617687,-0.598550773634076,-0.5764648453875459,-0.587744591429703,0.03390011203595593,3.124481074774273,1.2870117888536825,0.9372466905439794,-0.771934709222921,4.105757971585136,2.3278366822038565,0.8499033835204556,-0.3112019047075946,5.883113178291333
-4.279539690657721,-5.227026509798382,-0.05622183673490445,-1.6414559147058942,-1.0680946626909307,-0.463821203183954,0.06598303337562347,3.2330697563744706,1.1252334257576009,2.992169019415611,0.37609353300272574,-0.38172763830037865,2.6323974819054183,0.3873753541661857,1.4929049224885613,1.237960432729256
1.336195746919714,1.4259226540143068,0.39466785131610005,0.04793667306872336,3.4725475060041497,3.4823486378183293,0.07589735502350754,0.9791848867570242,-1.447041816653745,0.40637513962676686,-0.48781660746841415,-5.713329806210195,-0.13309508343913112,1.4179638672173256,-0.17122245405662134,0.8021463207285762
3.092537438807942,1.6276365759160265,0.26271961704059527,0.2372423145349584,2.1027333369350742,-0.06316133185671136,0.007208908764176294,1.5123135887774641,-1.897262617243345,0.78302186922146,-2.1003703533603213,-5.477521655146569,2.3971498506757314,0.7800340800676365,1.9046800287747567,4.896158573658198
0.39864331203778436,0.899059769326718,0.6007058388441066,-0.21812373127676923,0.30482541289491205,3.695793867756145,0.023300747432388032,1.579204341572446,0.5110768131211318,-0.926159503531697,-0.5359081950146664,-1.3867618367146923,-0.230585610557901,1.7812919097679383,-0.05234776461668296,0.8586970128375693
1.6755631310501837,0.6732702194458872,0.3597261199468049,0.5607218294280623,-2.345195271250555,-0.9376811278978616,0.026363330624957704,0.8434875526350365,-0.30330508544313617,-1.7739542108957471,1.6627336908714363,2.9530540791947284,1.4964097414912698,0.5320028080958072,1.6350333452153454,-0.15939525737563867
-1.8137500585746256,0.03647948968182263,-0.05230477003601739,-0.894315375322254,0.5481114416612625,3.538414153054374,0.005183116363488723,2.509940691201117,0.448237320259267,1.1529740762429763,-0.21408578096905412,0.7184142375954048,-0.22454071757509594,0.3975791822299246,-0.11729851478066812,1.6009281295959001
2.6658616109326174,1.2670030600755031,0.5989885522689683,0.8096066090311804,0.6005500799852472,3.3513383038811924,0.06527518401497431,1.8392561062855557,-0.47243524625140965,0.27470088459459924,0.5443573247676166,0.09138203388054822,-0.8473978329970913,0.12356804513759412,0.3849173916805344,-0.7859138521714273
-5.603915471758734,-4.969766837628271,0.31769138781231493,-1.2861860362632085,-6.72147104112197,-1.4574994887105055,0.4255763751164882,0.290390927779133,0.12916023364576587,-1.4324563879300913,-0.23989757955460544,4.8008883737667265,2.0965078274571534,1.0380963233738512,0.7823010862289912,-2.5965020237607166
-2.032100335391241,0.42532372570205834,0.5462172748721668,-0.29787430805495235,-1.1564557440053034,1.9003887852257488,-0.0904707097628873,2.281550086515073,-0.8737432953176143,1.0186009069412691,-0.7116892204935115,2.7054357143576064,0.11538219368742686,-2.655160550102652,-0.29027781968769184,4.710178910501487
1.9512207687181533,1.3306032678127102,0.0034123788209512464,0.7680488242056744,0.8943450696401044,1.559349396576012,-0.10354903018263117,-1.153530259263977,-1.0801541497928902,1.528397318918477,0.3963323713710405,-1.0606438602778299,0.3990225004603239,-0.7852698169923386,1.154528313345146,5.819804105920039
2.29475826462469,1.5006488175640886,0.4689656143087158,0.5162969015198471,0.4214674253232226,2.849897772065038,0.024379693553329952,-1.240186449403544,-0.2798185792891439,0.09795182272516596,1.9842602947521761,1.093441929044744,-0.160942287763765,0.5683135717536203,1.6316265572937756,-0.7615539181925085
1.3937324118635155,0.8256415852266314,0.5898570461321369,-0.4173433803823382,4.194939003531118,3.6465106611154714,0.019045673494552762,-0.35152535952915626,-0.5718111082084422,0.3100341007397847,-0.35198807051020864,-4.348685776403848,-0.8443066779038072,1.1585137811295418,0.8887962959729047,-4.928413828752216
2.8336328223078895,1.502405156223668,0.2589816262587541,0.28891871136343383,4.553124996542932,-0.04893578667641844,0.03602644822973763,3.4530343709819378,-1.8260845492022844,2.1610910899682403,0.9488527407256453,-4.792207675785361,2.4385976181532114,1.415775462233274,1.1014901463747584,4.023576064705518
-2.502176380308362,-2.5986060182833,-0.004443542202045329,-0.20259805398310776,-1.4704879006678035,3.321143376517406,0.06290310747796321,2.830186204999079,1.0825521648142036,1.9956700285560947,-0.8080975965685774,3.497598749112875,0.21499182884910287,0.19678825028985575,0.7119214781233535,-2.316741326784741
1.9421738067121823,0.5121446011198751,-0.016912996364940532,0.46388687882624924,-1.2293659376561519,-0.19115819720779795,0.025600871124118192,0.42022379939416316,-0.09432539639434985,0.41145652754074763,1.8595008257643535,2.22060502313984,3.8490710181245213,0.4391828609510444,1.1524358953102367,-0.5186029671562269
1.5140372556677113,1.4290068077352927,0.3413003252647433,0.4826401578962673,1.9906195366959556,0.026151734133802663,-0.06836408842450832,-0.929037320340299,-0.7452008602247242,-1.3902958402459882,-0.5820535973489337,-2.2816031787370106,3.8149929589127147,-1.2748111260980182,1.723101376914095,6.9402855840399
1.2445170652238517,1.2722673057603118,0.018106970863591452,0.6287337842639481,0.7596582648860858,2.6397657643278247,0.11687941858364533,-1.2412574759236101,-0.8530307675950852,2.5920005980667273,1.7540649998209354,-0.17755787178809987,0.1651769298733267,-0.9934317808007553,1.0795991556696862,0.3676849693863559
-3.3883886068897437,-1.4398814526625723,-0.029280021288445333,-0.34291160953734295,0.3277021552941943,-1.1570263190321182,0.10342499914857366,3.062341013859611,-0.8474745283843885,-1.3614384866380485,0.20065031089516652,-0.906604325223328,2.0949167512767706,-0.1252536267727724,0.1561428192961791,-1.9930640301325813
-2.3388082349005987,-5.321436412930328,-0.06722708763641093,-0.38738535301710303,-0.323707237988231,-0.13858053819901223,-0.1304529370880775,4.096729743220661,1.8628267738219968,1.8393988676519215,-0.8452483741632258,1.1107278604753783,2.5708019523670433,-1.6341403994646293,1.3972575680582613,5.004463270292421
0.08347575589643755,0.9082731821087043,0.7044000237752155,-0.1605478249767725,-0.14160119527421994,-0.45859888911399604,0.05115564956440404,1.8944671544908245,-0.09395664208320838,-1.476471733850562,-0.2504652003366019,0.9048957019281268,1.6621546310714814,0.4032957747896196,0.42715615197078627,5.597975418196057
-1.9214770569074808,0.3416499259458994,0.8719905038187835,-0.0191880128787996,-1.1663951707097853,-0.3997185787013534,0.02629787688454671,1.8334009509023286,0.4439385078687877,-1.0968245405415789,0.04992333761217057,4.4435495867596435,4.592374896515872,0.6570769068611565,-0.03961822941035124,1.4781632467209458
1.1844063836036351,1.2662866991264845,-0.006330783144357292,0.7495743624122458,0.5956044254051178,-0.18322773067699125,0.023190722098772102,0.09616324527799168,-0.33012098106831445,0.7845843265390846,1.3620167942709789,-1.0896152744700187,3.577987871678201,0.37666165913036564,2.5314317473569345,-1.4824115100828217
1.9596959082398575,1.5672382368220672,-0.0004194893085018808,0.6123848493918322,1.5909974357581445,2.944570409815436,-0.010635829940933688,2.5142496800352507,-1.8074310051991258,0.9956935232868237,-0.9315619965715778,-4.284797219801491,-0.035520240678548,1.7878494545976715,-0.3778377626962116,-0.1850986091780546
1.2994879877433285,1.4432198516626777,0.0017801883905995202,0.48975067430974983,1.5970467917189355,0.3889914595777385,0.02811103739054416,0.5184937860913268,0.9645455477250767,-0.1503121564666372,1.9517294218464836,-1.1301907202575572,3.8275713368272974,1.509643974952053,-1.0804380840826704,-0.9979505410750487
-1.3964364090816574,-2.3072369490664597,0.0008019959715325028,0.43594447658861046,-2.5461332004377923,2.057056318349597,0.09368039465373647,1.0063522915187189,-0.4940410773121911,2.8919916722531593,-1.1700150638915292,5.794354469410441,-0.04218788864427306,0.9482516636165269,-2.1896696181516093,1.7412530821968977
3.461282121876259,1.0965036768165228,-0.005387164789411245,0.1813035152879506,4.596439617223922,-0.20461540383238852,0.012464711452653826,4.075490388103485,-1.8110369835042037,0.9738479367684268,0.6573269425699481,-5.920112374456932,2.477237515616925,1.5765320495025,1.3880408027170292,5.499766823806415
1.9319777725563347,0.639846106117521,-0.0032697742911666733,0.08876106566519965,0.5406171220803302,-0.31433247036365586,-0.15885099472146239,1.624530978625984,-0.7221535625392593,1.1836662123714536,-0.48614516091542953,0.5082861943024131,1.8416705628044507,-0.06439691044486258,-0.03661788358290673,3.7062674733630425
1.5143567069160646,1.0615868902068823,0.5963814817806853,0.5099939619277692,-1.4700623073500485,-0.21324037306519347,0.016236330831518396,1.8716774164437413,0.10951301226361337,-0.08927535067490905,-0.20417773608371612,2.983494105207633,3.249523348830452,0.5165437896017929,0.04417963582709897,1.1084511777176786
-3.4510222339811847,-2.3905707706273263,0.27644681765873785,-0.5501172912042163,-1.0744118419281121,-0.5703383167137939,0.15664034259949686,2.245128517406774,0.4145938861705304,-0.9416489729748165,-0.6046972493671885,2.285579387255962,4.226025219315164,1.0473745379110082,0.5996693773359261,-2.0286857079209297
0.3212761979209917,-1.6455863383956917,-0.042760215892871,-0.6064185246823228,1.7599155819689207,-0.4410370731947822,-0.027239074615432634,-0.3653924163224657,0.5119533381494881,1.3661360953801565,-0.3849151029489549,-4.894690880774874,2.0074907162514726,0.7713958918880218,1.672386643349615,4.123206502267755
1.58762973738217,1.473110150642069,0.34233009328556313,0.6495364116075908,2.4055370093345507,3.5064069541890945,-0.07669649136420355,0.577531566071334,-2.000256985912641,1.9530612975605903,0.2950761163394268,-3.995029606198594,-0.08748102707989644,0.4001539489854476,1.2686660193603811,0.6635269785335224
1.1028455401284196,1.4879416408306647,0.4911332118150374,0.6458004646505989,-0.5619668511065236,-0.8745111176231914,0.018182374936369677,0.11950674055312493,-0.9758327858233921,2.865225508056263,2.2894740015447876,1.0785684231892534,2.0526994036408985,0.749695882065336,0.8099108906397284,0.1697392553487682
1.3557120530476028,-1.116903415596655,0.28992362272842287,-0.09594748356862917,-0.6135182433913366,-1.3426080050105118,-0.41652303634855875,2.9529350475933693,0.43249611324802945,0.4620897704465859,-0.01658005500487219,3.8007076014070655,1.7794510357306779,-0.21906246495874251,-0.04432988359980361,-1.0214603075053927
-0.7623055599670505,0.9103447015514403,0.43873643824887615,-0.012322421659284351,-0.32143320006638965,1.8735931438389597,0.0013195714941774204,0.06699442242621922,-1.8385897196271284,0.28416378341614323,0.4811975333138582,0.34744754599805994,0.5459495728605056,-2.82136031754648,2.946879641042501,2.593115988946717
1.1636405267521337,1.4683661261594119,0.01258061545256043,0.6494560375369557,0.6894069331585437,-0.17402625963624982,0.0305407310892756,1.6534835440691453,-0.7674977445611965,1.3245628262921374,2.0783031309023428,-0.6497678982343127,1.8974666493700127,1.5633341263717653,-0.6058880528116579,4.647806522635583
-1.1562862804813128,-1.7038747084620212,-0.012032238671369358,0.01361856437999816,-1.6151900170072917,3.321631832164727,0.10764097170457729,2.026486843812664,0.5474839529028368,-2.7409852674234103,-0.8108579359402815,4.475257384267386,0.019824700931354616,0.07468986604080187,0.2831551908146405,-2.2258615422258847
1.1867660035136378,2.0458183890120067,0.2728408575184452,0.5583141318120429,1.280018462974497,-0.003516178786894654,-0.0370705695277688,2.077118659677647,-2.0099350424143,1.3899740888546255,1.2455406633886175,-0.7142386826165618,2.1451899216249912,1.2357828499966315,1.943638582623163,2.4479650953675356
2.000441813976665,0.6909633341647222,-0.009501181344102853,0.4805864594601168,-1.2333285071013143,2.671760682366936,0.020896204038021896,-0.958730797251726,-0.3624415817879225,0.8575900376689413,1.5148851577565337,0.44520644598484943,-0.013664986873839217,0.6777338107134507,1.2184506129656165,0.25010615489906024
-1.722788276104761,-2.6368427247496053,-0.02503926165284027,-0.44224135147933413,-0.667998568865964,-1.0223134716938929,0.05569436355966447,2.349494009369083,0.5110975720794587,1.5946778681971736,-0.42506913530694634,1.8424629275981135,2.0691997585203743,-0.44341432033117467,1.4712903784620093,-0.947912524477477
1.3833307424556558,0.5737397725517162,0.38468368954907917,0.6677130346359174,0.6121496719848094,-0.44605459826117744,0.18447686720983134,-1.9619743288137415,0.32630554781969673,0.5644705200557972,0.7428734596753391,1.2235012558772198,4.726643419202803,0.9435418706634434,1.7311364143186967,-2.8528011779887206
1.8765562847138986,1.2354349165076943,0.03598467631826488,0.4952501765504175,0.1912656870422284,2.8727606816015037,0.02631503786864062,1.3524720322640924,-0.8483217647451914,0.41945831353464463,0.24545668805275384,-1.1605817870784638,-0.0875262704179418,1.688768253461683,1.1932191753428893,-1.6509692525491546
-3.6995027024351206,0.9612240754376953,0.05088429164457898,0.46312037449945576,-4.818811462167413,2.588015281326917,-0.02154391322432148,0.5529056413308494,-0.7358724188123754,-0.19911413209447437,-2.212960891977105,6.64037709238718,-0.6342326841353522,-3.3563275282160925,-0.5596335244062116,-3.354093154944571
2.5603255396621303,1.2330487890152837,0.25758129283487474,0.20456312799513607,5.03846741191448,-0.31756080258778596,0.0005206698071974136,3.8942189880546367,-1.7490489726378493,-0.6474574577504053,1.2231959723129064,-5.746720591395733,2.3388701425309013,0.15663352648520096,3.0227060194489734,4.694999041335201
-6.581228730303039,-5.201831545242788,0.024964123115780047,-0.6130433065950929,-4.568261310060757,-0.4394948452896906,0.04235492959457224,1.113380263198524,0.8813293641421049,-0.8388932267763607,-0.6216945037381955,3.558037637790925,2.6935065853433344,-0.15496657349872392,-0.07930968809401981,-3.777173230557915
1.5927049980793526,1.225464560917821,-0.00825736293820178,0.5750150796401183,1.3729177674587467,-0.22226016083464298,0.02731518962363984,0.3434042270325814,-1.1512479547614483,0.5239761776111179,1.1302655242707493,-2.5962937686199066,3.704570554820272,0.29350290207558233,2.245425611315385,0.7160732759230168
-1.9716341455632647,0.1401153326780546,0.5052208001986289,-0.24780478027805639,-0.7715956448768934,-1.4350968175987677,0.03156528707998779,3.1959638189825115,0.8886419131792386,-1.7243292835587833,-0.4687694305913757,0.14293478524219755,1.5043387493357478,0.2749638857076219,-0.05588416237639599,-0.8175977566479996
1.035433735864704,2.2792265868664634,0.3294187087471993,0.819706468003583,-3.3394719341450894,-0.13427207550527973,-0.366799854688532,2.3637983747959352,-4.283403062254618,2.5983372845303987,-0.372424019792509,4.008116004905334,4.53442146812318,-1.0072489239409512,0.5698082690697422,2.3898827547426484
1.552581364434277,1.9241046629465797,0.3370402844845653,0.8015855013824645,0.6849511070783295,-0.34753842768281346,0.10439970368105461,0.45270073555466417,-0.2018296600017211,0.8961200736622265,1.7631135298846645,0.4162157856703456,2.3871256145988764,1.5602677713414541,1.8350745827562887,5.727763013960254
2.67014162442817,0.3050782166714113,0.022043584120564442,0.8784838704602661,0.8733313879356623,1.8992495271065877,0.05140215218647301,1.4753005132375339,0.5453493446395599,-0.8248354859099016,0.21963868334384565,0.40223052400491616,0.7377453071744328,1.886385719454592,2.124520562602268,7.277797648890659
0.06424663987245234,-5.949959273538029,-0.021089283535152773,0.4608665565593712,-2.3910052143460687,-0.10204216037028242,-0.4903021952730092,0.9188970069809832,-1.0795560018130095,1.045773067514882,-1.3931053574036882,1.904350429145,2.8265548950816415,-0.12338843373531223,1.0692994806944889,2.569280007164895
2.6195955618177162,1.5954910286645727,0.34635835636218665,0.03874333236631735,2.451206401375093,-0.42933420050880877,0.018185775036169537,-0.05101970244392858,-0.9809905025733404,0.8964963630532856,-1.3051643221568314,-0.8445202184339973,4.186105989894152,0.9653385535789869,1.951406016243323,-0.513671006966483
0.37286432010337145,-2.5495201082263406,0.024571187539810777,0.02308919748628054,-0.9080096365193497,-0.3997756702871474,-0.08164127835753103,1.524503566846228,0.8710548473335735,-0.110012172368049,-0.2486612872685452,3.856538060261405,4.056151083167978,1.8375812337033963,3.5556700685634772,1.132094991490819
-3.462179947816425,-4.740437239268534,-0.054273301427093204,0.40037790951799646,-2.8305444982080328,-0.23648165653694556,0.0613890696811633,1.5706124273430073,0.9394112725262804,0.9035750593010823,1.0039626678258302,6.150157764542664,2.8622783899579276,0.6923400721208975,-0.16056490842777663,-5.7377440974210545
-1.1547600927641786,-1.5576717750635813,-0.016907622609681348,0.015609052304692667,-1.4931956174408467,-0.2881320017583862,0.0441531905411433,1.5918109162085257,0.799328151960233,2.1886662316883383,0.49416810557335566,4.201227220290432,3.9200090773303335,0.2853504097671501,0.5247318442762907,-1.630005553477896
1.9727337465431556,1.6637601156208102,-0.00407274444255892,0.141529268563557,4.879937159667875,-1.1160160823017542,0.013671445276616609,2.677262657144709,0.1276555822384366,0.9152158382775483,-0.07627692126637606,-2.8843688593476924,1.614792974213117,-0.12537081729518457,0.5458904109086768,1.8889391161690887
1.4090179663466174,1.1632126174843171,0.006357758393843363,0.7091506838591025,0.6096437203841089,2.870819300798263,0.05048907866295022,-1.2442868406156447,-0.8597189402997982,2.3332214175481676,1.04092678125252,-1.5862465811327777,-0.16930893038189407,1.6891173244108135,2.565435674220267,0.3530682097821249
-0.9399061250318306,0.7264539549937743,0.35663371996886184,0.40564131657959973,-2.2630944794360146,1.7911491779577435,0.031091807647649038,-1.0142526696110554,-1.244894406084378,0.5258780294409043,-0.6939172474795072,2.277902602038898,0.740993195097578,-2.7378879668310585,1.5771087616963135,3.9172408515100834
1.8259654189502923,1.1017543277611375,0.35637531341526685,0.5792860739175565,-2.7524653098996845,2.9290568040281033,0.022516680171465246,0.4517119252744715,-0.943288848314159,0.9966398195814898,2.0059333220468716,0.6949016257150454,0.05536405848119632,1.7731247928467906,1.5394177696752858,0.7090026128372152
2.2412964716581625,0.5642539809608647,0.5788420804449084,0.7517363761746363,-0.7141094680432245,3.523064931183884,0.02931367786183214,1.9835051053912776,-1.0905117457271873,0.7537518656727928,0.11601388746434259,1.4771758401719124,-0.2207155983176144,1.7907371054147758,0.2186948752779049,0.7039701508849109
-0.2941250177715592,0.03622128444290608,0.009542168522942814,-0.7777614920375594,0.4031816397456347,3.0991733206846974,0.03287257862494031,0.01871952969891389,0.5426031329115107,1.2425320970246376,-0.07976407342391069,-2.0316603286056054,-0.27715240243728834,0.2665801153534097,4.058120319308919,-1.362656145424381
-5.039001523166508,-0.8584050781346394,-0.04392068495696819,-0.471744943376242,-0.8712126400429543,3.1603178613069165,0.10641581257125508,1.5713118425915016,0.568051847679068,3.4056517902290477,-0.11779859700247018,-0.49617966839525335,-0.2562648830293651,-1.1822916620302095,1.5796745104292185,-0.6855280718507453
-1.7547507755774556,-0.8527592382768263,-0.04695570426246345,-0.1482283176966834,-0.3917891198789046,-1.11192035591664,0.02768584539143576,1.3046887402992784,0.3980473036539374,2.251891236084997,-0.7451376191885761,0.2531401795222098,1.462313829520489,1.4884699333273197,-0.04365313893218544,1.1144879816646223
-2.2607173777945824,-2.757564366734424,0.2317260874491634,-1.0433316264117989,-0.9894722820632498,-1.304596206677234,0.15288552914333736,0.9786577819553045,4.012568946005215,-0.09902784071700317,-0.7836527671203626,4.154159429450302,2.5073426254523947,0.6101742012553454,1.9360860449374222,-1.1719183751797753
-0.24804087378413778,1.4942867477620287,0.5392151341897126,0.03310503945895091,0.606842818439474,2.022643975219771,0.022762720959310725,1.3546205862429166,-3.1462495081708544,-0.4459669734250997,0.3571630328195302,-1.9748796523146972,0.12037843012792641,-2.17644972885003,-0.11308770369516041,3.663034291030407
0.8165407928166302,1.4851296594381023,0.1507083576092167,-0.09744646241339851,-1.0837885286143378,-0.28205453736777275,0.03322183024914161,1.5131370478756072,-0.5491880331056052,1.175621255583806,0.19585380797894547,0.5848689043107878,3.3259641331555216,-2.072066306114026,0.31755320518958097,-0.7955292631507481
1.9408923659648267,0.12327480515499016,0.0021731903250950275,0.6277796038524689,-0.5978215749165134,-0.9608943489777333,0.03036805319896714,0.5368775024284218,-0.9624106219502283,0.9137829841159605,2.1426698718457438,1.1262930295446707,1.859209263431922,1.4152305823309372,2.0477712357526623,-0.22139040470049273
1.1696880684532172,0.8366879604034059,0.5945921397276107,-0.14615991131716666,1.3106966384341068,-0.19526505875873548,-0.27685758267038174,3.3534565208939715,0.011563190669306316,0.13107219896205047,-0.025762158659553613,-0.4098117569542613,4.48078242498386,-0.951293321338539,-0.006241623098135357,-2.087094689000219
0.6671594739656905,-3.715644202719583,-0.025711170723243987,0.24561819824883888,-0.6684003670522646,-0.3529222705091004,-0.0965871940169683,1.881953725374422,1.1371700442609567,0.614333032258847,-2.357141304039974,0.8064956229866979,1.977105798977658,2.436661542009568,2.1749577952933876,1.7430965135487186
2.201901290721396,1.9946495392081478,0.2793629586687856,0.10750600284913596,0.22010611831228566,-1.2730694958523059,-0.1197093828212788,2.4924607925538,-0.9574389844291821,1.3111410845861213,-0.26964158159079177,-1.1531549969137769,1.4393101002971311,0.8317559036792528,0.1443638220277508,0.6134602717053862
1.8447843034759137,0.05691930497450237,0.021475082352014067,0.4548698075430837,0.4570807079080888,-0.10515782598800648,-0.1721144710766488,1.13184068086541,0.12181809792144145,1.8466736381752797,-0.708962254572216,-1.2577573429593123,1.3884914078559873,-0.4674104548960198,2.154769078157432,1.4615485846642193
1.0091985459426938,0.3571783808860566,0.011908732155440112,-0.05553064143937332,3.5017396720638323,2.108869902153944,0.017752969218485192,-0.4989386738459967,-0.8106031792810825,1.8190379380509183,0.6820591016035115,-5.32187094296561,0.5673136677852337,0.0908683571362268,0.8276232151499282,4.379883127144291
2.1246505466853542,1.6909888159769952,0.4743666298946858,-0.2915862023020894,2.5845275453683705,3.512357733838788,0.027124735032925954,-1.9576899989277357,-1.230700173839147,0.3445774079402323,-0.02003039886094602,-1.7866924978031447,-0.18918290248860903,0.3790085158709426,1.2431628562843529,1.1957917418041601
-3.529892672558164,-5.333509444169206,-0.026887133420084783,-0.2596936665673863,-1.974778200353319,-1.1219171642249994,0.05745258941903075,4.150805698995372,2.232070980335003,0.323902042776642,-2.011287557550741,5.007897649864014,1.1926722055227246,-0.7558759820405505,-0.2784313325786597,-0.6786099410496558
0.8480522925724406,0.42175178193058777,0.5657352378407093,-0.11299726458519309,0.5329477592106959,-0.5103057025681682,0.052214267074565994,2.5864367548212335,1.3327955399595106,-0.24582861171201625,-0.20097881997943767,-0.06214071111229274,4.667957874553549,0.3330423204283187,-0.1494029925641501,-0.7239570035462692
1.8687910094588864,1.072120608436018,2.597510283377304e-05,-0.061869051527026306,-0.8745190012904429,-0.2480796180279123,-0.036204505227850466,2.2479584385118576,-0.4135034858959062,2.5300559567690626,0.19929939525532486,0.14040802529183116,3.826636745239129,-0.7634649870418064,0.7807666742789969,0.08824901336269089
1.0185147693492558,2.3715074259638493,0.38715792372448954,0.6242474776610284,3.1662672707773196,-0.40416850591012227,0.015448004809881125,0.44363585744467526,-0.3688290999414885,1.190988432236837,0.14823013493269874,-0.8542072113224649,4.595244777787158,0.46247501103930955,0.9793447358528541,1.0922938953440318
1.8730628443556083,1.8112675493918229,0.381245985782405,0.9008818466302787,2.0923703241845315,-0.11333781155622359,-0.003001906265967227,0.9961757183934082,-1.596866671281056,1.1349044199104066,-0.3611546105599482,-3.3966147025792264,2.896007770080205,0.8557702167280049,1.7034996279736192,2.780166077995072
2.7272930949734833,1.1333697844986834,-0.0960372648669955,0.39640348245044676,0.528010997717025,-0.26454454408527783,0.03462895089688311,1.408620366479072,0.3635072469910437,-0.8250418545701973,0.6186099901441946,0.6303423250009476,4.417112340324212,0.299655318047372,1.3756690831884864,0.36401757846796257
1.8743743705302287,0.4201918499594187,0.5844526700197816,-0.17659978190113543,2.108685636355881,-1.2922309659866469,-0.03477004465884437,0.6095183959349612,0.5222687649590836,-0.43009993508937266,0.49289587626026143,-5.06375778496959,1.3636697991429343,-0.009836467665322838,0.049812548534611194,-0.9090609724105857
-2.695555030024354,0.7040135081790275,0.473517692072055,-0.7324296011396627,0.4289933630878142,2.8343293271692795,-0.015010073564822559,1.0033897171360526,0.12343412541946146,-2.053043646767059,0.30768729834290237,-2.4376960944459016,-0.9473086196206383,-3.507783518807441,-0.13592418989834795,-0.1457317473015546
1.1917349051908963,1.2028164395361145,0.014039920420023331,0.6958653344446201,-2.2890079669411123,2.6510190718366746,0.025208595598462728,-1.7800573221787583,-0.8663350691027241,1.8172111709768368,-0.032549240524833135,-0.6230955508115467,-0.016016042733904515,0.6137170525093639,-1.895156726757881,0.022131802371255647
-1.9793466823482073,0.5457212620037536,-0.035330994572015745,0.019732990693750268,-1.582965992354252,3.2579510687478694,0.06482382941561884,1.8113699531575511,-0.17178196547750552,0.6645596659161406,-0.3589110394012541,4.449409939242391,-0.12648171840947567,1.2351108226196856,1.6921469724039933,-0.42354362116900063
0.47386005309705537,0.5751547794572305,-0.005324631543180313,0.16612529062824558,-0.988821554989625,3.21130325635082,0.04779788102537499,2.7196309298411627,-0.11512524688310473,1.1686194239999859,-0.15299055448976395,0.1980138367116791,-0.42137770205914,1.0005943997197178,2.107415638685027,-0.041567175714235884
1.5158916392058785,0.9861397287649246,0.02139960176127879,1.1975169622710244,-0.40444693630598855,-0.19966975928513248,-0.0620396572110055,1.477059798071807,0.07587630501000386,-0.8688231844963406,1.6384316545616946,2.3438528887633483,3.2815017892351728,0.47634799729175303,0.20800518104858637,-0.4993292380826311
0.6006792408254747,-1.15256422699625,-0.016168117479494617,-0.000632751688038981,-0.7190285968949851,-1.0243978274051533,0.02806297367568703,2.1696604905777286,0.3437553242030911,1.8683545789455631,-0.5390270589738029,1.9436430115244114,1.570468616085732,0.6375471891713388,-0.09354715133259735,-0.2911799853623584
0.9375885329539836,0.5560778022733984,0.41418699283625854,-0.4708363993036304,0.5479424203259753,3.558204694041971,0.030730188249241695,2.435507459718496,0.3643206076349452,0.5895956152894102,0.25927130995990855,0.5361538114526032,-0.03570957227316294,-0.3109775524995844,1.9016124848876264,-0.5687465394907135
-1.895840200723508,0.77094428082949,0.3247213167258611,0.4063223597298373,-1.589578210022679,3.5327553151225994,0.021373184643101725,1.6940204240130898,-0.20637122041888403,-0.43660921319210716,-0.5933085629503032,6.89849134835079,0.3083173570640922,0.7442806862631133,2.1821058128944095,1.2250170625391297
2.1190295403943225,1.6340777078314679,0.27389702065255395,0.279151364088999,3.8021514578512976,1.7167758867313834,-0.005204670185520892,3.6740165310465343,-3.7171761586082854,0.603041550005872,0.7298375231630984,-2.911445500936891,0.43078813813059946,1.8298721620746792,-0.31962882506650037,3.098763167554667
-2.1123599889656437,1.1314990103057325,-0.06344460280512261,0.4509771116174092,-4.624216002241011,2.715518274268565,0.008691613863271616,1.3960945747308307,-0.36951048587289903,3.739496476732345,0.5470005946893357,7.03805049118342,-0.06407837713440383,0.5831149597386662,0.05935751975880967,-0.33429163731833494
1.7968745514178064,1.5887161888360517,0.3837965747259805,0.6083078290230242,1.3035000450698109,3.469560738131477,0.017246973839096517,-0.17319534016879776,-0.980613344813646,2.0532566853289107,0.45067292412963006,-1.991966121382901,-0.08840196088729564,0.3874448557294862,-2.0797234059074485,0.2985589865226049
1.9502381261824102,0.5111939467308386,0.016093425019778264,0.682049872723013,-0.6413305653480331,-0.19099761852773003,0.03080465182322159,0.6930737211334934,0.04580551256724011,0.9857177398080021,1.8572742267490558,1.9504229571264597,2.0367402770881533,0.6201401798895727,0.8284279608400307,3.9748544570325826
1.5465914592871521,0.7174495615216951,0.0007185637285532919,0.053883041634737956,1.996337682387756,-0.25657079236924013,0.018929582259743904,1.7907326168225945,0.05685404496251531,3.4245002567804015,0.7440182201518507,-6.444117005868697,4.511678472339099,0.13245620354270132,1.205295669630886,-0.08300674810234596
2.6039923167223664,1.3460644233398358,0.029359631670344506,0.3954551797737056,4.613030647882309,1.874070545097072,0.009824643778348527,2.7070938741603316,-1.0217882639298626,3.663201759268504,-0.44622240750430864,-5.170803873822834,0.7724465565751581,-0.5242146492970255,-0.16306513707763695,4.484864350158408
1.1775817508133795,-2.1587740102778397,0.037516241832898284,0.002900549003388994,-0.32348664798776794,-0.9773597988961853,0.045982622556343805,2.130826632250323,0.16000462384583045,1.709557971769725,0.1228018736062733,1.4245285421809557,2.0199033932838084,1.2494484268422603,0.2965890267923831,-0.7171871253985028
1.9247826015892135,1.5914501159143633,0.5683335385199347,0.6416079404108886,-0.711039913617919,3.5397862759127725,-0.0006837314075792984,1.5945085762746578,-0.44836607067265094,0.9017436725374427,0.1317320052241397,2.365290328944469,-0.3687100899219444,-0.08129328381355672,0.35495464204045113,-0.5616776724500812
1.0537831085843232,1.3401396098529643,0.527343206220939,-0.3383024412391633,4.787977755991124,-0.4971980850869971,0.08845404848790704,-0.7306202632785865,-0.4672254350017421,1.3793484452775322,0.6027333487528154,-9.348915944901323,4.596847608025133,1.879877462228676,1.4403911224947752,-1.0071529367173235
-1.4032989710132822,-1.621696676912067,-0.007493609957096889,-0.28124882293907033,-0.5229613446897211,-0.4952652566807956,0.05023079318789037,0.16306565581454585,0.6950541340861939,0.3842988879898636,-1.4782764801295405,4.371902782983399,3.7312643958941356,0.1684824221266575,0.26429098816063334,-2.0865099105709746
2.1193975386934434,0.36012991832002755,0.0008519765565908081,0.04741228436163871,2.005691430094948,1.8238581968615364,-0.052129036413731414,0.5908899684488602,-0.24792260557369392,1.6475083514145579,-1.205092278141819,-3.9912704411001805,0.6713958664861545,0.20999412206000517,1.4396722288600463,5.637579039460248
1.722236089982454,0.7882631164302646,0.46851334740360145,0.1563525983728812,0.6193454881530189,-0.3737231734943104,0.05362451788260173,1.2888935230963499,-1.1395764140666036,1.2904160451203943,0.279337571968922,-0.5771554560287223,4.695928374467709,-0.10179651939191146,2.0776482330818946,-4.644134055604921
-4.005926191096618,-1.038553286631434,0.5905013258693247,-0.31663986870890287,-4.996488271385504,3.511980344209681,0.08473061118615645,1.7578868160890726,1.292364620022178,0.5548320752126618,-1.0750770591528145,3.7000599809192862,-1.3952505561541406,0.01639037423277482,-0.36124127177610194,-2.3713346233112222
2.586752244247276,1.794726099442703,0.2687256892228472,0.47030412543862987,3.37944792333299,-0.2602208362073931,-0.03991714255078606,3.7552188954115078,-1.8427601425870022,0.6384672961655526,-0.3906153347663748,-4.056254055934304,3.3090580452578107,0.33292574165440847,2.9310833941230636,2.513044286446057
0.9423264401020358,1.1582440728098702,-0.010944417558052,0.569033211657502,0.4799618335150149,0.3893982340109122,0.008895919424427069,0.4430928895573478,-1.1953375752154152,0.5031292022432988,0.7106498390645736,-1.9184868413681315,3.873019334981478,0.48908150991665866,0.8466768902501893,1.3707967717033098
2.0325906997630825,1.2522832730221611,-0.010563912339679555,0.14977915040565115,1.6423775372749168,-0.21348563782283322,-0.0069957309475534215,2.2983851639520805,-1.6529312320838914,0.9983514831640804,1.2377128075040074,-3.4956576334138494,2.8646217757159307,0.7127527942267895,2.593300675487129,0.2082993290908515
1.473032320504233,1.1844271547032599,0.35212833562902973,-0.5705084227069005,1.1454224172804561,3.518213137422507,0.027475260645719587,-1.881209247666898,-0.37059589110344454,1.169453924788308,-2.141824190797499,-2.259570023205831,-0.11380122900736428,-0.007977260256948568,1.3675771385417532,1.1912255683379158
-1.7659091276639125,-1.7601285859693836,0.5797992036520264,-0.3430415302156869,-0.6097472423444888,-0.4060742528431861,0.06097901744041821,3.3873083621969142,1.671982066763717,2.8011291188917085,0.044295088066479575,5.349706028556768,4.308722658976873,1.4954835493803027,1.0310691588285619,-0.3447412345300771
-3.00471207127515,-2.7802014141929465,-0.028870558215743688,-0.4657891998606242,-1.177093753522389,-1.0330835048731477,0.02631911776959009,1.710118300047917,0.7762051284314184,0.7074557803814264,-0.6352247126709203,4.201990251742429,1.6137196054405114,1.571179448248314,2.115505641167599,2.8664427185526127
1.2873131092521755,2.2293066389414324,0.389269332327159,0.5174295577704994,-1.8163505305583827,-0.10592129279735589,-0.07325535690507273,-0.28775406026174716,-0.5257650059716127,0.40172851179120134,1.3297630795787694,2.9316882296257765,3.3829220170247116,-0.8516486742785412,1.2940956502409988,0.7473355325274975
1.2597358651584458,0.840044507709718,0.023482677017433708,0.5543325600657198,0.2893393224577194,-0.7621226236307678,0.03406279499910954,0.5917809721654795,-0.8382309751152828,1.3964699336307773,2.383817727597553,-0.36777428383774363,2.109841651402546,3.092818018589814,0.33810304715755657,-0.19714000498990314
-2.182371473516866,-5.71431856546917,-0.0011202947907091117,-0.22275804556143852,-1.4439179329699117,-1.1357742529245365,0.0549603463425267,1.952548923701884,1.023313635820817,1.8918728338990218,-1.6688561600299403,2.5597002249916607,1.3514159655005915,-0.09601492554363182,0.011943677853264039,-1.569715344146582
1.5980111999851436,-1.5326952611628717,0.05165791532985,-0.3199950788552371,1.2673856175378397,-0.40569646360996064,0.05073098152277999,1.5204686620801355,0.3788225450454069,1.1146079925061945,-0.24539682821637326,-2.319991112472285,3.113713145256263,1.3143169876518925,0.6386916015423827,-0.6903398250816931
1.5991748579963925,2.0802467780030183,0.6041895925575151,0.5784309379276006,3.5345781490729755,2.3138936454790633,-0.06699250959809132,2.128847254334159,-2.4418802268224953,0.7082573078089397,-0.21834432675450596,-3.1566847620675262,0.49010271133398126,0.5752390851791149,1.166857064710482,3.509223128985744
-1.6972057203189945,0.13327099031971823,0.42398142559040836,0.12764431814817956,-1.0978318713648967,-1.2709691600918744,0.028378364788947983,2.4557992085434126,0.996087515677144,-0.705837447301429,-0.8587447973270297,4.460519270734179,1.1760264025620812,0.1675106746179737,1.3878633742436621,0.4077495886821968
-4.126286240567497,-0.575519016453575,0.5168698555555229,-1.3526089100599503,0.47257095409566313,-1.3778071296330603,0.08861735173463187,0.283573189159118,1.6453707540156473,-1.10526232972229,-0.22598916434037516,-0.8019016923859741,1.7761556424620488,-2.2074138345459833,0.45143437728053193,-0.27195510365740333
-3.0296145743991776,-0.046802313195874155,0.7513665845968921,-0.42914400453465673,-1.1673924762312304,3.500992043176784,0.027551834405923698,2.2067628483295394,0.2634410031733458,0.5454013367366459,-0.4711720680386521,5.490479503120359,0.5552709766192635,0.29005239947411393,0.7357720315186428,-0.9588226775544876
2.580396010946628,0.8103364008936657,-0.008740335764820332,0.5824634350043496,-5.995973031862988,-0.7162448169974736,0.12907193973662504,1.5971446449495414,-0.07900858143385424,0.4859848072609213,0.7345732463874374,4.290379863866819,1.9178954173748937,2.2656530110762234,1.146836192835577,-1.1626792445909808
-3.6122038095710285,-2.6451424672770862,-0.025628506903379537,-1.4794146536126274,-0.8256887784532179,-0.25754541317099766,-0.38999396610806314,0.8287773019356738,0.38915641918541655,0.17947109926611976,-1.5873751000462575,2.4446107056639845,2.2428297475993144,-2.006908783838611,0.24273088737501813,-0.6158412678784572
-0.010899731131716389,1.9827588439848316,0.2573538618889329,-0.3917882482802212,-0.4092160946535593,3.4449559444064275,-0.07027174511196183,1.5883499707186308,-1.2326454966138645,-1.212723747948356,-0.08317056351930491,2.362182188206759,-0.7315005955549637,-0.7594429054387443,-0.11616869224644713,-0.5427221079124952
1.697409778582415,1.534777410432133,0.002948546903592571,0.8041844130914487,-0.3673282366836566,2.8634519301916113,-0.07615863650511336,-1.102893060221752,-1.0802224214820244,1.4849928480722363,2.1936525255888752,0.3281416919977938,0.08401559776377181,1.946563288625745,0.3877021921484804,-1.1218610478165199
1.6038346509183212,1.4639117155751256,0.058091883368977096,0.46665188503484845,-0.7558702738831888,-0.1896073455800579,0.07658638179244608,0.7917667561588517,0.31700146459042644,0.018857270065533224,1.2375464288181788,0.6177714433133192,3.4870192513924025,1.3472387899215585,1.0298298076549974,1.0024984068751348
1.7058161272004226,0.2660299706476697,0.34475719208072053,0.4629001199542224,-1.1465100002249518,-0.2803677414277447,0.02158850955048094,1.6159072808734731,-1.04648419226155,-0.4289732776234014,1.7423311300383462,0.3594344768731528,1.999701388249178,0.676196014726542,1.5722436593528624,4.009754254660328
-5.005484001861674,-4.54735873530369,0.30786158516311585,-1.3278449099058078,-6.682869303433512,-1.4479040262554024,0.08433915543414833,0.6579009003160708,3.8077502298202655,-0.660688493196828,-0.06741212305242193,3.189743594213954,2.0066324370896353,0.1359476342151592,-0.11773749809787677,-4.296195240043636
-1.583067911863584,-1.579638602556537,-0.04618296332748554,-0.5237734576911584,0.6251158152421017,3.5024180851455453,0.06330487153085441,1.6380755556641426,-0.4047893909073078,-1.5747143015993508,0.16144633167348027,0.3667811767796211,-0.7387599562977172,0.6799224980404651,-0.48313449735075137,-2.4820609796643383
-6.694216828709735,-5.211108950703715,0.04128140814764723,-2.109509143681982,-2.627963407577047,-0.4747204359567133,0.26234917167653965,0.9413539704146122,4.0298781105204595,2.7978974855249197,-1.179459505771416,2.58292960932744,2.1116453204335546,0.397932643508612,-0.20775834582762795,-3.232085894269223
1.5947754820413578,1.653698795646652,0.4134179774407277,-0.26405605343665084,2.6685952586867923,-0.46799756985669644,0.021183318380035728,0.645909643908272,-0.3307693025104754,0.628329503317249,0.10238951108456919,-4.645630112096031,1.529451298277897,-2.5792838203307316,0.48464603687317237,5.767969262538596
1.2916595292191762,0.6446357918026625,0.12624708779642524,0.7364875451534413,-1.8316795968577766,1.659682374655234,-0.13980317523121638,0.4927356708285877,0.10787501320277182,0.9591363475097509,0.9662644090400216,2.8403991677758698,0.7610879165932214,-1.0772706491951103,1.482131002995741,4.767518776226833
1.0078352213360156,-1.282602093844878,-6.633776089979203e-05,-0.1851490908213183,0.22176498912951503,-1.3389941395132092,0.04585618776205337,1.439398606264257,0.214691527823335,1.003294644661177,-0.3689483884195141,-2.117940705920152,1.6596528851512478,1.3130816411975765,-0.04583893787329176,-0.78311518251679
1.9322091037263749,1.3332327908853414,0.00959280664013715,0.5804479816361695,2.637193500948179,1.8665256319327674,-0.09995696154691858,-0.25645839821271077,-1.3189060393863923,3.368323346273822,0.5151047637937134,-1.2144615739453994,-0.7628824080241672,-4.515895972628299,0.6409478808763576,-0.9425733792335897
-2.8728238730243767,0.5004108660675376,0.4982345031489351,-0.2605966380659326,-0.5049505339600314,-1.4448587877597194,-0.04952233760052006,0.30812525395706064,-0.2309921070380276,-1.5957550928098962,-0.8498998113169721,0.6661199169532462,1.237995083818702,0.9889888552616162,-0.1051643559652414,-0.4442527237939936
0.3322242314280346,0.7180720069597571,-0.0004992948463493341,0.10667559065955992,-1.0785338602073165,-0.37518544288522127,0.027038224608756725,2.951085805996083,0.44452663943697707,0.7349774196143801,-0.5461454164146025,3.973731571186996,4.561107591446685,1.6943519301100856,2.1922779702920456,0.7030591181182061
-2.20254731802706,0.9898021032926465,-0.06197444078775062,-1.1536787212814197,0.5339990073903862,-0.4314409476252777,-0.12715389818468512,1.327531800896912,-0.30461309144492327,0.3079028234329524,0.24121914203668318,-2.0362399520030388,3.864882265451864,-0.2765741481535451,-0.700179899532345,1.8907167385829144
-0.9302900604866844,-0.03857200281887539,0.0015011418372634874,-0.12272738764838287,-0.8914322999409007,3.326807454258705,0.03278917632320872,-5.516189376558648,-0.10898715881591432,0.48077693692487,-0.18094833604264696,2.586430913588056,-0.8882388690289108,0.1496427931682571,-0.0052356265171020185,-3.707911591462847
0.25548869679644265,0.2900555544994143,-0.007885913865981132,-0.2563444309499924,0.43965614910739254,-0.1887982708073097,-0.17057615519010969,0.5205203027831444,0.8007130510013495,-1.5121162986590346,-0.7537745513581505,-2.451332659483021,1.4688728003552822,-0.15460693132905884,-0.07627599775891593,6.09964487547254
-2.2142082411448363,0.7660493312095437,0.888358230606471,-0.7882568043584186,-0.5587374553751155,3.428550613253092,-2.8252561506917324,1.4323527329782453,-0.10096339682812626,2.979310684701014,-1.1316195621654375,0.528372343226074,-0.003527336248188293,-1.374507496773928,0.44483919913998005,-0.4776247785212335
-2.6884698513146548,1.387503823546986,1.2796196044312949,-0.01997196993300048,-0.5220369484527689,-0.4835499924204793,0.4284786573026674,2.6598927978980993,0.45172941464438254,7.5340713597962035,0.6775558451730502,-0.01603312385622884,3.24759382851991,1.5173145743169378,0.8295591286111424,-0.22526265961236927
1.0607062859776428,1.270027317471282,-0.0008567134452084123,0.31143765025644343,-1.5460498521744992,3.194562248660403,-0.03813594847668523,2.419663025186034,-1.4467501188802092,0.4294007818144083,0.25821500788438306,3.5694994968730507,-0.3055568895339059,-0.2680484588199338,0.1179838890140036,-0.6473414142446032
1.561191470618818,1.5158727686296913,0.3418261851927417,0.09800194707645557,2.088496930321944,-0.22478295809911703,-0.03135162167999943,-1.2635089341163197,-0.925062914261987,1.2101105605288494,-0.36837070425297136,-3.4299397378209213,3.0585372473581844,1.1214530964106915,2.2961530949438638,1.73970895977288
0.6703571440020822,-0.81806363410536,-0.08991064259893,-0.1052003654566187,-0.042263925346067946,3.3667846525844367,-0.03379928223728786,2.2257313841877604,0.42579276478959727,2.577948169918842,-0.14186859987323872,-2.605578674160289,-0.2369643352668042,0.6023237979572741,0.2589171276381309,1.9946358498350703
-2.0002106769647545,0.948717025784643,0.23398014528526426,-0.03660645995244641,-1.5796416676072984,-0.4041832029083048,0.03285375818252469,0.7678398009768732,0.3799873947533465,0.7167448179429436,0.041201471936635835,3.729290471300311,4.108842341753339,0.10869787617885933,-0.17129221866682773,-0.5121681229030998
0.441200493009119,0.6190898139869123,0.0005442322478072788,-0.20674924194824335,0.6188538430193371,3.4042632424440122,0.04916010785963664,3.0779958816582056,-0.1413948540865615,-0.35337187964057587,0.5834853214334037,0.4058715905159717,-0.2690491441983011,1.4336498399886635,-0.069384755751995,0.8890379148112422
1.2492255185477614,1.069369644956889,0.3643522986198204,-0.3638333132135795,0.4464941757575421,3.543530334735345,0.035104968631217766,0.9690384539395209,-0.3091466766719321,-0.47552046487669425,-0.5221672721114052,-1.8845928987302896,0.03622021213188605,-0.028994636398387723,1.3102291624836169,0.4189311063043552
1.2190760197105655,2.746378642156952,0.48913016041706264,0.9188110227011735,-0.8359138695074213,-0.24293462141325842,0.04269546185200118,-0.36138522967298686,-0.3967355981373074,1.030136660611223,2.4424174545159145,1.172069639888689,3.687632377515264,0.6776544752916964,1.5470043054262779,1.5031007528999778
1.112873335009853,-0.6393252909375127,0.007326728967830292,-0.36418219492815984,0.4004502203763521,-1.025609186799004,0.029458759635730924,1.4937193608915769,-1.0374365073717344,-0.09688489661890197,-0.2931435913432028,-1.7620115363248128,1.5721435357842282,0.13356213256282254,2.7438548225238586,-0.7342703434542861
1.6653842194794315,1.6308180248015527,0.024671328579981763,0.45719051490260987,0.6178577121573483,-0.03715877664063175,-0.09544639528048686,-0.11105377183558936,-0.9762962491422338,1.9274028351440013,-0.3827548953784278,-2.4644186507724677,2.7497355640968237,-1.5406529851716955,1.619927775129237,5.495741478430362
2.3200112629580545,1.7787692875767018,0.502639381714244,0.6630511761619761,1.9783008027745248,3.3502868890067976,-0.0475927908235584,0.24700317465251118,-1.9878759335115215,3.3641586463694857,-0.21156123001894242,-2.3601079041261044,0.11039653558924484,0.6777291269652523,1.7171258266680933,0.9074702599283447
2.2820442338548275,0.31062663440319677,0.005315644733808934,0.5025619091242604,3.067377662301354,1.8757229720632864,-0.20042342303703942,0.17932536984172626,-0.11282000136644525,4.158753185008059,-1.0355511935383477,-3.7143038810248203,0.6719509669471991,-0.8131688404429454,0.26453099447453016,5.231608288683498
2.2383298884099214,1.549720781004092,0.46828198596440973,0.5271413630273242,0.5329464816229892,-0.3197587197899896,0.065151479365904,0.946033331897479,-0.4906124549469016,0.5874730616006411,-0.0023813531351688354,0.06805603344634281,4.621185085013527,0.14171051846770844,1.3139234953790908,-1.0561848606599538
1.7407815284333668,0.4250978756389398,-0.03565973779061059,0.0822587559238035,1.9313012775775822,-0.07527811793397987,0.005818160023998979,1.9090923292614872,0.7475138065880328,1.1085324567321442,-0.20531953372625592,-3.246199333247528,2.844690819829082,1.3596916035126727,0.149951025551208,2.178655437019155
-1.4232600240586553,-4.058811633100787,-0.013642830999051093,0.34520064923816457,-2.6458076954529903,-1.0002912063101062,-0.33929643592543013,0.7225311908636961,0.7524102892791895,1.4360838028229996,-0.14216236668790427,4.482472390965919,2.159616288333973,1.6237271816826624,0.1795719199773606,-0.6395163351798384
-3.2536853191327855,-2.3661402915586938,-0.03759811840788815,-0.7246433906521768,0.10935008627011886,-1.1421105134512015,0.07064775066869275,2.7114905879804008,1.1789384459162384,2.046393233876288,-0.8981170389213026,-0.09476353080232873,1.7380114632006267,0.19825368944901675,0.19468588178585652,-1.2629406163997428
1.882938227184283,1.0953222397666216,0.5742001917059677,0.6932521078572608,-1.403545076773183,-0.3407412172603668,0.17684442239820483,2.607140856714631,0.18859186276104464,-2.3061789297965074,0.15381422752525575,-1.1315268824718745,4.452776133785802,1.491855014928398,0.6259602409343785,-0.36604633289684213
1.2672801561036553,1.3309628049577462,-0.008233444541791412,0.5952268766540441,1.793079159605096,-0.25639996451963043,0.029313225138880912,0.6755356240738969,-0.598822131685973,1.0361528828374174,1.222452592516672,-2.1774812585488874,1.8975183533876832,-1.5839158845320493,1.2661806469569608,3.475083502533121
1.9898670998786372,2.3871720486514767,0.26452224160100446,0.47212652988604104,1.4184777899752152,-0.9379261389652765,0.032504449812174506,3.657357502739575,-2.00204215987219,1.0044525303665481,1.8318503607619132,-2.4638691999985527,1.805654888268191,0.14221353805218065,-0.3583658633310507,1.23643345026786
2.6525249196473903,1.4129849630335432,0.2507542123227855,0.5630836366800822,2.0574107571986406,-0.27507965829850706,0.06948019578172693,2.071786183347187,-1.882084738225097,-0.8399730213143514,1.2592346672837633,-4.05058482877611,2.2515198749814385,0.10743196753808835,2.1158091077789356,5.015397487583154
1.7557777202281006,0.5424094886623809,-0.05897610532274961,0.5108486141551116,-2.0885675109384088,-0.25178260401476404,-0.031213910261139198,2.0280478256045984,-0.26670257546663956,1.4938963242228926,-0.13857243655360857,2.47948781749857,4.3123016673666354,0.9589186706637369,0.12333945871510227,1.9545705239909261
-2.6154680995090893,-0.36182167465133047,0.3060059298032317,-0.19633915647974404,-1.0967995409957572,-0.42476848736227746,0.03469156366162524,3.404605072700474,-0.2546055636664479,0.5141948574168173,-0.5451306529321467,3.5976893828998806,1.5072500096621564,1.1255989437211806,-0.05451788234076529,4.8041886166558525
0.5395895536595587,0.2789423511393697,0.009650696146601044,0.39768293110628633,-1.834756227093772,-0.9920689410487358,0.0249564298985949,1.9230703482784095,-0.0656507053172858,1.2736216914120113,-0.6445737466111521,4.3892652291345335,1.73720276823816,2.108801908321162,1.6539941466091344,-0.9112448427839002
1.4725463858842414,1.1720250410393485,0.5712323195484844,-0.06877705298655737,4.879565536553251,3.359777509878663,0.03375232508107527,0.6122712026624066,-1.696212442051744,1.5205572094518403,-0.03838932350151537,-2.510976796518974,-0.15198767237753158,0.705243014154048,0.1270354854397902,0.19512868327750332
1.5683198306911328,2.028167272935843,0.3292366462259672,0.5652734569832137,1.1818782722984866,-0.14009830710875779,0.034811340447287634,-0.7198651280504438,-1.3420952763435199,1.524043788808979,1.1682756091685578,-0.13567994285319654,2.4158951671623123,-1.672369166962575,-1.2750712332606295,1.9795962700554397
1.4078702313335318,0.8510242720129798,0.3579938834365668,0.4467233853714466,-0.7775171851556508,-0.4655149957954963,-0.018840852958884085,0.8244578558976609,-0.6701557234736557,1.0263794639758992,0.293374709974482,0.32548802018195055,4.820323981250857,0.8986301038052462,0.472625893023564,-3.416879188286605
0.40019898677327076,0.1543549395153088,0.5543923083977512,-0.07420564825358736,-0.733202007026053,-0.4441900496666213,0.035051174994911144,2.205070082075029,0.39200460068742066,0.6178044965491216,-0.6283706767526784,2.9741175389432795,1.6464104548694043,-0.9167698815017482,0.323640281562704,4.312208012728513
1.0270479291959438,-2.60095612296398,-0.03336425342142272,-0.302459347749328,1.1728229998179198,-0.1191050883971681,-0.05046141827078156,-0.180809765725096,-1.1395345444856304,-1.8543553311569674,-0.3403692495086913,-2.396396743946281,2.674848977423238,-0.7626247163825235,0.7230229945106078,4.043704376595675
1.6616085839849886,1.8541951879165637,0.2811255256747258,0.6487955640359878,1.3786535082754445,2.937142738563529,0.017823908335237816,3.5641440478288455,-2.0204468563255884,-0.502741007860148,2.011584202882608,-1.1060782098258344,-0.9100998145505629,1.4120361198552385,2.966488237435645,0.13020941587586346
-1.8450482754189834,-1.4467856133702566,-0.026369565522788085,-0.24005988849787796,-1.7398543916152507,3.3294246922607167,0.10522138271006376,3.9556517277812913,-0.5225666250338801,1.8777205805873964,-2.007827362664226,3.8542197945948615,-0.17349323074610135,-0.6956833159665112,0.29578503846760956,0.1608132068490447
-4.059921222899976,-1.5692007660291896,0.823695090987024,-0.6285332940139519,-5.78307779427869,3.5392198656062503,0.793359364085432,1.9157121135450073,-1.6403090641280065,1.5508992966131876,-1.118387682085653,7.540212447102392,0.016407261821955427,2.338397357182612,-0.04206080140346433,1.2746606728371106
2.2626107072049684,0.9336994691578058,-0.0036322825276650845,0.27779773382016965,1.4573221056269525,-0.21487629550788945,0.004585525179589808,2.846208157827128,-1.0391971780076146,0.3396737834469736,0.7566590701644063,-5.569225473693769,2.188652197307262,0.39566120355738094,3.025760039857025,4.414702667398753
1.7646939268958697,2.1724047797332955,0.31769212299903377,0.5602078017711041,-0.7716581013016054,-0.3095653061915964,0.029140413569973503,-0.37193912624735737,-1.0425501221002755,-0.8611818064718675,-1.500768086018362,0.9151875520262004,4.136832542668455,-1.90997234322725,0.4539359226787941,-0.7931582248388269
-2.0149787144458826,-2.4179860723450575,-0.038090669370207726,-0.19767101141875534,-0.5689337580283654,-0.10671669373565634,0.0685929096745324,2.0590433004560325,0.8665829332213465,-0.09755059483943627,0.32228425003820405,3.495122858788104,3.005134350006056,0.1850158998612767,0.30901682683798243,6.5906006487798745
1.0229341968007055,-2.7560147003230835,0.059810454589854956,-0.004114145741528901,-0.7491277030735534,-0.918335157424293,0.12572730241887362,1.5819920967114471,0.5686450425523815,3.807916223304149,0.40240984415721137,2.0321483013281383,1.8848566849385193,0.20438808164797478,0.19290768804867534,-0.8488529340259277
1.89656552296201,0.6558060393846761,-0.02658353666603161,0.08198065593894446,0.9837613454048917,-1.1113031813789227,0.2975994692179926,1.7792796155406982,-0.3249145763287178,2.2959408076620758,-1.5982798646047753,-2.4402192007437353,1.5813972812464245,0.5083067216372745,0.23976409520354672,0.8710010455242809
0.37923668689471957,0.8763581914236968,0.4461289388942066,0.5382142924006367,-1.9763684251791611,-1.2423108024235336,-0.25447271586210557,1.9130013327082067,1.5245810642726136,0.46386291413728964,-0.8024467788476984,4.087568872414214,2.1881374271305742,1.542038031023911,-0.2667515723318898,-1.3289854573946813
-3.9273708759847272,-1.4757359383377102,-0.05008635678800157,-0.6493519971004684,-0.8012474206758503,-1.1683837590784436,0.043632045960709576,1.7887043724384315,0.18257371070066095,0.8532983650342477,0.061931459050737166,-0.3086660810360701,1.3094643024699375,0.37299586602355955,0.1653136662461204,0.21672021528688656
1.1698309266501785,-1.5735981407542365,-0.08952190160902054,-0.03939130011843424,0.18753772214873865,-0.9888893554427409,0.029774552621526,1.3380965193964482,0.7198615414193218,2.588350489950603,-0.5187337425427473,-2.517912476785334,1.7590779903196743,0.11496703715159887,1.754963595878151,-0.7870857288587874
2.0531858232553395,1.3784431595850524,0.2922397774750004,0.3354273998668035,4.1739189083144,1.782584768687134,0.10188366499450328,4.701579908150528,-2.926334480611619,1.469251658084916,0.8368854080074142,-4.589585124357584,0.2603483786419718,-0.08203817051713926,3.1827212355777026,3.3079036012957674
1.9166419497599645,-0.15426926720385126,0.0022591214086824783,-0.11432121568417615,-0.484301695104339,3.1755404523081787,0.03292014251912592,1.1327126988746037,0.4139493198984894,-1.6990994824851018,-0.07818323859356072,-0.7093797840321571,-0.591708321585871,0.23667664337230995,-0.17210955615535448,-1.0543290613963017
1.352539264348017,0.5895533374799463,-0.005123583594889034,-0.2942883261277378,1.7508977727262371,-1.2616909463604398,0.28590363905289506,1.6067634450317594,-0.7366643023498018,0.30919408205844734,0.4888364507434122,-3.354380594893565,1.5798219310095383,0.5888846419683424,1.3661578780079915,0.9652328810782875
1.9484660730106518,1.4404383959238332,0.30681372355171344,0.29128731433075805,3.468431140786322,-0.2463565928632088,0.04205989461722733,3.714299023343647,-1.6247266861806169,1.272486426346221,1.6163260957662449,-4.6953769807303045,3.093583903962134,0.7404074890992167,2.2835545553459546,3.431968292163417
0.40336671099215826,0.38538043857082355,-0.004800534469283053,-0.1196352067934631,-0.9862657817719406,2.158827412524653,0.036933357734520805,2.5509867210637784,-0.07151822990055756,1.3484883840425048,-0.625444092802434,0.29130702353495874,0.5332075600572702,0.4939218941570923,0.12667328216130813,3.7810686453920113
1.8547149839341754,1.304943799094922,-0.008843567827634192,0.043684165127450776,3.475129516597556,-0.1809278590587118,0.025578776959271837,0.22208751434220173,-1.0749235984859231,0.6755837832934124,-0.38855058643103785,-6.657641883777739,2.4605109672783447,0.023911193904668518,1.8706348225353602,3.285227938585815
1.6046331601914015,-1.7474782124615207,-0.02093846432323555,0.25189683608479624,0.8852357097123966,1.8842343422235066,-0.09906106467957311,1.1047635985095685,0.39176917241810433,1.1161841256421972,0.38762336841374767,0.1913173136488701,0.7355395261560845,-0.27213517189396486,1.4590954969077434,5.866355632776192
-3.2976390367076815,-0.6270320175968925,-0.05007355292239885,-2.320659969328528,1.0569127258179771,-0.32017274032291093,-0.9550354444210185,4.402180002464475,0.08952410849416562,2.758526058173934,-0.5056513424497677,-0.5554288957465013,1.520458267164991,-1.4241919462148485,0.677507779428267,3.9897620570840147
-0.6668786446013963,1.0325824278673084,0.5984855638101743,-0.24969615366790848,-0.8534105705241553,1.754924779960818,-0.07083631970910176,2.4000867702895197,-1.7632291638052,-1.4538314940987835,-0.5519015527380515,-0.24097292553623398,-0.12769571716228384,-1.0196351127497574,0.043247204256709526,7.327949215745954
-0.24374637816335842,0.8391576427823481,0.3523199145754364,0.362711985921022,-2.715875230307356,2.342601236034087,0.03238728674812693,-0.20728859757899143,-0.860937110552584,-0.32657535576713737,-0.14099180548555926,0.4614263803455968,0.6897484259179095,0.9936405252961062,1.8969980834368303,3.416514146107364
1.7167635918518502,0.3615149590765533,0.7228694078675724,0.16948695065913363,0.5290216720490831,3.7008040791432584,-0.1099206432210034,2.6108911365534655,0.46529733886186175,0.09728943944927608,-0.20659493017425054,0.6558574772098265,-0.2977517982183653,0.061428712464436944,-0.21503007038414068,0.600518860876377
1.2065807988576611,-0.011877524066923797,-0.008141258110946318,0.013822364652593476,2.1529194120070594,-0.9942274093665102,-0.0034513302124367486,-0.46209533147732673,-0.5628026878466024,2.1413206295883156,0.15349455922567345,-4.158757725247115,1.3650013689320364,0.516109781531371,2.6521203357671057,0.7890600335848583
1.3731834195284134,0.9748425259297896,0.3184105169445263,0.14598652187483754,0.02763963307423837,-1.4606604575181314,-0.29659150472601226,1.348978541327266,-0.2871709793260136,0.30724518580929505,-1.1446689654863564,-1.380761253024463,1.66184106754454,-0.5801392560134843,0.09837255842670918,0.6446399121078056
2.1256835421379017,-0.3732665781677667,0.5808540941708443,0.09417512335075547,0.3643833744604636,-1.4182739337284456,0.02991916530441373,-0.4416513863392,-0.8020482873346916,-0.4746685822266153,-1.5549411022109483,-2.261006581643516,1.3965597278544684,-0.922505819723162,-0.2361265252374509,-0.8142801806572906
1.3185725365658265,1.4808361535475596,-0.0017424518267608322,-0.020446252305747085,-0.6101347573849752,-0.19473131518737627,-0.04480263924618509,2.282787331380801,0.45137788298720855,-1.9346027006805042,-0.412941276681913,2.662375703035287,4.13271222350076,-1.7557409117005427,-0.590988029198921,-1.3568242111990894
-1.7522152968306843,-1.1459532953569058,0.5344545554002198,-0.7751050713845558,0.319278709111164,-0.5043173461370374,0.043363180296549154,1.818313112306331,1.129286756958047,0.23929466522022397,0.4001433972678863,-0.7007489969860242,3.845301875947526,0.20201905624221173,0.00267831679589615,1.9563488269234561
2.1240094150064834,0.8756422691448658,0.579385033831242,-0.1039748680530464,1.9999655365028626,2.0448342578550323,-0.03901143485526373,0.461997714124936,-0.26876436052287295,0.8212103534631209,0.4035943399183965,-3.82602795193543,0.8557725050603183,0.5516478911486308,1.1177250154763707,6.699153472845445
2.0485816370567704,1.1458196248489523,0.35415590194579627,-0.08037824738198057,1.2945465425907101,3.3516427927113117,0.02216698960687405,1.7300641890996156,-0.615640475191258,-1.199912761727596,0.6370569436021007,-3.2248777101184283,-0.27414325106818294,0.3002305838107196,1.651425554455882,-1.343473898997816
-2.691573750305209,-0.11361602508336802,0.44394066003111143,-0.21895356721732942,-0.009927021446780511,3.6728342086221386,0.03547579381253515,3.992669061665447,0.21962379379247346,-1.0690212113040705,-0.1005435296470061,0.3173782654435704,-0.48298148245045064,1.5383431191090793,1.0330797209280596,-0.694258908978163
1.0281008763473218,1.5163069972332481,0.32493925233767346,0.7800584022214225,1.2415212637229536,0.07020223760490116,0.016429883103771217,0.08371507847107701,-1.1452383375656563,2.3861371632188715,1.5498686546696914,1.3509013188965284,2.7316948590593872,0.0118031201600905,1.5407571033926766,2.9431534754287836
1.591952715961981,1.291661058066891,0.3455126661900177,0.847269735253656,1.5295261013095913,-0.22071481411236407,0.018518285012089703,0.9113008697041723,0.5520017905388823,0.9800292830355445,0.0007510169165391473,-1.889547306376771,3.1370999239032966,0.20240489143451942,1.7808950829375099,2.5701200752863476
1.908213600958705,2.2655316495541635,0.6009806196644157,0.7508931552176686,2.6360906579042336,-0.2642061681373028,0.02169711298379279,1.2656998493545917,-1.5312808259140789,1.1760357651699629,1.6380992369867131,-0.1640620322979487,3.9304730046077596,0.5002781732972545,1.4500884969034455,-0.9564192045923805
0.7969362146289286,-2.088727485343061,0.020685446733553364,0.36794822663714327,-1.0489877439759685,-1.2045006816524364,0.08032932258160805,1.9006431561242618,-0.16524806865615013,2.633341974598236,-0.905981930681279,2.3089080239642414,1.7529745013780371,-1.4082977078421643,1.350359307973975,-0.7858066857069332
-4.192434617285963,-1.7709958160324666,-0.015681813290913248,-1.2277790000741724,-1.4391071207528514,-1.376725639341978,0.09615044832683373,0.5448797030051629,2.457827661622844,-1.8845213893259216,0.40882189205016756,-0.044760159310325676,1.9007117194437233,0.34675959337110257,-0.33535534327662253,-2.461357293032889
1.893915605676944,1.8125818872069166,0.556867490672316,0.8382107935351083,0.9658550463503905,2.938913971951757,-0.011846866891532113,0.6935534850390016,-1.9886654759627354,1.4953468130354348,1.7027007188751757,0.7740452161705434,-0.5211396071208946,1.2257935147906989,1.1739915943971675,-0.9923463897283564
2.4271943889682133,1.6777171040929963,0.006344484153383838,0.9161668697400704,0.253565460445179,-1.229044711074691,0.05608574542473497,2.0575004174145937,-0.05206333029036747,-2.404452364606331,-0.16210148905920488,-1.663043883489815,1.2886340153603926,-0.15228986787854493,-0.1513229575814038,0.35133946393045956
0.2412894033747668,0.49224460701412903,0.5700819206274512,0.5724928382038503,-1.6168013601111086,-1.2229142597694969,0.02823859625717342,2.8161390270285467,0.10774507426671887,-0.40595079562588005,0.278606338273742,4.040000929359297,1.2289677080663857,0.6381928857139292,0.9637528455856814,-1.2815754501899739
1.837211413031947,2.8320756443783766,0.3269448628152748,0.8261558098206095,1.7060676629205966,-0.34038884282790033,-0.026146583638270916,1.7207008011454115,-1.0596870042283009,4.4476595948141435,0.4354944706686567,-3.275963273764216,3.35031279502896,0.15199798122412378,1.2834576780253861,-0.5240363793286351
1.6503318328891334,0.7313806049272631,-0.007004497350118236,0.3629176267177007,1.7203261068193298,3.146278364673598,-0.053257963395107424,-3.48713930860601,-0.7948101917987577,0.4799692247817511,0.06089600102091706,-1.8132174664944394,-0.1394769616815738,1.1291341442235545,-0.12063459899039372,-1.128035949476428
1.6239210426660744,0.19331841359335414,0.34671183590921023,0.798353161973086,-0.5972253153979827,-0.49135123332618746,0.019326190601789726,2.254698123410345,0.5626237477568111,0.7308111057895375,0.008366592471384842,0.7877936113508415,2.0552550290708407,0.9934413008130364,1.8839852614416042,6.711965674483524
2.6302110055215353,0.7636531594811101,0.007452181803532674,0.9079795213061018,0.19324360356060355,3.1620981014542915,0.04030097688323962,1.0957937444824108,-0.9876755603733687,-0.7106090097447206,0.09342092870654353,-1.1016741084453128,-0.18311984220132563,0.3889249140874864,1.5344733709478424,0.26470369844239716
1.7655688294380407,1.099772012159216,-0.012850163912221475,-0.014467696757902715,2.4160289482959456,1.8691211580650253,-0.047728398645146435,0.2985048434001201,-0.3060122215048005,1.810585123210968,-1.5901308042708087,-3.7716710151254453,0.3934127614473005,0.2923801857510313,1.087292301018876,3.96966122469091
1.0816145403073685,1.228496308288877,0.4753428140841833,0.5059364145936504,-0.7990094390443563,-0.8543406302893395,0.016193322622083246,0.4816498852893556,-1.4707326449612146,1.9815501985397872,1.3221399206795579,1.62068181293282,2.0287269268994272,-0.32546374693687946,1.5567112265952132,1.5859112436814826
0.5919226790399397,1.0657688234479994,0.6466282234418268,-0.0902896677066773,-0.6851691312471615,-1.2616312745862024,0.03931529481742287,1.888221254833775,-0.11510884102546025,0.5753966885693753,-0.08231359329433287,2.9819344984803338,1.597498158664513,0.41310784259308153,0.22983416913629967,0.36843622545196114
0.8612067372009355,0.7283094767823733,0.02103786184943238,-0.11690513539270775,-1.0476907380960565,3.35847260296932,0.041058209662570296,3.084130155989652,-0.10861106892438807,0.9564872758913839,-0.12111139967370972,0.2679496785215991,-0.22383226310991852,-1.5000493894858211,-0.2029369194701339,-1.001212540136004
0.6428362764424783,0.20725035566205613,0.5734421997995622,-0.2707434252443257,0.6032903178811582,3.5610848474349037,0.06878608211663582,2.1573370344559666,0.017329367875741623,1.842396276287827,-0.4526461954887018,-0.34817826230862536,-0.4453014646569604,1.4579749672336029,0.9631955110318634,-1.4804476862310234
-0.7726581375244416,-2.9112748461084745,0.20364683937006323,-0.7798210105136872,-0.9213869935627703,-0.5322020024921056,0.07236834150122891,1.2456128640192072,1.4372711134352634,-0.7564419552028077,-0.6118955048275948,4.058559438398122,3.637585576376927,1.8548562396485884,1.5818337585687168,-1.9548446109840745
-5.263011480123948,-2.424435669017254,1.5303164832872729,-1.0495766353760954,-0.9734623654851149,3.55749041622394,0.025145742409350354,0.3667718376461623,1.0224851895617928,3.454333334989955,-0.15175316390514354,4.948081723789453,-0.5245306527008404,0.5188988963368721,0.42226456724525363,-1.6743450653244374
2.2970104733042125,0.8478367303028428,-0.015826824615542533,0.6696790979658785,0.5372689845588546,2.691912954057731,0.05890582042044466,2.1222385567514914,-0.21336835039983712,0.8069559597710946,1.1876956841945983,0.33879113014857265,-0.002835648083906039,0.2826340557893384,0.4700153390810207,-1.7362639017358688
-2.5605222574566486,-3.7309080099781364,0.5526086910434878,-0.24187020920118663,-0.501398846932235,-1.4469935533115097,-0.15229250499376423,1.003057649205707,2.582495866176966,-1.2606288696606724,0.0224317164917194,4.830930161150948,2.1637948411375807,1.9739463953637724,0.07229869142041502,-0.5190889033533822
1.8963882843933964,0.8168122376589926,0.5775619234791115,-0.016784711211184442,0.20970396876925773,-1.2796712704419704,0.15940284391175247,1.8656956286171231,-0.6112252708019928,0.3628874326489299,0.07645103180685346,-1.1129846922730813,1.8172828530335816,2.1568193089623113,0.6959049258318877,-0.7947377123020273
1.444672022236982,1.5793012133344981,0.6403932400401815,0.032172863854241965,5.029322922383593,-1.3082009334988545,0.00030439166134458694,2.6946648088867375,-0.5156686792222562,2.4206905741522977,0.4950811645482741,-3.8892107701016054,1.324022083145193,0.2887452108982137,0.869311671211498,0.33675328910740715
-1.070933194121225,-0.4431874678381789,0.5530848586985633,0.5549294539670787,-2.3713797136242487,-1.3606593840796717,0.02014321996897237,-6.203093306533407,-1.4357652732002109,-0.4014877348695438,0.057381390987651125,0.6729939219743206,1.2739916812902186,0.2465764199213101,-0.08030880750995358,-0.9624300874797377
2.9672041713814203,1.125120248201839,0.00023439657024896713,0.4510376057075272,4.545369476561303,2.7321126924134567,-0.2326407420778253,3.8736564201625914,-1.4336621511570804,1.1287009742735956,0.7652828984832067,-6.923507119127384,0.8592174997610584,0.6870434296568081,2.5492433328276065,2.1563003992709113
-2.2673410881862344,-0.43224179194399237,0.5354188718004752,-0.18811210356714125,-1.4958063283601941,-1.3405404076886422,0.030475853462594828,1.0738852471724234,0.6070629032596765,0.21481291701987976,-0.7484532671951905,3.3393972078487932,1.081472848791091,0.41836559797974965,-0.038092217552494693,1.4701632498196908
2.5247923745674847,1.775054410187873,0.3529271230674057,0.45194114635784033,3.9542526571904095,-0.05033654090230128,0.03270615478263042,2.4913507972265454,-1.7871094831512022,0.4951803493608957,0.8735358802194562,-4.128582358800287,2.2180066855974263,0.15278656614999117,2.283210404199828,2.593751212790011
1.2789085791752195,2.6654370392020614,0.15975705415704305,0.5848198162812525,1.6157645609014784,2.921790558973046,-0.000634401963470002,0.9888021819147038,-1.2603714057657966,1.7611052784484065,2.0663466208130847,0.45839288586247157,-0.4157053861606065,1.8591788103816511,1.9701305459133422,0.7912375078181408
2.1410998263826713,-0.10178281869397875,0.009701274352631139,0.00549743019320537,0.3196954464904521,1.9566620605657363,0.026265007694503278,2.262582845289735,0.3966644447985669,0.39581019561713654,-1.4277224135576185,-1.2322358308234285,0.38620070399817114,1.4708725269120084,0.18901297386294902,5.702214239166565
0.276276209180397,1.5742880257356722,0.5392257347162822,0.006024178837947285,-0.2584756642822059,-0.45461654462178464,0.013380842022005165,1.2157316904281699,-1.12736038623979,0.5449105373534924,-1.469018753944056,0.4361570197919018,3.869806739366472,1.1521238013928363,-0.33723256347868424,1.0715908503397706
0.7849645738676959,-1.2646736225648436,-0.021243467595741843,0.41473381039035306,-1.6635979500398463,-0.2891852223701616,0.04902940387626485,1.4162646483937111,0.09972681364699719,0.7905381567626278,-0.013551849960988658,4.510471427264161,3.8599085843367753,0.2712522295547862,0.4172275149763884,-2.6903185576404183
1.2568337365160291,1.634925033082102,0.045512364126378116,-0.17165124940236426,0.20953155387286435,-1.0920364157994966,0.0471461693557262,1.8959725274103119,-0.6737116193778557,1.8924576685031227,-1.272096317700087,-1.2341130915105192,1.798926416927343,-0.24602751337782022,0.3564599840918108,-0.2644679879501984
0.8102198151343372,-3.787182708024278,-0.027353417698138455,-0.3974791858944951,3.6684712401325,2.1043592621315286,-0.13158508405185382,-1.3141841984808804,-0.645503063193586,0.5995941311670732,-0.6974412608734246,-7.728397078868145,0.6849498087385887,0.5233511360109473,1.3383390573322487,4.10201279182922
-3.274290581777531,-4.442973439643694,-0.010469696575504535,-0.2546763511365606,-2.0135735754331696,3.3180851099890827,0.08621550566976756,1.0264017606351719,2.5888316370673574,1.143856084232593,-1.4702723371065831,4.0081837601075305,0.4578613400980041,0.4335648751148588,0.03912401120768948,-2.0895327686006446
2.0304635181511124,1.2508660248536505,0.0004624204252493762,0.7172618043252035,0.4768225474868602,-1.2708819969106544,-0.049167492461659516,0.8422823156265971,-0.49233850644461047,-0.11866472207172815,0.16713671484801093,-1.7426283432958456,1.81184563687199,1.4854245174278173,3.4296292587209276,1.8585667247749744
2.4555588168985087,1.7860303198293426,0.3896350512586537,0.3209702068512321,5.298940823862021,-0.9097738612701267,0.0713054893623018,3.9987326981873026,-2.143485191596568,1.700371873676184,1.3497935967822545,-5.9151902301202295,1.6267585745916022,0.13837520499872585,-0.011568968687144026,0.026737139197638562
2.5894437609029146,1.920744259559156,0.2816305000580589,0.2750693322403636,3.2562426484135307,1.6900425614090948,0.1616461959542198,4.265557774799164,-3.0583431210206524,5.558431190817236,-0.2300427859669282,-2.8190215409749175,0.23602218611692852,0.4130735655425649,2.721101899207833,4.315410826757073
0.6575905054832877,0.29448538445734107,-0.008325044066339013,0.05791844728929574,-1.122018397910075,-0.3897617828203585,-0.11806291378134469,2.2079146337969995,-0.004494854485593698,-1.235350939473826,-1.8230232274634361,0.010452988902724872,1.745548201853257,-1.2184127892424452,-1.0795834727153826,3.7706781698396994
1.245841632748456,1.082137955680335,0.35473940219063055,-0.17895774002238957,2.8546934700625886,2.3002215223408715,-0.008524385470693023,1.5714407514236122,-0.9210540765139735,-1.0660720967636963,-1.0940144374641088,-7.142059242374766,0.7458495598676109,-0.5670213730427075,2.645175546280408,4.008129252906498
0.3706030190750008,1.4191634877983959,-0.09783768123011607,0.2592459444826972,-1.876839941810276,0.12650079875500686,-0.03731583068645966,2.044770994197316,-0.15705597930414789,1.0891129423657053,0.11092657065673317,3.762217127690397,3.0292971388159033,-2.137237589824903,0.29930006749633675,0.05933433433423673
1.5005343184690028,0.33943920069610123,0.5480762553186234,-0.13520979235015895,-0.510079077536918,-1.4021904347842422,0.11654904149348752,2.044264368870122,0.21789841751045436,-1.0912595092472888,-0.5371649291061078,-0.7697353975361664,1.7036938842747955,1.5331560425397999,0.0010507883801345011,0.9068416852222186
-1.565546664388974,-0.4984797248331805,-0.04411772628180254,-0.27266866857943456,-0.9178710688731373,-1.23130645360511,0.028218753524660856,2.6050704547476746,0.16196044864420306,1.5708891371225875,-0.3868363519745534,0.13336089445940624,1.71642865084421,1.2066390967032767,1.7962217959191662,2.2252927754196814
2.2062244451906,1.4526865538944154,0.6355938968701611,0.7349967689848884,0.1752338405225762,-0.3989814440353182,0.023975101256548722,1.04084196350024,-0.7914014520290134,1.0755466369362954,0.7266083588365283,-2.0940557297801687,4.611912155108682,0.16695059964839845,0.6449531180484063,-0.911689223647652
2.1954419953912847,1.8157876408776596,0.40289375601856403,-0.004546461453215997,1.1976964306310613,-0.35223722219308495,0.024344577136606236,1.5841205988399578,-1.2066022132076157,0.7166236511893627,-0.41514938510019034,-2.460201132641527,4.633208836787502,0.30038436935753143,1.1342209497974274,-1.074366854879549
-4.528361519337365,-1.2686586935758029,-0.0637649827595011,-1.652905022607401,0.7305898374651494,-0.4979183239756143,0.19091646511219898,0.4828332743837728,0.6506576314582745,0.8653028785309144,-0.5865772218083606,-0.9984715519600307,2.7053339460011316,1.2503119333971644,-0.07701572629269059,-2.23630009748938
-3.6595974329089396,-0.15325226072100648,-0.028325882871372693,-0.7202792242787899,0.7956924876612956,3.3119745245093832,0.0757838624805207,0.34623467822412196,0.5533049968470038,0.845205794550788,0.08441673537978045,-0.646780163899408,-0.21385020414847355,0.024141443672024598,0.0030049400176025754,-0.9322759232515816
-0.5562601648899677,0.09480536215677121,-0.00932549101161363,0.05864352298609536,-1.1126603191860638,1.7781625159576606,0.03604043713909857,0.6713516469576792,0.10614508885920947,-0.21758540189829062,-0.23081763647786327,-0.44624775613083795,0.3070146738114222,1.1917012162954,-0.38376291791554007,3.203163240175641
2.014205799090616,2.3824628168848476,0.38349999507442345,0.5442874246320225,2.1674787893627108,3.496196867763866,-0.02684563561499804,0.5168021477869741,-0.7333615476874553,1.0953963499656505,0.0022997307456767953,-2.8908439358839106,-1.3330998357617594,1.613434916702236,0.6867908055844484,0.15521170912972856
1.2169307878922866,0.7662887945573565,0.37730913407340305,-0.3750459196966417,1.3153361819317908,3.501748076256802,0.0004218451172208789,-3.3275662679772524,0.363223998203126,0.8874443027872809,-0.7336954476301036,-6.6492474934842365,-0.1449129017414768,-1.0177712871301685,1.6444243245299304,-1.7888061760051925
-0.12993168527586854,-0.028858848501565188,-0.036550713351441395,-0.2681309178977386,0.379515072659954,2.127066162498162,0.031213846369032988,-0.8748984232887461,0.16317145144069858,0.859874605397733,-0.4466897399224757,-1.5861201702241339,0.14091837046604036,0.2982231228774569,1.0835660091997963,3.529746685032045
0.6339799925190708,-1.3414261963375174,0.3108440443100355,-0.07788779254611336,-0.9008403937788981,-0.3701651822235172,-0.265209617786381,1.6967110901312001,0.08134741244224457,2.624951783128887,0.12361070284957078,-0.13632417368557653,4.001020945591155,-0.1368032101551437,2.402355360413115,1.455625488131979
-2.2375653857812514,-1.790634403073193,0.2752038429517703,-0.6310567545860299,1.4610442035720657,3.636894445962121,0.004337822289372715,2.376776616650468,0.266049896153675,1.449598058094094,1.0229253573256984,-3.58721874062626,0.40430325731316064,0.31651179298292,0.1952199885011044,-1.832823480205196
1.5786811160287175,1.1690121945861454,-0.008181215171094158,0.5149659232091727,2.342099299951068,2.6714206236778018,-0.20409481347002909,0.3847634162966104,-0.6122838002607102,1.7321461710809005,0.7028345546898431,-3.5233584265909186,0.29715596066367866,-0.5533023313373527,0.7819302007468656,1.2352814524451667
-3.8895960000229,-3.8873435979609683,-0.03193724533198898,-2.205964932594562,-1.218445814070437,-0.4663286274176095,-0.20334616496950914,1.0839846679697334,0.6141466331570511,1.168810290670461,-1.5695325543003897,1.8565863210344806,2.871334983781581,-0.9927885023162324,-0.15089238847717829,-0.7577841027283925
-3.1099659256707866,-1.7511152709417956,0.26690526034057394,-0.8620594251874426,-1.5519601803114185,3.5211827229623887,0.036824281813993255,2.238475315878725,-1.1201455302780288,0.6583372961425322,-0.4384845991041683,3.2747889097345206,-0.44928942230927404,0.30171058373766946,1.4980895521721473,-3.1025917780454475
1.930366221278055,0.6178520155896545,0.5680684402599694,0.6564558521684295,-0.3832880530322248,3.396602671417353,0.03929425100443594,2.08488471514246,-0.22968941847074856,-1.2469550870264237,0.10116080570023168,1.6312263525159758,-0.3150978531395615,0.1053595673953041,0.44317800726363527,-3.9131546772778942
2.0005053442644085,0.9075676774151974,0.0031030766922474874,0.5314416018055171,-0.7490862682733322,3.3756672206510103,-0.031090844535662063,3.0646981601334824,-0.5721787185505124,-0.49298671925699444,-0.23476731333989473,0.789185350902813,-0.6717189012130492,0.6991051194088194,0.3198546414368119,1.4632542203187744
1.9330594225189963,1.3385590896466713,0.2590930800485447,0.32986554369319526,4.341824144114027,2.970191596301959,-0.01770510134100474,4.0773482339556,-1.9896832016803543,0.03047525773950575,1.140401518822065,-3.5398416856806985,-0.5758230127096079,1.3839835675269534,2.7829211802791294,0.7782778258532991
2.210978430225692,1.4096400100258928,0.35440198812688106,0.4814856954872522,-1.6856587484957752,-0.09039982169952995,-0.16767590980958538,0.19363417987133044,-1.4549594263485413,1.5846193977520677,1.3019983754026994,-1.8178123880043964,2.8091304829228,1.029404409880045,1.225320995999947,3.7182650647959146
-2.0703245935838392,-4.247869430232726,0.34067186471836225,-0.4122981246518846,-1.6982911462990602,-0.1423286449770988,0.05850584631034711,2.7599349539906717,1.9696489068552931,-0.47582395678726547,-0.6694452358750819,3.032716056061751,1.4499228502798425,1.4869165039045165,1.499908264517049,3.3632315807650417
1.286948266953026,0.09728070004654861,-0.006725623274976992,-0.21445497701970384,4.328093480770714,3.5126402236754926,-0.15136765876474562,1.8372481281418673,-0.7797169323725317,0.23931271737474596,0.8688029178627173,-7.43230565901342,-0.3373109826740357,-1.3232621647540845,0.526507554359408,-2.19350577768913
1.7636367369054318,0.6061593795290603,-0.00930981908317538,0.8866074827139346,-1.5811430872820493,-1.00697332860552,0.19138301588549889,2.072124064308099,-0.061508073353497034,-3.0314011419370006,0.07816559503398268,-0.872391828549465,1.4338389148678539,0.09856282546538796,0.3130534420657934,-2.4076397831869527
-3.708361496751858,-3.2812485629958212,-0.4458250241178888,-1.3459478380468335,0.7025389169428713,-1.1324634410089707,0.30009924469778454,-0.023628221087209723,1.3170952858565208,2.896245978128795,-0.047909070895598344,1.2967185080269812,2.3180936442923947,1.367112895820855,-0.1665579354421445,-2.6484817590700476
1.803529349124251,0.9696113053914426,-0.002500993128240181,-0.09265743146422957,2.6298007944872412,2.122211410847243,0.013773193867730113,1.2311351837285571,-0.6563469205303013,1.1136919585809415,-0.5671971255022165,-1.3012158221226497,0.03322554230384542,1.2016358983080921,1.0892197309452827,3.6215705388934003
1.9063800807229665,2.0088339952526852,0.6114006692881662,0.05874332991575806,2.343079799035844,2.587188657389293,0.4249596177528444,2.9366468906760534,-2.4915984011527486,7.504903154235691,0.018536126037092336,-1.7885090153492706,-0.5217881846411225,-3.034769178884878,0.7862024656170808,0.5518226564787423
-7.110209142542359,-4.104545354199507,0.45939151025667874,-2.1900803595984826,-1.8789664716010457,-1.446087104963597,0.04710700599846996,0.8346791845704761,2.1353797825642133,-1.4706820704502568,-1.358653829629097,0.2564924686260236,1.903904351316958,0.646236881606801,0.2368732955023567,-0.010472528472700972
2.3956022662068204,1.7917799089204693,0.26669136398442106,-0.010183996960697104,0.7602196715316195,3.525060591666329,0.06010045072825662,2.519986113873652,-1.5430590640219919,-0.45618113498775886,-0.38023596787543845,1.3458387638323526,0.34363714859334304,1.2205609404029873,-0.19217941710453643,0.7498650571970508
-2.0478536174222164,1.6397304216389856,0.9108341919571669,-0.228740102828117,-1.1676736252860866,2.6643008069792007,-0.5512627020891804,2.372592969209795,-0.6461256239248397,2.1134634861711667,0.3198429815121686,-1.6531434682435446,-1.8761479140126616,-2.9551091838979135,-1.7025565346546672,-0.8520691525350648
0.411338626379587,0.9044647161169977,0.6395958486386865,-0.14318863384119615,-0.8881498831712336,2.2704903073978517,0.032811976390598005,1.4164776777977819,-0.36696443099218584,0.20262361256953074,-0.1465961738091269,0.607279407903505,0.3712129984955416,0.5027570239397018,0.42534167727096045,3.816275180657662
0.9296572954912534,-1.0911005280845927,0.017219867441918387,-0.4758270385659937,1.4612907687130052,-0.07691989874875368,0.047650795942660876,-2.2743521232145283,-2.255686384875243,-1.076818298049883,-0.42893813742246567,-5.225296879768314,2.5294901069586744,-1.5916507299132523,1.3520683441723937,3.317654512077508
-3.9977439375557897,-5.6146660615713095,-0.022286099188776085,-2.1467691160464164,-1.3823108174051097,-0.4839175560987275,-0.16263382448822714,1.2987051965197969,5.485697105791597,0.6644336641463093,-2.1175501413723103,5.685019812156983,2.3917603043887876,1.5502374890063235,0.1855470079664129,-1.5563520895921845
1.619170141962853,1.7418308510256637,0.3955006360201909,0.48700029053397376,0.6907864207194289,-0.1445908499802036,0.05221589606297491,1.2659969622302867,-1.155259020697397,0.7780355565189694,-0.09595867943012783,-1.083858483461172,3.0995635863764766,1.4730918219456515,-1.3533201437661755,3.3018630464889873
-4.596385793144013,-3.2715710584108075,-0.03250619470704134,0.23026881512348987,-2.0600566158229894,-0.9518556035999435,-0.08823063741268085,-0.6668258325313733,0.2624268452747358,0.9903854787644767,-0.8526548474906901,4.888555997425944,1.9830822084055162,-0.05360088707397653,1.0870530414879689,0.12848947398579308
1.6112952679511356,1.2495761643059213,0.5717586177288997,-0.015432161426022745,1.471110491537662,1.8165110205394195,0.3010403175498028,2.2062171336667973,-1.9456887978951802,0.7298254406697529,-0.16635115655983976,-2.679295562855453,0.24114680086396637,-0.3108431480895746,1.1128901778560871,6.013499449901061
0.6023642325813229,1.2122064180133059,0.6723832383706538,-0.4328642059140643,1.4551635108503083,-0.4472265149589986,0.030221157674103622,0.7114921261577989,-0.12384290717372116,0.41117366267092337,-0.59495574139427,-2.5890526013728437,3.66527621114256,1.204077515333549,0.2638623682089316,-0.19438412626875456
-1.0254391419170197,-0.7341046808163761,-0.022724395839416937,-0.2351850278145329,-0.8790654847893494,3.3181389984886795,0.15022026105108208,2.1820276137151224,0.01307455781730855,1.4442309223462602,-1.0083013526898632,4.913111090704684,-1.2782679504279242,1.362194290364348,0.3619624882591292,-3.0479567872624624
1.190172845582286,1.6517416091461312,0.2714714594469816,0.03285116158015415,4.300439962957707,-1.10287749919147,-0.07565499594991143,2.7023329062293646,-2.4213834335056683,1.7851132197480226,-1.3860379723220144,-5.754990604114408,2.5782007885553813,-0.5485582668548278,1.8787251333445898,-0.026618777170718422
0.6924980611302363,0.9228681430674406,0.4138590620866244,-0.8610436415753058,0.28447812015587165,3.5673752959099607,-0.0046134554123691,0.7008431567047119,-1.7751614663551505,-1.850545344010348,-0.11907640583043039,-3.2842024558091225,-1.0820024257583687,0.4856394630748833,-0.01735999640731087,-2.9911347929628063
2.128759655539389,0.5531230444149947,0.35102000684610607,0.6974853315365637,0.5333419969272959,-0.4312661428716405,0.05588023076491843,1.0241093044298248,-0.8496443821579804,1.0406067008137534,-0.49446752516466463,-1.525698419449517,1.9422623641781862,-0.01210270369747738,2.246251537323897,4.255800800504258
0.40073352189411227,0.6429563205455535,0.033653504955976986,0.6171575898215164,-1.7847776499178927,2.713958813568756,0.018988360662475404,-1.3095748783521026,0.21147089395650567,0.847308390216661,-0.5022271722950635,4.814716391309295,-0.0778841173379502,1.5161010781986812,0.23908788698784061,0.1366130065580643
1.3591137705417582,1.498517880193777,0.3492998709129258,0.7019052864294556,0.8830855996772536,-0.965247378939417,0.03850205290294232,-0.11407556164830218,-1.6194438575136916,0.4523683683662737,2.589323326263537,0.08021741462645482,1.3467820840790379,0.5291297147592154,-1.1775364562985526,0.11022764733025432
0.5846990630933594,-1.6234810857851234,0.5501791775342496,0.5735798406059962,-1.6113080269557958,-1.3005753303096272,-0.19009268161758788,1.5852608328328235,0.22344144001129987,-0.6847323123043572,0.014092312410168728,3.5571528830121166,1.5964651732995163,-0.6179149347795679,0.17556321886216197,-1.4392825160545573
1.855176409978664,0.41584690047934697,-0.0888529210223632,0.24449734702967144,0.9890469156691171,3.1996012199939434,0.06462292315628457,2.9246762343190795,0.6324719091842655,1.042471896855221,0.07592274446606186,0.28735798852390476,0.020462584863252673,0.5306805492555616,1.7726147467247713,-1.4238446098713142
-1.926895248923536,-1.2076246704011335,0.3070231476958763,-0.08214992890685162,-1.43450580334066,-0.41939364354885694,0.16712938823362655,2.0498677553227473,-0.07452698614500135,0.7164763243636155,-0.053157002415357146,-1.05456986227805,4.160130674919206,1.3569399356786598,1.7732184967838718,2.1265338516842207
2.413554200863505,1.2870541697289362,-0.09940410703215263,0.07236972870901043,2.4424652326357643,-0.3297711799284185,0.02522333980622891,2.531617900578579,0.6991131679979915,0.8902226185454667,-0.42024592717495685,-0.993842114688667,1.9541131458753092,0.4181624636501425,0.7173275067567837,6.7106348113464
1.4707223516435648,1.6755822246215422,0.3410417726518326,0.5480726530094541,2.377151939779529,-0.5736194072575962,-0.030064060508263286,0.538099510644524,-0.10747986435871072,0.4845856144730036,-0.6937329596996491,-3.4754826546513313,2.051366085615689,0.42027600401620496,-0.40745936770975927,5.620695069539241
-2.228379733928337,-5.223881970694437,-0.027962371222631236,-0.7535207440711194,-1.4830389545098266,-0.4811019043800038,0.05729944514579518,3.227983771892465,1.849924513793829,0.47007247473371355,-1.1372264110406625,2.82297061035811,3.832678674926281,0.47353937199538165,-0.2541489310226328,2.466860991688831
1.7975435800041661,1.0297857024691142,0.47424544176774347,0.0792566433058853,2.082256232850432,-1.2926284518237083,-0.004952494567347908,-1.944509283111819,-0.2807010543132806,-2.8938638219770607,-0.21391102119763766,-3.8647434249943293,1.4868431016561523,0.2468604899765882,1.0962989244974861,-1.2186411765786012
1.1048291841606355,1.807086845681612,0.268124601333462,-0.003060235268520983,-0.6105167743168542,3.400671213582548,0.03879597608146757,1.4848179694881827,-1.1102449769312108,3.0416230200734153,0.3268659615834551,3.6166390811477833,0.34422243572309474,0.3886133862662907,2.0274838920514853,-0.9544355660037517
-2.656661207736736,0.4461459896469729,0.27134420001678106,-0.27454933841024043,-0.5752245267930172,-0.5022646227290292,-0.026367487301821497,2.5267326867983053,-0.10240603980463324,0.304894398120795,0.013647998284789962,1.3986937807203117,2.4177883807311003,1.3704832816448054,1.9938795577929727,5.987107130142829
-0.37078374942114267,0.19958856089966823,0.47002139249252783,-0.16156782143068688,0.22498732790070933,-0.09990050462463529,0.07728520047225215,1.5213138900258798,0.4501488648725663,0.7558383821811542,-0.0946956574406126,-1.9031177475947065,2.8838515823047923,0.20640288407446214,0.08657661129760853,5.275727637395914
2.058566546449898,1.1235328208268893,-0.005822887765760976,0.7683956277263353,1.2753547666392389,-0.18617996751636576,-0.262866178935117,0.7453905912101055,-1.4822822895806913,0.5659417157695773,1.5858741602102764,0.026977669506646523,2.0817661555938205,0.8982300168822475,1.3334213293062895,5.127115935791326
-4.374254935188045,-6.2607098731003505,-0.4475842269850566,-0.3439520095908816,-2.1268611522449676,3.31480402307339,0.3919130860181195,1.1562081155602961,4.796443185021527,1.3366194588838607,-1.594637588348394,3.5290101669865015,0.0565888196856373,-0.6841195778538033,-0.08766774287332155,-2.2740198360344506
0.6769115500234222,-1.5614832750565941,-0.02214223552021247,-0.11493405300657727,0.5824963551923497,-0.16593317710693845,0.050391158033144874,2.725343223587061,1.0140061433259635,-0.170895640318569,-0.3867663793659058,0.25249561357770295,2.9104496334080014,-0.6587317212957441,2.0328511090336843,3.1855662711681743
2.0982853037411435,1.49299028168049,-0.0007930155415601518,0.468735702964333,-1.133017703405369,-0.9730367686230617,-0.03339563152539414,1.4511506868170583,0.587627943928727,0.9788632007986255,0.034713639856090134,-0.45372081758975163,1.688342161558595,1.046312436148217,0.9787556631982627,0.2698645014323348
-1.3519615010814,-2.028653638501504,0.5310915383166724,-0.5584969539020535,0.17887108503792026,-1.4391160893370116,-0.03944467861131464,1.5620918830111643,0.6851361260321686,-0.27282401778778786,0.22400442315468888,-1.086008491105741,1.9026371180177497,-1.0410070944794607,-0.1878073376353014,0.4854346124525556
-0.177778564690563,0.6819481327019199,0.4228979366453062,0.019459121144066914,-1.12620575572233,1.941113535700669,-0.5601626033826949,0.3405268469152532,-2.4236547937569393,-0.10205983344694051,-0.960447779784781,-2.1068641874658836,0.18983347055143968,-3.5481297761933956,-1.0617627462094896,-0.5610329341836682
-0.47979185431160226,-1.0388021756233288,0.3292338300341304,-0.2064106886966097,0.5842475661153229,-0.4757144961668331,-0.0755726194309553,2.6491976415625773,-0.23932435533540558,-0.844777809870688,-0.21875977563210244,-0.3528946952065035,2.234757789858935,0.9462772808631852,0.6186338421473475,6.581636869444969
1.5376510416185807,0.8848243667195316,0.35959070783126057,0.12755390795261917,0.8126555334917195,3.3692775771084738,0.055626361015406134,1.0525358050511158,-0.38294296136057054,0.4084852163653928,0.07410895417054111,-0.11506851054108398,-0.09091815778226392,0.5976862781254075,1.6138748013458373,-0.4535385117605091
2.2033422271539025,1.9981738804421236,0.2985644353726383,0.3921148541796986,5.569623814066346,3.4485556459393414,0.046328835024722424,3.741792993745776,-1.9702406934665255,0.45421167684909913,-0.19628722740337592,-5.4404368980932185,-0.08110681103382199,-0.224838604715263,2.041982617669132,-0.2870906225280988
-1.708878025162375,0.5113991858887137,1.0899676249346593,-0.24445564653624954,-0.5663941849754704,3.6486886778538556,-0.06618846744323371,0.3663373415619415,-0.3495145785415561,1.2921049689448942,-0.15381204084786712,2.2566558302824045,-0.5870434342542394,-0.42448645193756734,0.068146162718141,-0.5665887740800167
2.626659136653168,1.8175825331947744,0.3307845189734751,1.1130011716382675,1.4599569237015222,3.4053910075360867,-0.16665967458753242,3.088498722494084,-0.5593838333144938,2.5025720716888165,-0.04955769615954671,-2.4327403700529313,-0.6061013572378183,0.05958741497755567,0.8810054990634333,0.8735822075846154
-2.050751344136295,-4.732102137413621,-0.015028252716668767,-0.33630577843140513,-1.536832560674646,-0.5223713372969431,0.35671568664144176,1.17517999084391,1.1339803395291046,0.4459838813302133,-1.6900104587226077,2.960539105882511,4.050102786276483,0.8485206445151796,-0.2268498973820342,-1.586680653852018
0.8495785552096078,1.857106728201864,-0.002758472553775797,1.1151051107044214,-3.4821523134398475,-0.20333015072126603,0.05005930077355849,-1.1104939940719034,0.2815658429329011,1.961787892968034,0.45018296278816516,3.2926930371244407,3.5694689852188017,2.549038429761442,-0.8258459636078138,-0.31377407160690196
-1.9370541288801002,1.0383461978111859,0.5092002676897802,-0.35818982446697933,0.11670009435318043,3.5165599767328377,-0.025529467541909424,0.8838854781540328,0.16883379596874232,0.47108655538290467,1.4105479638003304,-2.1373803593163476,-0.5888015037556638,2.0052049910974894,0.07564257026522037,1.0660021840705063
1.3431933078642775,0.8438436407960324,0.4359801126780119,-0.2776151450867895,2.7515354343377454,-0.5393370978872768,-0.22207878054780883,0.8448560866240975,-0.21454085685886268,1.3769287927435534,-0.14925635498984274,-1.245616181227409,4.313187810605294,-0.2911039722142771,1.724330762507822,-0.6850760005295398
-1.4558510715966753,-1.823017471661265,-0.023448825181969068,0.10421945814114164,-1.5463096565220376,-1.198270549250169,0.06289764571573737,1.5001833467162387,0.3322375389053206,1.941226743231882,-3.198536985304741,3.601195731661905,1.5269310157441016,0.3926130286034928,-0.07250649135631132,0.4705656461001094
2.161979285769344,1.6093553024495042,0.3916485512264134,1.0550356075366014,2.282938949190087,1.9322299453926788,0.13586336029446905,0.57369020074973,-1.9497483761078345,4.387401262779994,-0.08502148688676789,-1.4675312617790883,0.36355622019443024,0.7371932203382718,0.9644210046860374,5.811345804475207
-1.9921582148139314,-0.13065853132521857,-0.05280573066498747,-0.480029363588381,-0.9051398267965385,3.209448344065422,0.024254057699064517,1.6930051070517176,0.5009423150052379,0.6663130349622032,-0.23237817200478353,0.18048141865706396,-0.10474331178264894,0.4062036199005948,1.6247490572156427,-1.5840496663911652
1.6684823831379676,1.3144576293900012,0.1536602164354925,0.691652952592553,-2.6219773203208345,1.6685547889093226,0.022072875057136274,0.11944592725337841,-0.525219291116519,3.270775142872707,0.6406137133061482,3.094132404245152,0.7084921447790795,0.8095360381205392,-0.8987531087587001,4.88900274648492
-3.7386035502994774,-1.107066670331009,-0.04250745475106249,-0.5303572816486903,-1.0481491956861682,3.3688123030839057,0.02880952936482132,0.8440799318116383,-0.006131558847539547,1.033946188937255,-0.41597950825086094,-0.7019668665737547,-0.7942442092071803,0.6429844865424169,1.584681316039921,0.2964585589318824
1.762327231230198,2.126915256219778,0.33486020808832956,0.5769150450892596,-2.95399576578975,2.8220330836015255,0.00653170535822207,0.19911372839328814,-1.0158183061582002,2.347504875842132,-2.127454698938483,4.096081023646532,-0.1663655159848056,2.4122398923934765,0.07860783238761193,-1.4786534866629701
1.8816256745685278,0.7539191082510452,-0.025324372856962755,-0.2902471938603748,1.1567353571098622,3.293748217415716,0.09302600253175579,-0.6925014443795106,-0.32921406939168424,1.365509201126532,-1.1812489332161622,-2.3102952543711295,-0.5425545778490602,-0.07241218165278425,0.7199470057537275,-1.323350044793299
-0.6073887943776897,-0.05103739740439589,0.35791447604370524,-0.3942743591684249,0.2357199724396119,3.3421653534471685,0.04738578609114739,-4.912749460138259,0.35412539245139957,1.096267317821629,-1.2786283534907532,-1.9248004260829508,-0.5988332179822231,0.2689670278093015,4.52156436006928,-1.3534583158932405
-1.710697839721134,-0.9518252645132046,0.3234560687430924,-0.01826886413048041,-1.9376886740594648,-0.30996673440135286,0.06886923356173934,5.04937583806055,0.22800263217307687,1.0367594837572485,0.4113550254717189,4.356343389467353,4.222415598095037,0.39000108459368155,4.7978047344922325,0.38400456980058695
0.7026347837492123,0.47057578312241655,0.5838964402675193,-0.16790247964925137,-0.6196710766826816,3.534224751764971,0.10410859203015448,1.7773750246093594,0.13274911631097278,-0.36792934834177354,-0.3746024649140306,1.0558453745191227,-0.302530714678067,1.5342968837117508,-0.22022343594242652,-0.5319584730648904
1.8744942014151458,0.14024666712725922,-0.03626166419928176,0.7598398632252081,-0.7730304534846202,-0.08953830976674851,0.02024250747914145,2.4191557361126934,0.05204012431851304,0.6464617087384987,-1.0041354947734964,-0.0186766914105474,3.1513907333316644,0.6601103858333252,1.8371215910289729,1.824890031332601
1.6633455359570408,1.4812317732218003,-0.008286463161361975,0.08634412663618832,1.4762888552494535,-0.2340104998016044,0.44003334908215164,3.388801256706881,0.31438400604658845,2.518786433854763,0.22803919996374264,-3.0752079913269985,4.099629230878729,0.9830618051720871,4.920191788162982,0.027422053385287734
-2.2160491760173624,0.7170240185403758,0.8564678469137139,-0.12004145032200206,-1.848626989390685,3.3912630800255252,0.018659109448672734,0.4972372747501213,0.10114622475547312,2.1181687439707906,-0.3780412378207184,3.6651466661011365,-0.2622821250377882,0.5103457987669358,0.2106269568760052,-0.4909887297857492
1.512838473003501,1.0610041146953457,0.46869984213828336,0.7349216690675131,1.1388814026541516,1.6772391017674178,0.019717197072383768,-0.5692282882263928,-0.9417569187471222,-0.580099159257209,0.8009938615296027,0.6310249989896709,0.8543588464721856,0.5762925259800872,1.4947341031075274,5.173209031688927
-1.9301323786260807,0.7070215801213806,0.25771117055516796,-0.05641827218762551,-1.4432454159637647,3.5041785406446033,0.0376858642172182,2.5622869210784267,0.21933818851998346,0.6032013096371855,-0.19380100956801682,4.684987562443889,-0.334131074477897,-0.5287719212919411,-0.24668330050916085,-0.7766226628263099
1.9197178933311465,-0.025611319774866515,-0.021894049728113187,0.19814373439192945,0.6745570440431654,2.085657740790143,-0.028073381580641404,1.6904405861307883,0.2773356897194596,0.3590868039101393,0.026718249964324123,0.02234230313683936,0.3962451201966397,1.1243830216833095,0.5050986450186385,3.849887414088002
1.7582442172690844,2.099320067438782,0.336214086270412,0.9408621250003498,-0.6945926292862615,2.9342919678880155,0.033336273717001146,1.2813308935055208,-0.7153945295397343,1.6416847958879568,0.5443541126610574,0.3195811356620573,-0.5134126001682806,0.31987424000985276,0.8425696082611732,-0.413503718620929
2.4989983420824666,0.9604882367153573,0.24009988763993817,0.3317040532456639,3.6907259283405334,1.645950165272498,0.3511411908318706,3.940594994355273,-2.8991456390591765,1.8892537506775962,-0.4779963785188692,-8.302689064717965,1.2116368368956754,2.630753318219842,0.1269390261888853,4.859533683907966
-0.9702152038556692,-2.2764349310852414,-0.023446781516040616,0.008791291047690395,-1.992530617085962,3.3899222059508336,-0.1549021859110295,2.25795828429015,0.11993335744195849,2.511471670904804,0.32833431206216296,3.384570255633062,-0.37251942441983815,-0.47362801752880446,0.28364856418088014,2.31450140316725
1.5285765418066144,1.3717578715249628,0.37186571612349806,0.06650715212012061,2.0141938373804527,-1.3138845704369524,-0.039553402107759546,1.7326585016736862,-0.4509503175532483,1.2727092021692223,0.299748095896166,-3.495262124773949,1.6810009441210645,0.16520368169859853,1.2889827850988356,0.4175014929945705
-1.4098212366814018,-1.3279259318591459,-0.0027964890548885057,-0.2810385543319879,-0.5576787194852696,-1.3575397705572525,0.2321304449408596,2.1429988286019652,0.843457781011661,0.3426261739803813,-1.490720455963511,4.237002295353498,1.892572658066574,1.6707570866873553,0.03944796677174648,-1.3312059593685217
1.8857167577973057,2.051192426063859,0.5138505950377444,0.5008061744565783,1.977549399126479,-1.2363939899816498,0.01431799210959766,1.4440631489851645,-2.290100186319167,1.8964914960417314,-0.8396810925574901,-2.2384541684008186,1.8495680320315688,1.609851643444007,0.6467861381366006,-0.9970082316864304
2.38946386478618,1.1693888709119729,0.5690225022919322,0.7493335604034457,0.2244512208241532,3.5168338472502927,0.017421677154245557,1.5324781146894808,-0.2902208529394207,0.7451684855790909,0.14620460476647715,0.10771861182256154,-0.2935868023530002,0.4596841394274086,0.8487665251134952,-0.5429139110750237
-2.9468309804837216,1.1134346089015037,0.6980076467305689,-0.573031852425749,0.9491026517687862,3.554897795804875,0.18116032270263924,0.7659736410748059,-0.14524847855487966,1.7837416981787093,1.2465550561055454,-0.5736093718020429,-0.4516362485139022,1.9738065419098902,0.8845927207443308,-1.1207369037269965
-1.8653429968867103,-1.995188624174809,0.44263488369456555,-0.7157595962940224,-0.7856395626365982,-0.42965401036838025,0.06166577164285771,5.294133748528564,0.6139377223448674,-1.4896261706229241,-0.1627027733112309,3.9718963313966262,1.757434801207131,0.691075435869039,1.5663078976173477,6.607359115718607
1.6542809692553457,1.3146266794676407,0.3433880428897104,0.5756555048750572,4.607167829438773,2.1015446335854273,-0.1551400177667969,0.7350991895222686,-0.7213688663423033,0.4163827724259947,-0.18613780764212254,-2.821410504714954,0.3618016093467204,-0.6862134525969331,1.1348839838933376,2.621456499575799
1.1401456591923314,1.627918518196739,0.34153259567204286,0.5086701295767158,0.4750435282019963,-0.1717568242018284,0.05194558619439263,-1.0618776832118255,-0.795035437878865,2.5562234846378993,1.38914282552014,-1.3211854701059782,2.8310898578377044,-1.0032035968903998,-0.6924145508414319,1.028211474964405
3.077698303286669,1.2421781111223205,0.5457390354623883,0.6775811621720146,0.2147287143108471,3.3857691830400447,0.02547191097929616,1.8707919066360164,-1.4194319681758156,0.4302046172163161,0.5518046876783482,-1.7375143332300589,-0.8457390992760235,1.2360506981662849,0.7252095516265461,-1.3621918991292241
-1.8495644067625538,-1.5967658225530246,-0.05909888818659253,-0.39008583614526043,-0.33847643941908245,3.1830600449240625,-0.29614141833199925,1.954127744875787,1.175839113565961,0.927745979886336,-2.3034915510247607,1.8448331898925756,0.24351092309006953,-1.1415841734515764,0.7193519997374567,0.008894983558521126
-1.2154924619256369,-2.0243745514170683,-0.036651963809205504,0.15157000802289133,-1.50300097243191,-0.2792920247881615,0.029008260364563603,1.8989673810794598,0.6306000958170854,0.4993096662336667,0.5581778392447387,5.121030443894823,3.707995986791776,-0.9975425013627632,-0.015744566873556867,0.8223004460190939
-4.014085213846421,-2.587431767100941,-0.03756410671116276,-1.078942439364174,-1.1845021573809797,3.16538314800394,0.42207133175247497,2.618285935728832,0.824106590377518,0.8853596577792842,0.1699188739512435,-0.2802849129421084,0.5960332454129719,1.6508200576371692,1.4234125149611243,-0.46702510795822294
-2.079732157678665,1.5655622816714758,0.5140326442066165,0.5384511206348433,-2.359218918146825,3.386272946115365,0.16930065479649914,1.3396002137889285,-0.524880168342532,1.1104986493714997,-0.17404173473752582,5.487452699177411,-0.4143530248246315,0.654541602876738,0.0584215322930616,-1.689507827553867
-3.187884981264053,-1.4907507909237614,-0.02974623276304859,-0.5540184694331316,-0.6320468312661939,-1.037746834047308,0.054145398031355936,5.241470016547096,0.7919315310801596,1.8132660149737543,-0.9894616486563923,3.484907740522738,1.3554150218527639,0.7482048519966108,1.8583411570849522,-1.7220147578427016
2.0401006523440137,1.5302448047262511,0.43596636223541346,0.16275880502512327,0.6516865518390822,3.5164244099264024,0.04283743593274661,1.235058702325558,-0.714537967724719,0.4768365880861098,-0.24938379928784743,0.31869754978997955,-0.40208892784388295,-0.6180735101689995,1.7338580931706264,0.021601933210176442
1.500541487999216,0.7043127191615549,-0.02100453419044055,-0.2401718961228212,1.1781744092615867,1.8915486340413805,0.2527784038426255,1.3392271931120654,0.45990508203461705,1.1524237886396904,-0.08126504561802006,-1.8386155863779552,0.1718176646786953,0.7095449190495324,0.9807430991505617,5.21428046687442
-3.011547544877243,-1.879620247384062,0.7713211296045466,-0.15971648380522677,-2.127063679301055,-1.4176456857843716,0.03236356316683125,2.3187720625306456,0.17090457248025778,-1.9569467977671293,-0.9947450132361615,3.8310977042275542,1.1940210629054997,0.6212444179163643,1.481899924293209,1.4562519887675829
1.9562638637027399,1.687720792606842,0.39110869467932896,0.1060330517019657,1.6909605241055157,2.2610027481771136,0.02675932101071069,0.974116180659266,-1.102856085587292,0.6449803085360345,-0.8552299403085527,-1.7357584723796102,0.5337913635091137,0.30273715815942437,1.6499904084384935,3.714845446387999
-3.2309243304331154,-1.3112398323881946,-0.021538356105244943,-0.424144093084229,-0.45367862788153973,3.3135101008328753,0.2103772016655081,3.4277978614790636,-0.18808622832505487,0.3197668894902318,-5.261654301116954e-05,-0.0971391826545313,0.3092954252153859,1.5654644870374441,0.2592458052285745,-1.182075535378931
2.3263792553757745,1.7757840069790563,0.6336253805802338,0.06670736249739846,2.89003954316841,2.059743071768139,0.015705025781556168,1.8302328973304107,-2.0197434994651955,0.9861717594429497,1.0216119580971963,-8.539475764129481,0.5413414198177439,-0.527021791701825,1.0915414370363743,5.928026652221287
-3.1192362619876293,-4.426302696534791,-0.04198728299519499,0.3022620676211125,-2.41567051445483,-0.016537425039747852,-0.14908854586570788,-0.002147706059746127,0.11391313328752782,0.11194326325069674,-1.7338944902618298,4.88113455384387,1.7848361294761028,-0.153872247393789,1.7415683501218018,3.4973126288559677
2.3829276497926153,0.25323563270197297,0.03293907496167683,0.794212861391561,0.8635208087192898,2.16908400649112,0.053369559885763446,1.2230050449409897,0.2656339209159521,-0.41746548329441097,-0.45417588680847776,-0.13840963704544162,0.3154154216667045,-0.7631053665587085,2.554837959327141,4.08577993439045
1.7681650541436542,1.7644094008038955,-0.007150480027881863,0.6200558740737577,1.0049517117503852,-0.021926671956240543,0.058882463784944224,2.069525672322573,-1.3920461987179935,-0.33139066854584365,-0.9762921843114217,0.009538003541548221,2.5823472128089437,1.6748477638822483,2.2161942014925025,2.4804576515898304
1.794967996197474,1.2017158242275805,0.5753931204711252,1.002603686533893,1.9280049067660925,-0.22461966618898316,-0.01773743657628229,2.240687379314165,-1.135460348412564,1.002286654906393,0.018121198462645257,-2.7475303199565464,3.0260370094487703,0.13735640419361925,1.3728062863837571,2.848567344050776
2.345169321941247,1.3086244817085886,0.3253101818102165,0.6168591445509031,1.9162157943641385,1.968577818797441,-0.19057412374606272,0.6531084954883788,-1.4229477211198922,-0.14402697516495383,0.8848428487664931,-0.2386462053338169,0.16383397681802586,-1.8532688759962335,-2.0929976317491588,2.9808374609325337
2.7520423608187943,1.5333923478347822,-0.008517597495018679,0.2918644239315545,3.5555514759619045,-0.042378284245069876,0.13566511254880412,2.930479986780491,-1.7117516432704767,0.8691287189742176,0.09820605058966626,-4.623684145272212,2.329108945410114,1.774849112674314,1.7476333462744478,3.06411601722371
-0.5057308236731055,-0.6303338058284141,0.027900115445521904,0.7312672556365586,-2.2026271525875027,1.766040973300175,0.03370188793983115,-0.7104832085994857,-0.721537158670331,1.0600591174780045,1.096810813247496,3.458275956778808,0.4839708103500534,0.5175573816846049,0.6834198377425235,3.988784184967384
2.7231987951559273,1.8530997315841131,-0.005692626019067198,0.24945246227868734,5.875008002902073,2.735408508047549,-0.034767499475147706,3.6901656385321737,-1.9772588913595504,0.9002685892914042,0.18245040760086836,-6.654013530808174,0.33086845508701074,0.6472676078880184,0.7244454887428224,1.3777098756830304
0.5516339230756357,0.7808652402155398,0.6253910515794248,-0.04512978699036997,0.3431454244003619,-1.2974099570382298,0.3624924274307943,2.1548603902098624,-1.5166180840734762,6.386298172449264,0.1646176832947427,-2.5986575519835693,1.8212088239980035,1.1429660220459206,0.6117830592045606,-1.4129107550265678
2.4783882335616982,2.664246052448502,0.6352414597020957,0.7660027245234862,0.30333613393664965,2.899017865407657,0.03512569502229294,2.208680600643751,-3.0194490414698545,1.3298452062840085,0.36311802445936425,1.3336967253988325,-0.7674757756690579,1.3424377729700834,1.1112718070534136,1.11114236347648
1.866305053515253,1.2540517544501841,0.01111456484007807,0.6357872683900718,-0.7135372316153821,2.659759724201121,-0.18960861777127608,1.1598281408504472,-0.8928693391770729,0.6873142644933291,0.9076842046162301,-0.07974185788759992,-0.008943204253512999,-0.7971820765799827,0.2726737972910583,-4.138218445930012
2.6426077369138055,1.4457054571002834,0.47725775048835906,0.6341023506527839,0.5686176758314584,1.7324684306914266,0.03533626677265289,1.4703968752729433,-1.1232537563964464,0.6272870936004786,1.3736797775328518,0.08978507339615724,0.637164877533294,0.7410376775121275,2.1073638483875676,3.5540476103152376
1.6864102788825102,0.28074687005424587,0.3527980923382938,-0.32762865195242297,1.605326962111072,-0.6388872666460581,-0.006752110526347165,0.678693072768428,0.4394769856244578,0.172269286085994,-0.11669543613193299,-3.3371822509876328,1.8755845741319415,-0.018967458529110928,-0.7924477427206508,2.8896930739134397
0.7463398589398696,0.5697099854381981,0.006096116167817754,0.10321764700878713,-1.8514676499483014,1.766920173153051,0.08839195489147902,-1.6823198058534283,-1.0741126499283313,-0.7999114448491138,0.4763578727952177,-1.893326540911204,0.0907526493943202,1.2581158971205708,0.850008945917184,3.6968718228486512
0.37161805194782044,0.1955246863780805,0.0016471503208445562,-0.059320774414746064,-0.9100166048875715,2.1058568400941913,0.12092437739165349,1.6419453821241952,0.2935781567197044,-0.7929087902343847,-0.4323438935358514,-0.5500960512471356,0.06419278216961985,0.6216876251864419,1.4907181503898488,3.0853481128425555
2.1514334796002754,0.08924778998847926,0.00616478830805592,0.4940733874983188,0.6213252875232311,3.2949043731330363,0.035233654222112804,-0.0556101823958604,-0.4502246854113958,1.3872607132966568,-0.45778159386660444,0.7680406115467171,-0.43888518283016725,0.620152344482832,1.272697768135405,0.5130007654954453
2.6361966639276617,1.5351291094701043,0.2618273897558296,0.409424516948406,3.8575954226308027,1.7026962129560295,0.0506531541050611,2.7923346373118996,-2.0050830254929877,-0.8978082499198813,0.8582999608086228,-5.60698436819793,0.7271757801701022,-0.4366629240463097,1.28540349004956,4.167758030323599
-1.6661328375619413,-4.064624541430629,-0.101149212166293,0.30307051164245596,-1.6692568342640084,-0.9608407087063707,0.1145832718759734,1.705872826676509,1.0299444605882864,1.9982508820653868,-0.3261603271677726,3.5172440386262656,1.9392035559032947,0.34872814101131056,1.1435586700796303,-1.62970695146172
-2.6507689354512682,0.6517874005375983,0.7187656831197199,-0.30254152902718673,-1.0153074184595345,-0.47632857218551056,0.1691462474256783,2.9386778926234247,0.8233230281311763,1.8061130237651184,-1.6300659614286734,3.3622517134213834,3.968791154566967,0.5777508527331277,0.04409959000040781,-1.33718905470537
2.69816203303567,-0.0438270781952034,-0.03168323178352212,0.8749256786802391,0.941766394476161,-0.03115944998896662,0.02204330382882511,2.2903401140594024,-0.2566145385202413,-3.1277787074169816,0.134197159818658,1.2489118004124433,2.872689663095662,1.3635212242841415,1.3040141439862973,5.889467340397913
2.19504201640487,1.2641029367350223,0.5652110315215712,0.7010524651753844,0.38270275220049,2.862763111156011,0.047390249224238304,0.2673249704677884,-0.7848859393600282,0.2950365439202579,1.8313944175808712,0.06407361064624877,0.04999495466561408,1.8715779035151547,0.84705977781672,0.8061676320789138
-1.8842273402001823,-1.1200964689150417,-0.02259389679176021,-0.4106173002790922,0.41771769421057864,3.318524243937668,0.05305119707288883,0.4753534626139115,0.46950719270149127,0.7142723383151722,-0.08970368855024342,-2.5724072196309127,-0.060059157069516776,-1.413128625231893,0.4914994574186337,-0.6498161652512623
0.3040166193667127,-0.8875909698016066,-0.02459413850921407,0.6049983921301314,-1.5967720189380898,3.3653562132480737,-0.18433893275687024,1.6489680119933456,-0.03443659196987381,1.334619312609244,-0.19550642224960965,3.6947941255795707,0.1681349482246352,-1.2218428645413562,-0.1622039005327068,0.9990069984496006
-2.0871890652700027,1.2702193460446993,0.10314812990376625,-0.027036960115175295,-1.7295692915105139,3.4067658858717613,-0.002354556083105071,2.091168141756231,0.6691136455583112,1.4506408879129291,-0.14960000645450008,4.3972175039139545,-0.6739194179232287,0.799785847543158,-0.40605561714267513,-0.5087914512195396
3.138733176783257,1.5952535473479452,0.23230364644260557,0.24615457833847182,4.10172667856508,-0.07931014004967309,0.09314074177333649,3.1151799904236337,-1.8396472521220109,0.610074595076501,0.5392237125047742,-9.354897157346809,2.389047556305111,1.5016328616563044,2.3195872323818403,4.296172339061008
-7.014700718238134,-9.808922270043889,-0.2553371384134173,-1.7767373149261203,-2.482188233920275,3.397105468678249,0.11303809408734256,1.0619933907593204,5.58881741903406,0.3029376232850123,-2.079741668935649,2.667750904832343,0.4705219560540045,-0.07887814884087345,-0.12788703644086338,-3.718796318670352
-1.9164937826838233,1.1028402857239268,0.20070265382465977,0.013669307510872709,-1.754143187671454,-0.38559552635318506,0.034101436408218305,1.9891043744375927,0.7679649342670132,0.6027285817046386,0.3585110093513094,4.086425687378095,3.696732774986024,0.7196214583164635,1.907344012386302,-1.4567644287015735
-1.0075565373435218,-0.8990768107066536,-0.002261716690973937,-0.5683587985638863,-0.6692723202290966,-0.3242895501249777,0.0549859982871842,1.9757248088815955,0.35083752380118993,0.9343729161695653,-0.29087339299136317,4.022450046009767,3.3477716639141732,1.8625855066334593,1.7798752106611053,-1.1870940971606774
0.3419002527620424,-0.18282259563079906,0.550852834676946,-0.08486475470869904,0.6665581534285933,-0.4339831070628823,0.047035574798629236,1.8751020995366572,0.6248720007156194,-0.07525971315985025,-0.6608937013512803,0.3288919168372716,4.435308069995935,0.30306849891529175,-0.2777830822313931,1.4000484112553992
1.6304257414794538,0.5306144702880027,-0.016939869475315172,0.5962536649481671,0.5112678586037563,0.06960975154583703,-0.05308372396945556,0.7858051049280671,-0.04620640480554375,0.17184541228129901,-0.774823493338287,-1.531967973089915,2.809188431334776,-0.5118316050924571,1.3634516834790527,2.105542366198117
-1.8180047649634252,-0.688812251391854,-0.05921154318694346,-0.10164110953229208,-0.27157043828514554,-1.127663047619623,0.03696254206446277,1.9330784310737723,1.1811926810656463,2.0081958082713953,-0.8214724267126448,0.18025470266750881,1.3520368640223197,0.13075568504562954,0.0412406653758119,-0.372637676146971
-1.473905234560671,0.9781301741824792,0.9048399295242617,-0.35794748932662723,-0.6664107778106855,-1.2469017642717728,0.14336517697300347,3.7570531544959023,-0.11889190669532486,6.497552181459255,0.09585924930381401,0.24191519583709045,1.5261075745306585,-3.3014090817986026,1.294767050567819,0.38699811137798146
0.5779770030166096,0.19864280014596367,-0.0035142635904871814,-0.1938376903033957,0.639381073233511,3.3450456355577987,0.04841486279963013,1.786174600083047,0.19280607009017817,1.2907184443385977,-1.5763542205977474,-0.11164067645216293,-0.11151013042959469,0.41925857930527466,0.16807777639278146,1.2882661027736284
1.8510525722082352,1.4262597163993949,0.3496829124523106,0.630065408210644,-2.89757340426717,1.6725279338527144,0.11841855168436491,-1.2384770672536862,-0.8424649045602665,1.394081648395255,0.8769369097380625,-1.3557926804136773,0.8096536418326317,0.43291948026183835,1.2315885546173269,5.156023899402865
-0.3967137308417461,0.29353171914731535,0.35692576362838796,0.3997645370938311,-2.095093512041473,2.026114847243172,0.03266062889290688,-0.071945121914342,-0.19702785077204213,0.48371765200565753,-0.23231736223368007,3.287897107944895,0.49109026329398464,-0.36525902392374243,2.6374328172966113,3.3321103933260483
1.6421119360468013,0.3461066460602982,0.012058009719238203,0.40330351079221083,1.404761472281042,0.018976656178737537,-0.751695264783924,2.4972797906548068,0.2989944704342615,2.5285553136734924,-0.09720250583751305,-0.7512487371113091,3.130581812866976,-1.7648906709208871,2.1678277774567736,2.933765265501276
1.901881333837564,1.6395935249544173,0.30210830784535103,0.0335180129003599,3.3028588232561256,2.073544373542347,0.17713196615464352,2.9320507908654547,-2.174755740648888,0.40669375309445505,-0.532969326056167,-6.689626365861263,0.8326466517906022,2.3917195755912566,1.8053166374922163,6.375966119192101
0.5157762292414024,0.4234551086366357,0.568673586250381,-0.2526000421250403,0.7688986874573948,-1.3377117532841107,0.03469379805253946,2.823012347310022,-0.04649470148444918,-1.7294454201244511,-0.6447589657864913,-0.12282609601938203,1.5724309798707188,1.2692098016940083,-0.30283046335517205,-0.013628644028981252
1.7559057366946418,1.8529814126760928,0.4652886368011974,0.4766251512182852,1.5787477360515707,-0.8834455726501171,0.07751873616459157,3.309698440130898,-1.6705914523448355,1.1938124982513219,2.1745754579027525,-1.9945041034681952,2.123385671722895,2.4570460816910282,1.9710390451321738,-0.6655437748085127
-1.0941873293955606,-1.0014259844486078,2.3652208117509432,-0.1132493660324908,-1.44970188678653,-0.337626489984053,0.03370202314384732,2.6658289758419365,0.5118460438605446,-0.4663807139388042,0.044954260892585744,4.992642092375251,4.218533593957899,0.6674939551427582,0.23879648204944623,0.1761979236188902
-1.700769406350536,0.6114358247719295,0.9584466814544151,-0.053240651246083785,-1.9377922544077926,-0.29867748265857763,-0.14791805325615454,0.821529984432089,0.3443877962010684,-0.41854955822479256,0.4900889470969552,2.642597703021795,4.181487611699224,-0.22312188160322272,0.07154477595054509,-0.651138849110372
0.7620677620925053,0.7448624707511792,0.5174072838780385,0.5678304834227526,-1.4750995390605746,-0.32933085305885557,0.06753055181870639,2.363476379138815,0.5085693162512679,1.9078295168513433,-0.2822947012015383,5.8116656980291985,4.680871369532646,0.31111815431807516,0.061347033743435156,-2.829847834360331
-2.816753931601098,-0.6679924385365082,0.4089847481743012,0.08119518160259759,-1.2503855763240923,2.0329763913207906,0.12256403660069921,1.5270656206092876,-2.51555077332043,0.18271811872149202,-0.7336883303179985,4.485052120265791,0.5540010726977344,0.7135889572845434,1.5310134981794614,4.82939912147986
1.384476394885994,1.1680871850770107,-0.013630490770499945,-0.02766051506223194,1.8655680694756083,-0.42843447696446485,0.00846512760278043,-0.35282172212106944,-0.1991627317654084,0.8292920929534917,-0.6062820604168152,-4.496010945957018,4.241688373116486,1.4057363327805272,0.24322318503881218,-1.301159885570578
1.3713096053005247,0.6746265857740749,0.014629640910456798,0.48382906588509905,2.9391801354559695,-0.23411509360081242,0.15103579099182024,0.9860649689237719,-0.8064215580171363,3.1145461761533215,1.5150809836774346,-3.687298776454156,2.3193706544006933,2.665051385274583,1.048744437514588,3.7103400520714227
2.295120169239589,1.7305249241946177,0.30468235678121036,0.09338321587344207,0.5187145848407331,-0.26429320933418243,-0.10417366659858099,1.971668862988952,-1.0109960022279167,1.1188625761292705,-0.484848982162882,-0.05504571823896595,3.9306394918257372,-0.9268152591129732,0.39903325708198384,-1.5990771140872013
2.2566145643472035,2.321088639292717,0.27950193620076624,0.5083029885619633,1.508200906335654,-0.860805836011701,0.4371299160023264,6.22181965206431,-3.32211305185054,2.6398287605056545,1.029841949109696,-2.2945739176006326,3.209786322885838,0.05612373694336928,1.2273625932765864,2.3828789412307403
1.8976798259575598,0.7247817798516092,0.5688557019525907,0.9131610354293588,-0.415253899905799,2.048885223981768,0.024048574075776163,2.272426114167598,-0.48966666072671183,0.6219305038236188,0.0975112516852114,0.6002580260433941,0.5760857650218494,0.43379287689680035,0.7400998274564458,6.508022477881102
-2.411313263226851,-1.7909954679915958,-0.024006571490308475,-0.0790637078191859,-1.711770624831484,-1.2133920712117512,0.030546609518924062,1.8826691479326294,0.05661407014992408,1.6897778002214245,-0.2309658325056454,5.793420931993494,1.4298447139038146,1.1802325620965306,-0.18990910712914777,0.8238538848388129
1.9299718282146767,0.8391762155282871,0.26131867706149886,0.6838242808251802,-0.35347340381167247,3.492690998929526,0.04254349221960271,2.1926180843651,-0.8741630308252408,0.7658719543607343,-0.06529031253614014,1.3110619858273047,-0.07999255315315114,0.20322546240758527,0.6381444130535722,-0.12031381194205983
-1.258921232522818,-1.688320130716789,-0.006452714323668521,-0.2727248407553051,-1.0168759653860922,-1.1297975464489867,0.2553443207008851,1.3847224237690885,0.8507378874647852,-0.7571193269396049,-0.7892866858676398,-0.0721707387378083,1.6934721271117914,2.09702817895486,-0.2634672608055476,-2.399191886428759
-3.6869071739010844,0.433508746172344,0.91598680285599,-0.2992313885507415,-2.1281093190770157,3.5207065704748155,0.1638203766990579,0.538686615122921,-1.0825572422530696,1.621295630124137,0.7536549749363977,1.2505987246551473,-0.4859199550983454,0.3232040050863224,0.24537182932611842,-3.308278345953241
-2.9195343585207474,-1.5025499599424577,-0.043330133673445174,-0.14848786677674983,-1.8250513756510465,3.358959910477788,0.020299998541539712,1.5695821236688978,0.3361910458426185,1.0224306876635079,-0.32674127001298564,-0.8426227869972589,-0.19513696765582983,0.5181821229519589,0.1832939654263573,1.076904378640888
1.7315372654767829,1.708619602523557,0.459893738559149,0.4401090077111677,1.0049725803027214,-0.18301553260109746,-0.11373796573811372,2.1603640267173674,-0.6708152050553616,0.20787516038448628,0.4490993621599126,-0.3520344946897,4.869963866569392,-0.4807480173486579,2.1414767966194077,1.0634510968684432
2.316943976068418,1.239143336919729,0.01983362489677957,-0.3697367882509459,2.6314620680719885,2.0713941211074305,0.03638136323598355,0.6179621537369684,-0.5855216914886384,1.1294647160230724,-0.9647393838206686,-2.3427843712636314,0.543253248723384,0.9128129333187888,1.6140886079842758,2.016314359585136
1.8389319653141498,1.0634401744650717,0.581965331877249,0.6798779578262814,-1.4853203054329565,-1.3117419515131452,0.062185578386013,0.45792089470119224,-0.906049543472969,-0.43161147318265575,-0.023818640584189765,-1.6492408174752808,1.4276889494276526,-0.32335650678064914,0.7771128857197124,0.5584446627486283
1.6831744666554718,1.7021653383401654,0.42775079542395633,0.043932247219166845,2.206548548271574,3.4009943242967737,0.0004747398008549007,0.04779039498576535,-1.8334218096239463,2.966811536303925,-0.31534007188900626,-6.416273796873123,-0.10483999769449048,0.431885621706371,0.3803794982522076,-0.4592643768861268
1.2258787615340359,0.5890785582150027,0.01953946018347027,0.5293452934157835,0.5023362327896611,-0.03846983341699696,0.023970253641214512,-1.1208871733918593,0.3694154514493707,0.6785075857280395,1.3622460646197139,-0.986962497664387,2.478112683508091,0.3046177972746483,1.7616706813488092,2.910922969869777
2.3433094660317186,1.5632561725974192,0.41191191871159033,0.7389466943033229,-2.086394322490996,-0.2277193595820248,0.03177841575847648,0.48559293574635876,-1.1096788402335263,2.7347036030859164,1.5532196702992582,2.428452300139845,2.31127753214208,1.4023217853947543,2.049046369625353,3.809956473644472
-1.5221720704001105,-0.8365692333450147,-0.04057665572889433,-0.6421020644018467,0.6271360465580597,-1.1222238570163467,0.22891820947610658,2.471862381296546,0.5907477478241098,0.8289289491695008,-0.9843411043216969,0.027098167646936434,2.501636902170154,1.8867680170647472,0.1493353426707682,-0.4898545238827773
1.8220050794469391,1.715677181444342,0.34115006428188777,-0.0013974421518641535,0.2717845052062757,-0.3778868067381999,0.04882731388011296,0.5888248854967507,-1.0916870889110193,1.6898925531515818,0.3639822656393743,-1.7478253419893381,3.8426222817690325,1.274782439025893,0.5132882366852359,-0.09788849781203003
2.0204657509928823,0.8450528316987019,0.5768384309607913,0.7644718292236757,0.6009790024454799,-0.3589550265126594,-0.022145670723053238,1.9837733317159594,-0.12662817541176127,0.021475742892068755,0.5471927979509904,0.1625621592815976,4.61963007764563,-1.101190479228949,0.27807467431185734,-1.1871616884853489
1.4957891107752814,1.7291850656454337,0.3626252795316236,-0.052432716841362234,3.9503759778179117,-0.3045426972360609,-0.08382225472346214,-4.517178085984384,-2.030841057677481,0.870173440328204,0.6790689551423111,-4.016213807687095,4.1327143149174,0.19829912930665433,1.6358785183408893,1.4868059067287522
1.4849892335529067,0.9843038062299778,0.3437716573238008,0.5566451869333816,-0.9459485444046942,-0.36878626003196496,0.04915745221731566,1.5854768354456068,0.6255736277060049,1.4575138280310374,0.2615890303119476,0.14152249238578973,4.865039445699423,0.023315294282402563,2.431909045221547,1.8220040721674764
2.4755995049079926,-0.09973734931209541,0.001326337057633215,0.17470633248232179,0.5840673661681147,-1.1766609461837578,0.04955850161904061,2.8270649739954297,0.21143922325781803,-1.2102225419769759,-0.20894618306805357,0.1439837828628518,1.4376645548311462,1.2268848937973738,2.846977983446856,-1.5727906849255797
-2.6690917335951734,-3.6749042695684557,-0.09729596725018337,-0.0009887821760944824,-1.4535085529773473,-0.43428731328584314,0.04483680007089619,1.3551320314238298,1.3131396887581692,0.7932810755033955,-1.0851635618762068,3.1525841453590293,3.880351047115679,-0.2382753965668162,-0.43098840983442666,-1.4070578973421437
1.8492969410267541,0.34407686313939995,0.02256973068270339,0.20281332002061903,1.4421468453909765,3.109576080053358,-0.26717168646639966,1.3190601860760796,0.2954854496045476,1.4730945016831785,0.01130246450904993,-0.38814604688337595,-0.5588204837918431,0.8008324142350973,1.5332781269672706,0.5181604948337939
2.0401697680863524,1.7493293099250224,0.3424127357326819,0.5553043537530099,2.1874359152386167,-0.025291682933046247,0.03295297250765204,1.926959793119976,-1.0816416034529932,0.6128759040689106,1.6583440761798645,-1.5854805934595684,2.4066864134516477,1.332905234828699,2.144462356616706,2.226959238513384
1.0910412587305132,2.281492535697393,0.4361948312097712,-0.5346587746688528,3.7317090604051777,-0.32413741361459397,0.2798210253471694,0.18876538890090772,-1.6605879018046725,5.918798088425026,1.0198297256003859,-5.79652317726417,4.07296286954987,0.13198403547727156,2.953718631131352,-0.9799160021396662
