GC_spacer,GC_target,GC_target_5p_context,GC_target_PAM_distal,GC_target_PAM_proximal,GC_target_PAM,GC_target_3p_context,Tm_spacer,Tm_target,Tm_target_5p_context,Tm_target_PAM_distal,Tm_target_PAM_proximal,Tm_target_PAM,Tm_target_3p_context,MFE_spacer,MFE_sgRNA
2.3426072302389267,1.6848885358509913,-0.022040008390322424,0.32490345872690235,0.3018977264178285,-0.7896862057149402,0.12619651771926677,1.7381305958802504,-1.4682037749513985,0.514431472875178,2.4083041390391684,1.581187708036354,0.701094889478447,0.6667728739905485,5.822124718206625,11.304766139570624
1.9726065336242327,1.220208043515682,0.11124277639885806,0.39413626067402446,0.3606275415423644,-0.6700893976862229,0.0724085767110803,1.9898910719634342,-2.8765557743534447,0.4227282153367996,1.7127054897621272,1.4619652299154555,0.7573416772422692,0.566829224669064,4.742479034405203,11.468902325021107
2.7006899050225814,1.7186623743275797,-0.009247648229202276,0.6819326933982477,0.6132438353399425,-0.8733891590274868,0.13303779085477174,1.786415911690642,-2.7043688648343083,0.9339531836832566,1.1423201924438273,1.5388111408861982,0.7862904628415907,1.084778057903052,5.510785683239499,11.545602791418633
2.0573255189489568,1.3395446264150865,0.06452210878425563,0.20643126902232603,0.34249320388088644,-0.810779544103269,0.1714531937713426,1.00094077537364,-2.1081037520170214,-0.05631606123223935,1.4171074407945072,1.129355028461976,0.8586498548413317,0.8091293915001057,6.192109843883043,12.285622493649521
1.5157810009444752,1.1397107202472787,0.08500725320974988,0.43121770559499717,0.20546093442368657,-0.782125726482521,0.08568441749985063,1.60396916771556,-2.706244610949108,0.5366292092767537,2.588365683633833,1.5998342136119803,0.6551998666425545,0.924107192749778,5.947287599804503,12.070924464002251
2.742352402959019,1.8808366007894903,0.05345444129407421,0.6081797625770177,0.5883490856007361,-0.9337076723314816,0.14488650808359196,1.7458902415484185,-2.7521413335502145,0.6472782130843645,1.395765475453343,1.5941490704218544,0.746285738211746,0.8410261103990487,5.137671487980834,12.149242218436987
2.449271962413254,1.9631502720486997,-0.03809343915681029,0.36846883942931813,0.6457229664213955,-0.763009385060519,0.16395610467313487,1.8071934982631357,-2.4340788319654134,0.6889696549726653,1.296881264649331,1.2992867872379716,0.6834069288522004,1.0721997785121204,5.304813149723845,12.193858963518716
2.4530869947581864,1.4301459313705565,-0.005394077966610844,0.379507890759657,0.5268147854184111,-0.7871406335023535,0.16624178452789765,1.466710377908001,-3.186929044326146,1.249005485935758,1.8558954656521476,1.2361328017519164,0.7281177338731164,0.9761222513367724,6.078080165809641,12.0044741974175
1.6498168444906658,1.1999707226784282,0.06226908717056077,0.34049209825011595,0.28926209864020397,-0.8770393582352742,0.09355723583294798,1.4926921167299154,-2.7619225635236746,0.7920528929879261,2.57069363814344,1.7460924768603097,0.6899988257661461,0.9876987993391234,6.022968841105699,11.602205335689087
2.05458843261314,1.4307868761302278,0.06379864099125078,0.4513659429053469,0.36259407024085416,-1.01716872790642,0.11541558803742097,1.0464338764393086,-1.3127259345312285,0.7941865329258141,1.6519705501093216,1.19613078110603,0.8810370200388131,0.5405256593693049,5.894866868361831,12.455125168512575
1.789117532650009,1.2032486483901734,0.08253039676944382,0.1705206796253714,0.39899007879197634,-0.6253890060633415,0.08007418378194155,1.2959035329371695,-2.8839627348848924,0.7760550376344479,2.6642959965591624,1.5748436722600212,0.6029995826923599,0.9403604428457715,5.785876102087398,11.690326330125952
2.468135363862227,1.6719723541717983,-0.0876541164517405,0.42078779534995614,0.6464448784235862,-0.5582284572472176,0.1760443670302627,1.8850370609493299,-2.5191127082658933,1.3197111254632479,1.8691639575002092,1.4975173083494109,0.5106620029192418,1.2697182702819512,5.490462546105187,11.509775486794611
2.2725169617161156,1.3995313685809572,0.08324847937623622,0.3537698470167808,0.34333916896395344,-0.7318536067704355,0.1411835375043249,1.1353941652737554,-1.2560435375197172,0.7668288589517283,1.4967617370298447,1.1491284866662075,0.781064828459174,0.4458455577244368,5.931164762005212,12.297050730365019
1.8640516474585362,1.2609334025035304,0.11204705670538011,0.1614919237655893,0.2770363760975506,-0.7083577694011228,0.10790378553606625,1.5254360327944168,-2.900269735132655,0.5264663073855141,2.4215648444530866,1.7254098782523835,0.6528700917822619,0.789554570118586,5.9604228359386315,11.769229227945207
2.3689043199593813,1.8890938928049683,0.07723582901060594,0.5445488006472586,0.6141449303003028,-0.871490520079931,0.16296657939006945,1.7389915642266476,-2.774657037481665,0.9999663264527913,1.9685544840463742,1.5571952491930376,0.5956932511357587,0.9545084768260522,5.40595210210296,12.338828986701555
2.1551373809228336,1.4268918559700252,0.020870114376147223,0.4788688910479342,0.258368090848128,-0.8630316638660934,0.05595109418345026,0.9915146929497515,-1.2382799629569046,0.733744547620416,1.7245398819639033,1.1876492331394308,0.7722181174308057,0.5616854719693476,5.9913608455204725,12.351442754223942
1.7739568857302268,1.1778288678874567,0.08766593164205502,0.27746373232950755,0.31268676849020033,-0.682441865344842,0.050827075362206146,1.478600179441894,-2.857881085490187,0.6612615553388985,2.727388706984619,1.8881251834531625,0.512503528216233,1.07502242502446,5.714176024949799,11.348606562187276
2.5107162028414507,1.7079624337119366,0.0061656509637829275,0.6524445730211829,0.5486876417128369,-0.9638812604472042,0.11676658652101933,1.7994314862253764,-2.6102821690626445,1.6248609896091122,1.696552930742503,1.5356565494077898,0.6258369420866168,1.143506575373623,5.254437869764865,11.92157423276392
2.835847263583602,1.640233601937692,0.009350197911262015,0.3725151725560433,0.5022841267759601,-0.7464053546562789,0.16919439961140348,1.5152580371840547,-2.319834390208124,1.0132512476257973,1.1661434630875784,1.6314274791690209,0.6248605346083645,0.9451751035625734,5.218021316797161,11.9592634121549
2.558075614211461,1.6889663234353063,-0.00810014343758425,0.7177398371298129,0.5714875589556371,-0.9337239223324377,0.13298965949813452,1.6788801285079098,-2.822486555164059,0.8396744414161275,1.3401329035675151,1.54942975814268,0.7448305694262196,1.1787906249426305,5.433085426867009,11.86681338653465
2.7444749672288693,1.6160649009644994,-0.03788325709352828,0.4427189428135752,0.3696738878240185,-0.6613375058683258,0.09165215995907712,2.2655842784245808,-4.435853442206357,0.3896590962534151,-0.12797628922139545,1.1323360869127006,0.7602379352053005,0.9332294665512941,7.446215861002602,11.749382456056152
1.7041055643235645,1.2040648385869963,0.0016590239554648298,0.2905264179942508,-4.664073398227492,-0.5741505055241286,0.09211964726696392,0.6187889254738884,-2.3327949357266378,0.2855463859140875,2.513486644140212,2.3976918675287937,0.4732925364474455,0.9802228924011189,5.1973525998294345,11.179874274065098
2.6172953918327884,1.652806884695175,-0.014095358540614751,0.6391108597889549,0.5297513784570623,-0.7651579617125291,0.23740575658529994,1.515334237407563,-2.3618074016546213,0.40121984828729157,1.5524098189771176,0.8791963230222465,0.8510657404089969,0.7725459501971492,4.861658192689997,11.970397220790383
2.4685959829129263,1.9170531123513352,-0.06753841991225898,0.4432466240686677,0.2035542153250427,-0.5631859655429918,0.11277966291457465,1.3760609113567817,-2.387188421589633,0.459820621126642,1.4812835645119975,1.1034264993295075,0.7247574523123915,0.5654272924438117,5.262727956809569,11.733230801358818
3.360925308868289,1.4225508054941893,-0.01591697966183254,0.4632809557716056,2.8610986948907366,-0.8318498620452976,0.04538651728630096,1.6324091770357143,-2.750880793806786,1.0090267210611878,0.11636207655850275,-3.1858034178068237,0.6535398042400682,1.0558544569611543,5.2871585640609275,11.710177438994247
3.454521205567754,1.6045934596943363,-0.03631230908135539,0.5257358493885647,2.8268077701355034,-0.760579891166961,0.1492788440426812,1.7044292878353346,-2.6439763181755933,0.8926302171216034,0.3845968609172851,-2.163768971350044,0.6915662390515217,0.9513436342139413,5.145530588286619,11.501232998979589
2.268936015894015,2.1763805165737864,-0.09017360611756592,0.4852876581326125,0.388181985453702,-0.7762241145322719,0.10423808023333567,1.2383080227651315,-2.1230528213627005,0.13602081428344145,2.151654468514026,1.8044730845441417,0.6071277775416777,1.018354143906385,5.66338531038165,11.856105725440818
2.846573519649605,1.515844566932569,0.05282393908003898,0.24617202823360748,3.0053876623983182,-0.931158068711559,0.06416435635617539,2.0968318547879656,-2.801475112205991,0.678737381195029,1.2251062487810855,-0.5320949155194675,0.5035595209536454,1.3648164660880961,4.7848051343162865,11.54257821808631
3.234816348680606,1.491236406212052,0.013876681715250487,0.43461156839132314,2.5499941505063317,-0.7779522679398458,0.09686971758616506,1.839856990627324,-2.689330569325635,0.7874161741721134,0.18367633228066088,-2.7297969289297868,0.5649969138589997,1.105334310931464,5.025062412803374,12.169043743421634
2.557254592937728,2.138172046728433,-0.034740062531083936,0.2917994814999399,0.2523061795563744,-0.8167753874659537,0.11060868758708171,1.5952977749096853,-2.259626114804298,0.2002011530684926,1.7903757967958223,2.1702390682374437,0.6823647489013773,0.834230979551872,5.693724506106229,11.70356961057304
3.417184100679432,1.4459140461695699,0.07791219806671143,0.4052731497498848,2.8249211272968275,-0.8566483211168088,0.07065000002412086,1.5322145199328665,-2.6449861995292205,0.9204407523831671,0.35146020169059405,-2.1801000168559446,0.8346690106168393,1.3068466545442727,4.897557314338783,11.824320927469682
1.3952823537550876,1.4683370169218202,0.06985351447512672,0.7012165906879432,-4.0472898850229875,-0.8204926066398621,0.11321753025799973,0.5030213705459413,-0.26861259274091476,0.7875133090031636,2.588667892638593,6.3301542847765,0.6218905992979806,0.6807014210248991,5.30878566055,11.325179606271286
1.7829106656300522,1.5583854741025718,-0.03735153071830736,0.6877954566230372,-4.221789476496866,-0.680375737471506,0.14397567996258603,0.6551535909877474,-1.4660058752968907,0.4540097258269277,2.807724964710573,5.502133042015133,0.5558447291669437,0.47782024269465745,4.817774780611527,11.083254714557901
2.607445355857722,1.7678804682704314,-0.056512793190777386,0.5640029895839592,0.3107674704566599,-0.8503118453174827,0.10155924482146865,1.129532434217632,-2.4632571201870834,0.17510687687992998,1.7822037021617088,0.709250396185555,0.6740086959302419,0.9054884501633542,5.442791520237924,11.921615880131723
3.018736592687666,1.5829899764955044,-0.02873306554059229,0.1260903618608909,2.8169501067963423,-0.7049587131217122,-0.027445885400908664,2.4589536438323565,-4.05401747753502,0.6315919092347222,-0.8126586795995631,-4.333798203874847,0.689316024041424,1.090623049704978,5.242657983099422,11.853177851080893
1.8622030176197488,1.5085698216507828,-0.02420318716019357,0.40480573230888683,-4.384544523497421,-0.7952140584923323,0.168608828847606,0.5027177652853239,-1.403932440906763,0.29937025337169615,2.8771636495937902,4.1416986745654905,0.7290382189502315,0.44518141076713824,5.227704006719093,11.466241379089656
1.122316093331824,1.2099271398270506,0.04156594231973057,0.5788210543120899,-4.7291119247848785,-1.0078779227410757,0.15096755216643204,1.087504948483392,-2.6684261787943533,0.15993015224020976,2.727393043890595,4.255102250246952,0.725601237823333,1.0203307801460222,5.283242860017965,11.42687090987588
2.9442396430273865,1.6711904516373177,-0.03242777450631043,0.49474790013829967,0.5163297813835865,-0.6435446712126335,0.09628992894416057,1.8128211802206933,-2.739907159567286,0.7397073914930222,1.3746017832058324,-0.49961971344154604,0.6736968543231484,0.956320175768187,5.485855117555398,11.833429040358713
0.9577747302222994,1.1866761807302633,0.04525689099604892,0.19257738341142694,-4.803350757803768,-0.8477427909572921,0.16075968357920653,1.1055130778203406,-2.571999633443852,-0.1688662996242442,2.594290754433722,2.6173094118585194,0.708882459551096,0.5160383104408783,5.786815829060349,11.490942221025625
1.2402581806369122,1.121595840049287,0.05560568358624973,0.4980515043077369,-4.561177423743144,-1.0062969478341595,0.06366230788826979,1.0901797480608024,-2.63401232243826,-0.24979059474014978,2.385640429421017,2.341997471868992,0.5910325205183278,0.7302363681603846,5.3591741315722485,11.497138309113058
2.8517144999653103,1.769795386751493,-0.04918723063667579,0.7467924187233057,0.5295448276263964,-0.8503132083664334,0.07461998463422077,1.923243905432522,-2.753236692273369,0.7448210978892946,1.8910889318132158,-0.15597073035687317,0.5688768494750057,1.045143515907849,5.11796710171178,11.228829271030921
-1.2937680411922436,0.7692616739540052,0.44112728271493684,0.17268568162775313,-6.104819172363108,5.881585799890881,0.05747378291189686,3.1672371322934842,0.03787731096893578,2.4256966388840238,0.20830905653744886,10.378111736465863,-3.977962498164339,0.6703024761895647,2.512961945795765,1.07722164783751
-2.1239306565877047,1.0814907342990239,0.4329007018189097,0.49724199810003206,-5.999892754213886,5.873760967972376,0.04278936560700372,2.3662408790191023,-1.7792379442937678,2.2626642524376512,-0.35140519103741596,10.959201363261789,-3.9617114697272586,0.5051507864582043,2.3811642171889544,0.7745510615933068
-1.739042659395374,1.4825744165691241,0.43321817326452605,0.5209505824220058,-5.888984586754193,5.846955524419745,0.04345976706594226,2.8373070466586703,-0.09857860747371652,2.622918120192674,-0.20033183397445894,10.219520396370443,-3.9984741695271806,0.8619554053560521,2.697827758000543,0.9330643373441031
-0.09288547410257178,-0.15434178568826348,0.28713225373284246,0.08261019916157221,-6.201026560711985,6.333722717987217,-0.05556949914495114,6.106665447739263,0.7391753176826367,3.249250831086189,0.8379175252831386,8.101056168065718,-4.021818660405154,0.9099148760791866,2.47110678233703,0.960082485538597
-0.025381499268424732,-0.11561048484096889,0.2061701204217968,0.1371905643015633,-6.297001401921423,6.381626120600851,0.07071516403804212,5.8365325667283825,1.059161404051119,3.1247667804189643,0.7933879417404531,7.843885101827481,-4.034787049819093,0.9223881735441588,2.615071849271655,1.0348772735459104
-0.6394997703342234,0.9164486540211558,0.2990132399151728,0.11342241102387166,-5.925455964228139,6.584062274846247,0.02512025128056591,4.35770074018029,0.7561937469765546,2.5991827451114853,-0.3064983174937463,8.912825920357058,-4.151138108045192,0.770056243045876,2.57979980106155,1.051124906824281
-0.7723999281491467,0.932766938993106,0.33100089841739516,0.12984528481463606,-5.9471249558466175,6.43276091589996,-0.04551303270210845,4.5710701307881,0.7665599288394057,2.5949315235999735,-0.35164395620673866,9.010509966529904,-4.115644177354872,0.7351696514915477,2.626522690186277,1.0435468952419857
-2.055966677127096,1.2007380472123623,0.41394760726268065,0.5043508890171844,-6.0282807087081824,5.6815215186191095,-0.0875978493082028,2.2584191946682215,-1.2953405763376509,2.15597405528898,-0.4016408340260386,11.354306865747086,-3.8286635461974265,0.6709926924618588,2.6045989966907865,1.0001077418572584
0.15011506060635021,0.08275240781647195,0.6931388295772486,0.5168101458114889,-6.042702135104375,6.196230334488051,0.011541481017600337,5.471799161285783,1.6608535221192677,2.412629098718365,0.8161295876751343,7.663453071579336,-4.037770584950224,1.0692248140044975,2.6270836029450106,0.923527499755534
-0.0945399741788085,0.10221690535917884,0.5793702448631328,0.33053721088916066,-6.147035698487421,6.305076368961483,0.025846477275093614,5.944889756410071,0.9468050819548463,2.370829208984971,0.7317696905508639,8.340198158106457,-4.0054609100557865,0.7926855393573646,2.542990070963899,0.8548915810883041
-1.7797998833479354,0.9158417756052996,0.4304655491074857,0.1808440784423922,-5.80643501564674,5.622001701838956,-0.06091974260533819,2.865598037443434,-0.8542840611832212,2.319701827433815,-0.05830689581931851,10.634027702679452,-3.831392901743762,0.8410880737006662,2.8476106352458386,1.0972563852130746
-0.23438483696298987,-0.06881636752778043,0.5103497611445686,0.5588756220154465,-6.457636286140206,6.288109553270043,0.05457927863423997,6.272793709567439,1.9830266828726357,2.228592049440989,0.7396631726548075,7.744595697469308,-4.133485144507975,1.170266286770503,2.614755296605329,0.9435314220391835
-0.18861315328751982,0.011191320158230707,0.6442753423489632,0.3109836912838118,-5.925181975880329,6.452589595279346,0.030171811995717057,5.815379960469901,1.7585438816907506,2.5177865043083827,0.7399085737355053,7.339354052036999,-4.097675938477119,1.1320170615551375,2.5716349710933875,1.1024501990343756
-0.5603181417278634,0.932856923929571,0.4703519554575901,0.16575905609503394,-6.1744797379082685,6.358229184930211,0.03633041777834342,4.348353453557317,0.7345048917750052,2.6387096774093806,-0.3075441787175373,9.1166452446642,-4.106850707486194,0.7180050420741702,2.836177357047796,0.7356283356640494
0.009754409441724713,-0.14034353421752652,0.3805460743597552,0.137630143435051,-6.0832429475337255,6.363842549489811,0.10569819574803102,5.586698556429396,0.9388413185815642,3.087276864764205,0.28382096707572535,7.763936461435323,-4.045661149841732,0.8923249307895704,2.6818256191276015,1.022865439359408
-0.6048913316807394,1.0621764554493132,0.44484750048164295,0.13191751521701592,-6.24704895189808,6.584746438256153,0.046215166362623857,4.357205504525141,0.3417864584811034,2.5877067212720095,-0.2104639446632939,9.138174450048245,-4.124540373512854,0.7359934704123685,2.7582230078304812,0.9149677466774976
-2.7547776732618616,0.8711605474737786,0.4357919444950922,0.5006436104675138,-5.899443395073136,5.739357136541046,-0.023326031891007806,2.1531672789758693,-1.4122806186185533,2.67118931187309,-0.37409058942366397,10.952436177164007,-3.902577601057788,0.774957540537541,2.158293860587602,0.9451334903528914
-1.706540436453807,1.425565489171073,0.41288741133362056,0.39978427741304057,-6.197214091508029,5.876128735976914,0.034626776497811,2.5344131289105865,-0.2637789381034674,2.897332844186573,-0.42130829393491204,10.814986032826516,-3.776724689213559,0.7336482529118658,2.756157985011737,0.7260480065578597
-0.03848111057529812,0.005090042026713111,0.6755905425741027,-0.01106025460734988,-6.193140587805403,6.214759378466754,0.05062396569425855,5.81421853828989,0.9595758948462707,2.823993336532575,0.28534196039248505,7.563114167195841,-3.8124978697001928,0.8124594970410697,2.853131529517472,1.1303707932376033
0.006262715047303106,0.016504069746859844,0.5074804930302003,0.41026005145170114,-6.104802082511595,6.2499752493832865,0.02763536000500076,5.602088790110622,1.5883150969259439,2.5917273419757065,0.7059266873445206,7.532433615279771,-4.03520720651707,1.1568928095058857,2.773397923953212,1.014458155221616
-0.7910211063406898,0.7274976480190333,0.3681326682545863,0.1031073191321148,-6.367570101164514,6.614854158543049,0.05392003450170148,4.476828478705758,0.8268067472446711,2.792090704249839,-0.35053578278142966,9.515028919409959,-4.030113732983669,0.5893209082620842,2.6758606710409123,0.4300400496535005
-0.1329042864168678,0.09207760020562758,0.634705227974647,0.3583757890813671,-6.284602158897557,6.372867137169776,0.06232210244238387,5.583993104307601,1.6410192272427182,2.6661949214413756,0.5219283384333057,8.268743814770135,-4.1170133382662515,1.0810135528544584,2.5063195130030325,0.9589284892068249
0.14547753873591684,0.1190634806056818,0.47892759722316025,0.3365523766701413,-6.114458367899371,6.3476546917951975,0.1529065793330476,6.258865778698275,1.7639847650580733,2.5403471927708026,0.06796951592426416,7.144365101190051,-4.130789635480692,1.1661663151994974,2.708784617528939,0.9155790079515425
-0.7367444530365368,0.6153908429530763,0.532868185662975,-0.08016405863252789,-5.891654537734576,6.269713747882439,0.07737913598741067,4.803756642341303,1.500696459896552,3.1515904230736194,1.0963109200969336,9.308143537492802,-4.132819425081369,0.5351868039251618,2.95924384544976,0.8375134386407836
-0.5692870453173133,0.9069523216957849,0.3761493976088246,0.14134257774303363,-6.021271370965039,6.441778753037795,0.00510962989615873,4.237963677428041,0.6527512670118979,2.5174816706113643,-0.08833869310825418,9.264306471976143,-4.082027933658411,0.6968913018349556,2.6956344153912113,0.7415793920724344
-1.8591334957852965,1.2322577220294622,0.45220956626472375,0.5219722988552726,-6.071501904935577,5.685019311846544,0.05971437996625918,2.4201634187623853,-0.5572814335215369,2.7934177910452704,-0.5256968127948544,9.545581210855703,-3.627546856655428,0.7401886118209613,2.772220498722047,0.6547903524662829
-0.5760267367328051,0.03153745899768516,0.14920421316924826,0.13059474343672636,-5.655274924043548,6.527506580443743,0.062066500754406354,4.501191168829797,1.2047495004398125,3.319105379309272,-0.12745023217797274,8.983003761777034,-3.9784439279915915,0.6922841760826611,2.7470759598848717,0.30127413856952096
-0.8205435054933191,0.8113314718107387,0.5542650795212638,0.09802759837079758,-6.240460335526924,6.166766338083661,0.03620167953334714,3.489613144980122,0.04950965673507552,2.6303701195763427,-0.5703153169918806,8.593614178397694,-4.135832688669675,0.5934884187613304,2.872961622225742,1.1067153476523235
-0.36786905927211044,0.6788936640514686,0.34442337250243876,0.14609546791669012,-5.568042010343633,6.644650985491773,0.04894608569455607,4.579176151260733,1.440322497651136,2.644004117696857,-0.1415287588010541,9.035116450413444,-3.9932717047513773,0.605757914589408,2.664899780551593,0.8051696536311257
-1.9051105300001805,1.168281941110889,0.4713128077387813,-0.5497211103718732,-3.3243179931882776,6.428966963637466,0.12673743130825457,2.1311195616113645,0.40948000061511997,2.5466995122401666,-1.3328793260393046,5.69144337267677,-4.192182470109779,0.548436920360352,1.939385347819577,-0.3201806635335088
-0.5686375428382312,0.8955240645334126,0.3175167670197159,0.1279443481182673,-6.050532133355737,6.402684704266489,0.0641941695287823,4.56829473268365,0.6055043195455027,2.531375449959189,-0.36098078791424665,9.213105627620594,-3.9859755923102296,0.6821366548538206,2.727033423001568,0.9010468515685449
-2.301977802160196,1.2755015917023025,0.3963730692878989,-0.28203360641382935,-3.747985907511785,6.372600100613509,0.08759170905997352,1.8863084686979028,0.3830409679110163,2.8906217298284176,-0.7092056112697664,3.9419338787260156,-4.111042331079642,0.9652116534610585,2.856480190360299,-0.8968446202494669
-0.7206380974608478,-0.04768008029212561,0.2841247271349034,0.14006244145271657,-5.374976522407804,6.464717525183475,-0.0037182172623772066,4.359152676055517,0.9900077042629326,3.259405552968616,-0.163840742584318,9.157613178849452,-3.878284235544755,0.7179949978465835,2.6647659142538913,0.4636909382930025
-0.6467260391625265,0.0783488803518316,0.5075385981313884,0.18695009556598974,-5.688654259338433,6.465726071222375,-0.00437326929842469,4.696316502652033,0.8674990085146075,2.7373472548338276,-0.22946194208234838,9.930690862761345,-4.052262309239478,0.6581610954472175,2.69279723993357,0.6839130106170203
-1.011801873538022,0.7732410124093294,0.44150841809312497,0.11636391414174202,-6.4090639787015204,6.432505824135306,0.11280401934248711,2.858269810769085,-0.08022438131831566,2.4708004264052343,-0.5685991931712874,8.2640759393638,-4.075386071418101,0.7611809690116594,2.795923773922958,0.9017654904127127
-0.5798293707920241,0.7237774664498864,0.26281203439210826,0.17339034284527066,-5.143812852355497,6.536253691239905,0.04603200924396506,4.646286987632513,1.3421208327940353,2.689352381225365,-0.31227223800867754,8.987048639958102,-3.973948310215026,0.7120313741946601,2.8893748056349966,0.5681268140434598
-2.1605932859027135,1.306698715675002,0.4094055763746923,-0.2705050398061674,-3.72203214013173,6.377957612952837,0.08131408257409921,1.9315316518718997,0.004851284005368583,3.0062740322252113,-0.6780306250496461,4.035681215755642,-4.200056340202068,0.8525231998438635,2.70208506764813,-0.6705315268707146
-1.968996791034626,1.1965991612275444,0.40256121383265897,-0.47402852659299977,-3.2582818454684057,6.3358231940511605,0.05295787178476665,2.1758970672031865,0.3092684223251413,2.540054624162616,-1.1802662187671908,5.7612467408264045,-4.202992549989372,0.5931528077072771,1.997255834499995,-0.44277923989233847
-0.7718430902380492,0.8224857495240866,0.45486662114877296,0.1357707636443278,-5.989485157952333,6.609422518824228,-0.0037041245363652682,4.808272420411308,0.7790867558270691,2.4874434873961535,-0.3903100687439251,8.999691279428392,-4.066385358568591,0.5729133922811591,2.6023082328674696,1.0197016349673895
-2.1846953339942266,1.286319344861433,0.3755108671144889,-0.18795358203351506,-3.7437768144142667,6.324415904832381,0.14994443000356342,1.7148828583719826,0.22511219784120703,2.970394891163956,-0.697830316590145,3.8469266510438174,-4.0658524841678645,0.9812572491398702,2.741109338599568,-0.7291917208085454
-1.858554675863357,1.1656703171183664,0.47973575753284003,-0.5181608881851035,-3.259955175947397,6.376040510446066,0.12082671705881749,2.0486691608931866,0.3463961773794143,2.47175186856091,-1.3130122118704022,5.539330601409077,-4.112840171281558,0.6314061710350216,2.2030092628300193,-0.482841655240084
-0.5147502353439729,0.09480193244479604,0.5396426531043056,0.15795068225078335,-5.4912925638066765,6.663925402363142,-0.09156985597405581,4.623422167484337,0.6389347216881194,2.7778422451343703,-0.09046447235718352,9.973692218118346,-4.04526578909345,0.746255764306057,2.4448294086096185,0.45585652198145804
-1.0793328492347305,0.625442956041545,0.304091985737284,0.15322119307393853,-6.389039055840502,6.287506368689317,0.1674874035418034,3.118811301449934,-0.03553550220032534,2.809758103098177,-0.7185152817592028,8.343529758555196,-4.107211174692027,0.6496521900326475,2.676588446898386,0.9769082564687507
-0.5530050293956885,0.6927466850280762,0.2651550082722684,0.15532036476458005,-5.310914881547913,6.440392959918826,0.024738226416210405,4.60426683874925,1.3969651029631494,2.8547604020647706,-0.2378948398916977,9.114572678858105,-4.006366898172845,0.6714809806644916,2.9082361067601794,0.5462909028312815
-1.8039791829939926,1.2426957565513443,0.39632111845289625,-0.4779358350817736,-3.275730209270182,6.346487738579512,0.1402032448854295,1.925602625301729,0.3226148339925374,2.645876495211075,-1.253600050647432,5.732505312841695,-4.1624523013765,0.35654293362165684,2.1876341574179623,-0.48531487161014214
-1.441477750073187,1.23474935530033,0.42294687428449596,-0.09841155621595708,-3.099534613153587,6.2404753575796885,0.035322686277019434,2.1241782433136054,0.3127798554068429,2.687020815343906,-1.0843255242767427,9.339952579600117,-3.952031207367934,1.0833553883746891,2.2581063067272,0.6888432567572842
2.246137460043032,0.46732266092517766,0.11717847742636955,-0.04145068445305018,0.1904007899519059,-0.933577851209789,0.10302209486191488,1.074427081861533,-0.14094802248477947,0.8418767370258767,1.7014389532643057,1.363625996530987,0.828841318575665,0.5029060703326642,5.937451553567002,12.186891410540786
2.01998453655808,1.3009375740997489,0.069164932012558,0.37915062642097513,0.34835701521982776,-0.5116955276355151,0.10753813937865123,1.4362995691898595,-2.633874873498455,0.7582763001111651,2.9074211055226624,-0.6521308494495848,0.5561127290626366,0.8835965863317254,5.739805990460018,11.4747097815983
2.3620553334074317,1.580640830315649,0.06675320924244232,0.4505242610983553,0.4130979998459417,-0.6086259032964395,0.17764083888933685,1.763152182443688,-2.719478565703457,1.3107308298821245,1.9671000200659037,1.5371113803361856,0.718034308462947,0.9567432509983577,5.619303155111769,11.922721364878122
1.2999518411134678,0.4146478605636715,0.023362160208324313,0.4042932342688245,-4.674232396069294,-0.8113110271673641,0.05800626928359254,-0.3714184884453823,0.5617166830208153,-0.030268716651946193,1.6024323217067868,4.191336610458169,0.8212482301990186,0.573612368800988,5.713830242558072,11.761968597296628
2.7603623653516793,1.6689958530568207,0.021334705953797637,0.650629573193068,0.5146949009283753,-0.7312985996653639,0.16949683117494002,1.541156234716375,-2.671071947945903,0.6315092154828216,1.663562913035353,-0.13151011759663617,0.5022628525296848,0.982171137296595,5.399018883954113,11.712415127862245
2.35917403715911,2.015206425296763,-0.09344276189059035,0.8295538455269609,-4.16650123221955,-0.5431890271703405,0.11205046187713723,1.2817932243229206,-2.1122936714633065,0.5292832939953848,1.7901912098160622,6.506925976337244,0.6214162477056189,0.6258952036872508,5.8166767050822585,11.500428620415429
2.8743457601933433,1.7726796816711627,0.013119453631807214,0.5738045867991942,0.5584873907255631,-0.7248754708684673,0.14100040360664307,1.584825916225712,-3.070711885073222,0.7987581703613198,-0.7643536176060637,1.8765677410612507,0.5267718244089432,0.6935288139451294,4.2421684679758425,13.23053795472098
1.934678856119514,0.4176004188607142,0.016490188673138267,0.14758556073159035,0.29321525816371113,-0.7208290068929392,0.13923001740872867,0.843937417730689,0.41946368906150316,0.8658957709670062,1.6208617120782534,0.984789332707723,0.7984618004262447,0.36243032349149296,6.259925396521887,11.941648161540426
2.1274665146457656,1.1073176070153714,-0.008632950305938891,0.3092456457912922,0.01617295082782745,-1.0876987693533302,0.08263009277110177,0.25078241499823845,-0.36276390920206814,0.4422634510130924,1.970998361747712,0.40399422449991124,0.9087365184873345,0.6291981779833637,5.591318242947262,12.953942657951266
2.160332288204693,0.4789347456420466,0.0990618935028713,0.2998759563798094,0.3696477270671943,-0.8252484932541846,0.15115159384999283,0.2718987798374158,-0.08050709573761582,0.9990298026092347,1.0797614734765761,1.0157139191975202,0.912133977538596,0.44547515796373227,6.011719358176924,12.00189453579113
1.5677183914879955,0.6021856957110575,0.05068732449660705,0.348949667799597,-4.016201325428982,-0.7576579421572381,0.054075753136227554,0.026629377246369223,0.5204968967624005,0.7799748143634446,2.9264546861139435,6.295682061036428,0.7429335451883577,0.5190319607655207,5.009461698268852,10.741391888746374
2.4735581535647313,2.0321859791912136,-0.16450384458899478,0.3972118850201374,0.10259252039808864,-0.9691948002936941,0.137951015188359,1.0763957358524203,-2.3335670323623345,0.8150717635819072,2.604129980449875,1.91323625795419,0.6054708651925125,1.0418062350824473,5.687060816656487,12.155571194094916
1.988812397241592,0.9366520964323232,-0.024809193442265176,0.6502779152455429,-4.633053115061794,-0.8258775441360972,0.07600679540137462,1.1104833994399133,-2.152637852500038,0.6513379730486005,3.314252768027286,2.438398025758564,0.6559175756867043,0.7959742353633047,5.534120754209658,11.018452006718766
2.9731192679467298,1.467165192647216,0.02850162008901371,0.32568546736488774,2.7131907190151194,-0.8268216514928887,0.04661364458004608,2.0954911859525986,-2.4119591357029653,0.7680753825344147,1.0235117455733318,-2.9482887689418464,0.6557249658579636,1.3236605460246404,5.336945324197411,11.479626722266273
2.2514063628747443,0.5002977698982382,0.040125645486016916,0.027289037459840414,0.22379260006857335,-0.7628608843401701,0.10743927151026895,0.3539232254127665,-0.10315278776424547,0.9925024926165733,0.8368776036783431,0.9441528841673094,0.9654762152719002,0.5139451630742599,5.974132386217515,12.1483428130808
2.0910544122422583,1.598218373755304,-0.0891233125030995,0.17136447277665123,-0.11597381248914977,-0.6953119857634105,0.05495936045671523,0.7882298818985003,-2.3630574966048203,-0.09294910466857279,2.590752141719685,1.0947006217611484,0.5532646997335059,0.7791940667716172,5.607583952813098,11.885838153278145
1.8123176193585009,1.1122481427366535,0.04397827968249685,0.357551026157336,0.2134343606848267,-0.8840395731652776,0.09381207610045816,1.251296121813357,-2.709731881770538,0.5723105715612569,1.8005442963343428,-0.8843368267216719,0.791018915490248,1.326257113477215,6.154492288960766,11.784177282661203
1.7655453870147473,0.6376025515956185,-0.09094829926515585,0.1126972905116462,-5.2435102209268765,-0.7920747269342345,0.09903707661448644,-0.05479401932330781,-0.4031626477365689,-0.03730609964206781,2.3637282781066986,1.9596261151464032,0.6410013667121526,0.7008026709382735,5.950109853888552,11.015661988980138
1.4668126848054428,0.48734159179466435,-0.06164205483905949,0.10199057033751172,-5.148119724627273,-0.7954511531889437,0.045753205408652894,-0.14118447619924987,-0.19298794285464074,-0.32319641647487873,1.2737065992601375,1.6074421608761575,0.8648313810949524,0.46897183034693185,5.771491738657157,11.777365763177471
2.565380152170856,1.9083836603735875,-0.09964803084731096,-0.016249581200380742,2.6207036119711895,-0.762461433015764,0.010025011241436193,1.8261621021678052,-2.459543186988993,0.2540962110723681,0.7383226850330825,-2.3643349898060166,0.7063399988325934,1.140716755896807,6.049192563687763,12.185350148250665
2.7986784928254784,1.5435560322774893,-0.07542887845511217,0.4526652681566776,0.20899768227680257,-0.905957546738753,0.12051556748027596,1.7138313350211822,-3.190106080717096,0.36318019533033186,0.015071749553705752,1.2894326800173155,0.7315554857815924,1.1713268271610138,6.224718155939444,11.993005677040667
3.2666022751294075,1.4789378869198262,0.019033992538849336,0.5524766573831433,2.6547818411743886,-0.618407467991113,0.0009226480865221968,1.8082635790129815,-2.718807713098825,1.0029900966254062,-0.3218878316730263,-2.5098928671143947,0.5993566117361195,0.9123402888327835,5.277259784353276,11.895742203076683
2.877439868755639,1.6077995697806273,0.0005683035949863561,0.374624907533328,0.36475500620839535,-0.8524600213890275,0.05365869030728968,1.5771317965177192,-2.9382803135638422,0.891658994804447,-0.1935224473271519,-0.6852829303399973,0.7605314272927742,1.2004559245544184,6.760144759600362,11.896793532890577
1.6333404834189766,1.0825602154458558,0.04196363671527526,0.1933851998072737,-4.724367962971951,-0.8399599070834622,0.15932719569156628,0.9827474613723655,-1.9716362874458226,0.28587408564798544,2.596081032565485,4.188870135962962,0.5770920190239949,0.8702911709671223,4.993191136478757,11.63476477784291
1.8516288303273423,1.2275716988841692,0.11482228941221972,0.5181008304503243,-5.742352126214652,-0.8813735423361263,0.23133048607147064,1.0941394810254375,-2.20060624528552,0.4813895843910671,1.1168651482301457,0.6498145930518712,0.5257728137266818,0.9249490009061989,4.866110205603142,11.553079316997277
2.4234853388667097,2.1568589374410605,-0.06095472807685501,0.5793992510139944,0.0692521216049786,-0.7613316467267771,0.12244259384274449,1.0029711686136824,-1.98996615555634,0.12134831663717893,2.03028687932094,1.4891757418413953,0.6308969809561966,0.9171277067288758,5.377556137134632,11.922036449259767
2.819608171933952,1.5080855998511742,-0.026716506188114764,0.4296273371838036,3.0005928396511385,-0.8724361374912155,0.13851181480288446,1.9928656946532428,-2.629465143106257,0.9500228449711382,1.4009414794351909,-0.8065375137211129,0.6284798805403218,1.1653454904866716,4.2894702744695055,11.674276672949395
2.810430179194858,1.5300641187801955,0.016583356308750356,0.805355055763697,0.3319429291946196,-0.8054500579958159,0.11344482924416646,1.4820990604956945,-2.541067962265262,0.8061834398408733,1.8553721245794255,-0.16103033602982772,0.7288933401191603,1.183364309771608,4.905499979710827,11.622045562614998
1.6788350780742858,1.6474242929344383,0.05393022673825409,0.6628779314371444,-4.048196214643152,-0.9226777431356405,0.13120227939883927,0.5279928437160955,-1.4230856897849589,0.49754984884103787,2.811094077497101,5.1162118252969035,0.5285221026934066,0.4948796795386197,4.910995695210994,11.453704213092726
1.3947513801492752,0.6775871370919047,0.10265599752962593,0.3419658757757085,-6.9601861820487905,-0.8190430049474035,0.10016938466054835,-0.30656228538850916,-0.3271038700595189,1.1187792760518689,2.600858397448436,5.879816298199197,0.7258111662616341,0.034945018150532754,4.7919633962002885,11.011022505776607
1.8380061324387795,1.6164558316251885,0.01988521663844587,0.3350623264114061,-4.494263692925063,-0.8970389887280757,0.15940287372035325,0.5831118199961878,-1.7141385170097152,0.40434736158202045,3.5680258022065585,4.405522085962818,0.8191386709225675,0.48707802066796774,4.842741918053789,12.042630311417083
-0.41851128869627885,0.6306094361109233,0.5408971548751772,0.08092656532954413,-5.670805715726069,6.438312341609348,0.08275829362496766,4.143655672199918,-0.11404381501550466,2.6854643537761493,1.3341639229642845,8.664773963464338,-4.196140799393392,0.8675827856378943,2.6556522244562704,1.07850815259184
-1.8424165013059972,0.6520483968133725,0.30683036593223645,0.7333487150246906,-5.708360427569598,5.471086472668995,0.06123222480590152,3.023596270156404,0.6402032132019133,2.6390890057682994,0.47422448408727824,11.646973686712794,-3.809903311785621,0.4450237079299983,2.694974568379422,0.5928743191279932
-2.3457158830609797,1.0451913225923974,0.4917977752350268,0.38244807912471385,-6.0606718516383955,5.9853176974998785,0.0648455052108812,2.4508327196113147,-1.7013115486713741,2.559102255101005,-0.40059493804971374,11.086138078407384,-4.0269973821419605,0.6257858075592665,2.1826053375812875,0.7500797119252384
-3.0981199342074492,1.3024863528814168,0.465944694593549,-0.44142700903055565,-3.3274908972419794,5.406855130277573,0.07560063289726812,1.2503178724003958,-0.10688864654923484,2.665144810362408,-0.437106551838418,5.965374865247559,-3.9152519975562274,0.48618125747516766,2.6087594380142796,-0.7702694731634111
-0.4490904555572196,0.01650742667944424,0.2602317055289945,0.08152949495209975,-5.454878519070024,6.531004521172495,0.005019927015527803,4.375999343842112,1.0634685493629275,3.2076371578295575,0.037348866564842785,8.879196007200827,-4.012245017798308,0.7385883025280203,2.6957423065546906,0.3363381439428775
-2.1244699214417486,1.507279767983593,0.4566270105702186,0.4795347385344406,-5.9644501858207715,5.78886138661454,-0.016936118851105065,2.801080608172963,-0.2242753365685542,2.8403140724039018,-0.575330484408885,11.037003432595327,-3.4918990781940904,0.5792715602777895,2.753509079754353,0.39989195996185267
-1.1975693301515034,0.7689799499334762,0.3832152125062426,0.12593286825631156,-5.900398617745376,5.772228112548201,0.02881537073540142,2.963075322426235,0.013595137577504501,2.4166015988147516,0.31584606801345927,10.428871463403107,-3.7359888037036484,0.49161036110110545,2.4507787568569177,1.097708983780195
0.4272949820030477,-1.49812977224146,0.47825493244221406,-0.20311203593015673,-6.588572143784416,6.647158924515825,-0.08920425917580684,6.010093025164912,3.482298874304009,3.4648636273210864,-0.9144843417716518,5.581168917579266,-4.174068241030288,1.1135699420633418,2.8180638891930383,0.795829064607621
-4.32183723222216,1.552644078137043,0.3423673811695771,0.06504093227721772,-3.0223863995447746,5.525750551878162,0.10655101865592113,0.6069049997219119,-2.8467305695024936,2.5509855895116926,-1.7492019914623045,7.399371433086072,-3.6571526540670702,0.39532229286183923,2.2802354031826058,-0.5853736891453155
-0.7522246725236376,0.7741864230831461,0.3618572874497618,0.3924809384271499,-3.004790540158749,6.352219067373626,0.10564389780412124,3.4968634558767073,1.462623073264957,2.8075168061504763,0.752047198773983,5.345981179351608,-4.277257356516707,0.3080079628117386,2.57246336573114,-0.0364063155303396
-3.316408319972767,1.4024886561212286,0.32662141701897357,-0.4198578453948724,-3.132224304796506,5.577089372961161,0.04870700568084896,0.844583051067156,0.14031499795677782,2.6355977108962834,-1.3848512880785075,6.341242835266981,-3.7890818520410297,0.205285108717624,2.744455452515433,-0.4840053382441406
0.3668952106349176,-1.4718994211771834,0.6994619148227696,0.4513764391541478,-5.515331751936115,6.29432399799923,0.1042252031291527,5.173074672157488,3.1486497422195967,3.3277925158956387,0.7168261098135261,7.425319806502511,-3.953372340397288,1.0531629916840075,2.6588830043636267,0.8281745370986563
0.22000914130980764,0.0013790151638283453,0.539903173755855,0.2774572515829155,-5.797851111089191,6.382527057797959,0.14076296278834335,6.173164615826682,1.876005188338459,2.6828072773690033,0.7780899043083193,7.038858715732271,-3.976180213302374,0.9480247229424618,2.578347277682274,1.108385001611585
-0.6046198599720575,0.6514307463538527,0.6748323055307073,-0.043734423705686906,-5.795550317496042,6.249763665511892,0.05916311613346069,4.957342118363828,1.4991603559203601,2.9491211538951223,1.0300877534652437,8.959800661366508,-4.02036252665147,0.42547919674621254,2.966176281100139,0.8883212823557355
0.06733760742874176,0.04036685941989238,0.4884963572770363,0.3452402428525187,-5.760240659388714,6.517401752151549,-0.0072207778065154805,6.755255039513112,1.7938621357595557,2.7759207854475827,0.060927878756076144,6.515622781665685,-4.09738544683686,1.239783735335494,2.712335809038641,1.405703563089172
-0.6655549305292471,0.9940717612104486,0.345977537697802,0.18717021256312735,-5.949308285683085,6.536196120906,0.021404772803187554,4.906188619238634,0.365604959717641,2.5113502893845245,-0.2092686755973851,8.71081247679439,-3.929053634394425,0.8558401438851532,2.652585214138031,0.5829992511238283
-2.0792904472648903,1.3163530896678566,0.41217151149983206,-0.2969153065594533,-3.7405642223828477,6.371635588209453,0.09784080417454243,1.9346450328193607,-0.03294944059227891,2.8305718278932814,-0.5078198333606124,3.9651438401317374,-4.208397094343479,0.9494684591727953,2.497096970463793,-0.5277602398495658
-0.964917382418101,0.7573424536859,0.28726679281828305,0.25322219504788523,-3.0365518176468713,6.348042371333888,0.21939378535623297,4.24410984720476,1.3905361680801334,2.578867923363035,0.025136781162272085,6.658942233909542,-4.0898788599222895,0.8940994870526091,2.612906929284334,0.8741113200886178
-1.0976333083808423,0.8977737427478035,0.3734044432044026,0.25646051397267766,-3.72696190911904,6.3134619094214095,0.05282338224848111,3.008056694110235,-0.1533544839555401,3.084297540287177,0.18210807387530767,3.5452199151624613,-4.163682995397598,0.6148736702256524,2.7660153386890896,-0.04800031932132942
-0.7312862479841177,0.824425680547953,0.3740188900986687,0.3497927727277083,-3.7372177209808437,6.290650889377419,0.0827688984001678,2.8873625731840726,-0.1440577216738217,2.8196550488136705,0.20475033084551486,3.3474514080390803,-4.186517324889922,0.6274640321365247,2.7377923143083853,0.15780838481988754
-3.637424204754333,2.036556568665119,0.4397692793663591,-0.044375142589599174,-2.9174008848356703,5.6670242836795905,0.07462942641042165,0.4706042694832823,-2.9044409491438423,2.40262847658371,-1.6991353300639114,7.419062893605481,-3.587566748409066,0.8330361667796974,2.465397841479628,-0.41526155098651873
-0.8483384073004127,0.7132627413459122,0.401817896147569,-0.06628474628801122,-3.115693042130519,6.217186419486999,0.006605959932009201,3.6058506823182106,1.3594497560995322,3.094474162315329,0.7136663748112819,6.836646573013936,-4.062241212865337,1.0033920891036592,2.5163514815693095,0.9224132188583414
-1.0640097392996153,0.7571236753091216,0.3866197340264922,0.4777272711632151,-3.5011772743708764,6.2725276088813935,0.09318031415840015,3.3868481386092806,1.442805789127946,2.9053479527079813,0.5572195678837599,3.3818722111464785,-4.212117059948233,0.6308380550605551,2.7352184406717623,-0.20914944635145413
-2.1722891518961016,1.2578148183964655,0.42524626794178,-0.2537794834439016,-3.71068538816351,6.403137842318665,0.03568714207162449,1.9268913505189125,0.13300453300525766,2.907655260096304,-0.7704826136045156,4.066854347238317,-4.168538668542402,0.9287925171914203,2.4143483039786418,-0.7682856072516496
0.12466425347483415,0.12374660829547807,0.562482107417018,0.3796125911803491,-6.160710534338219,6.368751043644114,0.05010059215252583,5.250345574192703,1.7473885575619836,2.9671346843053286,0.5445727512687453,7.245923064538589,-4.179273259001475,0.9192032342674213,2.896548470711336,1.3307356120205176
-2.1119530146755277,1.2992355499928816,0.3194349478865043,-0.22885760160038857,-3.7404578229173393,6.289766720815251,0.13157480444014077,1.9454785979318738,-0.014413924130921558,2.9349348817147938,-0.7973919227033228,3.9565705805644398,-4.112525693205495,0.8440634999092048,2.406490414729964,-0.46657854889674777
-0.7483440932221712,1.0211058134213091,0.34142585514951446,0.10000596581143371,-6.24054903496538,6.55376338640228,0.12026614512937768,4.533423327823791,0.07062417053803809,3.042797167707701,0.9776356639421236,9.989726808838933,-4.178732326750954,0.8537787392052513,2.831797135003843,0.7688183766795945
0.1797206148765982,-1.4500900213884504,0.6724539165037372,0.8027714541703461,-5.390149605889572,6.309392902541828,0.011823065925000872,7.199781292967344,2.3172353577452403,3.135957093576436,-0.06254282317124236,7.926595734656479,-4.0453220531602065,1.0598769754411186,2.3782218223313483,0.8946303313523531
0.17243423808117714,0.049895015275727414,0.5680565352560947,0.47980004364872963,-6.022860671445108,6.175255764618515,0.030772238502744464,5.6828486652501535,1.939077316765984,2.4879094649159037,0.336692594507709,7.595698439087718,-3.9393042202559294,1.3172792666678628,2.6132320896154275,0.7271822540598614
-1.2628369139447662,1.0931799174242969,0.22151350281449614,0.6958884682801241,-5.304496618279257,5.7685936188325275,0.08288101513435404,2.822373056051321,0.946466203251544,2.7147505077635095,-0.10983416710421459,10.666753415719915,-3.737309992461777,0.6812897689044484,2.756367528912922,0.8498317551134777
-2.1758720034761363,1.228234789017898,0.30180977281834953,-0.21503423645781958,-3.5143858940427513,6.569820207533116,0.1275255151515209,2.172022398115893,0.1620409626072899,2.9255710162861894,-0.8874626845695698,3.2501229031318806,-4.115615963395822,0.9749946967884899,2.570915804777294,-0.5698769563982886
-2.150453831641004,1.2890077152106292,0.44705601339911427,-0.3011030732517439,-3.7448948424942787,6.451008080470686,0.12776817231625348,2.0791304371627057,0.06925076249490154,2.782472116870806,-0.7149089182087532,4.177822002261876,-4.178124169216181,0.9509961625138916,2.5083657078656056,-0.7868188547908018
-2.3834456422098445,1.2789912879900849,0.5189298833509284,-0.49443944635490555,-3.2702268342324543,6.35861232020419,0.1190070868581533,2.1703857804796045,0.2695331095388777,2.7779151887431124,-0.6453780130135517,5.542657412276293,-4.151925133429157,0.5789146919340514,2.7539047579120375,-0.4413323446940627
1.5334848976371191,0.6656551377438016,-0.09927615722020468,0.285429647301634,-4.880143199368069,-0.7573483880249161,0.07487490814924283,0.6236278628821791,-0.8391631499321667,0.015092184012445269,3.032575941925247,1.928590134638051,0.7834157635234299,0.4350600578902905,6.156159587960691,11.007406278578337
2.5680164514134334,2.143657069027424,0.052370235969623084,0.9124704372088124,0.004478473360339426,-0.7117434865881999,0.08709326308468993,0.833799349856097,-1.8711586201439299,0.3510092239181193,1.4494488477955259,4.7859820179144545,0.6499834850430494,0.8072953218271335,5.307924311701985,11.832501283535116
2.496665696272006,1.1336487708861636,0.05071824252853793,0.168702136415988,0.478282686114311,-0.7524678396057958,0.08637008811409289,1.5830194010511043,-2.3956694791565325,0.6206296064636359,2.00158394810309,1.4918010715122023,0.9364781291320298,0.9751853608122718,5.812818263037749,11.452583110342424
1.9703659922257069,1.0351186531720054,0.06024676138907618,0.3570900701849411,2.7009189334325483,-0.7238609433646002,0.09244470749081443,1.993498063764535,-2.6375973367296766,0.9816552031937362,1.8189252061918382,-2.1739142002662017,0.766042388727268,0.6612832623918847,5.1914361201363315,11.763779287377995
2.3688096265047793,1.0351605295067032,0.03844384143222109,0.24657211888954117,0.6497791146651526,-0.8083593550498288,0.1306151124338312,1.9121426653026918,-2.1736736107487222,0.789986934465977,1.6541219859470928,1.3836948398637268,0.5044583788389964,0.7971469199024129,5.457502175848931,11.89845856485454
2.0376530315273746,1.2988130193483083,0.05843906075010778,0.2215906424100204,0.31450359416132145,-0.7111036598583063,0.04579067124426401,1.553103577618798,-2.825055134925991,0.6340502739499004,1.8977458362281325,1.494253520456453,0.7898794496506448,0.336094619554778,4.935998256094752,11.621889705541232
2.2337123677531876,0.4813889694487054,-0.02774605149527378,0.20576983759552298,0.12417606551821023,-0.6638484905175858,0.17713809367020908,0.28779373384018825,-0.26447742477928665,0.5932389406518385,1.787791928723455,0.6883597291857007,0.8168426175418629,0.31918791187802875,5.967666955356796,12.193474857261094
2.04563638085872,1.3953750759487358,-0.026009904036919274,0.2918684818993014,0.025241115741431487,-0.9009362722548343,0.062006907502810196,0.7974082402698698,-1.2683875117910408,-0.19121387303993162,1.3428220063286525,0.6224642541135351,0.7724085272749269,0.8198606383452806,5.722390623758236,11.9573068045713
2.2007335717367633,1.4295424634814275,0.013580392251411411,0.41865169008324593,0.2753752421190342,-0.807388030079504,0.09803245858786015,0.7859078732257089,-1.1722198505550625,0.9587808964693296,1.9285675427479054,1.0745619571072353,0.8399498945226275,0.5607076781094072,5.7774309403722475,12.184110271404188
1.7815857627353016,1.082558522774527,0.06298318976412218,0.2435876417278002,0.5758818149908138,-0.955618962577234,0.04060905472810076,1.4474443168131013,-2.6542191462380185,0.6601727465440831,1.6519595293427511,-0.9883268420180927,0.8343522528856989,0.9556727271974086,5.726550142701715,12.370137061989087
1.726878901967993,1.0943658582468836,0.17043376180281264,0.8703034816409148,-6.276210504132012,-0.9145722203412828,0.10286815459560578,0.39779690553899755,-1.5856325718130297,2.0312497942888297,3.8498996443993727,7.1908444518670445,0.5048924263256291,0.24513206032477305,5.219525113078766,11.976185537015182
2.3905322866030043,1.1725423469791814,-0.01402045493324593,0.2587145630444085,0.490802685769896,-0.8169629705883564,0.06312358139672523,1.9031077515395978,-2.1969962464720014,0.7215790457973886,2.2763812749770778,-0.1702257212152083,0.7186160503799718,0.8727716917510456,5.8121816412583005,11.169245214319478
2.6103907335766907,1.193915763316676,0.020009428570667433,0.07895240529595628,0.5017372735521449,-0.7763518631542102,0.037318420596420175,1.5435392010885602,-2.180081661311289,1.0052793077093862,2.4234258774009847,-0.22884349630773101,0.6302250021047272,0.8009471767625467,5.315410531751811,11.913410790532827
1.5401615310258543,-0.5116372426698607,-0.010134703035155646,-0.1835694404412064,-4.703011628873646,-0.9269569355870279,0.0754814879670735,-1.4278048713033398,1.601566856034721,1.2646014771979923,0.6678966682280111,1.6407275646987063,0.9011170260161162,0.2020003851310659,5.244032027207315,12.022672966256739
2.381836377422015,0.5012479826956986,-0.02554245898313828,0.2681824625432496,-0.11473655956052269,-0.8059613706593719,0.21241232528289083,-0.2921903908051702,-0.16677246223599582,0.5352772661174334,1.023241974949837,0.5309290809271237,0.9094188862567154,0.38549954559467725,6.074065242788445,11.822791265275326
2.3163532056777427,0.5242673978308839,-0.013738617665134711,0.22364266221349435,0.5263954936129353,-0.8619192309367162,0.09536600917205273,0.8243969975560905,-0.33324847208336,0.6618753058662017,2.0175522369860355,-0.8787138165545962,0.9443651275613038,0.4201112070456146,6.12713233890633,11.899340326326588
2.475497295362254,1.8100629214085644,0.01591253300507815,0.21003421508024153,3.179635583008329,-0.762620595055322,0.07643509920438074,1.658559204383443,-2.2088083800685907,0.6632942575116952,2.154005165903518,-0.00917484587927652,0.5551075003519654,1.2051572644511865,4.732440121514101,11.433880302769444
1.3565960657447576,0.5126171688207732,-0.08733879561846478,0.5519364528078581,-4.5976699545731154,-0.796857762525479,0.09616244407246531,-0.5586288117244842,0.492019098699093,0.42484920142591015,1.712185815282787,4.0836659021992245,0.8033122561822339,0.6256383682489398,5.82859177086254,11.967821363719798
1.6969568911368649,0.49401204706728524,0.0005422661465906309,0.449870674187938,-4.368714656139415,-0.7346695745885372,0.0911113947778943,-0.36004813635846006,-0.09633713327720764,0.0992575748289612,3.108032555515568,4.056267870490751,0.7482362810174624,0.5318263261442387,5.582246781490741,10.887866275432208
2.4925110791909204,1.850705286857982,-0.019017354083131426,0.6253611663132905,0.4932225675738113,-0.7493815187538667,0.14597344974304297,1.7176919647200652,-2.4669403951341917,1.3560226164609188,1.7976169780797011,1.407585411315163,0.5504214835359403,0.8152943283042015,5.33444353000323,12.21892664110909
1.494625685026248,1.5590935546432931,-0.09748192134499577,0.4871252077330528,-3.935265238101129,-1.0065772371565302,0.11623442853987272,0.7712410783252366,-0.814421012267471,0.9030407865659026,2.79157167232285,5.285101205182572,0.72938786632816,0.5906913547615215,4.51966745197773,10.846652291664698
2.006216593536858,1.5994056295963628,0.009986291994651116,0.38916034759332757,-4.231730925274393,-0.8808032420501114,0.20117109044020273,0.526282295903191,-1.5470344945552446,0.3628774611478047,2.421555911138654,4.047662452225884,0.7023585688471795,0.5152218068093061,4.990220415141435,11.81716666530942
2.6783541945059945,1.9210658142194152,0.020066627562046156,0.36446633849541393,0.2445385341023405,-0.8532850293417771,0.13326108218729468,1.4085466410962395,-2.7055003438889984,0.07174889948964136,1.7328386589412892,1.0702205224521455,0.6217253223111231,0.8326327482958633,5.003391886423032,12.177499829351905
-1.6606580742706236,2.022773892811499,-0.014757077852341342,0.7684080398831673,-5.866647763578824,5.953396857870508,0.17205121916532481,2.1065045131370437,-2.3729690151500207,3.1606550573930154,-1.874964887234072,10.931602972288285,-3.523041517225715,0.7919192597818719,2.462386291054388,0.6503207410884397
0.6177034067700932,-3.9851204587065934,0.39334100120607735,-0.4736591065625353,-6.3274196586081155,6.721416223288824,-0.04259763154542706,7.124482189205166,2.843757395262364,3.465796309157507,-1.5041385386525652,4.699365049063539,-4.08436884427187,0.870312853170559,2.9565208651851855,1.2026351400141915
0.4438199302206434,-1.259610229844771,0.6324870951284345,-0.30203169289262316,-6.4556342311382755,6.957538984791766,0.011055026689776766,6.584632726230349,2.9425754990142314,3.6727620475109055,-0.37636881841843345,4.6318078887099405,-4.194389063638946,0.5189035033422214,3.030868679287145,0.5136856922457613
-0.6891362318911903,0.7223464441757339,0.10723735912578848,0.24412316616748786,-3.101629755072296,6.265350329535703,0.1399726861317952,3.854295317562917,0.9325706158975762,3.592901444966595,0.21932003140076997,5.071218267202378,-4.169075192400875,0.4495638422461541,2.406707930634419,0.061990162902822256
-0.2195655021108688,-0.08608209618305183,0.31062559344619545,0.2910006859063481,-6.031894282431343,6.330178269985132,0.04589958477144425,5.093229713337807,0.9570761337913578,2.7977924188561745,0.35017964837234494,7.827327330658989,-4.115888361892663,1.1440662523520493,3.0309564046673483,0.928066417050703
-4.053477206238235,1.0697609908903638,0.42277928993105907,-0.5907308466061948,-3.1888826618591937,5.531768310710168,0.08758560596996207,0.9130750269417967,-1.5169474359595523,2.060916208809551,-0.6800109643501541,6.295730446898377,-3.77096314122559,0.4338220233656466,2.030687413641872,-0.171304396240351
-1.8724550959790751,1.3848729423694317,0.26374258021141056,0.5177037990825875,-5.911256240644803,5.70760922230035,-0.04458359425763296,3.2475949596675737,0.01945320739783399,3.273151383827129,0.033119538910687044,10.543895476382227,-3.698588390770058,0.5821688758305579,2.9569326808750627,0.7089654621764396
-1.25711977984601,0.6706849971959994,0.4266625325579858,0.1430948925450406,-6.294676643211704,6.131078644586108,0.06344008643428485,2.8958037082652255,-0.7817759101412569,2.700723123541723,-0.28492427862435565,8.353165200046883,-4.068555522356182,0.8831988735965763,2.9541121328081927,0.7646225441706674
-3.318591043280128,2.617303437635302,0.676954890548717,-0.3294699301526416,-0.7427634090927123,6.492658016521872,0.20774412992658728,1.5568260853520288,-2.25664082433361,2.421655580204523,-1.2189053557546192,4.296176003222665,-4.1026988303797935,0.9026797485993401,1.8686798588155464,-0.5111236677629248
-2.2930919629860833,1.4091458959542214,0.11652653476720047,0.1824279225754243,-2.918026095161836,6.019708600674756,0.026996681218345517,0.9693247359326733,-3.331189454802311,3.028666686089244,-1.3281570429943579,10.473385046259192,-3.5707598056222,1.3160562774396198,2.3041972212730513,0.35698319676766815
-0.36877339704583034,0.6763829634984336,0.23655767700328342,0.011648780847006919,-5.961126182026309,6.3280117279787875,0.10587569152687919,4.415044907680248,1.4352288938409965,2.938270541455596,1.2728703344413081,9.131401339724816,-4.082097015492152,0.5482448833789678,2.8598313331541916,0.9643603790492438
-3.7943637563441106,1.7117585584421173,0.4226701618389538,-0.18790319234256928,-0.39609051574921844,5.622682239273874,0.03520912116517619,0.647955775730312,-3.216563831557986,2.522388417776364,-2.062481039620315,5.144310119728248,-3.740053986451899,0.7879689941015096,1.8688702199291438,-0.5766207342771815
-1.6760302828450995,0.9912096168690675,0.3429175625388356,0.17563595726709685,-4.651870364914571,5.651967594729699,-0.047903774244089745,3.0600337553607915,1.0171036462926615,2.684482432855216,0.05920602124556857,11.645601950054369,-3.4847244409859788,0.36877604182809576,3.06757523219039,0.5093281436835723
-1.1352168140846,0.8436471605201564,0.37582058575966726,0.44875212374329665,-3.101520516435306,6.225941547064363,0.03893361626850685,3.434756710934143,0.5378939035132836,2.8614226347684553,0.9709824938876552,5.470633539597814,-4.233013911030565,0.4982443004610636,2.636653959651788,0.03849923252562683
-1.0440442070315283,0.7859680900334686,0.35966842180614683,0.3055697595067326,-3.082752251038639,6.212070587354401,0.030088032923638864,3.4713460046400626,1.428459356799722,2.893596170614784,0.9287428648738812,5.396677539870143,-4.106393551984181,0.39051851169019935,2.617882333115986,0.07381410819416233
0.007489712275583985,0.06439307781805613,0.6851507854461671,0.3273676944704299,-3.821652836682896,6.765833381834439,0.2620720037582019,4.316681404203176,1.9609310557904338,2.585690850334552,0.6888236025186489,2.24155411170361,-4.088193038713187,0.7375155048655968,2.803468723016481,-0.31445567362383037
-0.7140784755398049,0.02466806379208908,0.23804613084532306,0.08518848980901153,-5.6258638323709205,6.589753028768425,0.024683763496577762,4.736014943650614,0.35428986219099434,3.2255643745940175,-0.12731521063949883,9.028191821860771,-4.0642508228107666,0.8025163000052173,2.442377896687637,0.39435893922656123
-0.43892939577996765,0.950158126628647,0.47985636966737627,0.19684148534387352,-6.211181892830258,6.672046748468963,0.0821820572093125,4.289146365662572,0.2937053341610978,2.647934046505639,-0.2435287654971083,9.051231124427172,-4.170863501836545,0.6782258594289111,2.6590410410414136,1.109027112395813
0.5863947641504926,-3.06992737545073,0.4310149390203879,-0.6103104434631145,-5.555708611431842,6.845538958285625,-0.09993874622508869,7.097281362188359,1.8700275513219922,3.2788322326165322,-0.39281653201207534,4.993255962748023,-4.002574559182859,0.692245952931854,2.0403962395389876,0.8809444427875183
-3.5869824085906146,1.8436515878637634,0.4358203741706285,-0.18730114842578763,-3.486681663092846,5.775864636813599,0.09750815141449347,0.31604588943719836,-3.2546115047385284,2.5010749052033443,-2.0448273645211015,5.060778869274072,-3.5924927861926452,0.9000235574779415,2.2726500995010137,-0.9152512729804341
-1.7780187649717552,0.5625839130484193,0.40531406376883417,0.04479605296626655,-6.213462844502491,6.347664661956952,0.10467860445939021,2.7957100073530645,-0.79694774828696,2.764406758898403,-0.4501210982979585,8.386298979386686,-4.074006161809744,0.8285995168626926,2.6093166913936527,0.7144526974931364
-0.7838733482975518,0.023487752148260214,0.43993081109318877,0.22014331085359065,-5.538169507351394,6.540423030405615,-0.1028619032613936,5.079182790830733,0.8434482896036157,2.7534768867207076,-0.16430355601819854,10.000045226066065,-4.01912182737266,0.920213346010695,2.427451493003096,0.24433800647563028
-0.03485325453368358,-2.4918278478616847,0.5478913175659256,0.2162396319371958,-8.660224783968182,6.564914579114567,-0.2372733706608415,5.662676136917125,1.1372813529490184,3.3355479368083167,-0.013005551575683224,9.085508634759112,-3.998124313305753,0.8135223756035169,1.836332806246355,-2.1549933811898025
-1.526165765307223,0.5519179129313372,0.5042271243746702,0.15365974842508656,-6.409379009567823,6.265659573608389,0.11376542366047707,3.0215963363970317,-0.8419161413538581,2.61923713134788,-0.36379883165905846,8.634186920473507,-4.117077977071827,1.0011406919447081,2.679215126865233,0.9089553471207618
-1.4496643732381824,1.3294886474435523,0.4170126585440401,-0.07539282409287949,-3.1498758591773615,6.466044841209117,0.09415681735177849,2.2057535838733116,0.5474272881013654,2.408008605143366,-0.7640975414408995,9.343039512901804,-3.870964748980944,1.1881458902818463,2.766918540909886,0.41110138805676283
2.073925319296929,0.5758796555933271,-0.00454608435401103,0.403014255216811,0.4895292929479235,-24.18406958814214,0.14937099532922715,1.4193470397616428,0.31823613458623545,0.0813817774969885,1.0155811503287409,1.3638401659777353,1.652333551482317,0.2604888297639165,4.637013028098504,6.7888478110951835
2.1689136715990998,0.5575852077274273,0.01997177575404486,0.25459170411961823,0.39014065651223023,-24.006140001835767,0.09580743288093527,1.168306998379199,0.21478595459274938,-0.12394460346254815,1.3686632424083849,1.4468342126694826,2.114088925990586,0.35886992547102264,4.7694214262183126,5.747554439121548
1.5981544001076062,1.0979082849320647,-0.008718596123469457,0.3219563411939502,0.8276770534447081,-25.644541095929835,-0.1329949395544053,1.6717336087867736,-0.9971497382220503,0.3076274880049751,1.3148160700043665,0.6779674176436382,2.1005977387671977,1.9440897599676,4.644403709043962,7.287435741775048
2.0674703825895175,0.7154975861289613,0.039518955059271804,0.30017008842229037,0.3841549702656148,-24.954001134655197,0.11640906643122441,1.3816523821158333,0.5610572328601653,0.48845294881883705,1.2979791378256242,1.4625060635354994,2.1803948674633475,0.3045445853760472,5.0941206121617,5.5104399870532585
1.957372196882808,0.9729425286300637,0.047737164072304564,0.4045855634446102,0.7650485244738714,-25.19566065566769,-0.16392243392268807,1.7618429031248675,-0.9408863821492217,-0.01161107218156913,1.1105718228031571,0.6803045215900828,1.7754694261592812,1.74748669542931,5.938706976193624,6.173295983452971
1.254818578673992,1.1112051040154574,0.050861167997237694,0.6754668253695708,0.40043579036020654,-22.739684047300216,0.1930345794139628,1.4811795930235336,-1.635810935296856,0.08612187975101815,1.2932432690393183,1.5591447170876587,4.825874470683223,0.6702170858608248,6.1812593745825,6.995716151908818
1.254097241835029,1.0571229547848924,0.07950166051743622,0.3325140045842472,0.3601184229786352,-22.4115129013715,0.21122993978702778,1.3545390786821367,-1.538435715667282,0.360459681561139,1.3579690633891153,1.406764266125858,4.870342529552271,0.74970460457867,6.728184083539991,6.306157793625103
1.8378702529715374,1.1997712448560638,-0.017042511936277274,0.35752084731636613,0.7542065406513089,-21.827301759171142,0.0877626476093039,1.3814221999561411,-1.233446834815045,-0.2181833344989763,0.4806375587478591,1.9095319376798967,4.790035504172944,1.4945197455224115,6.2481231143386875,6.805740138597788
2.127421415487925,1.3082062643853327,-0.015782551891791372,0.37599707993865034,0.7802231138348581,-22.131970681343766,0.02915436428870703,1.5139685630115376,-1.6080320131533472,-0.053196058603624155,0.7383586066961288,1.0059591763112692,3.8230181977801636,2.135648381571906,7.109676443477472,6.253693976901781
1.8699867776917913,1.1216714303314217,0.052166961482104895,0.32696329403451346,0.3825168690915843,-24.218696452174314,0.05275686291698344,1.2742559691726545,-1.1414377284739163,0.3004779431785573,1.0512053078188526,1.5035765112349664,2.0501385287011513,0.8072201600751628,5.928023846255559,6.115909591289237
2.0792267751373976,0.6720862914019575,-0.019028014838074207,0.38425022709513196,0.4502503839764589,-24.4671613893824,0.12151273465870562,0.8918459251819489,0.46138244205030327,0.24586696474564593,1.3821733962834506,1.198321679513125,2.4140974199821548,0.125535489971905,5.068838901048526,6.805305200487569
2.2709123629930743,0.47490044501796397,0.04823030330675363,0.36826670833149344,0.34097933176004613,-25.080797836983884,0.11980634688834362,1.638304568585008,0.6425882679258164,0.20234919110282024,0.9478137812983864,1.2769294137777751,2.2973456666658945,0.48207191373493197,5.162762676845071,6.346903384758161
2.025624479455291,0.6829755903109918,-0.06450546472643802,0.2747957961453749,0.4431648993395885,-25.289253038948562,0.1195369778815658,1.5387991765113163,0.4050440740457268,0.09489048322375532,1.2233411340607954,1.2773704290628276,1.8958060180332974,0.19240725486710025,4.785274796897236,7.345095125292119
1.6691033818503103,1.0976945764417372,0.002603609276314593,0.41743361555552105,0.832973432997358,-25.17310017852144,-0.03903619520428251,1.338482637646918,-1.1074986130366837,0.1581971780013405,1.4281279899528792,1.4116998962881042,2.624852163215439,1.195664135595978,5.4529123349774355,6.359670570064958
1.2925397271721162,1.063159150445834,0.10159064316687513,0.21497756067642085,0.45250119845444947,-24.64591546672722,0.096250673245949,1.799840819568063,-1.5697797569902616,0.03248000037313112,1.275814165917846,1.6517825061629217,2.81608291034315,0.5518006390757507,6.106460612401366,6.566456138143628
1.546223847185261,1.3395510076302257,-0.012738640730967917,0.3042939443159851,0.7778400172786794,-22.5786675542714,-0.19015570033310622,1.211894928658711,-1.1165279638427312,0.25249879349255905,0.505622826456946,2.052644336417764,2.334125619078987,1.251758964649712,5.7147946580422575,6.3201175829699885
1.9357519865507884,1.3528360120708436,0.03062681877776024,0.4299137390879136,0.6464258936326946,-22.7855971961695,-0.31068692383154595,1.5192560995680588,-1.277975628357303,0.1932324481114434,0.638808835453354,0.8928242822553344,1.9357503614060887,2.320191525413578,4.821481191770098,6.711618976325185
1.4300548956970067,1.107275829110605,0.08223794380389186,0.29342284159558296,0.49482540069047076,-23.49606292387478,0.10715818453580177,1.7019620344831299,-1.4585398469703892,0.23009837709491426,1.1974939907318138,1.2960692574296457,1.3417680942814336,0.4290952604799339,5.055393486775845,6.301631903878102
1.9973578870700055,1.4958253661150622,0.047085504592707036,0.2823746647114554,0.3322148906281216,-25.340250213991233,0.17298332308308448,1.448169604389618,-0.809942135096062,-0.18164574709100034,1.8349928252772278,1.1800049201413059,1.6543392702288304,0.15270728560288724,6.157543853806331,7.3904741916882335
1.748723574327926,1.4293313285106173,0.07755947372503555,0.27622167682191745,0.6971319948158539,-23.207448739189662,-0.10018277116150924,1.4496717342222105,-1.430962570118873,-0.1705930682763767,0.8746493657917412,0.6599835292787561,1.2747953272952386,1.8635561692303355,5.524218538558732,6.443469972490644
1.4048173500662673,1.1359770478227489,0.07169414343312358,0.399160082076987,0.5212270177062597,-23.78817295182387,0.09206500136169289,1.984709384541337,-1.7595757900170668,0.10573292275797565,1.2516430035075952,1.365036624334753,2.165363990491761,0.5465703161179555,4.980483243442917,6.369950966603239
2.054446281148199,1.5717400490287694,-0.04496192181948631,0.4547890896967921,0.8020845148258379,-23.498702862995504,-0.28008404818953314,1.2690032896079555,-1.1736118617738247,0.5750633804710421,0.8935075118313541,0.6822467972940456,2.3499955177001337,1.8273473467320633,5.444393569145041,5.215666506300371
1.9898118591302973,1.4046856888154677,0.02831220197863904,0.5141755334582799,0.5065080621751059,-24.397345086166474,0.133601014291829,1.3683621827733392,-0.7065885748453435,0.14752770827466205,0.9827033930768181,1.3661143485241722,2.151689178011225,0.22815826508899514,5.701127474312554,5.83841687757196
1.3359179172323397,1.08210808058052,0.08002318974211826,0.19990713407365046,0.5402027792009371,-24.19480650557176,0.13846593444584832,1.7699899639908108,-1.6123142135822561,-0.06954799948353332,1.290820107821977,1.321294213448806,1.824633575642171,0.7041589191781047,4.546467714842894,7.249490897245318
1.8938044148464686,1.471205266525348,0.009739827586337669,0.3201980726955614,0.7255888210797371,-23.487147615840406,-0.16147782787866855,1.6501511339476949,-0.8251583962214646,0.23671827075444163,0.7203841864870827,0.8492941506427402,1.442717411625199,1.4172079936483253,4.932590708063295,6.231562994093325
2.644528362393379,1.8409483132014668,-0.014139363179603256,0.38238926966488335,0.5258443477426963,-0.6502721151585377,0.10103002542847098,1.4681348764138915,-2.479025910567492,0.19377578004139254,1.2676041225641979,1.5892451448990028,2.829021007125576,0.7466619530760992,5.737266785159706,9.693668532915412
2.5429995493218303,1.6474305068937445,-0.02083832600712737,0.12448898855100067,0.5816930157740909,-0.9146294521143044,0.14550860284765593,1.759294529721141,-2.242338608819991,0.34607264751195976,1.2416361485086387,1.65781994086504,2.6617606467828154,1.122996232517063,5.270618846148252,10.027840012876938
2.2941479505300513,1.295471636717518,-0.0790309457778939,0.1545410224543892,0.9073292560999595,-0.7244114914126699,-0.2551789305110772,1.6241953187522795,-2.525069095830124,0.46479051745186273,0.9597047875449065,1.9288971345871684,2.938915629910926,1.6861285283553105,5.990951918471915,9.784446911710004
2.52955470653375,1.2324433783019588,0.008132588401436831,0.280262353335818,0.7767409505549199,-0.7856232461227723,-0.08751495866787924,1.9123820792495583,-2.5963993543585153,0.40558797890941317,1.3686679173534118,0.7103083525995407,3.006629501260817,2.069208482295275,5.956565720848742,9.929555543041477
2.2495376923494037,1.25858184469988,-0.021338405870521625,0.41945093664713173,0.7616967533783362,-1.401977174383898,-0.08705752415210005,1.5174856724018855,-1.830832290613403,0.9047517877159014,1.9878548233422142,1.609878746794537,-6.058652498465031,0.9212514681927861,6.2178673628084375,13.585057547226548
2.6567358128568155,1.4081637131509683,-0.08126953460190804,0.3822721592846012,0.920153680042674,-1.4316027383829153,-0.24561828816930464,1.8048701456748726,-2.0753855394253042,1.0486993949109842,2.3105015043256185,0.6812006896200286,-5.836065926683447,2.37058312722086,5.882044863644988,13.603572903456087
1.8892414928432553,1.0931139445730174,0.022098459115252166,0.49276912682053314,0.4454241100949392,-23.59079038036196,0.08314797413271559,1.1687981278689112,-1.3815867544418823,0.18580022545290806,1.0964443101670285,1.2893778838088426,2.1038479825110024,0.6967648173958683,5.666916573368324,5.642576879729206
1.9407763201149744,1.4244460970043824,0.026526879354593674,0.18645324462621113,0.8683116564441787,-22.852612422461593,-0.10059785523094861,1.1627725504261908,-1.0039657510782898,0.09407683963157894,0.6287566022693356,1.9155498220697142,2.355992627176689,1.1709344916268407,4.694162561276462,5.603618090723643
1.9653917463202963,1.4080161237732975,0.00554331436194477,0.3608595888999601,0.3353274317954587,-23.909410618033416,0.14486866683481858,1.0449864621575298,-0.6700298396947908,0.3686799427395068,1.2392271782973163,1.5992390283537872,1.9103030681125828,0.2852565274556009,5.13333453624096,6.035666968856666
1.0457989085311226,1.1217909763430562,0.08123626063329496,0.3380280579535754,0.39865661155622617,-24.478967356559824,0.1398055050559341,2.1296782085382144,-1.7252208801892894,0.030853133352473337,1.1168397876951692,1.420294204352346,2.097797456127436,1.1357201009438527,5.337479852525207,6.017020881949148
1.7659828535790245,1.1987810209995748,0.022318610030614274,0.29506692407481977,0.880740529949777,-25.6325439348279,0.004338703737594493,1.854242190223187,-0.9503571728077564,-0.26671670637722084,0.4582750835010471,1.7706707667971493,1.8752510098312045,1.6888278193902226,6.1519307706170565,6.9164564490128955
1.974653672666736,1.4969712743509254,-0.03416731117712306,0.27119866403611376,0.7254027222789202,-24.25565620115105,-0.2219835651786995,1.2141262340703782,-0.9776677713312092,0.24767593441360322,0.8807729373175536,0.9154699214462693,1.940123462909076,2.1605512711956782,5.411110245695337,5.678797920512502
2.571058823694785,2.1063339424850422,0.016941545297702552,0.33671441313934813,0.7200076841095779,-0.6736486131126684,0.15580201852694145,1.5508728269639733,-2.5068720751489355,0.8659941534499321,2.1137745184091226,1.236936145443469,-7.720875049841126,0.9590649245788808,5.360966596132921,13.211416131839622
2.291946171446083,1.489518192831116,0.03564515842047194,0.19127983278379504,0.8704988702964036,-0.5538015509971296,-0.2132527689415336,1.443101012699306,-3.490701996717602,0.9692118405352038,2.5386139173895743,1.286292880782857,-7.943843073865553,0.7124422129667364,5.503303045867011,13.030059664666188
2.5517992305432755,1.8548439105411523,0.03162986233442391,0.45114980908638463,0.5991756033711139,-0.8813637316760914,0.1899383310253414,1.5473862122904207,-2.260912159950356,0.6791037354394791,1.331725421314438,1.545149033059037,-11.573652952842004,0.9251823889761387,4.433311198579769,11.283840224369234
2.268620705860201,1.3748236641820213,-0.02376474410668005,0.21319851145443183,0.7887135687939199,-0.7509373998067654,-0.11058543963621649,1.904239377746514,-2.921872928569714,0.6465011853602091,0.9217634557790593,1.4592235172136372,-11.112799514870158,1.2804666980355204,5.615214624841387,10.380285685258608
1.948269949729128,1.3156730348280594,0.01915565127392336,0.30985028766095657,0.7864182865069208,-25.15902963870758,-0.13026941080841503,1.5544408523049207,-0.5302756798447414,0.11365325029101193,1.9908619179340703,0.7914520590783408,1.624476332783853,1.5925661788340846,5.504920218645323,6.102814617028557
1.9698498313484396,0.5719010174387755,0.050753457024072295,0.5188488599434493,0.3120530374764155,-25.55798717608691,0.11282971328559054,1.3453669179243348,-0.06681014068647824,-0.06630990725972973,1.4068267223231963,1.3916846517063675,2.62135475360643,0.17610230666922874,4.218033860183554,6.464998625993729
2.1979390182678276,0.4971248004498004,0.067742330959067,0.24837670793384262,0.5071742482352225,-25.682318458520346,0.13963300358193612,1.0756933344521866,0.5690796427732956,-0.013372705770966324,1.2364067412436328,1.1758849266315814,2.420265490970962,0.32844005700356005,4.857569987359904,7.913727400436144
1.8576406421529825,1.3313135133910305,0.05833930904356104,0.29835478905960955,0.8020973037998189,-24.331423276471448,-0.2269352954770433,1.5978815310922612,-0.3040728008344299,0.15608063424886934,1.2722008871393438,0.5779359472366825,2.180992503173184,1.5283929723236553,4.168221888476752,7.233537917960434
2.0275165626124174,1.524931504387408,-0.00857152770979653,0.5103879692774889,0.4682552664165073,-24.41819981371689,0.1131761665102092,0.8649862927302407,-0.7694551434088497,0.3016771471225663,1.0635925493673417,1.4062522791217391,1.8234992019447194,0.49611331501603134,5.466900952073435,6.720356302126854
2.2162004895918073,1.4794447134451474,0.060566909565900794,0.38049731330410624,0.7937159820230054,-23.214426898730064,-0.23815264613864323,1.648147427478728,-0.3464995668275902,0.24002548019417222,0.5176265820938482,0.669160924018981,2.474805231519665,2.0275285012166813,4.6649502325364836,5.708062723579196
1.9701017328511614,1.5118856906870697,-0.02332496599884135,0.0908520686396706,0.7486141786893517,-24.093286815907426,0.03406181436466731,1.1310858091057165,-0.9039163004112586,-0.09051969568400305,0.6141242252906277,1.635674063700562,1.3594489286563671,0.9789176323570624,5.972605663890328,7.132618797351297
1.8155121169216775,1.5340311915073541,-0.04055716419902907,0.3900792606889446,0.7171074166243582,-23.56147345148784,-0.16673901101131916,1.068568256961007,-0.8336090349801814,0.1543955443052886,0.6051092072196184,0.9450047373684743,1.5006179757257148,2.0784833823510755,5.204858288800655,6.111217936775336
2.060850390554406,0.7047131160413848,0.05600533459273522,0.2792020685155297,0.4690548814182014,-24.70886013867426,0.14937870528238512,1.3699142080414266,0.33070183771957323,0.47866549774010997,1.0683578371418017,1.2634712725412882,1.868326754376603,0.14122449922870084,5.148644935022808,6.270716531909305
2.025208784217947,0.5275772611938112,0.037867905256649355,0.48506041337510913,0.49200613603182136,-23.61100933671486,0.12003765213706893,1.5061212201972178,0.3016562441052709,-0.2930807136145306,1.1888128131614843,1.329499791392319,1.7788721737306532,0.6303328712042419,4.378031476433389,5.502875984290694
1.2478817932046953,1.2257244992510727,0.025518431064983728,0.29542745411031224,0.7122897102042722,-24.847258329654032,-0.07122304498466371,1.6565547246498367,-1.3208411157644973,0.3115444645592165,1.4618264660288893,1.6749610148957004,2.1798515691123894,0.9890500045794374,4.817264246940457,6.521507185111833
1.874650968448492,1.393692331885919,0.039577139742982555,0.26221240785795563,0.7334459236770249,-26.239923484310584,-0.18665533873842396,1.970846502042065,-0.32832688751257944,-0.10281799915246656,1.8556785771508395,0.6840421079617613,1.9735244594557826,1.6156931174440934,5.458134549954905,6.831203531630648
2.296329332921033,0.6288505413262565,0.05372095091020052,0.2595460164000591,0.4084935946529729,-23.910021595819547,0.14478065932045384,0.9425955968592317,0.6066415150870258,-0.16035012330021675,1.1390096851387064,1.4250969736288923,1.8158405888952935,0.16193797623272996,4.216154905493991,6.921741113704899
2.097798904390695,0.644540824328394,-0.005540838277549631,0.3719827064381293,0.3715792754453922,-23.713860805960913,0.08039775004982971,1.2973017271935623,0.016431425358168862,-0.2188154463561565,1.265309158443706,1.3391877732127904,1.6261387386831148,0.2857626163015767,5.638421357069281,5.448815801826305
1.9081240430418411,0.9294247294316685,-0.004146868884243082,0.31110204857341434,0.7494564463687905,-23.308386177264005,-0.21691797396975218,1.1514717573228603,-0.9223476933614966,0.13778317259733228,1.0482875582969864,1.4864873449650278,2.6742886437317352,1.0866972035617413,5.558387853523173,5.0800684471668225
1.9515532195776857,1.0781796647177546,-0.025002351280302017,0.5514993636857258,0.8005190933092957,-24.77295794047097,-0.20620424228627213,1.7031105398144575,-1.0777908850209788,0.34498133209254583,0.9563450220641682,0.6556623018567913,1.9776829890447367,1.8155067141169368,5.2645589134048985,6.005640027709303
1.3958400908513384,1.15196978370271,0.01882638668028273,0.552031412877026,0.3505237621461665,-22.971365732055624,0.13141582071284444,1.2642474163361856,-1.856076418817044,0.3329961724241538,0.9419301363213456,1.5442571486226129,1.0788730874044516,0.7253508309650551,6.141965841813789,5.983081754955465
1.4202813189763888,1.0088261717314209,0.0796345630660651,0.31588252514492127,0.5199363306794935,-24.927798699887667,0.11928420653485226,1.4366370754953046,-1.3945764087296557,0.3743985961677584,1.2118462801454593,1.6103747443673206,2.125184355340898,0.6924578155400231,5.950780643395633,6.3183910803050605
2.0259330690465864,1.4446341767280049,-0.03107167811808189,0.3660083282155294,0.9149411295171203,-24.116888103562413,-0.16126745834946601,1.9376673584484179,-1.4700511554017046,0.24988879597590613,0.5676997949496534,0.929270907489874,2.54476218209012,2.2931783469025206,5.741314811098703,5.195527417461252
2.091090927123402,1.3961248011821685,-0.05284801203633328,0.41761443062013126,0.5923354802968291,-23.33683256512511,-0.13569442465784945,0.9215314492077259,-0.7238311849127835,-0.08886498552708305,0.7387008748640367,2.0404241019220795,2.3025346415124366,1.4733878659921857,5.613255698386891,6.096965518589597
1.928164326136291,1.5641085330353435,0.023068508606714448,0.5678696708530192,0.6830072384917488,-24.119473916474114,-0.0817689901149525,1.7723004876589405,-0.9646957188956435,0.376327743768149,0.652032238614435,0.9329025424759209,2.1911914956024843,2.43146228882422,4.729548884456144,6.053963778723343
1.2316531329644684,1.1616670558328435,0.11467604468793943,0.16177642861350192,0.4439940211457825,-24.747738006852725,0.12045049261942004,2.144999390781236,-1.7793545131248736,0.2005076734545971,1.1742341916117973,1.447221915252458,2.0403036173383393,0.5939096279766721,6.391482074193658,6.343572599178064
1.8348519930914045,1.393452487842801,-0.024244692675769095,0.29453914884167415,0.7616949666735411,-23.38376248964124,-0.16903250172912776,1.4426578924286493,-1.0071494563193994,-0.0029168793745340577,0.5972351040526608,1.9133439153001335,2.7546915647853165,1.247857155048211,5.2178460324566505,6.127350556405882
2.0712778783055636,1.3916721092297233,0.016120500748899338,0.49935246515832865,0.7472623918150394,-24.070987319376318,-0.16136340914604552,1.434004987398395,-0.8613662139416749,-0.04251635492016834,0.7834573826831767,0.7686978092690314,2.265598971391329,2.008925907896133,4.966071266411182,6.5233881793301745
1.9282879465732834,1.5279842527219831,0.05508917244647913,0.4691624370527766,0.5697753939724838,-24.711052294484315,0.10502979973455243,1.633861966940574,-0.6779668043011722,0.1491495186117054,1.095548656234207,1.2976696978014275,1.8662371762158965,0.2576780728717961,5.120722416014799,6.65202050798204
1.3513337636829048,1.0789081366571287,0.0944384827621592,0.377784585804989,0.43701859596123355,-25.512126991163946,0.16120497661906585,1.6369203978896067,-1.5077641906204322,0.12608627667454628,1.178640559629227,1.3402181846261954,1.6949401138850178,0.8285309981849468,6.378941623277963,6.623673984854326
1.893059979330651,1.304642839057371,-0.004636608325875906,0.33297112327876177,0.7306831436449043,-24.490335748695045,0.13511989716791648,1.6773951205156432,-0.8546509000944593,0.5467918472314683,0.7482751979647825,1.6967653215309457,1.5402601689053697,1.2706189990308283,5.075688512762311,6.5125528606683964
1.8299980691095894,1.5055866389238708,0.035353528401969675,0.227649782027273,0.6572845615590336,-23.444107400262105,-0.22044735506828853,1.6564212476136162,-0.821272069078695,-0.0787902150524314,0.7915644083181392,0.9166438469998544,1.8233436119055841,1.7283456367449832,5.400852751101989,5.500890158727629
2.4078007814735183,1.7240456699834514,0.003984498063722638,0.40360876730456907,0.6741212153596191,-0.78844527669251,0.13032097598786205,1.6226620533242826,-2.263305968753993,0.7386685911385967,1.3952595977857707,1.3379456844193243,0.8029021085153017,1.081766500173757,5.63321963410328,11.76063566843048
2.3972540171432,1.3834404324827092,-0.011574139555295678,0.47568347000578975,0.9277472325486597,-0.8591680086466174,-0.15659786117076877,1.55784939619278,-2.539294336629411,0.6574237107162678,1.403685860235244,1.699387680953989,0.8830621503343186,1.2148813247581336,6.032496085986728,10.863786989899973
2.511368284331867,1.9802527193281179,-0.0009444514084606225,0.708334061759912,0.48546803096557617,-0.4835718418285252,0.1197979866353174,1.4600703244556992,-2.576289551115905,1.190051867254079,2.3872135379162303,1.4334463311526935,-8.618686070563816,0.7459507325279213,4.781052374152079,12.731218935439985
2.3876082860718792,1.3865191545079767,-0.05804607746439642,0.24056958782176138,0.7782106342266002,-0.6871857970307268,-0.24550275907324004,1.1037613350233688,-2.541879218178802,0.765662230381277,1.9345472950435558,1.8660678787355622,-8.422680471651256,0.5604235945339309,5.715205943992051,13.166679849253658
2.4442897363112612,1.606474120161185,-0.012092346510538927,0.5957684245562807,0.9557635948850464,-0.5404845086460313,-0.1995755645772438,1.5590004921695217,-2.5699826182058696,0.9086170084346082,2.2368387712854902,0.5077018631702915,-8.801679425648723,2.1484014276750387,5.439799297074477,12.837316109829892
1.8592945234586948,1.5481242367060237,-0.0012180932114519611,0.48579979186132566,0.4436243550280725,-23.22626003955763,0.1866612182389951,1.1661920112830897,-0.8430284709876671,-0.45141048570761133,1.8712389228306712,1.3053330534727428,2.1154432472118057,0.5589849243148345,5.466614333150755,6.258313932668417
2.0046263336253665,1.4474858054158593,0.05231118216458759,0.39225547767725477,0.3623767126693082,-23.878857378578974,0.18237689076977157,1.4655317324308754,-0.514898693186619,0.13463738453741325,1.1257821635797152,1.2583049550352154,2.1540834399281694,0.2107321415481471,4.619728363258065,6.95632736254561
1.8868743578897942,1.4501425006703164,0.07815726479761857,0.14688570120061434,0.47315562077347784,-22.688281710763174,0.13715020153578378,1.6201859115911645,-0.41362913926419215,-0.18878239600794985,1.5758814516235917,1.3475374227039674,1.7855704616946164,0.4695232617310058,4.7613021567651685,6.212951675923754
1.8994631714237231,1.5075650472086854,0.06062790391221649,0.14159253352476922,0.6423177917384694,-23.9177856257159,-0.14068056726517775,1.4672077748421966,-1.316323831091014,-0.13256552223837936,0.5836914263485622,1.778955230743314,2.156005553659091,1.692647378977466,4.9385840641999,7.440439073669416
1.8476833062715983,1.570526615744689,0.01800137006118901,0.2971020226308608,0.7067408768328219,-24.533929283259354,-0.2566578224388261,1.918830968743811,-0.8736596943852495,0.10125517875576968,0.703574698956606,0.8553384131933566,2.475551740973488,1.7514125877049131,5.384812964898301,6.288820331567821
2.580453192104895,1.9948084088851081,-0.013246792847911608,0.45650447651091947,0.49105849292005105,-0.7088309468465551,0.18041020424082,1.1350625971710926,-2.3946593518592416,0.7678555074163402,1.9926305532868331,1.3164465079858587,-7.764127132878328,1.113666949695132,5.389810354932367,13.766644965251208
2.644934126104539,2.153427213986715,-0.008026861236741123,0.6059879444224446,0.5097898209296788,-0.3444860729152959,0.13792115771801552,1.2266278103295096,-2.4660280277232327,0.8429177255214498,2.430616693357627,1.3836639869498706,-7.957884178721035,0.8587010884461925,4.950806402658424,13.411191305798631
2.3549019848460646,1.5748390202193983,-0.04834540161490501,0.18394338321476214,0.8485693083504839,-0.7634558051582424,-0.0336516504995521,1.2865011393299792,-2.9138622705725323,0.8200853971354658,2.2513011693675455,1.5795960695130442,-7.576902097144396,1.0284493343550323,5.231229403285776,13.104000182981293
2.7153309214319266,1.823870128354679,0.04303204756765636,0.28908977102271005,0.5280051392751428,-0.9201723048761489,0.16769726030280224,1.6714843074181895,-2.4918272018673218,0.7465625313022954,1.1348769760927337,1.39046206198136,-10.275316515221725,0.9687506158046112,4.848357951017097,11.07371003183622
2.3338637703387066,1.9679805263150485,0.05266801068186755,0.3205190710748236,0.696228372291584,-0.6045311548408746,0.11474130176721747,2.303040621063983,-2.4891708155671752,0.7015426057316362,1.151068324288043,1.3282210181817258,-10.455415933289647,0.9514090937471482,4.4750870599569765,11.05481416293358
2.562022574768091,1.462240380179758,-0.00784103144705237,0.21366443682151465,1.0432200402244929,-0.7131919450977198,-0.13321759329239496,2.060722935078589,-2.8642773359971274,0.7611462434179461,1.3302755388785152,0.610765126645798,-10.5341639042208,2.408385770141147,5.174172713205451,10.266532054240507
1.9891221755562976,1.1164109435377758,0.06804423148619645,0.2697371636355916,0.487408866980113,-23.423250816921243,0.09456991571219016,1.4489862095372132,-0.9546654863025364,0.4437539755391576,1.3165147554054077,1.3476544592517115,1.9955825437717327,0.4130875448292742,4.4009723593969845,6.71833548122264
1.225124561801941,1.155154688909029,0.05869941558029205,0.4592993687052901,0.4536201944118369,-24.487558301692513,0.06588310544526488,1.972614658552532,-1.7426578916061355,0.19299882598252385,1.1156443863708216,1.4581413170677255,2.099997781810816,0.6239325576444976,5.154311400934433,6.9969835609477
1.7846657081291388,1.3927065625774362,-0.017451623725394518,0.3065186352996779,0.8623300623938757,-23.523059166123158,-0.038658303227275655,1.8240881348323694,-0.993643657885647,-0.04624217210919578,0.4806406890849266,2.0087889161701313,2.3928484630812887,1.4628192640926376,4.745827917301252,6.703715187546255
1.195967461120764,1.1594602655876272,0.12043796070253769,0.3439372890070083,0.5550609176463913,-24.603622022421362,0.14872388142434684,1.6844898194534088,-1.7564119088007137,0.20785942528195037,1.1200298349067845,1.0822441182602192,1.4921787412615184,0.6021612863858847,5.808304944276345,6.713856401563388
1.8817517114474127,1.2934082612808173,-0.09174720570010435,0.4160503607654636,0.7750546963438397,-23.334419551108713,-0.13504820663559594,1.6247986397264365,-0.9628858076951773,0.48714766623413513,0.5840622713196406,2.001606742242177,1.447156695753957,1.4974883393617346,4.1101841993858095,6.421401275602715
2.580305324626465,1.830269841680304,-0.01600134395559607,0.4560114962218792,0.6027724547982213,-0.8171496434089879,0.1583562322324335,1.7714498628216497,-1.9588990212244286,0.6855450871484157,1.378363064028323,1.3532162539002788,-1.796022235496591,0.6419966555436453,5.919322665999333,13.68807751175637
2.6032189067403473,1.8302442720569672,0.034945405897994476,0.6716372632371879,0.6152038689566152,-0.9805654807885492,0.128420286305248,1.5956958771993723,-1.7746398032307624,0.6463553091771903,1.1445546202609942,1.2962838110650585,-1.7028396527357406,1.0510059301095704,6.178126670985174,13.215639071093252
2.467252380162477,1.393395036468903,0.061373993286862986,0.2949001733195035,0.830542565202961,-0.9933208466346067,-0.12720242548113028,1.3017917170856574,-2.6533770968442156,0.7701823105315374,1.3219418555845819,1.6991418947754628,-2.042918918802093,1.246501155770073,6.319123721862834,13.537307076125096
2.570599674539641,1.5638789544909566,-0.0022575469308845795,0.6206060240473598,0.8719781775859495,-1.0050523448040083,-0.1644410308338699,1.8538591081770142,-2.2883087759272493,0.836123773188641,1.2972102272808563,0.5369372260440138,-1.8172082866032928,2.67384219380344,6.001077848162502,12.782753817214319
2.513549478677412,1.760187341513734,0.014895880269507715,0.47046214522172963,0.6448915509637445,-1.4323715385906404,0.17614202973370738,1.7007056415136903,-2.084847241231551,0.7912671074320872,2.2615340750372668,1.3062780186155196,-5.83621661548006,1.1935850831940766,5.49306050871623,14.180222400020808
2.4610840196795767,1.7777358342992762,0.03587759058053302,0.6030985593680908,0.5169228830129531,-1.3617101791091264,0.13176340981324514,1.228164457464591,-1.7956030858978622,0.6744642193161412,2.184480549752713,1.2450190480888508,-5.723926170000883,1.0211456830773191,5.730868526418383,14.499632669401665
2.6978216330197946,1.3784083670324951,-0.004370963548620447,0.1191522778819007,0.7672997237459444,-1.3329263235641022,-0.13080481693738466,1.5734445615680892,-2.2533415443288782,0.8466180014541992,2.4074605240871514,0.568658694773292,-6.045250218169144,2.6424282540058095,6.00014680521687,13.772585722133519
1.7402919467990483,1.2368699988016165,0.08465658994469179,0.3965430145577412,0.4720231491580297,-24.693008216196514,0.0825807682326218,1.1149323965282136,-2.1033101884685457,-0.11561561249666126,1.298601190882813,1.3054255172445555,1.5258542685301897,0.3573461542666576,6.0453681666177035,6.938188210462918
1.931939898918383,1.5140201655691492,0.018812780445441657,0.15937264133679366,0.950783913216553,-24.69249717850585,-0.15604186823715774,1.4464453159173327,-0.7950961431971899,-0.20524214908480656,0.8147794548315002,1.526360692106654,1.637676679747703,1.0202222699171395,5.376358462646605,7.521047891954115
1.8695499109951004,1.4869978292925905,0.057925722709546705,0.19125021528790265,0.7434034237091732,-24.798145040382476,-0.2552333138799295,1.3545708042644746,-1.0403157687615603,0.32973491789478165,0.8592270638695921,1.0629546823756157,1.6829605257166553,2.12008361101294,5.324953570709564,6.420207381508623
2.476367043922656,1.8023506958099702,0.00926820086191092,0.6561337355921666,0.6717810780632619,-1.3188175010817753,0.11066548485184757,1.4544276433022076,-2.0253615345982836,0.7875853125754122,2.2727641237859304,1.334858243240664,-5.760293406443359,1.382327328208834,5.25323731811593,13.95142090433153
2.433869397516984,1.8808484451497598,-0.005397430165049618,0.5234295899234714,0.6659051845387242,-1.4204344044514008,0.14617179826973045,1.4778360007628808,-2.2805956857427945,0.8337042746102277,2.306320639786466,1.368117675822228,-5.66761578345322,1.2688503170367331,5.325400148752146,14.277976651840223
2.24641629281477,1.072372770114569,-0.018476767895122106,0.4988114616237576,0.9360054743513458,-1.3770840172333019,-0.19795255956565952,1.4170619916539493,-3.050978126175081,0.7351404865430672,2.554084081018965,1.5003018862094422,-6.041052637690288,1.2836402733251453,6.357365245946681,13.101135292547442
2.487105406954575,1.4165470547430836,0.0994463926603394,0.5868300677546453,0.7965328713466102,-1.263973433592046,-0.30414139792136835,1.1987549250318363,-2.9935639713757367,0.6425434827127806,2.7463403538362274,0.5380835607604434,-5.92032303757818,2.5196290732392423,6.24493118036942,13.35106930956578
2.50417883493503,1.8465575241058445,-0.00823485872149483,0.27857373121567086,0.5558637495270621,-1.4328687916969258,0.08800796488424122,1.4420172577183694,-1.9839163929329566,0.8688083208228154,2.255820100747049,1.4952318019010131,-5.82844516857993,1.3115964463042715,5.59113508235601,14.169020263021192
2.4010724149042306,1.3681876920722427,0.055576487034559106,0.4668127313057579,0.8228249114559343,-1.375959104421238,-0.1979460850059986,1.3141888557213628,-2.1942931170277302,0.78832830862701,2.1796936105533193,1.6302745785157506,-6.091501049209773,1.0892412306567034,6.404414174834887,13.217394367435947
2.6181347650531674,1.4586983642342193,-0.0006784486472610022,0.6688777749141057,1.0331502776633328,-1.5173214965537192,-0.1894445474271972,1.8011497031928352,-2.298026877658442,0.8162970268841219,2.383795287144061,0.44720852059001664,-5.936244631632542,2.438908867945273,5.771461456707369,13.511364655961593
2.7279634439727913,1.768050423836336,-0.05449884253817885,0.198878425523639,0.5361296688023338,-0.8505604186542335,0.2064966605293251,1.668595619074612,-2.754052478165676,0.9175764687994963,1.2163414100160208,1.5553276788676162,-10.017520149589672,0.9672064959215929,4.691212514986593,10.936766800059626
2.6678502463425198,1.83040577294988,0.009564961716532967,0.21539024772495072,0.6118171224313936,-0.6499639480592061,0.14501971220473434,2.1825509308272353,-2.6235203893635575,0.8251154185469883,1.1674626129592458,1.4167268112438414,-10.46987038406117,0.8562662412732993,4.40574488143716,11.199025632926574
2.3052092344988293,1.327857203602791,-0.012559802285705916,-0.012984131173541453,0.7601231731163957,-0.6025980772515762,-0.20748817029820407,2.1457627077711128,-2.8054395648263553,0.5570936300965649,1.0401820362757432,1.9875968252706033,-10.453183707586724,0.8769582010155229,5.938567389811078,10.279070298185962
2.8489976021557424,1.5329110204260796,-0.027483142266671094,0.49027219182966864,0.8415497518902024,-0.7057015053381517,-0.061712850193182796,1.9687075412254782,-2.7547205724927286,1.1600955273322764,1.114316607134728,0.5692519934810695,-10.468350131778047,2.2046226068846884,5.3020693383555235,9.625630024900039
2.5036717526813344,1.837068999967227,-0.04844157100220554,0.3931515868827696,0.4862299976857221,-0.8095306839297213,0.10675510568668477,2.1895442133751644,-2.4150871594485745,0.8005295259504733,1.6410373965605003,1.4367320717594518,-11.6874525823022,1.047500087193524,4.269597348287702,11.009934673720348
2.3360212845491675,1.4248403221319121,-0.051705726812593396,0.18587298791979776,0.8860849596988402,-0.6223355649209893,-0.05698024281362697,1.7877089008362768,-3.433344615269452,0.6138348938940911,0.9151060456180324,1.1978710271256665,-11.328368266564484,1.4874339662504696,5.807912729181679,10.783138266711187
2.7134365764892814,1.4698567375447602,-0.005972141233582909,0.29501976068193697,1.019213206972694,-0.7829290904970843,-0.31087530903890753,2.2814973820170072,-2.260962693947677,0.8122076475716509,1.3248797831026224,0.5438075823963153,-11.310793508985933,2.6695722208561685,4.623077874733444,10.135229453643786
2.5369838119720414,1.85364937863499,0.04280445868273611,0.06255541741040756,0.588229299482579,3.48550863247551,0.11764259737978389,1.4987171284053482,-3.29210437181623,0.775498721924299,1.2606956473141908,1.2194405339099472,-3.499786445841814,1.2152653748504827,6.140142152694675,11.617318921194725
2.4484543052961425,1.5752823033606005,0.059417868922154324,0.5602406192819279,0.6106043090845142,3.747690322476751,0.13488375546534817,1.4020508194336052,-3.1268596744928496,0.5768988200829667,1.3338920023323346,1.3039423478767276,-3.4130498684619863,1.39724252360935,6.212609432972347,10.874933521091938
2.1909236415544684,1.6386022065306713,0.010887355720003662,-0.08948690133140189,0.8092411444739752,2.9689722068707156,-0.12473738341219684,1.3835692409512896,-2.582534578268105,0.7405831780458485,1.1525495268950858,2.152677303584912,-3.0420763239233453,0.6263405678325213,6.98457969380853,10.389395885932492
2.59947014603919,1.8198848830995464,0.026229096174239932,0.5635552836960803,0.8186955529768022,3.295310586435097,-0.40303969788551236,1.971637682219967,-2.738243206075393,1.0492546405978493,0.9853554241508239,0.783732801654066,-3.025332576066255,2.551446251596014,6.134219975408169,10.170368698100248
2.604952213192048,1.6143741530214128,0.011427413117140557,0.6600821270222469,0.5089080845825373,-0.35831865452680123,0.17189487682282933,0.9247930626509094,-3.9893034193205343,0.8948632294361787,1.3817349698046835,0.9505032016361755,-10.014303766341571,0.4413605091143399,6.38549340095495,11.231371586022744
2.49157905594244,1.5538691446059383,-0.0069191753168901474,0.5097682299271497,0.45638683381670825,-0.2892232802008901,0.16804656345459304,1.4448777294414086,-3.603737747361883,0.8978616950847214,1.3908381191777688,1.1712381008851032,-9.926187668966111,0.5483163205139188,6.254811169672449,11.200865803617365
2.3009165899911896,1.61541650786375,-0.012839428464571393,0.40422611559182464,0.8364395806168516,-0.8197635696803532,-0.2614034490585326,1.446348005673537,-2.257129830479622,0.6910875428281723,1.134439104262953,2.0637369884438814,-10.157741810616937,0.3657041924965257,6.089507835350931,10.65024209747712
2.55381689373497,1.8384634304667515,0.011615772553409058,0.5924417293928561,0.8737813951316252,0.04625898519655062,-0.36079890405045195,1.620793972861022,-2.5534184821595742,0.9823682072513428,1.0046693675573912,0.5800151328188363,-10.325480955652017,1.9511499032462012,6.049015078611672,10.06273080043867
2.2298858072478325,1.5693735888407876,-0.04301800422494651,0.5161100758736336,0.8183154581276075,-0.4795950251538307,0.0015259411558508518,1.0959289352518198,-2.413697773504381,0.8211494654553632,1.8205129461027687,1.813923223126369,-8.603191552678743,0.5733095921284207,5.599777501372,12.629651287072647
2.482225214316821,1.7284121705605642,0.0037411596107604175,0.29865710050108263,0.7809533802348501,-0.6140859726065153,-0.18861938432697206,1.2906577980791534,-3.5897026280517457,0.849072434538355,2.5954287777966822,0.47956804411082243,-8.864708954994489,2.247350470299522,5.378101818489416,13.080693927405404
2.5883915608503547,1.8946234969782332,-0.043530334848599965,0.4648290061186996,0.6112614667005832,-1.4777029636117311,0.131649698910614,1.23068503245463,-1.9243173170595729,0.911613612151084,2.50459710913524,1.3053508208325757,-5.803827556660787,1.0751184546057284,5.452699882011859,14.231903897038352
2.698075443317804,1.6034060013582925,0.03467864940812158,0.6661826831865667,0.5909393603987986,-1.4816063332632183,0.12553129710629565,1.5890229576950277,-2.1028855402967697,0.8511794664685924,2.3286605722301172,1.4604715858887254,-5.716449012781415,1.2751086731486534,5.163134845303992,14.09063462683807
2.437784949044386,1.23512162867623,0.03138175777470069,0.2689747180261962,0.7607968669713784,-1.3146266183977326,-0.07598859254953769,1.2628467751214434,-1.6355754797651514,0.7817466672832768,2.3123579167909134,1.844060971728255,-6.13579517284222,1.1506016730666162,6.123738784122591,12.98612989702076
2.778820862251024,1.429434602084259,0.05435180240621141,0.5051523773831625,0.7918277246989305,-1.4865651440024374,-0.06678029576378557,1.8861710650833945,-2.4303782068168127,0.8576404436050606,2.3564920817377666,0.6288904346140726,-5.872072670855249,2.4019804744614914,5.471522835165262,13.700842312318583
2.030579994776597,1.5603172991195071,-0.003841080782313903,0.3843347784883034,0.4585434822104867,1.736203816500803,0.06610795075322186,0.8998912422290692,-3.2471617809062203,0.5878637758959082,2.3316717083429297,1.0451222571941707,-12.287485967803123,1.4100534640885896,6.448874440436564,12.766501670975861
2.394055682001927,1.5635064201100037,-0.023570912514502673,0.4317132889069227,0.49263968740737346,1.4673291710640575,0.04625922418478892,0.8389200349403934,-2.941552893251646,0.5460959837597525,1.9749796646758913,1.197177370088175,-12.063470229597604,1.3968313977705935,5.9739468604793275,13.08667839866287
1.8727949882904071,1.412288169449195,0.0027206648134940376,0.5037332173679024,0.713219730894392,1.4822291727333015,-0.24651468942811122,1.2621696761393304,-2.192814239722677,0.38626163206249514,2.031157323385279,1.45552893905652,-12.992942144319263,0.26235846514751554,6.065972679711723,11.945225614986699
2.3820884105215856,1.5263753757977392,-0.0020877071407936413,0.34732476600073287,0.7411856642787651,1.6828797290540927,-0.35907579027302516,1.5785033102142625,-2.1233965356032125,0.4227811427784623,2.139742103016702,0.48891039986846285,-12.9795126804087,2.1026737082874556,6.087302542903773,12.188457929606859
2.479797795301613,1.587949269015963,0.00206920759504093,0.3142851235655446,0.5285817318316546,-0.10054229491902503,0.1381331210313362,1.4213528565441573,-4.259767539284115,0.7756059804111717,1.6308921772264884,1.205500619930836,-10.263149037455833,0.5020238567649699,6.170239497317856,11.28686062231163
2.509985548858841,1.6058676967355425,-0.04218834389870407,0.5203282816465946,0.5540214698243265,-0.3417195884063845,-0.2002983261806269,1.6333880979502575,-2.6848315239058183,0.8413985033910725,1.3755856030136342,0.8034267942495644,-10.55709668411485,1.865839710547899,5.936474824433216,11.107240263254697
1.9509761225956028,0.988233957715488,0.06637699142193512,0.4720003605305677,0.4759017285102357,-24.128894724767033,0.09211323160429788,1.406132320504034,-0.7289700706197562,-0.24006693603843432,0.9499292518907854,1.3841694082010654,2.1326674217325627,0.5761526819638286,5.635272720236719,6.706507840860226
1.778271551876484,1.4228350051156018,-0.018903404943645136,0.37370790023527406,0.8113084528978607,-23.922642820850772,-0.12330428741055467,1.2129241374693807,-0.9001880492293278,0.20943297565340374,0.6728767348344751,1.79751387587539,2.451341302802514,1.2425619282637486,4.90237981381764,7.180251051018634
2.0037299135170756,1.4782818410614667,-0.005872241350822208,0.4013343910196176,0.7822971828180988,-24.184276028375685,-0.13156793964902538,1.3396407917449247,-0.9357504046916341,0.34950184382218885,0.7399900731223945,1.0711537563321187,1.7430537510268813,2.1460539182469556,4.465284664561351,7.16869240928612
1.9817416776139682,1.165100628778649,0.07951284524627646,0.36867188991885674,0.4203587799186355,-23.240831210349686,0.1853247522401312,1.4560166541744646,-0.8789202193833575,-0.23069993609779835,2.166404380621389,1.464567852966837,2.311351123594834,0.731989150688828,5.334176582900497,5.627787417596516
1.7831348879681908,1.2442351122543722,-0.04843082527381684,0.3447967820152019,0.7282635753403102,-23.022539740151625,-0.14419818765392609,1.5741989338259057,-1.334549069515119,-0.05563654180134927,0.6837812486214875,1.9564060745299021,2.451221372907283,1.7890978013855636,5.963973381185282,5.799521861361204
2.412848512640223,1.8155606445105126,0.0008808660786600697,0.6905041908249261,0.7218427725583318,-1.0611582985756296,0.10194490144153387,1.573061932211742,-2.2732776992140957,0.8317940663608407,2.2015007781082137,1.3503963517112032,-3.831264601097753,0.8593419075074293,5.454481727730483,13.148649256902438
2.626206321061899,1.8927085240334278,-0.002267897621418028,0.41427033602694613,0.6908303411429125,-1.2298504723900303,0.13321717091277246,1.3010949717226128,-2.253286690076192,0.748498611851285,2.003306782119597,1.4293811907544738,-4.058829872574657,1.3425217634687814,5.612135490363462,13.422842888561389
2.4468206000352883,1.3462913510960837,0.02397169544671964,0.4075812484764807,0.8512796049291889,-1.1707950083190617,-0.26404874472801215,1.5769202681191576,-2.02927004660534,0.6532188378175097,1.890585400482019,1.6761523411708565,-4.1182889255305435,0.9623829922493707,6.345293165098819,12.7395581842574
2.3311648271208014,1.7470801171325148,-0.01629112388938682,0.33501228978213254,0.5051265879844624,-1.4055009507294745,0.21695721341297103,1.2979710677564151,-1.8064313520091424,0.9589178109417351,2.481775561791845,1.4258626156082996,-5.794130832982249,1.2335691954046482,5.716330028172583,13.906973764698952
2.6036033743393308,1.1794734660468533,-0.02061242278603208,0.6745942422356455,0.7922794010893749,-1.2144362385310232,-0.22572525760073545,1.6071605456161004,-2.243336786590517,0.7024714303693427,2.4517001627484953,0.7871719361506407,-5.9000080161858355,2.5503306930543226,6.3316919473682844,13.227866294533015
1.7965629624912214,1.5659546516442986,-0.00338351496588453,0.43279061172869565,0.9027250748543696,-23.557753235686885,-0.2539219238789327,1.1603759719018707,-0.3200732313630479,0.19266804557200481,0.6777943820748479,1.7465117046921514,2.5594865579196875,1.5029884656434878,4.654582194090258,6.6831629270873565
1.9665355705602647,1.5576480934691992,0.03494465635251312,0.549387728932314,0.5153242906170585,-21.639601579981395,0.21757935504444592,1.4528937429284363,-0.785224491593118,0.07991247858479543,1.4099460562431867,1.317833455814049,5.047676180282296,0.302035391840463,5.84192422344225,6.158948971737487
1.822024506696189,1.3463371707412113,-0.008227297518712809,0.27323121358733665,0.8316261608560257,-21.322074749860292,-0.17644613406395857,1.6426230395139039,-1.2341789656427373,-0.3370251227244733,0.9002767442900225,1.945721809773939,4.5440263213139644,1.4194583492483166,6.511013363366016,5.892780882422114
2.5681069232499376,1.835858625110006,0.06582293968895978,0.5811135197579861,0.7427533065151264,-1.1711096736531081,0.1290400471736988,1.725493522223706,-2.246864426789185,0.6497500336833768,2.1473221337273714,1.3772957785986362,-4.058059451530066,1.1711005423727137,5.435915211277704,13.043568278292193
2.6559918215302747,1.7533433261147386,0.03237741615871611,0.45951273299877776,0.5601757220625875,-1.2668238795908782,0.1396799720885852,1.5968230881281194,-2.3188504932920124,0.7541428619300323,2.010307135886203,1.5415128006450827,-4.000869567384012,1.2385051453039047,5.706025030246625,13.210926346530512
2.3730467033817737,1.434880086814364,0.05165163469625019,0.33394621422886855,1.0243999477873242,-1.138534757077694,-0.14772017712766908,1.4981729058393598,-2.1447201933020255,0.697154128740542,1.8440027991458776,1.7138636493772883,-4.118779732487166,1.2338044589807589,6.0951795158613615,12.587305779136711
2.6383688160404564,1.771939220930294,0.03096575692047659,0.5451320481635633,0.6170525264727575,-0.9805879330149236,0.11977445337657536,1.6961409737281505,-1.9501579242323832,0.8046374352037281,1.479195843548204,1.2585867031204205,-1.6960923101962537,0.8826250998501969,5.750264545854181,13.509768950906276
2.7300692000811297,1.4799781876979394,-0.02782313709457694,0.40414286991457093,0.8265452307220547,-1.048246630380551,-0.09881280625859899,1.649635469882438,-2.713103268916407,1.0040317123730989,1.2650122625579432,0.7862533005817677,-1.7879739090229079,2.5890728508979093,6.176044957779348,13.09677274862023
2.439524109303331,1.4608383983348803,0.021525419488549573,0.2892968623517081,0.9931724821502966,-0.6134764355570078,-0.25718149850765776,1.2107022400846086,-2.6727916803831855,0.8163117955305303,1.6509880633230005,1.3347617139493424,-8.000271742429739,1.4529055788132055,6.098402394921673,12.70249146623568
2.665051764835915,1.8042233719608436,-0.01970369437181656,0.6361764740509294,0.9528995596721453,-0.45101131658566485,-0.20921916945713245,1.294027371435736,-2.6747603818303904,1.1007477623356192,2.1442561157255744,0.6054797234510382,-7.973023343812209,2.2613212230124815,4.80775351239772,12.912881317835298
2.5550063411743413,2.0124540987100143,-0.02484701175180565,0.3534556103083885,0.6137509484848317,-0.4549512481167915,0.1270414478378373,1.138660192046935,-2.3256292905334845,0.7863472205853711,2.2952264818594164,1.2515966849246383,-7.931985889523601,0.8938508851839383,5.452153070030734,13.562358444747828
2.272887744219353,1.380204700869819,0.029362264177141266,0.1826073729513832,0.7672488849895694,-0.5105629476895556,-0.26113824200894065,1.6018750816447043,-3.450523083158458,0.8260816344340954,2.266279869938425,1.6563408638338248,-7.7020280640625085,0.535270476472874,5.387323551952838,13.179083301598366
2.381438093968745,1.7126968646918737,0.022394224507346176,0.4110278789475555,0.9423413974257807,-0.5250101870546738,-0.18511801943074246,1.4939050378079215,-2.620660501129615,0.7953638547506807,1.9695740158185364,0.5942660344665253,-7.932690431043351,2.12203982488066,5.095447118422017,13.419051453255742
2.48386341086775,1.6215598687222224,0.004462801714737926,0.6897004091404384,0.7077980436497208,2.797011753376573,0.18133155390371888,0.85692220904973,-2.9420339850682447,0.9039762460583203,1.3604207698150232,1.0973872462296868,-2.0098017719582812,1.0483779571033087,5.811916258047026,11.164140839096158
2.386745848431563,1.3947503539716513,0.04337191040627661,0.46014878830437866,0.67814957066377,3.0873455549975235,0.21698846703829897,1.1965036854290712,-2.8657271311195416,0.7733823091381533,1.2270379778662075,1.2342983589166152,-2.3656518856076683,1.1937631068836594,6.12504858083278,11.066550263253351
2.213174155411932,1.438992450627498,-0.011356333556274242,0.19711103070527294,0.8364468521072214,2.2767039879560476,-0.3554825373912076,1.4346051292046909,-2.4842234316766265,0.6525385852406422,1.0483890098097428,2.1233813431070496,-1.5670500674683139,0.8013156522735955,6.18259170488951,10.708844442764919
2.4774522902710987,1.6567586887652686,0.03309407105017434,0.6840683648052318,0.7959417280110844,2.756762326208254,-0.22628383479701994,1.6206458368711183,-2.7743003063425418,0.9394390356860242,1.3749340060204271,0.6971602436804092,-2.4149593372022107,2.3455571993862594,5.990199588619174,10.377746020726859
2.2206247248301905,1.2746206051450375,-0.008783633818772223,0.5149459747853203,0.47865955353210043,1.7063608254889648,0.08233879102828645,1.1243793893650484,-2.8186489332094795,0.5815538089151187,2.1810023997506467,1.0538248538956978,-12.20957639740679,1.4169485781267288,6.483543373164874,12.299745235095342
1.9412142754227388,1.3201124173011631,-0.036720591171333826,0.36880220550671133,0.7336656599187599,1.2059439346976581,-0.14228539370256446,1.1763576641059479,-2.1957747709583493,0.7631173026238879,1.8882623567270733,1.3826975533055759,-13.144168813281363,0.14847749246905254,6.238439616303871,12.315248291299367
2.197689743258059,1.6081828018799418,0.011918187717596318,0.4352116198552152,0.7210534509650119,1.6199577891733503,-0.3536142229946947,1.5682257675801716,-2.739329459911833,0.7223863147609519,2.048290700293457,0.5224963939730078,-12.434906551373892,2.25790112681844,6.429689204476774,11.6089995024316
2.6034313924858963,1.8826528806611897,0.046382675014436596,0.6584880233841638,0.6813918165490035,-0.6901423244004447,0.10653593274454298,1.5827991318181154,-2.80146433719496,0.46857633088032447,1.580813237462192,1.3175933644163118,0.723138334284226,0.9533905263692143,5.796482718085249,11.62651590914155
2.547341505306774,1.827089287632456,0.04164557471871433,0.5423011530153455,0.5586412402121353,-0.6659972413765883,0.18230462889373264,1.799538610588759,-2.7690821838878725,0.8865307557868465,1.3527245187250265,1.5379876627540208,0.633596892217484,1.1789772669238345,5.893140175105073,11.118450654001286
2.5073785911289357,1.3147146852438645,-0.019149657250071783,0.43059261559943296,0.7697401709134382,-0.5677958111939955,-0.22772425327698348,1.5000040083602069,-2.353377747570475,0.6432031762519237,1.3149046812107164,1.8589596221807103,0.7140365050534405,1.2538045014366508,5.910384221760245,10.880388695407659
2.324499407250434,1.1354081033493084,-0.010585852702457998,0.40810341678063106,0.8129950862949095,-0.7887992565811922,-0.1377753352324169,1.7883131651661053,-2.292113025386818,0.39103411956193523,0.947600366125504,1.9774253687694048,3.2599481321920947,1.6060025821179151,5.777403916383781,9.246369954965386
2.4635001000997914,1.5967709434591233,0.033524124061068035,0.38497403504451183,0.6847780785166353,2.927601297595925,0.14977566680032803,1.498802609646072,-3.0302204501306007,0.6998702689235405,1.4066871810137136,1.1629010899849248,-2.4509049681359136,1.0889888060962163,6.056646488865527,11.103338337907026
2.292429867350186,1.3329504844634015,0.0659404544830318,0.48323120119546836,0.8905661088923611,2.343562155346076,-0.2417735593144315,1.1917340840200576,-2.2338156243363243,0.8416718161460011,1.1432598243939376,1.8992105847286684,-2.0144392769646364,0.9628403420181331,6.164716821986252,10.373896689597517
2.329114078451568,1.4071346509745353,0.03091590103320764,0.34866463584576984,0.7152058405317361,2.567455258905888,-0.364570385098457,1.4408602661440768,-2.6584152681380515,1.2256432232428338,1.1157177583333113,2.0400230536032473,-3.049884320758904,0.842980304009281,6.946161940177902,10.272479828007517
2.4893046179059906,1.8144217574450494,0.03696586432494196,0.47365054086037,0.807001935299176,3.2683472805811715,-0.39199152769520845,1.8971196130923917,-2.862164248135562,0.8645893427828938,1.2864111315527318,0.5019336000513289,-3.985996834537636,2.581680106724302,6.435110855684926,11.386161506184065
-0.03577097570182131,-2.3953609079860234,0.48309529795590794,0.039883291211289564,-5.240375466707084,-23.145777541710604,0.22415824803554774,3.987653807355946,2.1190295254050486,1.496123114914575,-0.5050384436160482,6.512876612183326,1.9554081280790272,-0.840636087818789,2.1176926304064887,1.0269961453077847
0.11399639877638183,-2.6032513269639264,0.42934236623044125,-0.04030203011794937,-5.1708703222624814,-22.97767647769085,0.21570610057314252,3.922093648039773,1.8740430123296874,1.6654513822542503,-0.5434619449088739,6.6054783895576845,1.781067419372189,-0.7474434352188061,2.886861172941203,0.4799351446495857
-0.44069155148288647,-1.8110194261083379,0.4608039575936274,0.03133608776237782,-5.0468638818068445,-23.107412141688673,-0.05984913756667309,3.649590414506073,2.3879605074313788,2.0472921265741655,-0.8845546443983137,6.056006130311172,2.0481701062557596,0.13217732909034643,2.744130901560188,0.050006918689624306
-0.07963221180555426,-1.8526151844629402,0.5495633132817843,0.054501435648029,-4.772596730390253,-21.28698839724956,0.23746910303303323,3.7578538191854793,1.5540525092395645,2.116979443378126,-0.6720631113158694,5.29698008493955,4.268741559300417,-1.0008328211181794,2.5182895473235596,0.47386117324605576
-0.024177898184551325,-1.8189862148132336,0.735263704183201,0.09427464611300565,-4.972912848335923,-22.572570990354752,0.21280316243693242,3.163623066099089,1.6605624090728042,1.5352183292387056,-0.6151400154999768,5.371565811434528,2.3105793665352587,-0.29934831402481815,2.422825584891136,-0.9796552984452186
-0.16401118402687523,-0.9248437781827525,0.5691524595978356,-0.07838831402175117,-4.9002193233724105,-22.756126615635427,0.07609878073844202,2.9753368709268977,2.2355741363853836,0.7890551055747397,-0.9260390705333557,4.222836011219149,1.6937380158572148,-1.8847588939148312,2.444449283157786,0.6578527982495722
-0.079359412044558,-2.8837225561107824,0.5645841049047495,-0.09316430200450118,-5.426678113102294,-21.982116741428925,0.21943011445676255,4.087601917881208,1.9045394242310432,1.8139922405281874,-0.5295314146756035,6.386876638518239,2.392279368960608,-0.8207743817140971,1.5697732250387006,0.7672393841227166
-0.17082064945281802,-1.9315919540623827,0.8295272676325018,-0.10328171607665698,-4.891966161734424,-22.906938249527496,-0.06693322401245479,3.8173320298887172,1.8460909687515819,1.6151556444509583,-0.7158679500318441,6.119438614015389,2.3485166186814896,0.21220584517562133,1.9616271570716253,0.5543872674613568
-0.0755297362140066,-2.6078309185976782,0.4851998148253186,0.1409630918524539,-5.5574679586012685,-23.09704472078996,0.18558084357751076,3.796554330950137,2.4189567506702923,1.7738185017138797,-0.613212774534089,5.516624336910124,2.026413077652764,-0.6603692784352847,2.7061959431606026,1.4521181934206595
-0.2152302718947176,-1.8429578534369357,0.7779328803432484,-0.08930836342878572,-5.184909735428655,-22.85051980358036,-0.01318708181567485,3.2299976405390765,1.6497676429950325,0.6248494938269727,-0.8135516321854667,4.2121015599227976,2.006361330348532,-2.211833897903019,2.0156376375026688,0.6785622255642666
-0.30546034744816547,-2.013410611874114,0.7987545380038209,-0.06013197602704154,-5.053176237336438,-22.511931734628043,0.24637291218775043,3.6361254319604486,1.9209954530609152,1.8145004766166286,-0.7406605243135708,6.2702118916802565,2.5254323693407543,-0.9741219008968521,2.0920205513477947,1.0599978771328853
-0.04066333409398805,-1.9916947245228414,0.6484912219966456,-0.034491136724982635,-4.700693286120464,-22.155696392406014,0.1694537182177105,3.378950697982297,0.9275925654570263,1.455094846690074,-0.49806074277966383,5.749493292612915,2.499660519819309,-0.3237103464528141,2.0701910713141154,-0.2327629080754315
-0.10109867301614311,-0.8291935272619978,0.7250204084812041,-0.17163704661928,-5.206281111982729,-22.260240856631807,0.04999677040920746,2.7671182210370904,1.7384678322924296,1.0365643434733312,-1.1073645027079622,4.591556704112018,2.3810015626513246,-1.7685326338119336,2.070924345048844,0.7436057862677068
-0.18326268594711984,-1.7316639933378124,0.4866049653209826,0.019231029782754802,-5.284412844154675,-22.42000404311569,0.20153000552114103,4.097822928467145,1.9431154933202395,1.8975899525280888,-0.6258293016410122,5.703744536244658,1.85023098367732,-0.7414625183722625,2.5196844139353685,0.09339503295867084
-0.16079049883414226,-1.8960506892080113,0.7099805296616009,-0.17243164289180019,-5.266082517623279,-23.783172822833997,0.22721931689915534,4.424141598176521,1.6548089144385114,2.1885508685614914,-0.7576305079907955,5.138798766494419,2.3230011521127705,-0.2068673321232198,2.779252881586241,0.32119619781842146
0.1465837688116204,-1.023178533077861,0.7243245865793626,-0.19381665247647714,-5.0185329694120835,-23.43671118834576,-0.09669435567564033,3.088143716555245,2.044579613868768,2.0102296036061214,-0.6556257121808208,5.474556376963195,1.8277229705339029,0.2592849612454108,2.2532275292584676,0.8137574880226357
-0.2940857596135852,-0.8735692442147215,0.9361613370816733,-0.3167797805766264,-5.270861458305271,-23.458146078879007,0.00903437133069388,3.6609694470653387,2.313964233749236,1.3466899171019908,-0.9144777237185437,4.321895043599691,2.5630566242912702,-2.130673930453408,2.1224454865611624,1.0377590003230923
0.12149960295941405,-0.908643956805114,0.6866329150401682,-0.06448784955249504,-5.644921221324243,-22.937000385365838,-0.13227867118828016,3.4503598157480195,2.3964248212349295,2.5068503572784833,-0.6023250819134216,6.1083566406990855,2.3484931440211363,0.16005539794856105,2.2784940630740795,0.08726993235262744
-0.18750347900150058,-1.7937595434593192,0.5088185408127806,-0.09655777772453916,-5.097395982467647,-22.001039419359685,0.2875964017938824,3.625284918537829,2.497995083733772,1.9256247198870406,-0.7609402371003913,5.625424850001234,2.0793699183004595,-0.8007502266129793,2.1297570322218036,0.9379207427489261
-0.260472053614639,-1.861549997123579,0.6146909356825055,0.013031640940656527,-4.55981798219091,-21.934348706143286,0.20055971775421247,3.183223506902384,1.5193836558150744,1.4105225784539557,-0.5250133403281989,5.005346439331654,2.5162188372008973,-0.13744031249110902,2.190058344254969,-0.6262058291752279
-0.22295109299011537,-0.9517349463473466,0.7229698782765775,-0.18509232881979534,-5.2729597506718315,-22.70778953069549,-0.13264632226464662,3.0684802293336646,2.1535149184688533,1.3394978496699284,-1.056916977493364,4.496100244401022,2.0854401908256897,-2.0828848415326795,1.9540752619855724,0.9155872225603476
-0.206360921976467,-0.9927614531169332,0.35485481323705365,-0.03436446019199955,-5.366269035375288,-1.130614494087795,0.2550386897698044,4.233302546622232,2.3917734858940047,3.446567624554271,-0.09718422684663303,7.716367079782919,5.6211443790607145,-1.024956238633643,2.569945035217329,-0.015305918873598164
-0.3756023749386273,0.06749216750537738,0.6330650458522141,0.13054286718865277,-5.202035036070524,-1.3682038921266795,0.003055727540204778,4.38113375583291,1.522101047677299,1.720332124616951,-0.5713677473105491,5.911399167870481,5.796242643810809,-1.7973484009293217,2.571669623689725,0.48556122303505717
-0.7086810362562536,-0.017786561878087637,0.35915635231758175,0.1962783815556512,-5.941185930733879,-2.482886713013984,0.013227650508284384,4.437952237193472,1.0982371483432751,1.9984335514263563,-0.5238717080674442,6.97365525150982,-8.886959447440692,-1.601742499001324,3.049408885130348,0.5490981122416749
-0.12250340624650327,-1.9332672539996756,0.5591073415431504,-0.07198752885653335,-4.980791033548846,-22.576216674422536,0.22376975781160097,3.1873432624911273,1.2782506042433284,2.2887507554755238,-0.444721118867436,5.013169594961879,1.9797834959290923,-0.223934536462029,1.913382392992266,-0.04818335833710942
-0.044428471848368865,-0.8697318787109103,0.5576210887001363,-0.11079409568857707,-5.430504518835495,-23.24426469730866,-0.08993100575530348,3.078583659539737,1.9332933416465925,1.4070367651155684,-0.8458862162005778,4.036079745135271,1.9016458382226604,-1.8519885017147173,2.234388642514551,0.9753466122321165
-0.2973620826057933,-0.7563769640962904,0.6026375389284999,-0.18377659869752788,-5.571589549391219,-23.013090197962086,-0.08715526872128257,3.0936143952502557,2.1074389914476006,2.028234514935758,-0.6657145373373449,6.362908237002477,1.6479958757230395,0.061252824353364606,2.877184498756193,0.011649526690443028
0.006826574690950131,-1.876176274294034,0.5457799650474143,-0.1010284007999967,-4.847097472544915,-22.691567374986285,0.2884163863865348,4.099661720892182,1.9945133310148966,1.9665786794989057,-0.6549071059261139,6.055229673862611,2.241314697902145,-0.7958482073050306,2.7371604593492425,-0.08901111047683931
-0.16319886680263648,-0.8446437657018737,0.5544400893070268,-0.19834992094081805,-5.866790628906612,-23.17994121453632,-0.04896984609092276,3.4946420755945153,1.9704226205439004,1.0768545563276855,-0.976532839606438,4.394039177066878,1.8861092864688642,-1.7534967318340207,2.5375717341325554,1.2405342796845944
-0.13857763835073775,-0.8366896928744391,0.8556629711766732,-0.021940401357287653,-5.5522506393421605,-22.535829387508105,-0.06872193424215463,2.900180393890167,2.618845751511865,2.0333480470602514,-0.7715470588572793,5.981944456336088,2.106582542859793,0.1393722961544993,2.389838573157788,0.339536010369736
-0.28506624781088125,-1.0775984848542914,0.47119976122475526,-0.010760731189550565,-5.880614335477353,-1.4505298525964225,0.2143863614077367,4.540943561995247,2.649931139250907,3.4186622790917767,-0.12417678949570563,7.90697562272288,-9.601154950692086,-0.9401265639482685,2.828704259854198,-0.31664470952997575
-0.1655521736820227,-1.0028534172941777,0.6033077880956699,-0.03051080858024481,-5.763787960367434,-1.5044514106065034,0.20354336366817968,4.2361172430790015,2.751111122708535,3.3333898005052474,-0.1207358048478295,7.551997949721368,-9.640413548693061,-0.06919550402128796,2.861766203446934,-0.47304498228585945
-0.3052795633667458,0.11424732454059011,0.6994099924595399,0.1575712406071837,-5.779027256092521,-1.4463574236047763,0.05689651377623282,4.465289898083855,1.199374062810093,1.5178294583670797,-0.3912294066483157,6.342472500830267,-9.346257355589266,-1.8027995263344299,2.7213235657910517,0.5501187326776176
-0.29670148775322974,-1.0649807327318315,0.8236473986672547,0.011490367425606163,-5.673491002060784,-1.2511857619571187,0.2212134240865706,3.6640024389531454,2.852009093454108,3.5548704526660346,-0.12031322179726946,8.073520266950132,-10.065195500467048,-1.045384125271657,2.9435213752463456,-0.04775186498121657
-0.10444799280106457,-2.511837493079443,0.6054461355747578,-0.03999885436690723,-5.5329026491940025,-23.108751685773647,0.1954595320982238,3.43889962811543,2.000990448972521,2.219083856338013,-0.7704450183343919,5.410535693584398,2.218410509454853,-0.10445755643750673,3.100126344017686,0.5724692160765018
0.17583887910346185,-2.6324583911335413,0.7511471291317913,0.05984614946600065,-4.828716887531801,-22.76054349850614,0.21189364618528625,3.6630891117796613,2.01557550032887,1.088429016499159,-0.7379968292030196,5.469201845211754,2.423977946325749,-0.42877464612821736,2.103863592932389,1.0142075497840224
-0.4890368000653492,-1.9418133050876976,0.6980948346517981,0.04749294621466347,-5.043562482303709,-21.739570947766847,0.20353403501592898,3.569603956201928,3.4890574163796644,2.0754269441561775,-0.533548073475773,5.941007550988657,3.7290817314271503,-0.7961998805054847,2.884881451333563,0.46505159784810723
-0.1797531364892295,-1.8010198816641545,0.66374281540482,0.01565778100899986,-4.827544735067795,-22.051725030302226,0.26805686775206894,3.8515238101081137,2.027080831686209,2.071987573068239,-0.7483363599584749,5.511928670907781,2.777662560152511,-0.3626300082808986,2.1188972797216845,0.2912031152488199
-0.22856309112999573,-0.8364158241201272,0.9507862777229554,-0.2509160452493236,-5.1048400197435795,-22.611289160881427,-0.06572193758313824,3.335077480926488,2.336333155238884,0.9517566332084437,-0.9882334277180879,4.003370479423554,2.6206697115959443,-1.6869206089413882,2.2367759816247657,0.9880724783887465
-0.03454388088523375,-0.8796407017644186,0.8795568051965286,-0.24569444850925334,-5.183570961133032,-23.17946437034011,-0.05346094868409753,2.9261724811718635,2.4952180801307167,1.9098572562823535,-0.6338679659177238,5.766641302908151,1.709463401274756,0.6411161814614511,2.695273768231583,-0.11722883060124409
0.03819134020743278,-2.3976666005432303,0.35058004856078556,0.04817021707905238,-5.466421453838313,-23.031309268430807,0.23472959252074363,3.8947297257113584,2.5736512325637744,1.6964453569113587,-0.5184275255112442,5.711031713723865,1.9043446744807688,-0.6540504446356982,2.5664977215587874,1.0279705207565955
0.12574490897326387,-1.9410496651511633,0.6652896942833905,-0.19480050176583827,-5.081104978473702,-24.158440617995957,-0.026350931353983482,3.4608119264442156,1.2375144915672527,0.836098997270048,-0.9313908664267316,4.9514052553805525,2.026070939359566,-2.46317575820355,2.702636410454288,0.7644524670073293
-0.21766844701945462,-1.9296337447340288,0.6841981008859971,-0.05327454471642481,-4.967027979033378,-22.861977208033508,0.24561970624886462,4.057321373551463,1.8195966107106463,1.6658401695129768,-0.5739602973222888,5.081132126271415,2.2539511416340248,-0.4696773741856836,2.1290005472507327,-0.5665045207783114
-0.1883766825171187,-0.797739427253216,0.6815813978345443,-0.25284071033975697,-5.542552105704942,-23.450481830855527,-0.026601064336175758,2.8599217172902995,2.27468784339074,1.1347248201405165,-1.1238643826047579,4.962041045062244,1.8776536210891008,-1.9250166336304195,1.943694527857005,1.277448998586818
-0.07539832199240727,-0.9031876482097437,0.7095917582703597,-0.29358142007545873,-5.578278309173807,-23.03848691268544,-0.038595603181165394,2.1047203458940307,2.0403683146576705,1.118327062003004,-1.1182088599263993,5.183037062400021,1.8516520879982663,-2.0297489666876687,2.35922486904865,1.339834754191184
-0.18046074634262688,-2.024369909153863,0.7116098411311398,-0.13781451792735597,-5.030242145166867,-22.204367635753314,0.259598333132764,3.746850153639913,2.4991138560853434,1.7527097024379763,-0.9076444317852731,5.601981750770123,2.797612485173081,-0.25840554444484115,2.03397753695321,0.3101823863772052
-0.1758837279295936,-0.9337673689294607,0.48311206060182277,-0.251112850820723,-5.73108978679683,-23.67338300193419,-0.08270646809351949,4.104889679489037,2.1299113292576513,1.907773294833838,-0.7639269801802387,6.428251080493829,2.5365314661382388,0.3505434329096071,2.563764980643056,0.7713530516388516
-0.553144071794581,-0.8945481156619111,0.5658510549012571,-0.07663053900996805,-5.376648870485836,-23.31223948708083,0.005644760963584509,3.599971784767617,2.038423255637521,1.3870679607357594,-1.0976287169730445,4.304146541593908,1.7876293424312024,-1.9068267251746736,2.0554166500074396,1.1099814821865872
-0.3774954785226536,-1.1866702633888153,0.44787100363057136,0.02683152696055678,-6.1527446859429284,-1.3291270713557795,0.27381637748517096,4.8298340895349785,2.407969173779091,3.5059941584678986,-0.13910960602077377,9.12671496098054,1.1402931381699943,-1.1240400204422578,2.359828176687161,0.031235152430212132
-0.4547400606560209,0.1411052307082962,0.5739362715510647,0.0996039316859875,-5.9742801202711995,-1.3274091998916124,0.12690114690425525,4.353018450602889,1.5143118368777613,1.7135875545085093,-0.6286368244836729,7.02553441907838,1.1428830712785323,-2.0892025378358863,2.442776922658027,1.192300957218123
-0.8435176691313585,0.04125050957252553,0.592566289993313,0.1554619868857942,-5.762049699085142,-1.22478292149802,0.00766358352700891,4.842713481648515,1.4535280884137223,2.703467771433295,-0.3202351809665563,8.5332019371499,1.1983480002085367,0.16114914297809194,2.350568069798871,0.30309214081646263
-0.5201670285025612,-0.7652656001840178,0.5845399479434517,0.019613930499220385,-5.881951168566633,-1.5195792231227585,0.21654973551755152,4.528235920522362,2.5454798422887297,3.2526356355460977,-0.1297728601725151,6.954555597007857,-9.834462060377312,-0.0764331380743533,3.361650139676407,-0.6340072846188751
-0.41393532494083074,0.07109852091036743,0.5990498297661541,0.19286392053402934,-6.039379482248797,-1.3500591865014282,0.00589726718142635,4.696588524188845,1.396693806198736,2.3396960909890483,-0.2647824122204138,7.657975814081109,-10.207563164718758,0.24062449870297384,3.334771206872538,0.052903628321054115
-0.15376184189567962,-1.9110387033244673,0.6082369434135037,-0.15881915461737658,-4.786985343662247,-22.688517303315695,0.2676210438624646,4.2035070672264165,1.9736364307599914,1.6378848842596636,-0.6319095591942703,6.064234035303117,2.5737539284457065,-0.6532578004784497,2.2932696043557175,0.634867340187853
-0.31176339690953825,-0.8888851256103563,0.6894636466178732,-0.17049104193660114,-5.358787654890835,-22.457993401311555,-0.13120148484129443,2.69279265842579,2.281267670387402,1.25149946541182,-1.0299511607578797,4.550098786536605,2.40241357940513,-1.6271977302183709,1.9850496140941982,0.9865472512176878
-0.06546526772784957,-1.7241945992548329,0.3880079396538591,0.06293839004325377,-5.1401891737706,-21.991912210633284,0.24719577876858673,3.88344223148531,3.2066449289427443,2.1210916595531164,-0.6788265596382165,5.487401015194132,3.4939281555742485,-0.6857100283637021,2.5638228232220275,0.14194816445543737
-0.02544368356035546,-0.9239472833965751,0.7610929731369641,-0.11682951100574167,-5.815194401667143,-22.677846135910908,-0.09745367385229727,3.2809690650501286,2.16794140451091,2.2076545465926953,-0.808678965168384,6.5439040390281,2.317356896382834,0.14313799397666832,2.532608029178034,0.6836153590554989
-0.15071450586679097,-0.9123926193931448,0.5247837653494597,-0.034538490276783324,-5.603619946118057,-1.6226978224497282,0.14139505061941857,4.147630304198091,2.7467397084949376,3.5465311474693784,-0.1608954661676348,7.805891334470982,-9.617976623529104,-1.063030276924061,2.806744353702913,-0.017611439330037608
-0.45156434167797366,0.15659610577020802,0.6713243222587432,0.15583894097067758,-6.194681329214947,-1.3514292863141744,0.14871781817761587,4.880194459456951,1.2268298345121242,2.847289985232055,-0.2980467368937098,7.608866650193306,-9.188740570663942,-0.07012730846810164,3.067972304835916,-0.2275318355948352
-0.448135491482913,-0.007125301646378842,0.6861033139138791,0.055180211627855795,-5.741103729376724,-1.293971360138307,0.10015551594396488,4.434002350075478,1.5947163533950222,2.7879950902309116,-0.129971672319186,8.583194823976607,-9.16532416775939,0.19255507533686853,2.7470295333595325,-0.5822752666881622
-0.23751508646908553,-2.0000863460684193,0.6587606446226132,0.02116288233843354,-4.890014532380428,-23.08898238691626,0.2292940452005713,3.680505377088673,1.7367005527215078,2.0912758571935504,-0.8054599639770265,5.051700429128792,2.095371480175915,0.279910918198526,2.1683393124309367,0.714932461734085
-0.0977188988290727,-0.7382497439402703,0.7353091902982759,-0.09699004347934816,-5.669254324497035,-23.70437061263941,-0.12848182799810695,3.5438930055963582,2.297909998440805,1.996371916517305,-0.670814907474987,6.340345409719429,1.9156447933083405,0.33121486624404023,2.4123911589889317,0.4811332062519701
-0.1455709484302593,-1.8378952217203712,0.5401488013495691,0.10940693234186628,-4.959006323873686,-23.365766362209573,0.27562396959254215,4.191484247234029,2.9635224134112557,1.9585181204753461,-0.5448119502260037,5.5061790500707755,2.9149201446617172,-0.7878493970512255,2.6356454010105237,0.5729482188291539
-0.039547524569866516,-0.8379919050917962,0.46996729950228444,-0.16569397036094802,-5.525257530805344,-23.171694766542096,-0.09345963111302509,3.0921908172527326,2.0579432279472236,1.5400857837767687,-0.963557740300583,4.401583059920309,1.6237033428647554,-2.1456386745297737,2.747319443361368,0.6465150757320227
0.1216897038618334,-0.7514202678571453,0.7936720121568069,-0.22074756873515414,-5.513127362675809,-22.915931431517933,-0.05505514214374122,3.7946145389397468,2.1408319998897296,1.983024405012528,-0.593085867034582,5.912859622428971,1.5483780694101006,0.1822579373248158,2.349315399735934,0.2743480532003258
-0.07407005747124404,-1.1227634509985023,0.7861719778012485,-0.03712809669598919,-5.722586296490084,-1.6814504946193192,0.24990114212719097,5.233259776338937,2.543833297276869,3.551492265148592,0.0132433377802372,7.752254718213653,-3.3809513293504727,-0.8473716901683562,2.9712363608703014,0.17207384432076134
-0.09164868672098955,-1.0656356941280731,0.8527254214584832,-0.07702719394924722,-5.525889828830259,-1.680727368182193,0.23791713149473093,3.697046158076886,3.0768024884444505,3.6532635121978823,-0.35056940949397775,7.793035692066575,-3.20608810386217,0.0460513230445018,2.5597798683575044,-0.35357625466957693
-0.480918471653014,0.13206523053658514,0.6241934309365847,0.02261126723761334,-5.472752032570853,-1.8541624574822686,0.02130147614330049,4.701370787035673,1.4863496237803873,1.773081144193809,-0.5647437071229021,6.3718857376904525,-3.1666371588266133,-1.533023676909506,2.688174692911407,0.6413511271675426
-0.26827468101649227,-1.1707003241389369,0.5925501544695969,0.03637857324754178,-5.77370837135349,-2.3459536307705564,0.23554710859370723,4.167392985271153,2.545813111218856,3.10342096681047,-0.2244128219376629,8.463522079167268,-9.21565221931537,-0.9619459043859193,3.0350121722821313,-0.48409654908776656
-0.55530728599336,0.17511205070217453,0.588969027790551,0.061627419009805055,-5.681855658279111,-2.3874235193990168,0.06264133701783907,4.22932468094149,1.5640095987217886,1.510787756316325,-0.6878897443270932,6.900373789201181,-9.063529996826311,-1.8372576188342642,3.130385526172196,0.2825644088496146
0.1370732747548419,-0.7706100182100195,0.7366544532434391,-0.19018244276971863,-5.4305965322841265,-23.31362220461449,-0.08827505901471447,3.620523248771671,1.7643731130405018,1.156831240770252,-1.0827614820913098,4.970225648783613,1.7737398642948823,-2.166961317575614,2.232376836864743,1.1214503423818385
0.10236877679134125,-0.9320265911823762,0.8913645307449625,-0.13540907726157472,-5.2642784501931965,-22.778065510342824,-0.06071287369743569,3.57527086878211,2.2816183078104317,1.63266497487668,-0.7504305326443474,5.893890545033696,1.6059431778810298,0.14603136769837372,2.6689103177482414,0.174484269951315
-0.34122479689617946,-1.1755675585695233,0.527943914389859,-0.011669084494002568,-6.0687653345750885,-2.309942137376716,0.2511080239179234,4.367358416531234,2.753794697287453,3.4392993737906994,-0.2958402087449405,8.45600182660545,-8.803178113882815,-1.0695646983158464,2.9117341178016107,-0.3591449980093168
-0.19953015880876546,-1.0519289954059448,0.6415062887811414,-0.017159359812115478,-5.996174111584901,-2.3037117977378267,0.22722812231079112,4.024845436425258,2.6939155638189978,3.2066539774512255,-0.22271442190557725,7.975632984329636,-8.68163976913349,-0.041460051196316766,2.8052612409517175,-0.6256923000396541
-0.6082540818161024,0.12109536692996842,0.5215080873208743,0.157874193211707,-5.534112962219496,-2.412734580284023,-0.009615117427330648,4.74165456241214,1.4592844612428064,1.374686344979952,-0.7832253928402594,7.068771183929716,-8.49381154437239,-1.8227132898358005,2.5542375510570894,0.8876364776055173
-0.4472829704275357,0.13247989558552695,0.5177923387401587,0.16354934270464588,-6.196533556263893,-2.37804698764657,-0.03816627273273957,4.199795653682805,1.5252771864905952,2.8854570369012658,-0.2428077759742738,8.65433541041147,-8.519273105468908,0.36400083537578254,2.9274791465761774,-0.1066014866636447
-0.10801724040601406,-1.0720597192324155,0.6407861373334499,0.06696959774762705,-5.754005199691707,-2.3307766446781657,0.24422154990211123,4.139818016812516,2.497943863057531,3.045760150986724,-0.26649869741251053,8.518865535659096,-9.138148384520862,-0.9755708057750019,2.8536616006769866,-0.6280571114048358
-0.3827098471000791,0.19929409861067937,0.58044808170277,0.01595311002190775,-5.732480040757606,-2.4152506725334875,0.061437789774189386,4.129342431700089,1.5121380804361158,1.5586276796740326,-0.6668664108406129,7.351101861921393,-8.87036086681485,-2.1450736463499873,2.7590762328486895,0.3378538887705653
-0.36808018961183997,0.002494632052257965,0.7106435196934423,0.04181388481582198,-5.676899821059157,-1.3467243123923738,0.05002706053728823,4.216398702744006,1.5551276664752516,3.0711534971470633,-0.1146657810502998,8.595658044964077,-9.197195700719565,0.2419804275085527,2.6410681329146035,-0.6097744855700682
-0.5834451358380418,0.15353505949567403,0.5605468854084611,0.09942143735662097,-6.205412369420753,6.693520835715034,0.26986429986606014,4.65940414132364,1.4254590595563252,2.7940324971045687,0.02447501183735789,9.080455779536317,-4.379239275107627,-0.5051331748797866,2.6377868277002126,0.46324168004499133
-0.5228823928646742,0.18399731854659826,0.47179622337214366,0.1609655692192803,-5.969184416662356,2.4902588223278674,0.22617718493565928,5.0442475190175085,1.3807708655730822,2.4364626543965042,-0.047390023552541086,8.145417135956388,-11.287525421571452,-0.8882999426752016,2.899192930240805,0.5547690854414056
-0.8138884786802036,1.034572330304732,0.32078878046455794,0.10769691876050415,-5.668717603062822,2.5494872802217334,0.10750809483478464,4.083806248425817,0.32253990777498526,1.4642866234922163,-0.35965230978606283,7.303173667940622,-11.22841498532208,-1.8414939428893267,2.711190123001735,1.691759367962989
-0.7426943117343083,1.12979407569766,0.4650813758047295,0.15538375949021482,-6.036094089113333,2.2338105374566903,0.07950776202511006,4.468934623188648,0.5654225454921831,2.532713230681141,-0.17967243210350445,8.713280746351929,-11.61153959150859,-0.33617848901574815,2.6078804227635257,0.42898759649321455
-0.37430539844611954,-1.0719069654371123,0.5159482285873964,-0.00529481802290922,-5.516201324917377,-1.576476751455416,0.22279912116440612,4.3657886547519205,2.785416140713186,3.072470490852682,-0.17945807145908466,8.132422911838939,-10.159230162517169,-1.0510587629664998,2.8679536586416257,-0.3538049678623212
-0.40780072745308327,-1.07078515998895,0.5802640620441333,-0.055343756733694634,-5.769209386724746,-1.5958149990340071,0.2260726007490108,4.264933445036101,2.8487315281314456,3.4885151426792325,-0.19723733505614438,7.524561549662767,-9.998583320881414,-0.25808865382273954,2.8675241205614688,-0.34611672378672936
-0.5676468049207077,0.12443258927871141,0.5836997108546396,0.17285252693080141,-6.042576934136237,-1.461658281839142,0.08026665131933991,4.9515748504785195,1.426024904007868,1.3050103759970517,-0.7575095024161472,6.493090325944745,-10.096828367888635,-1.7356178202998516,2.92691808650208,0.6824859267048694
-0.5032461257368948,0.21919946335135806,0.6147237856110834,0.15692754939508913,-6.136885621517314,-1.3359324996247885,0.12776371553540206,5.094407381490494,1.3737241799741366,2.5621380157638343,-0.2803505320738378,7.76860951386299,-10.059457005224656,0.020211903995213287,3.0484385738323128,-0.3578287615183703
-0.2534147856466005,-1.1431736701512707,0.7240950723448767,0.05579978715038562,-5.988436332270502,-2.328179300498838,0.2245152761812014,4.356333070452249,3.1417202990406663,3.4003332194664213,-0.20142698534764325,7.967818163663151,-9.121613569934853,-0.9677618426363919,2.949156434151344,-0.6028982489213811
-0.356645030893308,0.08957101571590934,0.5313586687898881,0.1888884800653905,-5.71024723078683,-2.416745362299184,0.06004760077867369,4.689378944175318,1.3068138298358143,1.6834112480934709,-0.7267945112138988,6.732055130793712,-8.980515859719908,-2.0204667990192147,2.8458679999733976,0.6644316832735981
-0.6986239747652631,0.12638148957615106,0.7976398425288495,0.19540559485927267,-5.486473197467547,3.7196312868973864,0.20261765067644094,4.495496904250117,1.5456034350903165,2.352611963645904,-0.02755957104952511,7.212051114512297,-16.517611205227283,-0.9101896961132686,2.418791671050479,-0.04355705101136094
-0.7077924927671749,-0.02834915765561181,0.5283053162617144,0.14791352937681018,-5.407135511997156,3.7107627666648484,0.193609276682992,4.641401642848233,0.7046522452201072,2.812353035588438,-0.2340549913278472,6.970534149486533,-16.34331434869549,-0.12111137224299243,2.359455617624646,-0.2732074936355933
-0.946076938779093,0.7072361574973913,0.6190463452003896,0.2191539628890654,-5.962947152121304,3.7114269098273556,-0.00169617505123257,4.019417587705209,-0.5360069967166834,2.4300854492746486,-0.2556484579800936,8.115147687498789,-17.133909930103147,-0.007472334189961493,2.597070666693772,0.09333918283910843
-0.48701232509997966,0.1585120043226829,0.4506011711594959,0.15445549848799917,-6.015020500824789,2.5479321048481696,0.2602698851718256,5.137500165060782,1.2993720529891242,2.7259515223454986,0.031109962346497908,8.123567053647713,-11.264376074126924,-0.887063053905964,2.5772042222792906,0.4657694229995833
-0.6047133081437399,1.0455252813575986,0.3662539917260099,0.14223174640870068,-5.9398313115526316,2.3013017887110663,0.04268783333152542,4.406736567244555,0.4218879319932313,2.348789359283189,-0.16128935468258954,8.660338597133443,-11.368615468941242,-0.30322182615194465,2.6969749399889262,0.4195609942634666
-0.11774586541112511,-1.8713704405144869,0.6880238107177039,0.06952455079670011,-4.854742356893297,-22.867257722883956,0.19499838620424273,3.9819375444244356,1.5129689030809095,1.8931844964471531,-0.4298398001407815,5.543142695638352,2.291151169916382,-1.0500601064813475,1.8863912479163067,-0.2709793830955558
-0.14086121863320783,-1.9685177482376648,0.6200059203448866,-0.02772298897554442,-5.0471437205892675,-22.338570816390686,0.19606720814667625,3.7950508508495986,1.4558972441790003,1.6089312173138213,-0.6608085534556302,5.73911005204233,2.4336450283731494,-0.35879136190912664,1.9941621525250377,-1.003517605340341
-0.23612802981992703,-0.8427650851047754,0.6336851684660457,-0.1496719353683288,-5.315605004406844,-22.8576000845321,-0.02016720067927008,3.0238891554732494,2.2691335272310917,2.498935819157167,-0.6587728386888825,5.6639255582625045,1.8189400078766043,0.31760319940625503,2.1098529573325076,0.2504228853845853
0.31444167615473256,-2.006402019630885,0.4946839677726384,-0.019108073088961505,-5.172452193892251,-21.118244045945815,0.25444681395621355,3.7529473693242767,1.895504836566436,1.6323269925851684,-0.6816018685205681,5.689400848880109,2.987759006105043,-1.1772114826793163,1.7969728949550388,0.5146232886037325
-0.2179550770088875,-0.8606510644824399,0.7161995439713351,-0.1335206797836968,-5.361849542330638,-22.672232858656592,0.024263985784724378,2.7790232949644946,1.9015040515105548,1.0413934571925687,-0.9792095113707084,4.227324335041456,2.427484226660871,-2.045954558245779,2.2310649467591817,1.5830230717348555
0.052831951706942056,-0.7365422771468003,0.662440374955845,-0.07405801174944893,-5.163717477464971,-22.760112762609513,-0.030776252795476727,3.050125310216487,1.6134450280374535,1.6615756405508924,-0.6514424653920968,5.9653279827895345,2.6089189369386188,0.512654337397699,2.206890040231869,0.5437460201941237
-0.11827699824174247,-1.091467425350953,0.5336075459696198,-0.031233262165138984,-5.7756363882979675,-1.934323162973548,0.23819870836784446,3.8800106834632655,2.6543456965538987,3.5632084391908725,-0.32187680537812396,8.00986300691155,-5.3683296794851,0.00029880444146683044,2.848653610283819,-0.3515989004803509
-0.3393385889331497,0.09312480237583334,0.6078983215686553,0.14834289973974274,-6.052484690658207,-1.9681090105126302,0.02712054417406513,4.874442153991822,1.317890227992088,1.784172115694111,-0.6017865338446575,6.361948036748915,-5.3591375892764574,-1.4930219336157506,2.6372961651735625,1.258345268231506
-0.4794099542147791,0.014561519713451787,0.5531889310140786,0.14276140814476343,-5.82994042277305,-1.9970580114734668,0.009208154270425444,5.090096014916278,1.3539284019246702,2.4520306299074246,-0.29315103487453126,8.569273578002273,-5.431460957335308,0.29139969034213575,2.8379804669398196,0.35402825615679234
-0.3614332921213161,-1.0928392084203662,0.4335093102554482,0.07208659111398012,-5.96264080688854,-2.3065538032498827,0.17351829632123328,4.4709562265756535,2.5852413768718643,3.411567435874292,-0.32044646421478457,8.417901219933757,-8.737448514022555,-1.004575444245711,2.9212557164579636,-0.26890357724608244
-0.3212278818773725,-2.062664963436933,0.6785457189225903,-0.06553856140313048,-4.974754220935827,-21.14110599753276,0.2584911410346008,3.7269327799212957,1.933398952972454,1.978465984784377,-0.601698587841044,6.152767946969408,2.884279343105542,-0.9829918810293697,2.4795284368898725,-0.013306435512611644
-0.5913522474629183,-2.0709956162503613,0.6499245637161659,-0.11444084452030573,-5.178205971753226,-21.771547661279644,0.22175384255964276,3.995396821790374,2.178225129864916,2.0361711983556545,-0.8567857063145685,5.814540372204657,2.9693652233410015,-0.23346561167773333,2.406035972001652,0.17211268872115756
0.07859789405018085,-0.8023607574921718,1.050851056092729,-0.2672413189504297,-5.613722558000128,-22.250806249721595,-0.09173405758369105,3.1854736597503557,2.2179772683307535,0.764590106749131,-1.108238889526964,5.184400162616743,2.536611775051832,-2.3593409025313643,2.57948874411406,0.90119248694096
-0.4817269504705909,-0.9094497076616,0.5140585441800453,-0.22035230313551907,-5.51794370215262,-21.611986363737692,0.009293255992854695,3.262684363174252,1.3782424128580215,1.5368627460682764,-1.0012274776529517,4.289344428179398,3.6566380776849883,-1.9539059917492176,2.4459197719469667,0.9766769953208667
-0.17893403341302944,-0.8666107262226287,0.6907909456916776,-0.3280297852471312,-5.639195482560044,-21.744153589986578,-0.11347468286814794,3.7301246565546218,1.1518579345323765,1.9734309159135455,-0.6419641816824052,6.722889315703882,3.81531802379922,0.2668333293617857,2.1168750927740856,0.7344381088419664
-0.121840311622868,-1.1669997144465645,0.48355882622534413,-0.09689019186173856,-5.665111854506348,-1.931831658549607,0.2707673382821184,4.616097631720207,2.5246509584573404,3.296086609057306,-0.2232485901042817,8.178391940137525,-5.58529295732174,-1.013624930152049,2.8379874795453315,0.32890571250021494
-0.3796962485824866,-1.1415806451342847,0.6753970325855382,-0.04529406043638781,-5.605790913647661,-2.0055375242531293,0.23344107235160966,4.043765944308291,2.6196582318227737,3.4093106380471343,-0.17381710843772946,7.739420502086479,-5.453361036280791,-0.04711956215781757,2.71515481844979,0.1514927320880813
-0.21014564164727917,0.04495063825324164,0.6144818670842795,0.13731871521969635,-5.655036578353495,-1.9908551251807556,0.05862758395199907,4.491777289280358,1.4199143368868776,1.7234926296087607,-0.6828718791253245,6.606499372578538,-5.392221699089123,-1.9694462654789293,2.861637470451495,1.238579474409111
-0.5277928044081975,-1.1211580887581998,0.3857022561286578,-0.08937216099786231,-5.507095534220182,-1.736618575101719,0.2539999034926296,4.681810500372821,2.523117792098783,3.7264108639908953,-0.08071676370943855,8.380608124563626,-3.369042494477704,-1.0099900086532967,2.463328975346561,0.07276442986664658
-0.39367842104130707,-1.0469469019373254,0.8055195377180353,-0.005877457989379989,-5.91134950124876,-1.722937894693265,0.22520069415432692,4.564111684743936,2.8040980373118076,3.658918356947601,-0.2617032288207363,7.847214953640788,-3.2566243902407592,-0.07375107296742514,2.3843142687038834,-0.051049608976890565
-0.5958986076386648,0.09018904449852799,0.6598200210214903,0.01930381620613275,-6.2942482399443005,-1.7544833608673267,0.03750820210265638,5.155657172508537,1.4421537628487375,2.8835504618988668,-0.14744228518816274,8.307024791005999,-3.1165421393933546,0.41080088079410293,2.923305394001305,-0.28981741897482427
-0.5486324856448918,-0.9466751836423064,0.43248804358098014,0.05337011926667774,-6.169912300532684,-1.396710995903859,0.1838301246389748,4.697416032437701,2.490162994073704,3.4923491920965026,-0.08642435520670075,8.12682334183436,-9.855570273675648,-1.03989864427348,2.880177582707101,0.031337128196532435
-0.6040001246347383,-0.976464479615912,0.6527668701584141,-0.013439045286660038,-5.793134331291231,-1.405484685243418,0.24858061740733672,4.707192188455411,2.7596565462417595,3.140463834498001,-0.21232140301245572,7.618662981449318,-9.591485825559747,0.1342797290355569,2.8687238005142044,-0.7633088122693202
-0.388300230403198,0.17446923711098472,0.6564592926536376,0.025653123675535072,-5.8708624181588345,-1.4051372133481006,0.014547470197081773,4.64127092475444,1.4432571023938559,1.5981267096383966,-0.6143917614538223,6.565079111603398,-9.542320310480271,-1.9526504759890382,2.9534317292439902,0.16707243037037559
-0.5738291928119332,0.2039160418373844,0.685493765545388,0.029668848317737685,-6.28359571632029,-1.3464145905201632,0.10126787108431264,4.891188653218404,1.3882403115816413,2.500282219398767,-0.18564546073569618,8.289538952179253,-9.335830302663537,-0.11241066093316003,3.0811568605651454,-0.6393966236623627
-0.3034552886042125,0.9681989523200514,0.32926939295977325,0.09835215626439729,-6.105448491751195,6.607754320772032,0.12730989634556072,4.556820710378389,0.6906177820637047,1.4544669280921425,-0.4774178524144618,6.6580803218139355,-3.946974569070463,-1.1826456932837806,2.2902699824968966,0.7392463315067194
-0.9900820023436097,0.10661576109069101,0.559812212249885,0.21929271766295041,-5.525481263026285,3.693291351472958,0.17882325337082136,4.213894800094888,0.4691403409503401,2.8450380445482835,-0.12370130062258493,7.6387339210677885,-16.45916231177375,-0.787178943660731,2.407288968055198,-0.14331289733573804
-0.6492497747205195,0.7674484734892422,0.5905794304075338,0.17536452065346134,-5.279851448148451,3.8989974261789273,0.02375847752857929,3.8904797411951395,-0.4634919345205032,1.7715709046619599,-0.34389402326134333,6.6837939111428755,-16.66728587451888,-1.5911038494072853,2.223799989830703,0.4486313339996269
-1.0187833570477869,1.0377745991324385,0.7154715376663952,0.19522864039490626,-5.692277762604257,3.698664188407982,-0.024234083658705267,4.135980259020502,0.18156337212926393,2.0673467055419463,-0.167543217364039,8.013046585397136,-16.963959110870338,-0.0643087952335672,2.4058341985270384,-0.06450648544542482
-0.28707347756500046,-1.1920196367749787,0.41374393071358395,-0.018219936892934167,-6.112863649544305,-1.2368218846954402,0.2038131226201853,4.84096872086916,2.703497674508641,3.5517505896495036,-0.15272632434591632,8.527841836213913,1.1449184515215458,-1.006723139928033,2.2949941270065812,0.16612022909646224
-0.24714470879050549,-1.0388565485992782,0.6965990953457857,0.006062085537550032,-5.517873002581608,-1.1849269897860168,0.24168737772107107,4.625040054840968,2.5690006538787857,2.9509773759692903,-0.06724774467572577,7.360978852943207,5.596838835422261,-0.9550534698988004,2.999375694077462,0.16369328161980903
-0.26507490009907586,-0.8128656051418901,0.6073188875221341,-0.01187775283679331,-5.364993030491672,-1.1712330497925487,0.21297546286508456,4.219118509436647,2.3309745625195393,2.9978226830865413,-0.2705865349601949,7.071297749561565,5.904597113345205,0.21236248612062364,2.7481310453061014,-0.5039255785830322
-0.4232832891332608,0.13590172837426243,0.6721999299141267,0.13230710394059658,-5.171328517564884,-1.237529705280438,0.05686849195882668,4.437837327456722,1.411089178533604,1.7639325102753938,-0.6003592155172179,5.790797097478062,5.568129375539718,-2.016469766526172,2.547883133123319,0.8400625606713195
-0.520192608584805,1.244648338202853,0.49925253914669177,0.17069952952372835,-6.262362214084093,6.252767169222236,0.053014365863054816,4.2600459713543914,0.4604444230582251,2.1674742931723596,-0.2748482809613144,8.311510893334324,-4.625652089582213,0.007210165661060852,2.868037642347316,0.17413493081430628
-0.34697399387236966,0.11681800991917654,0.4742082876752443,0.13405325214006017,-5.897741238203519,6.72751088395746,0.23214122914305574,4.424476140209783,1.4137474841171254,2.7367083183791645,-0.00765693362879869,8.65668823810667,-4.369670910922655,-0.31261290943250036,2.619184752103252,0.5876329500079155
-0.5298378279181196,0.8830250669444601,0.48617947479242357,0.16266396647381268,-6.048560578277004,7.006780124443893,0.09917376842660162,4.253957838169298,0.5138833030133196,1.9947107815959801,-0.4712198848647527,7.389846374593985,-4.258261647731688,-0.8828977098321381,2.4517274496971315,1.7818228117587673
2.6545190041102464,1.8770523589874306,0.02276666365067192,0.502543629851192,0.6898885671528987,-0.989068749531483,0.1532679804116484,1.8920354759215066,-2.4567718626864568,0.6377410309699673,1.4304752599162367,1.3232076573769243,0.8252771579362448,0.7572449466238425,5.425902666602284,11.843436563665671
-0.5178197774235165,0.9078020897464204,0.3721601676841575,0.09618201455411901,-6.174569721529649,6.541559021681855,0.02076441683162266,4.432060661942699,0.5834792723627765,2.37732646436609,-0.4024091792171819,9.492771628043304,-3.9457373811053102,0.7024024053951727,2.6399831150236235,0.8164035761866254
0.8058144392023486,-3.296085689195743,-0.531545517383143,-0.5484928712006657,3.6080503254930187,-0.967827658994744,-0.3547861244936168,1.3364119129056733,1.4503830568691085,1.2254284926947827,-0.44461394224440015,0.8352426938153804,4.530417388850202,2.89727356679365,1.0206319541993243,1.8328018949367113
0.043564678743481446,-2.4272241329991564,-0.24299764704704288,0.318286782503128,-0.2882504332549872,-1.02072221194456,1.0517441514159243,1.8916687513235957,1.0840491586029535,0.7749381983497492,1.1828273665936044,-4.7179600291711585,3.5682938811071208,2.0264611532712977,4.057778733563921,0.5424997082017365
-2.4429030952442754,-5.978260174058067,-0.570711958674093,0.5823800694829161,-5.726184676643384,6.072241140834291,0.0656551538830005,4.488802250540504,4.883061560103513,3.6833804247354474,-1.4502255726822963,6.711013870472709,-4.418722206294459,0.5076759389811196,2.557051255388806,3.092103206803013
-2.118055559328447,-3.993108119173907,-0.30017069016769543,0.3887525447883339,-0.1131217915782085,5.9054542599886,0.16822016419718686,6.504454333645058,0.8196727703354166,5.825434568218886,0.3578094320287932,1.4898542048738648,-5.031863516800104,1.11309142931087,2.6114098420839293,4.324364913716914
-7.274483319145005,-0.6360779969797784,0.7151684136074035,0.03426524019582855,-3.1748309616148855,6.489521671183175,-0.013491577438622112,5.642775570615465,0.6126450678743426,2.459901305440814,1.2683881711860492,10.158765853604303,-3.7874740735364623,1.5490972417694673,4.539824097080157,1.7738570821751691
-5.953500208378305,-2.3243325353867457,0.19167643081893473,-0.17998806950201507,-3.9782962203013015,-0.9477166012041263,0.20643438263982533,8.99229265354822,2.6096950921295208,1.0153994819621244,-1.4760604844490692,5.757185223629699,4.044832090317581,1.4776136377158882,3.0759440991212617,9.881241599977015
-3.7545007635836174,-1.6252533286434276,0.4543580090900267,0.02896071804345901,-3.4160689789516243,-1.2469111467078327,0.01384465503692572,4.358160553315654,2.3794429457187647,4.3357072495011,-0.2802909802508855,2.9058699057847264,1.1607115226686002,0.5283061810663597,5.390446036867796,1.9414296806942053
-7.028813837553528,-2.5608408227376644,-0.3251398470252749,0.3488371492878846,-4.732880222117219,5.926373740532125,0.09415076028555637,6.955157198203728,1.2142465087908008,6.037774664633597,0.10375336021689383,7.351243829776534,-4.451618940231312,2.037881877026521,4.114519900448621,2.338340514942073
3.742565196703576,-0.4633596608672905,0.1860819318406284,0.568990394353866,4.936748464968057,2.2369644362727805,-0.28588079502930275,5.542600841517871,-4.239323283979048,2.011094370840738,0.8948465819175663,-10.11989183479827,-1.4444784403596231,1.08998905776379,6.3620393544795615,11.178094754132754
-4.673256002356298,-3.8482996145809687,0.2982395124485101,-0.33330675396032167,-4.224722059606342,-1.449495656942328,0.25381428284322266,8.236001236699831,4.70898836075825,2.3508871529685953,0.2065439878857382,4.295238846109481,1.0895988775168854,1.0580696812135477,4.0475170332491395,4.603284351355435
-3.1945786665746323,-3.8587083144069956,-0.36116492076652734,-0.4170353955874839,-4.173434912887092,-1.1806102914288634,0.34377351785575355,3.769030804920632,0.9913500330920021,5.139419033665519,-0.5510134093634161,3.6346097733862703,1.4852049170807,1.797515454503397,2.542356481688408,2.56909140093252
-6.658643145765798,-5.793690397163582,-1.3281359003856388,0.5689286666493863,-3.3406510348729794,6.492511922614958,-1.125434454887485,8.563121464322013,1.9731076076574006,3.999523711584509,1.3674937308048836,2.265941009304486,-3.996239215875355,0.041989205613422134,3.1956813649926326,3.6155034556481978
1.9198387579706813,1.245007892644654,0.020708599501910462,-0.20148659305274375,2.884315632924437,-0.8315921681287389,0.177442957125604,3.2554236282273195,-1.6331162130964607,6.706806469410659,-0.9461956988212961,-2.230299005303532,0.6875531354658303,0.3959042181037363,3.1174879559623068,13.024572175579145
1.7281700992981588,0.5353097135672971,-0.01730863981693993,-0.02717286370197899,-0.17815906614686075,-0.9813488566515343,0.05096443195641023,2.4789341433582206,-0.7693668366844462,2.991366030888011,1.8313660536060732,-1.2216376685090362,0.6129734658636156,1.1726851968243721,2.6582058565169575,12.47465936090301
2.296062329689662,2.1606271580917142,0.08212223850066494,0.36909634230782573,-0.12931064829975417,5.7796335366666325,0.07060944402217852,2.8180224785028636,-0.44278068696831674,4.164568813233326,-0.12883046605934675,0.061114022297164006,-3.6928966630108198,0.6286578982174399,3.1775447830955184,6.275794280681837
2.27482670138008,2.373350462243581,0.19708057786027666,0.5488789857104417,5.891917650638146,5.3423152080768865,-0.2637967077574379,4.45195151815897,-3.1308891276592243,1.861301180803527,0.1678452465500064,-6.148681126214255,-3.222616513873993,1.942024437505752,2.8055594404328152,3.5068293996471906
-1.9917724296600405,-1.7973467675322516,0.46134246231118914,0.10384246632580989,-3.258107150636148,6.804836532567938,0.023575567682584085,5.574290009236585,1.8769491371132128,4.0244012988358735,1.496099501444182,2.2772421265803278,-3.5001287191084134,0.6089959232856827,4.966333523619066,4.221844202389321
1.6861924397697055,-0.5768836081425354,0.18715443021555717,-0.17800649589176012,-0.8143726500943308,-0.9262886415806907,0.2420025659961004,3.843173034672936,-0.775331780948986,5.048336730159819,0.3282734203897411,2.3419194107291608,2.0439953436106455,1.4422574805120623,4.432842639704545,7.80759280749162
1.6733689350411292,-0.35050825577229217,-0.044413625590504026,0.5143142686132341,-0.011345368156829908,-0.7652054027399668,0.08612330965821874,2.732867516436303,1.3510280719225605,2.8243076201975343,-0.3499641750057537,-0.4590502780377862,3.331015910730387,0.5333565187156198,4.919877448350193,8.139092841460059
-1.1579339469547079,-0.39395423717300054,0.21394578270249417,0.5729032695293431,-0.00687626329312773,3.9624785272628062,0.09346802634000806,5.027067816591707,0.2604276177485784,3.9159500753084826,-0.37921753819989185,2.7290333450138577,-2.8430476531065847,1.7285866268719547,4.454325308511654,11.485367270074786
1.7467368594345944,2.0193297248855235,0.23314774199109525,0.055096973326057785,-3.1297653890363866,3.8709148594215503,0.12994854935010255,3.4456409859011576,0.06507843673819114,3.247510163328299,0.5508388657461227,7.006697538398205,-3.3791991766691205,2.7884820968024426,3.502442356884479,12.418093594534632
0.3462708175405861,-1.2969726198703677,0.18496073109904926,-0.42655098984638834,0.019179815957322464,4.325598749408187,0.17784267812470553,4.982778503156578,0.7805919510573145,2.6070350307875003,0.03194648848753465,-2.535170335443691,-3.5999492732711764,1.5287031962995739,5.721903081219023,9.260046357551898
0.8552720870890969,-1.7353688326540098,-0.3218551744967701,-0.15442402478804168,-0.09223143593966986,3.0509975581656525,0.15969251580039703,2.339534091929594,0.081648062244911,4.402725404540698,-0.9715915440271298,-1.0367271440125378,-2.4103126709792604,1.9043912861458958,1.2882974614500995,12.164330939982088
1.8508328137726835,1.6889848810161145,0.25913156764581796,0.45143920379256136,-0.0554311993072431,2.8092767881701377,0.19502959675590273,2.774728117896245,-3.525927783006801,6.976898139333972,-0.15361956550242958,1.6877336457259957,-3.3756462363544846,-1.3480294466242195,3.0280036559905854,12.73912000051141
1.5801943978407267,-0.21709203244559447,0.2577893426436936,0.8964643995370717,-3.4785946435481323,6.047803309075846,0.6883159188355005,4.2667096935989495,-3.9215979738670095,-0.9008466430746481,0.30778406259479607,4.705088312424796,-4.587162121314323,0.17792871906359967,5.172784877754749,0.7485355238309912
-2.8081587334970646,-0.5834309081045593,0.15826753628967952,0.31425301387161025,-3.2658791587849065,3.172537154018879,0.25236441601812837,4.281948313434918,1.1590080892220915,3.6660229580675945,0.23537146204306372,3.265656635971119,-2.552310558872453,2.1045088830130796,4.977784004361679,7.012020800546588
2.141202676878931,0.7372416960611787,0.3050011573725692,-0.7931534197994822,4.132759676095096,-0.8668287768053505,-0.13052169340848968,3.3630060742503645,-0.45240450416008593,3.3238904839344316,0.4972178849577908,-6.779531533905616,0.7133516250045508,1.1266457106030237,4.468655214099524,8.701843196479604
1.0394295403907696,-2.729147903675524,-0.07305590573822449,1.3437164577965939,-4.782039085333547,-0.9213414502801989,0.2705689942327639,5.053038035875806,0.748697617123213,4.458148741657535,2.507073413672546,4.8529532763610295,1.052820875650893,1.472404089237253,3.882340874549002,6.065895947895944
2.9097590111996974,2.024469367289294,-0.09866009379799208,0.20496010220299193,3.148805534919103,-0.8345435768800472,0.10537275709708557,5.277474038537592,-2.798175893140335,6.249091895047576,1.0936262440557276,-4.8807013660917695,0.5495826403001942,1.449741245026389,2.1873766048327097,8.645764278837168
0.1308201342901833,-1.4041495821879557,0.27594444696915565,0.3906511871423574,2.7621113998194535,-0.8711129286972186,-0.19101632938782356,4.52624644782394,1.3797092685811223,2.2816957663170374,-0.3646818065612261,1.9140311552047107,0.7082353640086955,1.2215856314357374,4.008067285542688,9.640594777845466
-4.524688201035994,-0.24901505037707608,0.7386862101578932,0.07307465865160338,-0.23192614611013188,-0.9839504554339993,0.009359748358527339,1.8548259216339018,-0.9436343964004574,3.4729732979598142,0.790819579277498,-2.698912670569494,1.199264080320873,1.8602658093770343,4.022489320001255,3.8436473262999207
1.2269647731656832,-1.6146494358529646,-0.2835708481073379,1.2266388582661747,-3.983834430843591,-1.0153616824448104,0.1519782443642611,4.023951239479085,0.5318957162859538,4.940395894793173,2.2000656835356107,6.199317293226719,4.648429022070021,1.8520672022122886,3.9414501486383386,3.462470399953425
-3.444395331154578,0.09865051140185974,0.06868998834614957,0.539482600217064,-4.040358016652677,6.339594360815982,0.5337823349153621,6.5533161023076,0.2348055395322535,1.3923031032333784,0.41818996604780395,12.735459105439793,-3.892670638911736,3.1119311623970662,4.4367304908546314,3.4400155255380085
-3.1877295022891676,0.009542736139225738,0.5352450631608564,0.5511213399569199,-2.0380988828216986,5.672486544748145,0.4413692235847311,3.86481462251395,0.4084175012682876,3.592904201871483,0.642056963451206,3.205951840470235,-4.087594564818156,3.704282314782342,2.96424493294706,5.451319750856686
0.35568259856353257,-0.46846195131656737,-0.24928363304585208,0.02973076879667748,-4.21428317353502,3.5048375109930836,-2.441261293130616,4.144075389191584,-0.7684443560789035,3.237687919338543,-0.7173113875421112,0.2007938638155658,-3.197240779601174,1.5834844021275638,3.4427089935485276,10.274353603956056
1.2667140782624486,1.0783485075403005,-1.1098425196815904,0.11205554129431654,-0.5094849280693258,6.211364811552065,0.21547254707415925,4.58141236595266,-1.7690642866765462,6.513539379417898,0.058196095082908586,4.382668953319391,-4.269870243600105,2.5334806455795964,4.93155523125672,4.161334904587517
1.64412615977476,-1.4805309035989143,0.20403228115538727,0.09879614664241707,-4.654289910603936,-0.900738663880775,0.34947861295317656,4.436283732845137,0.20183404524375922,4.847473754543812,1.0971454357051604,1.2247452389212947,0.9118480298332872,-0.7183789623379705,4.531624245119591,11.679900132812557
1.5222299642066168,-0.3147110742926601,-0.24546398369471217,0.0954861198970851,-0.027133195332562168,6.606697616469115,0.2842018873902662,4.828085827569167,1.1731709869913762,3.1902442388328307,-0.07800285200865839,1.9084505580539504,-4.535553218756357,1.5710829546302558,4.849315349036207,3.1844938016055777
-3.4388721023779367,-1.3202414356401808,-0.8960560737860704,0.24940489076512598,-2.6508690999235656,6.437222047537564,-0.02342394944280309,7.875259851177843,1.4388103382751964,5.790782455428346,2.2009173059736686,2.566947483974198,-4.0235007435015095,4.220961662205867,3.1888944247787196,1.0204691006901363
-3.948412476073174,-6.105654956761591,-0.19109644713377003,-0.31639943929513287,-5.337660088921584,5.076172337332428,-1.0430406344346699,3.4072057443584,1.3230198876739787,6.158692786941617,-0.2162840521032918,7.680223625697194,-4.402389263677334,0.6882607580094284,2.1893810304893804,2.2408151211323366
0.7494493936275439,0.807961048012988,0.457166770920157,-0.09442569151738066,3.0595794206360973,6.595599437682578,-0.626844171975429,4.741238247960806,-0.6083949262425306,4.89817102919612,-0.48257393965466505,-0.4206048226148508,-4.357231421670954,3.2023352329234287,3.3900600854953127,8.427358982642495
1.6598290902798376,-1.5595051833456381,-0.30932476820548344,0.34778093605364374,-0.4766315123712023,-1.2845997511222962,-0.007447301301795051,6.741848536161086,1.6832401394744716,4.398633156506965,-0.6292234730919206,1.7660783778044082,1.3179867804360892,0.7622373128334682,5.297113353331883,4.053751497847339
-0.8862067472950241,-2.3660464788246904,-0.3481835172673063,1.0023506813701242,-3.0985321802739048,5.83547830806665,0.08619362560535429,2.842369932344184,0.5228653652568657,-0.10982389630377293,0.5597261346081889,4.061275203560789,-4.707015352021825,3.28568979076296,3.0794244941336415,3.514902862114521
1.9242060366279135,-1.470225331538667,-0.7087882683773838,0.8848683684660746,-0.8604911557535334,-1.0322902702304224,-0.16525299825767698,4.405357082016146,-0.27817039267222043,5.539842430087429,-0.21860953139940634,3.1238550288677214,4.583304787455126,2.661385086616501,3.0212696022639665,3.3808379243946782
2.2573662035713586,2.3126862553196643,0.2057658600906528,0.015001408596212743,5.887711741012212,-1.0763229513155916,0.06807056261661178,4.2349684981666496,-2.413730643567939,3.414150049082935,-0.37593150133267045,-4.828767514894407,1.3418405059600873,1.7914209168975546,5.140492144191949,2.605633913731513
-0.32997968172778663,-1.441114020120352,-0.3122277886619173,0.45935488992432777,-0.6972207936911534,-0.8193722167592496,-0.1134059328883889,6.611357490265121,1.17291731115058,2.1351434124515705,-1.2209119689638408,1.8806828497312964,3.611266911865521,1.7896269786972558,1.534342795221756,7.303404275352756
1.2316281001288443,-0.5700947668403392,0.018389326249560037,-0.2027701709643003,3.8669006046851484,-0.7610067714403067,-0.04657489042977498,2.3873128151471423,0.8524417246282106,4.251253804519773,0.532091402472307,-4.90592307509482,2.182277366799613,2.0990420038917414,5.216272178302208,6.576603436452645
1.6130700592361384,2.257472851439069,0.25933002786462495,0.0942679319158198,4.784362130747488,-0.7816420892526702,0.16211536302262258,1.2612478396144384,-2.7949013524223107,3.878912656724453,-0.9825539228428781,-4.359047004461909,2.3490907552447173,0.9469126136417815,-0.24569616240014588,8.0327727893622
-2.1144760740886754,-3.6143430761757007,0.22578932502369073,-0.0688791948379953,-0.45546008260610193,-1.0635266856277983,0.21105093084896656,7.62317483929793,1.3110450920909644,3.703050806711118,0.16081769378529837,2.18188409547011,4.789380177685525,0.7532672103407483,4.077269423455002,2.984235222124805
1.1430961391205592,-0.5978964349851014,-0.37369866496200366,0.38202899613852337,-0.21644694358110397,-1.0031271086794642,0.25708076195915525,1.9462477873265749,0.2092603363444409,3.072841073422382,2.3554022364715737,2.2322703733146194,4.8809257478863,0.8389599316815535,5.782626328215002,4.958485541529953
3.3822171074934313,1.1146922850968937,-0.1468933380258574,0.23536500506972308,4.142360015422726,-0.7933243712708352,0.09989279734094954,5.804074548540015,-2.6792475882160174,2.579285980579753,1.1711394393754502,-4.856753854785736,0.5731424852609636,1.2226153731917337,4.295545694372307,10.752272463651996
1.4361490451494856,1.2454099837740271,0.3056069268782938,0.399139435872436,-0.41565584179262316,-0.8173304983091854,0.079537990090747,2.7022364101012544,-0.5659982316109037,1.7133510511765873,2.7601402310120564,1.244171860499928,2.546890545165787,3.0078066249787807,4.314707656042029,10.301831266666454
-0.3111941387110077,-4.31749284981781,-0.7279622593608992,0.7507394573812685,-4.197299398390887,-1.2553652107566597,0.17531127636755517,5.310617983255536,2.043773577333117,4.001588594776889,0.7298921836853648,2.3266031599507357,1.2449947541952133,0.7029304655324673,3.445623733026286,3.0642522922670477
2.36390149683257,1.8561434991673262,-0.004233572487409099,0.1585703126365943,-0.0916466428323961,-0.7516080300391959,-0.23253912363449689,5.192866392806173,-3.038821238803677,5.4798745792244254,0.9583502473582828,-5.785574519764633,1.6840728608531252,1.3325944612373897,5.406630339438716,6.664018038477748
1.0484622732326396,-3.5720336705148243,-0.02835202868531077,0.6111431035722302,4.267439126835515,-1.2170498786953583,0.013089536488056493,3.0471603517805534,1.3924506964509689,4.716179587256165,0.43338309450074974,-2.2285578772611916,1.234146530435731,3.533727677866816,3.4885681369528165,5.334922518379987
1.1929668403528633,0.9357148928865784,-0.1672783883810046,1.1484072120984403,-3.4802661468635003,5.47067587420717,0.20433602892731634,-0.2495064764504012,-1.34317543493025,6.304370387261735,3.0854775682454942,4.887091573884091,-4.047364155448973,1.1121076248722774,3.786982507282867,3.588658161031703
1.2369334486499428,-1.6357891930739088,-0.2757061527197556,-0.14793733063836847,2.424134858777126,-0.8762493972033262,-0.3580045039157069,4.415979077237346,-0.3910022885215777,1.2638246903643013,0.4230711620648704,-2.329281579516828,2.0346037850106757,1.7097485777139663,2.795994304365168,8.018963601837555
-9.283654846044877,-11.269999386350312,-0.3329060971389213,-3.818932542682005,-4.506769590475596,-1.3963096691680452,-0.8522170215256824,6.663981395843436,7.053261464299169,5.192369892720445,0.6588442382874589,4.939364015626101,1.1730301710690063,4.456287641916424,2.314521549185427,2.0138063608606656
-5.486658567364018,-4.263428544640697,-0.5537997227932016,-0.1792105969165761,-6.310042282374576,3.2218546544698374,-0.04257300024479574,6.3715558809638,2.0230760327871735,4.601870891905157,2.6016910538940383,3.241459041198792,-2.5882288607947985,1.6776850629805116,5.248280316551527,6.271312079837622
1.2819726687955362,-1.3351174518801272,-0.3446560211628676,0.9968687249639381,-3.7090819531772286,-1.1825169130281235,-0.028598041246334322,5.393058326010902,0.6008913709037003,3.3291382325915624,0.2936703281402588,6.776398089665919,1.1417872500916322,0.9507122333633404,4.6918155422409376,4.7608287051642915
3.8990820089603475,2.790739697193494,0.08309656143188474,-0.25161092989953837,6.278750189855037,5.491206818073988,-0.026573688811932783,6.9124918807757805,-1.4699169525665543,4.673203124826774,-0.07863261791194423,-7.4649565110976495,-3.6795742631852617,2.8852768517471854,3.477379726628462,6.535754422468055
-6.780105825361407,-2.742138865358816,-0.3571763311990846,0.22279631743455905,-3.764995126155438,6.122494704286255,0.14063747180253292,7.613179159783138,2.755341271907479,4.798325515643693,0.6465574776936172,10.144907702093168,-5.258149047478258,3.049560962102066,3.3022625396495378,2.0306113359810163
0.40755155967362217,-4.523420640476669,0.2542402723329142,0.40323699288877307,2.551084174635511,-1.5172959780506783,-0.9662363039258243,5.499590995750935,1.7641625845991071,5.881958173396066,0.11886656079938049,-3.5921832926766175,1.2154668815334635,-0.008934485993658854,2.239941250453393,1.3437569857798517
2.0922440867374346,1.5925823143757876,0.08395645081135393,0.33204076920635994,-3.5098665641825657,5.252789144453902,0.25052482544009885,2.1955731124617164,-0.946947702258825,4.894282914857693,1.4381814355502525,2.9723486289568255,-3.025933984009627,1.9968006679788226,4.7772571372662975,3.7691054929519696
-3.455859646196787,-4.845366745797916,-0.6509081988210478,-0.6917988247281563,2.2858842177428307,-1.0053584312473738,-0.1400045874863859,4.031233033103559,1.90312027816847,4.602311865948139,2.2049140207845093,-8.8430618367667,0.7778347250769533,3.1567864975177997,2.8958834443157553,12.146295319130335
1.7480454480921235,0.9317046093245348,-0.13898211257159676,-0.30233222965554657,0.11202122228016413,5.627322985291481,-0.09358462214537819,1.4301593564115465,-1.8157482667104337,2.26117940302814,-0.1842051803941527,-1.6252338840879965,-3.0428903538289798,0.6662345261077084,7.860000330702712,2.395973756077389
-3.073791328864171,-2.1711355011832594,0.1324738731555023,0.33726601465046385,-3.929653974400135,6.108689448974406,0.32610804863359477,6.4857586144985016,2.5355940263768044,2.7536944362041536,0.2448038427160738,8.87274429661059,-2.9185488929753185,1.2928084085856872,3.1785873988313442,5.143752970443417
-7.076004290599372,-1.7860401023030468,0.039169572507729705,0.14596090941208698,-4.412527886297322,-0.9253327153784529,-0.22423704682911477,6.888449720947946,0.5177087947055694,2.3693949955328533,0.6102565373145048,10.717196258573715,4.394171079174383,2.2405674693801756,2.8035742705315343,9.293943724959469
3.471946792422482,0.8944701931190987,-0.49806646137932975,-0.06632231660683972,4.707449172054729,2.5863223836024605,0.29668685519454707,3.3331825701072817,-0.7765271778479224,5.642005482115102,0.8354133217819041,-8.293242851264075,-2.7256153491924047,1.514597274258015,-1.7137560739394586,7.398117786044954
-0.0050518932159371605,-1.4750965894311672,0.05526821163420911,-0.025564349864920052,-4.478456074741592,-0.9353227089544138,0.22699948329975198,8.493933453403413,1.1341536682204654,1.1848949033680063,0.8600879237204798,6.521516786933877,3.7947875435284035,-0.7491000017225741,5.587806774735451,7.840212428541467
1.5968881036043172,-3.3990150125809016,-0.3302162396125499,0.06819102768972521,-0.4536356387023503,-1.1836161964423952,0.2237241673630973,8.744213950653874,1.6782921713162215,3.9198216210951413,-0.9688605648598938,2.4568468875437977,1.2245373542072875,0.14009497969349174,3.96736865347003,2.9874369500453266
2.000147744541368,2.0902996276195625,0.14994986530028545,-0.28854743319377285,-0.15879806292802143,3.137446206144988,0.175526535199334,3.016738708607853,-1.3128919422067702,5.170050016286472,0.8593018753752882,-1.0818464305158708,-3.1621817397663836,2.820728628953298,5.00704516357556,9.713020230055474
-10.285745016429264,-7.475173333198763,-0.1421163990677648,-1.4733907404315347,-5.514496031549274,7.47117381456867,-0.4074610540879267,8.466753758691716,7.068830143779518,3.501695274036998,0.8273756193684728,5.511833152969194,-3.836788934007287,1.4388255219881738,2.2094781562648715,-0.6221304555942001
1.645754498922266,0.6746716776154941,-0.13577705813695992,0.7456173279682797,0.07602497768506869,2.6376821124095,0.16222132782389742,3.0598260777878266,-0.33428049804766957,3.9581004329770804,1.6332704475982267,-0.189270143614461,-2.483628530419975,0.5903636621971388,1.75666453718526,11.118632481476602
1.4972920777921872,-0.5896738751859723,0.5801465542713798,-0.18635114289820204,4.437718808197728,-1.1659593322593722,0.05104379787358185,4.562431084619215,-1.0510405189800849,4.5460785482376815,1.486888153557355,-5.154648146007829,5.043239200876637,-0.9347112845703961,3.4096438428660236,4.0447214553716275
-5.437578356344563,-8.446901763926258,-0.6630921027859056,-0.2832788082861024,-4.8165721924752765,-1.4875029343416288,0.466959392433986,9.056241946853387,1.6868915464095777,6.009856955593451,0.225186958268285,4.055157854430688,5.610798244879347,1.1102738865995785,2.4361761788651353,5.313098291611299
-4.919541106845873,0.18025110665460478,0.4393302001329136,0.1460089726230753,-3.7337115735625845,-0.9558104862094233,-0.2143835492332772,2.77567044914576,-0.1593495951242126,1.5364043831390632,-1.4549297504132455,9.932000707258783,1.1157989166486075,2.6830490741250874,3.1891083494018146,5.317717727460898
1.825593183763325,1.6546399171406716,0.22367194381030264,0.7420737583587563,-0.6613057154404621,3.432698606904442,0.15966875030523295,2.950885304832211,-2.7027087519045456,4.518081224173309,1.2264475399094321,0.7398160359983642,-3.111173004589898,0.33704913103079953,4.310762281460066,8.989666716984164
1.6089102049469948,1.0023374930160744,0.2521546441651881,0.6215717424787576,-5.983255609421682,-0.6915978474169973,0.2794146686171498,3.7577236496023825,-1.0352570159658783,6.885617348025243,0.7777404486549389,5.802387039196521,2.4399465038694133,3.0631385107959304,4.001205211530129,6.910401891091218
1.1993547079637648,-0.22526799885183474,0.2324832502330347,0.13010326274484416,-0.05126586753378284,6.839941961685816,0.22604201461374707,5.447569054039505,0.7856334024491567,2.8275640833371636,-0.2809108605261426,1.4627601636183096,-4.371072431342735,0.8277385236322877,5.060487309120595,3.5559182005797814
1.5751378999960928,-1.450000738117844,-0.2637345398366457,1.1620917535809185,-3.0248367157305287,-1.0118022043854,-0.20464408164719738,4.550856186558803,1.8749145154518387,3.9882830736562616,0.3202063547428694,4.403145262983318,3.428212238073349,3.6985782391031594,3.952540011920034,3.4880854378715154
2.725121309718117,1.3093836906005942,0.2086885543763639,0.06131941837879511,5.851031331461543,-0.9903415941958472,0.11365140057851904,1.1216062965144713,0.4503566114455461,1.0159933417681606,1.5962833252164221,-4.893547909153625,1.9226212723056477,-0.4313063382195923,2.970909193675577,10.445073733353365
-9.173007767067446,-3.549791843380158,0.3559763524768251,-0.6654949817849941,-2.4482808955724664,6.596760721319354,-1.0581123825981438,2.899802860065053,-1.0874750087804472,2.96171466575982,0.7692043959205042,1.430823372665482,-5.196491509837952,-0.06372657924145418,3.0844437082844474,2.772756448907157
1.8613498782950149,0.5221196076748117,-0.088143983061115,0.07797636538868093,2.8408159130836537,4.522011346334592,0.1739890971848119,1.513425281499823,-2.4861148201843806,1.3340745978996864,0.04151384157221789,-1.0180698469256357,-3.6994637303956943,1.638695005277792,6.246629267028535,10.046340229993067
2.6757879800299804,1.1120309084914628,-0.13323699776083214,0.24796138136958093,3.625224874891342,-0.8641960080557817,-0.004542233356584857,2.9412119232714167,-0.8468152584105261,3.415280536547303,2.221540564750088,-4.772078031637396,2.957186400579289,2.7015211158357575,4.752407171226419,4.95550532445684
1.32297815340835,0.88852582228207,0.2631438812986019,-0.10532902875373834,2.345043125711382,4.320480784660206,0.2606308887302872,1.3052002278088284,-0.914810764270524,4.271969193934153,-2.234813862128804,-3.601519268649319,-3.645680860110481,0.49580284482428877,3.6200517443269495,9.486893472036968
1.4245299732945853,1.9923189204391094,0.11190596559147009,1.6484690992695594,4.704079627215939,5.88032131518307,-0.13560972865422605,2.614577507729409,-2.0231382868165766,3.15785334399529,0.030560516398400257,-8.128353466135762,-3.546251251331531,0.9942057891699958,3.7929317380537593,6.862869149128596
1.7618777936448653,-1.6497878181729462,-0.3410493796231843,0.4829018745341649,-4.278955263832584,-0.7461849527172741,0.32842045845339685,4.828684601042419,0.9296374325950938,2.929820940977584,0.25608684028560885,3.5958558169423287,0.7536793203838162,2.2988423833077163,4.617759314879775,8.471213351051013
-3.5090117734955855,-3.4489977757856254,0.1304886506634463,0.1133275899887086,-4.64922139899588,-0.8649385722316799,0.29112554690614345,4.170984677116076,1.3101239017123971,3.8542135420680665,0.25444113978277927,8.162370169460113,0.5815586132109165,2.5031385104345785,3.3346092134021834,9.096654583323748
1.1221984855085612,-0.8036635200833744,0.08572417197128139,0.07480183714876584,-3.557093841309348,-1.3173494584150618,0.1944970109239222,6.158815851658584,2.062901529911207,1.2123149061985317,-0.20534724675863955,4.133665811238189,1.1302439071983104,-1.029173062556734,4.656294111369799,3.708781423849364
-1.495707146034886,-1.4527809961438176,0.22818666972716628,1.530993407584727,2.4244401065508527,6.554346557313578,0.1025885875038803,1.4890709726202767,1.7543666010722518,1.8958123767599464,0.41645070329681033,-3.78562962652122,-3.1169117606426586,1.115895570614763,4.023140466460337,5.138373918047796
1.680423184136551,-4.60651275008979,-0.6263373791546041,-0.07476423012216861,-3.5609930142791324,-1.193946338793263,0.31799294916788745,1.4422446554090513,5.211534578749289,9.45004199520809,1.4031816086044218,5.674169889381775,0.815503852162511,1.7288088469033436,4.710869848296048,8.6099360008378
1.279881668369907,-1.230333092711866,0.2186391514241701,0.3149769990779463,-0.5753518051107722,-1.0863874972860015,0.18253207743292071,3.599880696217219,0.9496475779355195,2.6006407302928465,-0.048752361702422205,2.064122434253494,5.606337038725614,0.8678114679865533,4.886861806919177,5.645252609036863
0.5706218958621224,-1.762139340673263,-0.7458080341083309,0.5235255275170012,-0.44699491269017283,-1.1073197534283001,-0.6677420732863247,3.127564476882419,1.515859647571419,1.988271600241463,0.7472348049444458,2.4871078320046265,4.8264404778008645,0.9525804675109687,2.627412978123874,3.499064408297341
-0.4711995500934621,-2.1726455926721298,0.2168275161484879,0.3623182082076866,0.11968733323613817,-0.9797206325152273,-0.4687258611017214,5.1663914042683325,-0.4388551585770529,1.1911854376792905,0.5201144345899422,1.7145460236022874,3.1604038516307873,2.617303802554806,4.623794275388122,9.079196832001209
-7.932698960981641,-1.8862648191154001,-0.9275482398410868,0.8943189596822488,-2.6706734476599383,5.969485225739385,-0.7373971687182785,4.753963161836068,0.9425985350375998,4.665078389856073,0.6481884797823927,3.023316290379579,-4.250012813085885,-1.5820419245727046,2.725973315652149,2.896855956079595
2.383725706712847,1.7600691612412527,0.06830351623147764,-0.3561052354462447,-0.5443674187771976,6.328476927122102,0.11211772239084127,4.075280068799854,-2.2265197101185716,7.9691887880166385,-0.548771131229897,1.0325383117085238,-4.45368793747574,3.1699185639986145,4.91707711719473,4.308653600296625
-0.08366320086767316,-2.584459917646522,0.06260113079597594,0.02104698953917244,-4.858964157997553,6.2054548373135425,-0.3917666629302157,8.111539298450573,1.3977709359105994,2.884266416311109,1.288622418576231,7.441380653621863,-3.788178746300517,3.553696703808072,3.0181068227402865,3.709129038618257
-1.5173560125057903,-1.9868874902725215,-0.4390657127375402,-0.8449448913509645,0.09608223545178772,6.321549547185501,-0.1913548177580039,2.884900681671998,1.1547784838204582,3.2607768499065815,0.1552690453492102,-2.2352057145995388,-4.401357404398732,3.409033038472136,2.5646871493142096,5.729520193244018
0.902566889181733,-2.0185492930070805,-0.45466410796592654,1.502775752447235,-4.950673393152266,-0.950808234885335,0.40403871850669426,3.81398454454976,1.153356874624888,2.2998896513798583,2.1810076719981932,5.3155813905702285,5.044312631176396,0.9186601718397195,2.388072842511037,3.364093438449315
0.034405604978402296,-2.8351854428835206,-0.6796300662656627,0.523690698254233,-0.5084992077004471,6.527753318304816,-0.20499560881654416,3.6994471274367546,-0.4320787845042844,5.148724472634494,-0.42771881623379904,0.8508883133643923,-4.516080558083176,2.4479027388865755,2.3666522556282583,3.8549081995130194
1.8408229262729483,0.4159610844254497,0.21004931940635102,-0.1668757407503826,-0.49630014860630034,-0.9611656259397668,0.1566040854056678,5.297454798633854,0.12953685968120882,1.6812386427149169,-0.9106423209880785,-0.35308428516984025,5.259602039010575,0.3839354800209401,4.502264895322423,4.782008736538391
2.098536954128494,-0.732878008324653,-0.0713310357270131,1.018551025751358,0.10264920798937496,3.132818104956299,0.4167136093874778,1.9837598698437213,-0.5135341969351294,5.449379766734936,1.922867396389445,-0.8883560817297547,-3.5109888966536773,2.3625046001840384,4.489823464703591,10.443123053658756
-0.9977151775707805,-1.3991206923974675,0.055393828853964364,1.1386865864610298,-3.786640263743698,-1.1823660960731404,0.03654777768254244,5.269405951047938,1.9130516395779957,2.8283773943109756,-0.044249111983769455,1.7713363812603058,1.2476880494008464,2.9057781749640905,4.5383327382020635,5.6557213150089
3.4954418575049697,2.730340747528399,0.1664281130867707,0.4648352595319347,3.4490284341964865,-0.5285741638150065,-0.22558118099222604,5.946216365104231,-3.2837452000354728,2.678798760922004,-0.3941777733421569,-4.823343691470722,0.7349371173965432,1.6622619490064683,7.166217771862012,8.454773584083965
-6.69725125850248,-1.7992007156262793,0.4674423490073536,-0.21973681935854258,-0.3619000030582148,-1.0810402511929469,-0.331310418804487,8.46755358776512,-0.2758963514442244,2.0263416572877513,4.431950611516833,0.21644387912998597,3.1720152925833442,3.5300887972833594,2.7476594086761272,1.3233265880154599
3.039820143820097,1.678854834047612,0.49498805573955257,0.6231848288687557,1.921601533424109,-0.6518391431520373,0.28774627978603035,4.416345196579895,-2.8244923545457405,2.446110835190862,-0.8414531477751834,-3.5519198989110703,0.6189912293292579,2.093991307011495,6.617668384522201,10.926589120782756
2.0999218168358005,0.8871605355497452,-0.15542519000172633,0.7376046625313658,-0.3244585057298345,5.49667227824529,0.27665624245628734,4.0805675257593395,-0.8697376310229296,3.00508357708156,1.6095379524653155,4.104181771911681,-2.942532747246946,0.5357045142998296,3.9409513810053474,2.7680839632054175
2.8546293505926936,1.149247232735157,-0.5170970188913248,0.8903820253610611,0.5045931755912804,-0.7702284288943433,0.257437644784649,3.78282428539296,-1.2402916320413344,1.3202603487850475,3.9518850596869983,0.6295627848369371,0.5467531025776019,0.753453394214312,5.412813609031648,8.538822134236492
-0.12282703523555162,-2.088199084685184,-0.9008660051003097,0.2675078868251291,-2.7342879238457725,-1.033937419967105,-0.312901041357467,6.679035066914124,2.7337531257408356,6.326212159205539,-1.3798215537477907,2.7098623371335364,3.387365311215632,0.41083885255269637,3.032163106431563,7.86145110476762
-7.386114265628023,-2.3844539927638846,0.023921455363122558,0.6095132858343426,-3.079537417398048,-1.3982176884729411,-0.22158072306898735,6.075720625021185,0.9861260417302453,4.653806717999278,-0.28665208533282105,12.592357954440272,0.9703703554185731,0.9926233300426976,6.193954677979927,3.522284877157168
2.734112324820211,1.9847338918152575,-0.0879727902996045,0.661586496048917,2.6191134652796517,3.360705769449473,0.3076385408466057,2.9423917889421185,-2.788779818370938,3.205961924278954,0.8029817694611848,-2.6614905347501234,-3.357531899675572,2.5794571528546513,4.7975920129356275,12.741040046873191
-5.289710600505583,-11.879463717572081,-3.503287723009397,-1.4185458793813979,-5.201390187493216,-1.4569776405046377,0.26640811887631805,9.548033859611488,8.049351229845392,5.400160635653575,0.6195345949524392,4.093393417790534,1.136203681519876,2.5134657033413332,2.802281400313213,-0.8765958758530521
-3.720636555131835,-1.9914861179267362,0.6665688343946826,-0.17603807664755722,-4.153061859440059,-1.0475646260790528,-0.08171521684775793,4.2533708538673825,0.37102771830434567,3.342104029094179,1.140053486306996,7.771552208614846,2.6385028688656167,0.7281197149455544,2.6214620365280035,2.9337276342635352
0.5893235983302199,0.8979940511633959,0.0955777905633053,0.072365613376101,2.525309280129771,6.600273630023002,0.1866562875707943,3.518402400904646,0.38601397694398887,5.5083436351368835,0.3862740521990539,-3.3845392473315203,-3.742198043861815,2.3968110514270764,3.7025367554798723,7.154641402204833
1.2142374229232473,-1.8677402304088073,-0.5928415110434098,-0.7642480016102388,-0.5671157672256233,-1.1635545841033264,0.3257547111362218,1.5897247090600433,0.9653581064951918,7.242215943999588,-0.33536501570418437,2.1649002782379596,1.268491436851521,0.5355214990489183,1.7632722468897704,2.6400582599764064
-7.994913006501274,-6.977832178445397,-0.07070693728723591,-1.8488775164388742,-8.375802707492022,6.485400315555607,0.2841056385886231,8.029147083417165,3.880753153455133,1.1886265499813793,0.4475357191031409,4.215174595532358,-4.053322467863871,1.2006687078537264,2.0846525141714762,0.26379411834695715
1.5365634636357426,-1.6031047059074035,-0.29836863214770976,-0.27795179333537806,0.13361641388138162,-0.7018207066915928,0.2591428890426957,1.9514435753983752,0.47736969563861653,2.825512696476032,0.5343527368679639,0.3026387829805416,0.7132483249790966,0.8404831482258942,4.273360395668695,9.800915214439232
-2.6558200268006766,-2.9154248265897236,0.23109818559885,0.801715933297451,-0.8043770773286617,-1.3592459687590595,-0.0014761372394860453,6.484166320075591,0.8488023822493852,1.2296948525139018,-0.1253007539628696,2.1083659690866856,3.6932560096035387,1.686806245868405,2.913892394494266,4.595784663914704
1.6578216674166426,-1.4290680630902446,0.20609074027285273,-0.8266759272540608,1.9501943460231024,6.095058549662431,-0.3312701819924022,5.125690457568194,1.2086948416319998,1.757829619990041,0.006484060978594464,-2.1416611675263075,-3.3037915740654182,4.485280431925008,3.9147484768868113,2.7808530893772843
1.1987205796837805,-0.30818740240857,0.20546924063563368,-0.20651284661144023,3.9645696918107562,-0.8995103694455079,-0.4170417433915042,2.866243829146028,-1.3365860835222987,5.395906020367519,-0.4078857323843988,-5.382265267070384,2.140754105994555,2.2623949363380667,2.52258057528191,7.111476192633309
1.9314408658606308,0.7072086458631479,-0.19035084805140937,0.060750637860736284,-0.1920674792764092,3.235819190466176,0.14322128095229475,4.985740506325849,-0.23554039480537164,2.1514611800300587,0.6689744176641103,1.878585587804516,-2.4221179554283148,0.8789336590890893,4.886662180564057,8.64725988873498
1.5868471027302247,-0.4760334662031374,0.45882376363376765,0.4795301984945935,2.4296009869861113,-1.1910534948383777,0.1411995795567833,4.327032634754974,1.5095118677020072,5.394128916678328,-0.26565188013141366,-3.234105510146668,5.217919760889064,1.8277409479618083,3.454836691743384,4.908388706957921
1.384317738880714,0.49948893319442866,-0.16660637366895834,0.2596012431566284,2.039043294981122,3.8320249916364744,0.17846558023616693,2.300070150149365,0.242197192379584,3.791072106241558,0.40476902923376035,-2.481706389815547,-2.9533682957234935,0.5975812528220316,-0.13038643546022138,11.012719042187866
3.276455237428347,3.3901996368368463,0.3593200310679772,0.3418780797372261,5.265439826826563,-0.6577180290818213,0.0015369268171490683,5.216492830475172,-2.893135072429976,2.553733182539543,-0.4411524906034272,-7.276623357005729,1.472943558913966,0.832799252434323,0.2571623577785982,6.5684090354740645
-5.642932889183206,-4.978512587300969,-0.25558797206729655,-0.9780636708221083,-4.725865106890598,-1.3295160329863431,0.2673444844832017,10.42577607705413,2.9390632091201843,6.2634502016362,1.858947116544761,4.902837383841009,1.1643622650802137,0.5250842486595111,3.8156031574003086,1.8169233791095516
1.1293021006509665,-4.317929052941734,-0.7080609325008317,0.9527787698678052,-4.704237313599325,-0.6876851308830074,-1.3346503040219342,1.8952849492281671,2.895708553743238,3.5520753217296046,0.3138481887358556,5.363774142208431,2.060392255030262,-0.19721278074383822,3.937448394313456,10.65778977168468
1.938598023816944,0.9391559186019006,0.2891759168580176,0.22865252450108592,-0.48564722714875824,6.098887643985451,0.2130445595489193,3.1111246484294526,-2.505193445528236,5.18616320311705,0.227237463673499,1.1864409175536899,-4.082644510827648,1.249194462217701,4.128943548435424,5.652345854847381
-5.015758215047418,-2.7397382606135996,0.2447949339303501,-1.1165690435691114,-3.9728341616378358,4.483618324846049,0.2086386479188996,11.246547102574258,2.625964936663707,3.1730257159730737,-0.3511930642512931,3.8605121452842535,-3.550273504670399,-0.02766930408154972,4.829543228799477,8.590372522404419
-0.8737673442227145,-1.4111531174940368,0.2620648778912918,2.014191278249491,2.5048296693470333,6.470237316067019,0.2036920016446768,3.2740730196747463,0.767677975873386,2.158063219611378,0.7377933815668805,-3.4171423513963815,-3.7090631888764136,0.7760996320081565,3.407705221273005,5.312488091528416
1.9189428884771964,1.0953312099389731,0.30311494326529453,1.1966861356897278,6.768878267700162,-1.0982128621153533,-0.06561617093409099,1.5374454856986797,-1.9752181178765986,1.392189006496531,0.5560572004131975,-7.043262335774333,4.613115063847974,3.602897741953531,3.735163790002775,4.212810852710313
1.5544745857647302,2.3134866004403065,-0.22534349221239455,0.696185387567928,-0.023062949297329136,5.721578028644126,0.041259613192329424,3.665747465129942,-2.6296459996898967,4.15364642147099,2.729545280400664,-0.637430500128617,-4.108488949104212,3.454703249054651,6.443990593212965,3.9714276429774866
-6.287195589617669,-1.6285874918972458,0.33287794077148036,0.9309618134326686,-2.799778329510242,-1.0111133163521684,-0.06807069159175014,9.780584566837176,1.4321618861722138,2.1820330098010605,2.1085788560584198,1.7051391411225008,3.570863700426805,2.801414029014607,4.234259784280439,10.460429782977323
0.04629386927001219,-6.629627581020972,-0.605088073325654,0.37007944643093893,3.1856242422796783,-1.2356389223362005,-0.8142533651615181,3.3189396175624193,0.47607900743745285,0.04569155355294529,-0.004746704420074721,-1.6263328493895632,2.8153418451716807,2.5703944058135773,3.0702083079318205,4.546679970229664
0.20341062662509865,0.8384920670390137,0.20611456375569126,0.41562550361826983,-0.6584320369935592,5.778811058511337,0.19775507567326214,4.23713693795485,-1.8440822783696935,6.791994660663105,0.07658506665627159,-0.7168117276833699,-5.127316281222039,2.610108046397566,2.6385792692899694,5.608353066377032
1.3119030281218391,1.4676457528769968,0.06866823237203026,0.5624413046495369,0.3133121918352942,-0.8160976688762508,0.2581883386547367,1.7954073786735543,-0.9487215556818988,4.815403529863184,1.3620345736394328,-0.5302174553026759,0.7311052696456511,1.7731901918301984,5.89302257373184,9.23844756971051
3.3477377254515877,1.690628465067285,-0.2233305875056734,-0.25289006194410196,5.236522595447256,2.4075860887275384,-0.12141361925502589,4.497039848748051,-2.0766997501361195,4.179317229490262,0.06392632335859047,-8.769276276923717,-3.4135291856933225,3.662262391071766,4.03612514195467,8.874504180082198
-2.913007001136974,-6.320871062985931,-0.4714218906958898,-0.44286600475509924,0.09887385474983655,6.664818378877825,-0.17686725046113133,3.7860907362662255,1.6725996260724494,3.648861745499075,2.296839622528138,-1.3255242988380291,-4.877429473437989,3.6733386197226747,3.1204809680264436,0.06964520804087306
-1.3992444086167959,0.8163203034258139,0.25234386616200233,0.16968971136957384,-2.8454916531008974,3.8957962829868,0.2917245092963174,4.307123736821114,-1.0193627439749742,5.598229436782189,-1.0631669000511563,4.896011588994414,-3.8228677532334503,2.8770872402327763,2.7723107354072853,10.889953790547658
0.5546922014541923,-2.49842419972395,0.26517510885559037,0.8530572181443369,5.509395265628274,-1.4209877941682938,-1.523111834199789,2.895712642931379,1.610940686016033,3.1303623656357322,0.17670592467362625,-7.28996795975836,1.1069650515181328,3.195098300851261,2.9564868028280333,4.557082648031413
-0.2593836746575926,-2.0809833766613153,0.2830267157653968,-0.376716119726499,-0.5095378775596614,-1.0378024974341198,0.006471434166034485,5.218688468425845,1.8862966993351782,3.0610844087402027,1.0209067865386607,1.9031896397446597,4.7358803959389535,3.179834276825189,4.023829124817003,5.052258665939169
-2.9273184249065825,-5.029958568200779,-0.7914932845632237,0.6141912267742062,-3.240535109691322,-1.1111035173982378,0.07624538872297819,5.441860524357917,2.503497970355363,4.305015364659329,0.42281745288210587,5.409761763624383,4.111970576278865,0.43305706362472873,2.6617169186472895,2.3424033268367253
1.3231226243093461,-0.23843112789715334,-0.14365196753044912,-0.19107807450306938,3.161029298796009,3.226494525551795,-0.31087910752867637,4.076223219188939,1.1054350820316472,2.4267018851103885,-0.6699719214940755,-4.138417799850925,-1.9636658494046422,-0.12028120821233215,3.398340070681026,8.435539821095766
-1.7684776945556502,-1.4346126421143608,-0.3751801060376071,0.19677204008648796,-5.316993749709179,-0.7716827695357301,-0.04922798213176396,1.5426514464312546,1.690388978439693,4.074983952984214,-0.20409134328225612,6.319718177733946,1.2708449763208625,2.148522347838307,4.882670542643715,5.712631284733613
-3.7136276910183956,-1.4101920121110354,0.5960043996088206,1.0388306570785741,-0.3055591182957091,-1.2842683159721393,-0.30815376277236883,5.027945550846557,0.3284145734757185,1.4801918549475572,0.34151386643946147,2.6216145645355193,1.2157528337091206,1.768155411386552,1.4039693706709278,1.081915899264626
-4.588230982657366,-2.2357051643927894,0.5238470453334353,-0.696441387061651,-3.958024061703435,6.411717707294348,0.021408742984136236,5.682383795596659,1.635970237303836,6.929517841169608,1.7306507831327613,3.3517679348240303,-3.862864483562298,0.8542676901711777,3.0776555540574093,6.394996298908412
-2.85090243866574,-1.287070042755455,-0.4712352568010491,0.1879390646784258,-3.2100481067026654,6.527309692436207,-0.1400936016390726,4.611954548584297,1.4781218305273605,6.733229287063392,0.7643338223434989,2.747145319116922,-4.1177710525933655,1.6052251367960122,2.2469035133734976,2.703279354312768
1.3576539829466503,-0.24584081729811907,-0.02089508742094009,0.3984601178570492,-3.4188390408977867,5.925686735447496,0.1125577078269167,5.141779483715696,-0.6248271519181631,3.487698369770621,0.5322437361031772,6.5360038891540215,-3.2363461136914937,2.6835022100945927,6.331777156533984,6.54016187024489
3.439975527515014,2.002923677245155,-0.19696335462605016,0.3765295691260445,2.468224247823159,-0.7032183468068637,-0.14140961741656105,4.01459656740725,-2.940410264376551,5.859444250414768,-0.38666758635640097,-3.366850147001445,2.6349482253529133,0.8353987706402942,3.2586271485785647,7.639035821134844
-7.39085665517826,-9.016565428285414,-0.8271357818475616,-1.9694669738976907,-4.046175253727706,6.535823891504355,0.19253174749327204,6.18692347006593,2.7959462937849073,0.7188528740010415,0.46730660241780236,5.503748255157221,-3.8030477878460656,1.064237133058331,2.9220623781842487,0.01423899684101304
-0.21600554869882713,-2.7024424759255092,0.2513161897057046,0.6969587730566663,-0.4298871586813279,-1.0952294761029377,0.2400844769875207,2.628015641028682,2.045233952223013,2.9342055493344863,-1.4958878178621335,1.0544972366951404,5.696317373124261,0.70685239899531,2.266831388533115,4.867056286045661
-1.7676900174661225,-0.21505523933035633,0.17808681841070484,0.37621501088763226,-3.1388614468940848,6.154457419564326,-0.054934432268142784,4.899693978969939,0.8882969340446091,1.327641990663484,-0.07809019993835419,3.7486163581237197,-3.3785505359756445,-0.8800005227743729,4.731015917475684,4.346520250571272
0.14256937706074713,-2.1226954708186283,0.07081419458861156,0.33293728974647757,-5.961873938575309,5.648159890932964,0.24418259635940184,3.8411643057462443,1.845637234753308,3.837552757558956,0.8069484150943654,10.823606010045472,-3.864593426681434,3.5859683883587534,3.0104515565972165,3.602324576685826
0.19184092095618457,-0.21805198744932827,0.3943254627771678,0.4173870106091098,-0.5665560884575047,-1.101836331166327,0.11729682849844333,2.7395381524364155,-1.5040980030676974,3.2587480739007395,0.3274103191488731,-2.1047019937460627,4.436540906733523,2.1756320309614146,2.1121116882301867,1.7485699561747414
-2.1999345730611433,-3.2268475684719164,-0.35983131419618924,0.2874452450393386,-2.9951408924112717,-1.1876306187597416,0.44790715068330383,3.582977988339339,1.0719963625694313,2.671845178675838,0.9233698301703355,2.61647431588918,4.405167473540019,0.9277651438352964,4.723485093060881,2.6904971544643246
1.8312870234449712,0.4480656888509789,0.2362494881004095,0.160207883721838,-0.24873249569783548,-0.7621154645594456,-0.12878152362753906,4.671979709913333,1.323103343573709,1.7436831470454721,0.17208673831572158,1.7540382601792615,0.7258660104808705,-0.7009283550381659,3.9651897341522084,13.649707711907727
1.5993259471512085,-1.6543397677314167,-0.45067823846141525,0.315453313485642,-6.030827619489361,-0.7191179256252938,-0.19238686569035057,5.846554196558893,2.119435242976139,4.24055997883901,-0.271953072613105,8.067576687855025,0.6597913442266488,1.931145453973983,3.258826884637898,8.557435353121178
2.126658191041401,-0.7871623632659516,0.15020930114885114,0.01849044175694387,-3.8366038709444306,-0.7772655437452103,0.04508068231741612,3.436479328929136,-0.1202549923695619,2.9646728389610835,0.7104082948503395,6.105460817186783,2.7487873596635954,0.43620668390144945,0.2777360687231019,6.641278107188642
-0.3793295679253835,-4.0861743906798464,-0.3254967980558671,-0.12943733501558535,-4.340141430035856,-1.2995028956855337,-1.012237601645291,2.8167364327050755,0.8766215289890147,-0.3253354999354728,-0.3803592896821597,1.8280448965777965,1.3786086269728834,1.6942859303283817,6.178695503513018,2.756615283258259
-6.189945277161353,-4.477240329607079,0.34106124787669007,1.5253500062215608,-2.9062550378330054,-1.1216870095171034,0.28727399087479977,7.658773861146688,1.5729325686162339,1.3146983652058213,1.4732555303130457,2.5970707538574156,4.409465599458044,0.6538428732682172,2.8925087848976245,3.2169722225355604
-5.642054024083384,-3.472117527512524,-0.09945903696616497,0.5439410652147495,-2.5441758398161616,6.371918280547486,0.25952911197828704,7.017181938566266,0.2958240677487726,3.197864430970512,1.3782645032905665,3.8757895271756366,-3.2587324159080935,0.7836896808811775,5.032607641785717,2.2356678790928175
1.4529888570423541,0.9737272157284117,0.08960924549928612,0.25942886663600795,2.4936999473789085,-1.0461652258746323,0.13705082760006182,2.1856972992221513,-1.0347182422835999,4.287981863970558,0.05712628986065589,-2.5341714758531504,5.237147881581758,-0.27022477063784983,3.8043284101709722,0.9077888572548202
1.4642873843113582,-0.19494459125399655,0.13836606397107207,0.18610665222009046,3.780933162296811,-0.7184112159473205,0.005067935556174093,2.6702890063871947,0.855821632832289,3.881166514767955,-1.621007066184034,-4.220783780135215,3.587943882070481,0.5545441784846282,3.225252949515979,9.499665457739185
0.8133419798746087,0.12263023565957974,0.2634983864277605,0.714091483377153,-2.8762639088742437,-1.040055014764269,0.027470356140906236,7.734809642658879,1.5109975034995005,2.2729452886544177,1.0676939602866766,5.089457236849392,5.482331687566901,1.5491596470735967,1.6440563051352899,2.1923498382481426
-0.1453250099668902,-3.4967710492300483,-0.5672411348000163,0.2254316363747546,-1.0883298169809088,6.100341778406329,-0.3819185805916786,5.362879090109529,1.3249491109649338,6.590223564680667,-0.10101257349428486,1.9188114455399339,-3.7616794904452404,-0.17532783291997217,1.6738785262306526,1.001830687203134
1.6756005979357285,0.6539518101153275,-0.5384102639183406,0.5648087314094106,6.256271027831983,6.103706247679579,0.1343568663721285,3.571751504912973,-0.856843969210983,2.741751482753704,0.2848369871477288,-5.86627236079549,-4.434781120796998,2.262278270037224,4.344874143077681,3.8910974723349017
-1.5557033026107427,-1.372248684197975,0.2021969168972382,-0.19204545864462855,-3.2926923351332085,6.277885034436981,0.1987071114617087,5.060830285149316,1.5757208224715042,2.7591603769436475,2.0458954232037074,2.9716239645648748,-3.2502190531249324,0.6106735218564663,5.253193009545407,3.754708747924617
1.439847766751424,-0.5800816757865253,-0.34699565134880483,0.9389765063536665,-7.245014238283506,5.587830911358818,0.00878246743977087,4.758093316064372,0.3391914711861562,3.0362203100721046,0.7843734301825361,7.694241622312615,-3.7645643974846856,1.0628076082691558,4.422119221261392,6.742202866204083
2.3562426712239786,2.6871464126060403,-0.10440777065356498,-0.07485982391758253,5.878865745274582,6.281751512534915,0.02812805119653543,4.096048909044902,-2.654714411543061,2.8047003516706943,1.056947279787312,-4.923947884751562,-2.257393411810355,0.27431372514809443,6.294872148193496,3.992690691680959
1.4575241969078783,-1.0606059003658594,-0.6580591352718573,0.9265033301350971,3.2185344702079894,-1.0826344847145173,0.2944913452416666,3.7809116584559286,1.4307456244627639,6.467323955871164,0.665816363727053,-2.086942295694103,4.876348973577222,-0.10552767957374508,3.613669210780411,6.541466934985171
1.040412784922868,-1.5594722759605697,-0.6261228407857321,0.706321422071507,-5.3597952332999546,-1.1071880314821996,-0.2256679360009727,3.3720185937732463,1.1990363617676,6.7905955652377274,2.4267690472205476,7.058800050546415,1.084638997932275,1.2265838077273221,2.7214593034585333,4.104052928166153
2.0049312965321198,-1.8737052151262752,-0.3179148060580097,0.7687486768085513,-5.469925388275954,-1.1413437947792313,0.20899954715371116,5.291352862886075,2.246777181548377,5.504300107091663,1.2882477369382979,6.4408887849636365,4.6487555432443814,2.894788233680031,2.718173349756747,3.410120382055642
3.053967412656173,2.3319320359161737,0.11145528683892847,0.2760114187422828,4.48640894894655,3.3633011640526034,0.06071248655021209,6.118794509494136,-2.5593737591132517,3.0781268682951715,-0.06823055444541343,-6.71470370884814,-2.510778488851152,2.618799948689217,4.7518088754763195,8.831708727603932
1.474788717938587,1.5050026596481907,0.20237988203119764,0.2849481494426732,2.4346818754402912,5.859896709884283,-0.6530055480075342,1.7621739669628445,-1.9085263115774533,4.986358639821413,-1.5857815111329159,-0.9798617293601855,-2.7069036283687846,1.7232827533259996,5.221951124286105,4.71117077811435
1.3592474528650451,-1.2047616179796563,0.24313703462481526,0.19215800014510773,3.5509030567637345,-1.037559017117445,-0.4807089522692065,4.69754475914066,0.9632405401760094,1.1488134399838743,1.0464755327031012,0.12648228227781716,4.800626096565275,2.508626678207269,3.3393431435028718,4.70746328806877
1.7800438504815106,0.5956175770461561,-0.42780370018382824,0.4907940940071516,-0.7948213100919185,3.926567185824117,-0.14423015608886955,3.758476367297271,-0.6073273188718601,5.616438776011889,0.6491250083222989,2.2287486911192547,-3.74423820485423,1.260031924176961,2.9943445447720594,11.258143935809223
1.4177942900881177,1.896456042807549,-0.18717872378726808,0.9922189167126391,-4.618523649270335,-0.7894235378603143,0.1437737412974234,1.8462881831616782,-3.033898069867243,3.4521610940992833,-0.891494065016508,1.1028725033489366,0.75522812045614,2.120505938023329,3.5512499575279644,9.664083434432744
-0.38044148162255664,0.8857649936775366,0.5115375579012712,0.7067999807662566,-3.3178691416929165,6.335005326728025,0.17684700675805448,3.28851797356084,-1.2641573145169143,1.3878989353713886,0.6058393954606338,5.5405072552834955,-4.717624876275813,2.2310903958330552,6.525012213439059,3.1578475338518617
-0.7720586099581173,1.0250771660258369,0.34662457500149796,0.6543362087955082,0.10911434754729281,4.1600551515171915,0.21763832525288046,3.65817514744401,-1.468662036066254,9.938869926096872,1.0467400194009149,1.1383802570799986,-3.6617416035973775,2.426467052359134,6.147931069046259,8.464356785921378
2.1475650676116347,1.373881865704432,0.26251221616255715,0.3398113552766539,3.0882164105114844,-0.8364110463017909,0.039769957813123584,3.5872250393250336,-0.08879797322566993,4.078563294452926,0.015505505252008925,-0.9501284388626615,0.6524069986181963,-0.6238142240817346,3.302393011856824,12.964746770562602
0.6102073514312498,0.6172610815813141,0.16352184323469837,-0.4297950896869098,3.8383438083333905,5.619665474315483,-0.27923318210740883,5.329495983113227,0.054480907758077395,5.147313789770008,0.4826156333691129,-5.442978433681031,-4.217647160412744,0.1855388365872202,5.740060600569162,2.5376560425261654
-6.592606481905017,-1.8705712100832415,0.09451030121091751,0.9072606123574076,-4.271725930437445,3.0283999041716263,-0.16075454286485932,4.618058899196487,0.14317997479500885,-0.0701569667300987,2.6856559880611797,4.333461584409077,-3.4343747914849465,-0.6018955928270396,3.4398429246967037,10.494235463671384
2.0329766485678653,1.1836842786483468,0.21422844468678026,0.7539882272966205,5.967014295425267,-1.194102414189527,-0.051900633795808025,2.146619530471662,-1.9745793449028084,4.053547619760036,-0.12068374438149228,-5.0518826522106925,1.1434942118364075,0.8122634392566984,5.644541438946502,3.4223320920908207
-2.3015453669804455,-1.7137738281451158,0.24450024225252415,0.7778027113688493,-2.9283940643407402,-0.8671117765801031,0.250305375004187,6.925710923674204,1.194466862429554,1.817535876815516,0.37319072600454045,4.292963983121018,3.2644006030956914,1.3340270451894036,2.920573109708727,8.255232139278512
-0.1273487137096624,0.13737530353417046,0.2595865569834907,1.1629437464165195,-3.1073572267927227,-1.1280342205464842,-0.7430642708130184,5.925942615712682,2.0568117915131134,1.006416670968136,-0.2997402777175106,2.1210511033323907,5.212234841582676,1.7413491408986348,5.971378505613655,2.4173983210921297
1.8938417359317345,1.0366253482600052,-0.020275994868328696,0.24591355933124787,2.6801156732756644,-0.8542434927516934,-0.3441660907343032,2.3267988031283027,-1.4932364313937727,4.566914817457398,-0.12326627535683375,-4.004057724088429,0.9376049263048917,2.733625188144544,3.198906351596117,11.765544574153918
-6.861258470805983,-3.229624716398306,-0.1934670106135312,-0.11038018013909419,-3.9231202999617287,-1.141171420494715,0.022857347046335293,8.711428285616762,2.2941925852121785,2.2952983506315685,-0.6927786668265861,7.720811307514087,5.243740001218392,0.25869532036626114,2.8823672202005985,2.9439820736367257
-0.7870957284085649,0.6457818554881959,0.32070404987627016,-0.06867939288044989,-3.4588683446855852,6.3501147160642635,0.14743843837579113,3.8878754173386847,-1.4543364484856522,8.007275033229655,-0.19535856628037693,2.8638213551752263,-3.5118948164764645,3.3661913347362225,2.968534036070108,2.105988281694552
-7.618499001197828,-11.152680200804584,-0.0006815403314925176,-3.13578987905352,-5.032098534316542,-1.0351858066056545,0.07909166734293087,8.979871934577144,3.6686750638987866,2.2399399668793,1.7368767378865537,3.313781613594541,4.783680498660233,3.298416640435482,1.8219775592051453,-0.6721436475319789
-0.8079169126736618,0.8635548684684713,0.38484877998995004,-0.016993708382050166,-5.412427096406307,-1.1888794063068926,0.15886378822475683,2.996949335995829,-1.2406762413368557,5.12024275770535,0.0037251391556730813,7.05229979433748,1.0671727926234404,0.36264968975012507,3.112494382976245,3.1051813554652026
-1.0137440454391764,-1.3160569083802405,0.2332498410741487,0.8308951555291806,-3.0977879917534685,-1.062498403072357,0.002622021832813874,3.7144089516972505,1.5987847825487465,4.543777361586691,0.6320337876357756,5.463922150755921,1.1765043269954623,0.40040921595195955,2.842945934537799,5.452037185327461
-0.5722520364945141,-1.632298384223133,0.34419866630000395,0.4731757848391625,-0.36125242268899477,-0.8355293517882623,0.1116505441229478,4.436883622576792,1.600750548645854,4.017628193986912,0.35956624778111784,-1.3692742223596823,0.6897782651173568,-1.0223917326310956,4.325372298757235,7.7947201384653635
1.9969433534592396,1.5837667585213973,0.45624428953540863,-0.15240895701882726,-2.9691233127055074,5.10359562676012,0.2036968487650147,2.2018368009850375,-2.720350393358619,10.227436312253273,0.7268610679153352,5.575971149886649,-3.9277561342815566,0.2718649252244893,3.927149016858388,5.837876538930458
-2.8580202148184175,-1.481913604451188,0.20443481186901558,0.3089731640826018,-2.7149215328699605,6.900417383967588,-0.052938791833818014,5.168305183354921,0.8054969995307424,2.1313340936644627,0.9710962631679718,3.2645136176039613,-4.063745957426106,1.286339310465536,2.4861364029912902,-0.5440630428661438
-6.2163098863443995,-5.480202633136884,0.2861925951895145,-0.6754359516259284,-3.264734848584496,-1.2116486977214618,0.3028197641748313,8.098601722474756,4.101199168557049,2.6787891253891103,1.6031378267218825,2.6631056037116796,4.7335943491371975,2.701775902676086,2.9948627040861178,0.7424033506385366
2.3613851507257975,4.868998503642932,-0.24704068778393154,1.032244314120772,-0.34221011414743663,2.990960083249955,0.10911608253481488,2.5348657278865576,-3.824669857898106,7.420713448147599,0.19464787510534057,-0.18138412434856058,-2.5199793718631844,2.2397709065371503,6.221668608715137,8.022000562437501
-0.1498076323283214,-1.6610766375238697,0.24362622500956047,1.358259949733814,3.5697722541832686,-1.191149273132284,-0.333581033930183,2.7969634577532596,-0.2939848035673301,2.9267923606112607,0.64441228952383,-5.321873013140011,6.759570209865768,1.4370958651745067,2.6780923547347384,4.277010026037694
0.7157259966532389,-1.0401255453265426,0.2015589967543883,-0.48621460779507936,-0.35002628276248804,7.03270693576336,0.1512062896806746,6.009253512643278,1.9874079059114054,2.1513915675915,0.8018842358365659,2.8238664868660264,-4.475273524281258,1.5077151989241437,5.569061871847761,2.9902338048393537
-2.818428077319015,-2.755610769727578,0.22132822937270039,0.2990996214846772,-4.00354840904412,-1.0349598614592104,0.21584985097746057,5.090733452487737,1.355978003407518,1.0123662462088592,1.4706961141956658,1.0863528514838159,3.9382380733018127,2.140569036682447,4.776334465298801,2.633854774461749
2.36359438562269,-2.0603665464532877,-0.3999918424536785,0.08953058438499824,-3.806703007032783,4.884980202836294,0.41036394578466795,4.480606530562976,1.2116223459253086,5.416178394183517,1.9404662116998805,4.1222020207873245,-4.56682940727969,2.367430084507292,5.659508946717714,1.9966055243589609
1.0887527916121185,2.4109296230350936,0.10657643842697156,-0.33404289042949603,7.045482557503661,-1.0736008340666692,0.05787204318245214,2.813082851705917,-2.2184298623541063,6.997536364942167,0.24937062857668757,-4.929204719793362,5.277243788128097,0.6273707577176388,3.324665501825511,2.2713939628016084
0.4344641071756677,-4.369324406238893,0.2507819692840179,1.0471122464040916,8.732270213836184,-1.4199868783615528,-1.0425375216118995,2.698390704241891,1.4706137140827875,2.659472317683201,0.657314579875519,-10.629222849289574,1.1608040076047184,2.60896337957525,1.7565357733567561,2.7841006816951563
2.882243825730016,2.2383262131537,0.04777137256910399,0.7089343443599846,2.2100269899740823,5.129909610193223,-0.014412909967203725,4.719890652855239,-1.8554856128295265,4.180424651563167,0.02512732970962898,-1.5194851691734519,-2.7259989404308143,2.07618174729372,6.099288306015233,2.228332489014991
-4.719465953389649,-4.676305579698489,0.14961926796163133,-0.17659900384458402,-2.8409101681492768,-1.0505787676386535,-0.3876976195999883,9.984684645339147,3.859047849434428,1.4018838174616297,0.34119492269773083,3.9498471334427596,3.586321332427363,2.4771040430084503,3.8646606125632927,2.9399339411354153
1.9483017607331286,-0.5933825194646292,-0.74254621082979,-0.07730232185249572,-0.34616421874364295,3.440852041264375,-0.010574428295716606,4.409718391676745,-0.412663794275374,4.935309713963417,0.8328518779631712,1.6989634073463582,-2.393036478964612,1.251567674793304,3.2444896150777733,7.5735745143949345
-0.3908734376255892,-0.14796140430370983,-0.227262890274326,0.8235182280714319,-3.1756477504288787,6.062538245820827,-0.2153601211390143,5.78967257756864,1.388471621739368,3.6860703888895614,-0.09184393361024513,1.371471291258931,-2.910543687185817,0.33863834081473737,6.112610243789541,4.0808630142823485
-0.6686876426401237,-2.0769403021029818,-0.2278774366478122,0.3131574727085736,-5.4276907413123805,5.581468880030637,0.3018084411922218,4.842496167254791,1.9971728461006033,4.531337856714303,0.21002207938954212,8.255343249964216,-4.031562206785816,1.5206061154833685,3.6635121127907184,3.5270197022271654
-8.514599553479366,-3.4343876833335383,0.22744405761801592,-0.07711434678174514,-5.9747706273374686,6.50523892441299,0.19710379629457983,5.70554246444876,2.7971589437431343,4.5249915017935765,-0.6504163753734126,6.146600813020331,-3.74538782438015,1.3939339911773176,2.6050430428811238,1.7078251840183512
-2.6693012606060753,-4.4260544798170836,-0.6332603456300379,0.27007250573160135,-3.073485238589657,6.3500196517240255,0.2706320420215679,4.79124363027878,2.029705191905921,2.801635719481856,1.3282790032265086,3.044188156835735,-4.1331376876278485,0.6277961726840591,3.2087779784128077,3.6468534931776433
1.8257928336678697,1.5004607252230249,0.27200582012782476,0.42033841019310036,2.209718360836308,-1.0630233134751519,-0.4395241606012175,4.085088130715012,-2.677813768862435,5.365104695942253,-1.261627030628423,-2.283792098476241,1.2827717864873511,2.0817429918857906,5.1887174036391075,5.011848885085433
-2.669584955924191,-3.7586994163462273,-0.4793172912821169,0.058219519088666336,-2.890620366665225,-1.0259584284747638,-0.16511107837532984,5.1997042648127945,2.96124588739872,4.529809555123251,1.3168607148677116,7.6692052290923876,5.010678147656222,2.9122627509788916,2.6370170680234826,2.447682330818537
0.5762075457427034,-2.2223502043879906,0.23733392566566694,0.3144164250111207,-6.319450098234539,-1.2524436901410418,0.22185026422329274,8.101502857113877,2.2060366208404307,2.023580282432027,0.5323476597468059,6.793194552667439,1.1668462541550395,3.092843704422315,3.8256144108772285,4.0710558339885115
1.8800642928471778,1.8286810709772006,0.07850913444037276,0.2792335648722952,3.1327894330720114,-0.8195859519727529,-0.22667129051685364,2.546823067899483,-2.3858482406834773,6.554820049573978,1.5859130532443528,-1.1355679737788937,0.7404364318661394,3.232228770762681,5.833744550154855,8.70713533888385
1.1234831122585263,1.6209287146603069,0.12823767797974875,0.9303492324166,-4.2662281243642015,3.0226112427636975,0.25388059550027064,1.7774239991282423,-2.0191465435525555,1.9720118144775434,0.289013449909864,4.587524586108046,-2.5294608491590083,1.4043414535615593,5.878680431940748,11.934151401323577
-7.3739432556501905,-5.067018913615359,-0.8988076506368816,-1.5858838574583642,-0.16128948525774006,-1.2308376726706816,0.0188059118613601,4.950335057740253,2.1470610643898453,0.7477143777402431,5.6300688023964565,-1.44391965677822,3.6767104559382418,0.8016930013840902,2.8699291782764105,2.492833488416547
1.225668056478103,1.9859915436332425,-0.15151288317671702,0.8682069201817122,-4.758681841903367,-0.9989934529786306,0.1280565844662492,1.6334767941497266,-3.350957167023173,4.805491465349992,0.16397025808940366,3.5713128374492134,0.6346898759255809,1.496929329226415,1.6026779300272467,9.198960915150742
-4.106372099773959,-0.16948049763590117,0.5389335200476144,0.2030239905157748,-5.307733568118265,5.849359914823745,0.2074467266201977,8.02919775269429,-2.286289311083655,2.861265743467336,0.30232238983362963,6.898156318988031,-3.978010384934644,4.819079887063396,3.683322911217808,5.8094361399970955
-3.9420661089948066,-0.3232084737004083,0.3104703722385071,0.1534808719841145,-2.7305349053681516,4.557486842068534,0.34070239514857514,4.563326293652255,-0.8739015740777056,2.1021456924254704,0.4192478110492993,4.630519781649967,-4.065077582548063,3.243667881578828,3.4139728326306993,9.44755038137796
-0.8465646869602306,-2.7967734463287837,-0.29008108907751745,0.4844779283592169,-3.398135633811355,-1.002369460336864,0.22657170110940902,7.955010655899843,0.931086953705798,1.0804230733110265,-1.192538811324164,5.836454383489364,0.8364733078069985,2.3516997851046417,1.8656320101642054,12.953772254798404
-0.09703200483446359,-0.22587054786396515,-0.5532235479789475,-0.09058293426036841,-0.23267923679947872,-0.9951211519303423,0.09870387613773351,4.013456618186087,1.0607016249373555,4.557185062063237,-0.0900816786748664,-0.7106845037440456,3.295029481253897,0.31959497907757783,4.052049240867296,1.918036377134422
1.2726525326588507,2.450817392059912,0.25660117677847577,0.9715093427623309,7.187554630811017,6.88410125379761,-0.10322889725118936,4.217137016106785,-2.101334264851796,2.2282680560275923,0.520353601987707,-4.0974429312031715,-3.947079969095066,3.863523860608538,1.9825449719317259,3.529152455270911
-10.203575979943077,-11.643900282331778,-0.10541394975160578,-1.3393577383799318,-5.103449080795341,-1.3513606828227636,0.16759092983679133,8.119504089236395,7.337313686837287,4.683728590548039,1.8154033694054428,4.278506917378553,5.335382919284824,1.7493906001485882,2.1329459627851217,0.8157260069685682
1.83809137454008,1.4630709228118264,-0.33134157934039854,0.24922917173181905,-0.44810337079937185,5.4976202389597875,0.24645518222078636,0.8785460122699547,-3.182588898725807,7.230374598011375,3.1069769730567933,2.7362404569036634,-4.206985062644198,2.35899577537179,5.031485247384136,4.081370285036663
1.261969983341793,-1.5459096440058004,-0.5488057605326179,0.14791564308852004,3.4500006491299917,6.820878063386926,-0.2492766801938418,3.5895961111833086,1.3693490263745196,2.7224967688989703,1.1248005244845802,-4.181402033080657,-4.213625245299093,1.3725640541172466,3.647951864908139,5.561985636729108
-5.18318635022388,-0.7609587074803036,0.8997600269747588,0.48480554582904306,-3.4137095663174795,-1.0340385203246647,-0.01704380453626307,5.336571783296764,0.9126078867064792,5.760902033512713,1.9025918869307687,5.080958306503791,3.742062851614628,0.5358574892481166,3.1046880894588917,3.8764738626560824
-0.4717740869286157,-1.5907859582689903,-0.018852500046292953,0.4721945195396742,2.58871838516059,-1.1482801558151843,0.11862207642321802,5.493244431591282,1.1190767917893827,4.126759629060825,-0.25678480975826584,-3.6094173070999482,1.12617151585718,1.131805707514907,4.071772009197622,2.875421668415269
1.5393171064754325,-1.7093261345618715,-0.2346345091474559,0.8265249405267342,-3.271515847967938,-0.8252461734314757,0.25031994777421096,4.040497573874891,1.5485710812161366,2.2523787906275445,0.7452105830305571,7.2389728814139955,0.7943478126327203,2.4160589401274923,4.847057098424683,11.366110755304497
-7.940341475615899,-1.6195789169321457,0.10191344725728653,-0.19530934028079097,-5.1400879927821235,-0.8578043704647565,-0.0955704919207683,4.5344121058162425,1.0270979751689981,5.542287899790468,-0.021224667746107952,12.663416697610788,1.117840647379557,2.7809795688521124,2.1913006482596975,2.80215805211314
2.0211732237053424,2.861903654913573,0.23402652070298882,0.06058978268131619,0.2077751832703747,-0.7954268846946457,-0.4351568822860715,3.451313223431507,-2.4416566624653844,4.749927759729327,1.2461052878883978,2.1744490607810834,0.7293463591535887,1.5038277948995429,2.4040188484912117,11.869587084418788
-6.693709501412309,-2.8572759566959,0.3546321837833773,0.33398261216500147,-6.700035903191465,5.615011237946961,0.20825849481423714,5.9272658564553895,3.3462239760681998,1.726488370057195,0.8447972655594348,9.921363161521791,-3.0767682884467655,1.1547508691015342,2.009101495570115,3.7318392617196467
2.3240034542903296,1.7158008276509746,-0.05604598467424544,-0.25936967199544064,3.6557234824588503,-0.5600193058165411,-0.11188188506662815,4.419576259403178,-1.3598358767883425,4.954689829904587,1.5506073665960578,-3.763190576181126,0.7153864083588124,0.38600924590975033,6.758171877072503,8.141210954035323
0.7761369809210297,-0.518125887693217,0.2549355181753635,0.910001265001794,2.4176095997790488,-0.9376700498796995,-0.11955629632125273,3.661561456878979,1.2371385081317285,1.3815080486635363,-0.15310845646015683,-4.493748079350839,2.3758142987911897,0.5263346715507405,3.5378778550426184,12.202531665530696
0.42701674553332936,0.6407249913861353,0.22948131982865697,-0.013445511819174054,0.013903407309204497,3.744875412064916,0.17966821074113284,3.6195732363698387,-0.4467851156694815,4.295857334464789,0.3597082800169785,-0.4511769802148142,-2.6336004888852282,0.8846435817345035,5.154816023687677,9.849177185416218
2.8022324896088495,1.9763543933182954,0.1979180782139303,0.751553529328977,2.7147543954715756,2.365774049580097,0.15265536497533294,6.197709247961639,-3.08623263962396,2.364035661444689,1.144053282991052,-5.180594907678665,-2.6423396373492816,1.7391290532728505,5.176205265476136,9.638024743742697
-6.706024731366119,-5.107416524103223,0.1994076483808452,-1.8084957642328612,-4.058740384866174,6.934578784242894,-0.01150212179000188,9.274980849128992,5.805592217945494,8.177668836680242,1.3467562525573493,8.277752139347296,-3.963834838539673,4.039339017834513,2.9441923070674147,5.257597578931597
-3.337076495018787,-1.3307255602478976,0.25563802481939363,0.4474269109324858,-0.42790646758799755,3.444093620061874,-0.1432610670141873,3.1710387898205474,1.8812590635140265,2.0318139738421888,1.0734009522711858,-2.612748787486303,-2.1076479492734648,1.5946316209109495,2.597893855122229,12.089609771810162
-7.756071822880459,-3.0144588270671666,-0.09298066918334641,0.359090793013572,-3.605706817142665,5.68318063984501,0.06203842063744929,8.243968651842327,0.2685397774695105,1.9163380022011698,0.8908428711021936,8.321596202893804,-5.3310530833132415,3.6681383117677187,3.526824229526798,2.764169261798884
-1.3229833625303575,-1.4469240480356382,0.23276521005108924,0.36242063276966446,1.8917936439501746,4.2759231717586506,0.10700642141078885,4.881622793164725,1.115119155954569,2.2546835844417417,0.6496859905378277,-3.091617971607173,-3.869508154569505,1.7698059385518232,3.3514625006864476,9.441026821474775
1.2190027993520094,0.9078367463617272,-0.11774429685870835,1.2776489873727168,4.295233576834202,5.573538849058252,-0.46955434783198857,1.5828681018513935,-1.5464600212213888,6.398004206784148,1.4789062116385123,-5.499855789663269,-2.686015554608312,2.88651412373657,3.7610328317185253,5.608861303875845
1.6288101581248147,-1.73690974468862,-0.6014111772887407,0.1324007819729554,-0.7964570456215496,-0.9977622925639152,-1.2104724798550208,6.92256860170203,-0.30448147151557114,1.3616783486815784,-0.18948596241821852,2.5629232506385695,5.717657254350681,-0.18109697572017774,2.008545514614632,5.015542413299283
2.4125123104372377,1.8525004576432207,-0.25001093103364097,0.19370066671321798,-0.5793398867274326,6.765327953233695,0.16693527321889962,3.9079410974582043,-2.611719041347504,3.394915405261951,0.4622114756346372,0.309346099815021,-3.84441799223004,1.5046132268359267,5.170746797738133,2.673937445143238
-8.83969626352315,-11.82170214092731,-0.5187942213205,-0.6780225489834943,-3.733661874364131,-1.2127644849220909,0.31856921349838385,5.860915054037547,6.631613609243184,4.172726869653911,0.20437562348755717,1.6425085763012375,5.035741589426374,-0.08180969205964364,3.6514086796641347,2.7078948313513163
3.1146684118633465,1.880748967390197,0.018522690380613435,0.06560949802088241,6.8011413386613135,-1.0365846897214646,-0.0029968635315696266,6.156243067209221,-2.449514245688915,3.224975099160334,-0.010975994513059048,-9.924177200340043,3.4356749021171904,3.622778617523688,4.2069324992435675,4.344485406259696
-2.2150543906070914,-3.7465379553626597,-0.237131317319969,-1.341025836581054,2.689714597935789,6.213103807756055,0.07874326147573722,5.121672769108787,0.6319152543266149,0.12091184992995113,4.503009549576478,-6.732059762841711,-4.495516230637828,3.503345520532301,3.8525495254310465,5.051610526839892
0.37532901620864956,-0.9495538986424609,0.19169456843286745,0.9515504393118115,-3.4416653647559374,-1.0118419111507633,-0.030644387914489,6.0910741814846805,1.5261895997126897,0.6160817104556293,-0.16790512109796124,4.310446642175317,3.8344125062323466,2.0517101110580067,4.199590812121827,3.851307503967235
-2.197681989501542,-1.8534535460968804,0.21041517013559757,0.03529170127709736,-2.7557012968237187,-0.9633037336270015,-0.05878654481967308,6.381750782411563,1.2785254225476532,2.228957460543141,1.5540737805073923,4.602992497086524,4.169570517778396,0.9431535573872001,5.457159619619138,10.079828420551513
1.2254768493125843,0.6588499757673902,0.25955872660130264,0.12699262055382116,-0.47754037293170865,6.566146486455576,0.11290474557876588,4.715576410394162,-1.3750334266393138,5.616151776749642,0.002494938300146391,1.5400540527999405,-4.481072014087191,1.8313838111807892,1.9489136295691138,4.13866365087529
0.42108306086622194,-2.9668664206623414,-0.36195456868410153,0.9164535247503472,-3.6895840139260203,-1.1608394515834135,-0.2704817811915034,7.041890261818811,1.594288240980357,4.956314981656769,-0.18349205273079386,2.115335867509556,1.1283343631811438,0.3965067211842786,5.263592213392879,3.959276607277492
-0.90305189627409,-2.11922849487979,-0.6157639701304339,0.8649447496449569,-5.2325018883699865,5.150489413516982,-0.15430568305899664,0.40871666885105307,1.652836419812093,6.419328086191168,-0.34011003732859757,5.954019723690115,-2.9072466756322735,2.5289156743888737,2.8829488670670744,2.4749111520155953
-5.60006480776177,-4.056651172344884,0.27351825668484303,1.1655470043035847,-3.1430828067216408,-1.4706192761324346,0.20090389178693316,6.617821309985593,0.8067741922742381,1.1277641118411752,2.1901406567158026,1.6022908121094417,1.0750103689519066,0.4013595686901823,2.3528146940742927,2.4338127440113264
0.6048748719102391,1.320338087108957,1.0103584727458652,2.097975399296731,5.635016933161766,2.8272485907922187,0.2730872785424195,0.7079363390567404,-3.2828625959071034,3.76713705498601,-0.15664367991685837,-6.547170855189363,-3.070935570756672,2.358708794181274,3.642642481940489,8.764340318342052
1.6539385658254224,1.3716868327260017,-0.27858457299570194,0.49538606267174146,-2.9772122323885566,5.107077176272869,0.2380565088192625,2.232259292751551,-1.2442979741307598,10.941102362512305,1.780658416861125,4.886533439653615,-2.969919526840327,4.195856600694358,5.154064059779048,4.477442605104297
2.609581240729739,0.55377587299693,-0.30154622220868876,1.0074196368505557,2.005359045159071,-0.7834615977232656,0.223478809191535,3.5347892267319065,0.20246976977710957,3.941170111243692,1.4978456185646356,-2.441059082597494,2.2673276532466207,1.1827683890673024,1.7904175037244952,5.515563449202725
1.804823815725744,-1.0289934909343723,0.30209980932747293,0.4382753258620698,-0.2567335728444156,-1.2008369884068761,0.18694390620291249,6.214580182025831,1.9446670047640808,1.9680934286614256,-0.5423693121870359,1.8965530206436916,6.74415044383332,0.6887962787648036,4.807495884453257,4.362611347977071
2.0791657224210605,0.9059799448375903,0.14200188182791038,-0.2601451013510424,0.3013186475311713,-0.9983521664962172,0.08243722758814745,3.8017693007153768,-2.6611034929168715,4.903356989952426,-0.755258934223404,-0.3975190279806657,5.440035632766784,1.1712792657539242,4.5635117728908865,2.474264869770656
-3.288829073461316,-3.3990614283171796,0.2260470510125162,0.3899945037877188,-6.238817375821372,3.6852505636141477,-0.9588030249687532,4.9042588687712945,0.7915802210395538,2.4356632182834046,-0.3299897115069133,7.583977099905412,-2.4113852107912144,-0.02024970856433151,6.512071852074315,7.754489048992363
-0.16888766093800456,-2.4011235891357074,-0.7427388837511337,0.5996752777298299,-2.7705364323596773,-1.019875867779056,-0.5489448974672702,5.139013520292938,1.7987852496306098,6.48735824182777,1.2614621419718022,4.452830446362185,1.3424717396808168,2.7730864613739143,2.841996878348291,3.1939897620367494
-7.516452815584217,-8.410423020421394,-0.5909260944208745,-1.88107609231025,-0.2567587555085004,-1.0782858146540824,0.24932761036852977,5.547817997244497,-0.43929071129237646,1.887340720612866,3.3807882674522696,-0.2956355161081496,2.7871123209465294,3.82998163838312,4.008102078823993,2.5813040539063508
0.5589162691918511,-4.67492167859835,-0.4010635051329931,0.11585650804018013,-0.33375900405645387,-1.2279714444242416,0.26749209596340806,4.579017900706577,1.6444617725362383,2.9443479705552265,-0.4726886345557866,2.91419689450413,1.5058069009681545,0.4084573255330322,4.315871963040282,4.132327537317449
1.7135767909710604,-0.44282462735342143,-0.549124997389813,0.024405295598630635,-0.8543616740759462,2.6956830841923756,-0.20914258062094418,2.552557442159779,1.6647520043012525,4.83530800358206,2.41338061142775,0.3090076301991948,-2.030402791441962,0.8915979266197738,2.833062052823604,8.052583425570898
-1.0917825044194855,-1.6222362201698128,0.2394504587498184,-0.42362419767801945,-4.1911350883641285,5.688136653115353,0.24908026969805377,2.790893864236617,1.3770187024617722,5.609991708961625,0.7034634347384948,-2.0894205589494663,-4.0966547364870385,1.1360524510692338,3.479103147395034,3.3756469852775344
1.9624653087109327,0.5139603628659,0.43301160138597117,-0.23355578665559537,-0.7106756318553038,-1.0052148150801659,0.17993357381721317,4.28224034440859,0.26783473796583696,5.002654231955296,0.4096090701222424,3.2480420583101606,4.11934485027194,-0.08709519128874016,2.912868732015292,3.676056726519019
2.4074175286069512,-0.6664214153364301,0.015499034596529349,0.17583055797653901,3.727816187405337,-0.6729157841075211,-0.7409679380990563,2.745158281360443,-1.1768508938054238,3.1388686788082123,0.9607414742372931,-5.415087563758093,0.8579860860891645,2.0769704547561703,1.9103191111180926,14.418456247887956
-7.425143303409452,-1.8529474153538075,-0.6472825278441111,0.9056405397367969,-2.465402854774768,5.7796224388498825,-0.8722419811648632,5.01507357450016,0.39411860287375766,5.053729785923226,1.3265014131351685,3.332011530754467,-4.191047033101942,0.09603420830828423,2.670621827116547,4.980111518676082
1.0616069026490051,-0.30211174222904563,0.188828701791664,-0.5543995095578332,3.2063758097990265,-1.2424395729899402,-0.07234649252022309,5.180844592828304,1.2994652162988976,1.9121623327657582,-0.9920789327273769,-5.211168801630537,1.29521296008428,2.1538468494017926,5.25686345158269,3.9918815640500585
-2.161104201163786,-2.679780874242385,-0.5303541765312353,-0.8032600989341733,0.09687780714034998,-1.0178314290071528,0.18171177848925205,5.987724069653699,3.62917147917673,2.8412260012539723,1.9148192574605352,1.714555407103463,3.803504807658492,2.43063340355487,3.7331021107311053,3.3621430037322773
-3.430726717726891,-4.537928681792071,0.10552815425954755,-0.2416523170073828,-4.698296529963302,-0.9129027592875065,0.23203120716847464,4.456454899608409,1.7934184896942846,2.3328433748433985,-0.6321333235282602,6.500226707303275,3.7922984070343273,1.121318194021859,3.2294850496513154,3.6284399236080556
0.8676205832349757,-3.166974507888158,-0.2777105616008243,0.6333876506155355,-0.32294959112877714,-1.1313789421754579,-0.048646550967047196,6.306605333683082,2.8800847577129796,4.046901997407279,0.5236380824229369,1.3655450253846746,4.976607528318962,1.4422018873443214,3.7060311893206093,4.207248011754206
-4.160863029470047,-1.3854707819571095,0.2676948205350589,0.5419598308605306,-4.450170224010557,-1.1636492291986944,-0.4741210574598712,7.228013193711716,1.5550934877811622,5.018034251172424,0.6172711512750444,7.042926225883887,6.667009133217254,0.8310814602542668,2.6051772368637227,4.912905447173864
2.3260000351260723,0.6565632820046352,0.1230435003656897,0.04798222803611655,-0.44402599717179936,2.6374813279012845,0.27437770094474145,3.5875243134650714,-2.2304386818173034,7.080156124141999,0.9625278428513548,-0.702177027786771,-2.5298533922290276,0.5728577496459084,3.434298000210275,9.193145650690498
1.6422102774430536,0.6541537891570478,-0.12898349246258486,-0.21398673458583653,2.2920230856314308,-1.1033394018684828,0.14088191621067647,3.908065053651808,-0.6882291014368339,5.50327708501617,-0.08134596152355282,-2.4710674145122358,1.3459275341996304,0.8431673837924999,6.077908170272908,4.229562491318832
1.701596064453945,1.0422980880166093,-0.0629297008551654,-0.434741535263757,3.7905793518995248,4.691842693010966,-0.019648513784011237,2.9624900633109092,-1.7599663151701295,3.296478122305125,0.9122501638519265,-4.635109878424865,-3.427956138434199,1.3172968770464266,5.542108859117144,8.046419529761186
0.24912963962554902,0.8703634371881683,0.36282927367153306,-0.11149484723682228,3.4044668881893156,5.219575905889273,-0.6136701325424951,5.578288131802031,1.0439068826672937,1.5906879267462841,2.192877935161193,0.7074594818639264,-3.885305471115047,2.0036694343052806,5.084802355083326,0.9097308871014197
0.6455670899034786,0.7908291084819162,0.20486928315747913,0.8220323122677708,-6.356530216596943,3.2066873251348738,0.15516831116874977,4.469224167531976,-0.7047808384150265,1.997472872144232,0.09550106890002893,7.740788372203087,-2.419038280948143,2.371476368958752,4.48762818635752,8.241966940191496
1.5013065621616943,1.0889241014644506,-0.34784173618163944,0.11842500138469086,3.114024737501517,5.591719877760857,0.023968014458814847,4.339094824045277,-0.9393619080722957,4.895896657874806,1.672757558621466,-0.6998771129921073,-4.119337407436222,1.1386930196620522,5.161541222979626,3.5132461315734935
0.1550778375932327,-3.204031610686952,-0.016511664219200205,1.0421987031437456,-3.2652759692057343,-1.3511635583241777,0.2535711347858105,5.9756461115314945,1.461683227455864,3.5014284096558885,-0.374478387325381,5.5355258584966265,1.181500405520201,1.0713436497151851,5.129194237259527,2.7170765671251953
-6.813170232315083,-1.3376201370049574,0.48143129963412307,-0.9688271406915352,-0.018674556218708636,4.361479767074187,0.19807390309373568,4.997502909225721,1.116247533493986,2.9334845236099025,5.152842532869427,-1.646584891126801,-3.633357165873051,3.7501631995712708,3.304396541987857,7.031666472735194
1.9276322107296442,-2.5036541109656287,-1.1237780952267353,0.39981724211449365,0.2617228889248016,-0.7475531120343758,-0.8060910589372122,0.9800195969920612,0.20710034651805967,7.525958980015171,0.7684462603752816,-1.2445345358525712,2.1071119661970683,1.8321715951586768,5.918471238076685,8.225062711578484
-0.6049531026085214,-1.4893573826017483,-0.032291707312067076,1.1911626332886518,-3.544089181645773,6.121063256474831,0.19990773715575544,4.941079128813309,0.2724903021280186,2.44692277145541,-1.5039841965300342,3.7962826392312228,-2.47643572561047,-0.12760654274498448,5.1041839274539,4.089333247136325
1.9091406422356767,1.2578723492994905,0.17823963054021175,0.08620986834665102,1.8626011560546847,-0.9193714428742723,0.14265232736617323,3.3825098707154395,-1.9116301107307285,3.7079654697130127,-0.8571068964476383,-2.72131565007319,0.8683288444864253,2.923177902668714,5.369856530432902,8.536614665865898
-5.021662229306064,-3.608664745654911,0.011207018428792103,0.04467621412624941,-3.529606384771255,-0.8290340286791327,-1.0094039040481053,10.663815377137318,2.094114197270964,2.2647960903619735,0.34083328164116644,5.068305277355638,1.2698088909511767,0.9272040504316492,2.9193974651135504,1.7037387233488455
2.978435751739269,1.528080669031168,0.1274291967879984,0.20085701882978918,3.4728399240300054,5.0302427244838315,0.07230728644381006,7.640144362000826,-2.448829089982358,1.3397141983471805,0.36780715648457374,-4.599066591822231,-3.362394480545306,1.8913749434178848,0.7204531018986987,1.8964929531291126
1.9013497431110586,0.579000637099146,-0.5569898317158221,0.21744490791733034,-0.9313753821961579,6.236770905380445,0.035631735548998594,4.494854540688374,-1.3490707427635793,7.101542593666663,0.23378837598984498,1.787763086914318,-3.4688219049839923,3.099541808360566,3.035595651715374,4.897193153960631
-3.528211705667588,-1.3557111044932577,0.33733011791979295,0.3967111875029901,-5.6768776775461935,6.23168839120368,0.201723779369456,5.2274258886625375,1.6382458335782102,3.639362371968727,-1.495451925587782,6.391281423552272,-3.6767866725819967,1.1209957544120648,6.234668615880731,3.272899844879905
2.7866324034047625,2.3604657456517844,0.05195106669391156,0.12937092426760832,3.5076852049765477,4.11623118556935,-0.022663277519245312,3.721626664960135,-2.719582697616269,3.033264766044371,0.005522407327468404,-6.290019801522295,-2.8289745134056234,2.1410026120257872,5.371163683736076,10.960510708053906
0.5803096601863704,-1.9046071204766628,0.1569533601800598,0.018499077260494327,-0.302576757195095,-1.0271935468638935,0.0762855604887008,5.597161145717525,1.5158553942677873,1.632501547217369,-0.2676151078771797,-2.6681469510775058,4.712299501691013,0.4347510803751645,4.3022277115428205,2.768315275624395
-7.800772895703343,-3.893712547152924,-0.2561875204188983,0.40354516751303676,-4.10412442166265,6.20360658009102,-0.41192843944331,5.619504391223444,3.7015718298355744,5.206880065435543,0.33337592266748367,9.52835278283133,-4.187990197521945,0.6000189940920103,3.7673608042451874,1.6135345280425009
1.4643845578481753,-0.4727438544608502,0.22592853871732996,0.13572305321569242,2.276106500737369,3.192331980737547,-0.4130255434922876,1.4203621284576755,-0.9288094717558316,4.793638774334143,-1.7681715202185633,-4.0577768250666555,-2.4982689750618308,2.5763011335522554,4.7058209923294685,10.478366295147687
-3.8623685829605288,-2.51732168232502,-0.7093503634366981,0.4935722597526232,-2.658308243554377,5.995500375634466,0.09236568743764614,7.315267305681792,0.9424506297508873,2.519790340100726,-0.26788254984313015,4.778884198296816,-3.450970696802658,3.7464895389097124,3.350634320718858,3.429206212767633
0.9041153756789863,-0.45482221570859366,-0.024726670737067677,-0.3887316183050474,4.627827166842919,-1.176314120106399,0.01852325523023802,5.310782229876766,-0.8448172253643467,3.978262924713392,1.743634610390911,-4.903447677443037,1.235392053615302,2.54047708886078,4.4260242276638735,8.202948839548975
-3.135681722107033,-1.918415371716023,0.218916345749051,0.44519887239361855,-3.954164972967157,-1.0738048380663001,0.1906770479567345,11.7787219087258,0.29365498299710446,2.2579324942414343,-0.5727154744391638,4.009951784176131,0.7906188088829313,2.290019739314914,3.1412075757347035,12.499482163734426
0.12401549768013297,-4.07485972203097,-0.4678362368283172,2.9808690830692655,2.235647560309618,6.095001771458657,0.20512004136666687,3.955991170686668,1.6378370464344816,3.368682890367695,2.4672804850414396,-7.596297660316031,-4.767347916605261,3.0898377342571823,3.777223919889268,4.961468912374618
-3.0681424703408653,-3.9646846610804394,0.25555448678632603,-0.2581236268980429,-5.366005004337214,-1.2483386451862752,0.15200234559628453,5.820142011335118,1.4647136718053366,2.568694571137118,0.04259118822713705,7.4093718535962205,1.1392817554598054,0.0379892833173899,1.9611879133048165,1.6671560537243877
1.4804629519606631,-1.6553002157409984,-0.33818254294991534,0.33234017713367925,-3.594692098957175,-0.9940811579748992,0.23409597184757455,4.96707699489966,0.6058113855974132,2.1725264297372973,0.8330456021754075,4.28468809842815,0.7699140938992302,1.7146934439490236,2.595655406774332,9.245760532591495
0.8531847400361047,0.07213865930928585,-0.5381715995270449,0.15469347967455818,-1.28994238666414,6.185384988191227,0.21069977499730844,3.002703063202402,0.42276450936644794,5.860117471481985,0.4441519113481049,0.6129128309409813,-4.2443668210624415,2.607202022674183,3.703767448849977,6.149419981772703
-6.968457613980941,-3.405268091402249,0.16254360808121676,0.14652907400454118,-3.7450301581866423,6.2086042137582185,-0.4332440390773116,8.916055301332458,0.7595100684538484,2.4043986870981757,-0.2981681831218299,8.863379259911445,-4.098821977615512,1.6521557696747278,2.940205462641859,2.7834553690450266
-6.868052408465844,-7.755995903902609,-0.4975977792342502,0.39280734986711013,-3.770639456609613,6.255132302536629,0.18966308956903682,5.898452623189739,4.73945562563627,3.952968895729398,1.8299250880774927,3.3200989572755835,-3.1564429993399936,0.6854504672807328,1.9262817559776202,3.347773850671326
2.3114006698060168,-0.6665733302105227,-0.34247850169862315,1.0500792163209982,0.1986656849449495,-1.0880596743555118,0.0377579940234621,2.645734623160834,-1.4028524773220217,4.765694530128811,2.3733521390122676,0.5879012135639782,1.3303804557248948,2.873981117799879,4.849092390005788,3.917920327397375
1.4134287058984247,0.8383170501502268,0.25163574282762935,0.21361030525434796,-3.368837238677778,5.80964925079358,-0.050708973134557994,5.143268972134839,-0.5437551775448954,3.783649808439736,0.7710438909096795,4.171227709930954,-4.377116018238981,2.5547155942923845,3.4561141150991133,5.9085323337713875
0.785169109445065,0.3145250140031181,0.2184026769368796,0.997255019079292,2.7581233210640486,3.8675437059054967,-0.08885626574357364,5.985816051686185,-0.2849307011924672,1.9103734871769942,0.0837188660405996,-4.902425310822824,-3.3901465077456097,1.6828503936057289,4.267905847535197,10.834495768008134
0.6502158724144105,-3.698527973828218,-0.5630735895683368,0.4214525918395569,-0.6945660557237769,-1.4343422713081044,0.275670777782798,4.862261664538374,1.7487215842107935,5.018967953306935,0.5149193861148668,-0.4555550228773108,1.2711324083916842,2.1747199730873112,1.441649063706398,1.7271080270794532
-5.939140412816935,-3.377822586478665,0.30630137105200755,0.6678595938490084,-3.045137627827626,-0.9605796885850523,0.18819340357060213,8.345642125711777,1.0200139534858366,2.970601629633768,1.1317351706102488,2.8506289059460794,1.1672795967732863,1.4518117776215076,1.9568651325963444,2.8809274743224957
-3.5443855561797197,-3.4997492011341578,-0.052421470989783475,-0.010926932109520612,-3.6594607564473214,-0.9436514054387802,0.2288526561980449,3.8243322671108557,1.2975791071211764,3.334066845658236,0.5520682651874768,7.477208402423965,2.6244503824549406,0.947043948466269,3.092573588008682,3.0303728877524843
1.4111359043891232,-1.6611274866536268,-0.5209604831536601,-0.15891169322406243,-0.6539431841969491,5.789291945201655,-0.3978928178846844,6.623186017155802,1.2814173785125225,5.425495948694647,0.441865980754296,2.6110943688414987,-3.2386933620325293,0.9076761726761855,2.7339713649849084,4.5924432112003375
-0.4243765301095937,0.9121580523345619,0.8552295384742319,0.6157133866349853,-0.25800465911192233,4.742925029431779,-0.26409643055343424,2.706571685979763,-2.358192338080456,7.191887695280213,0.9686501174134513,-2.738780608039349,-4.215268552922334,-1.230787431601745,2.3106304854539537,3.2641161796618237
2.7425302467246855,1.059261270835996,0.20383110486716063,-0.219431249462068,2.7474585683780415,-0.8488812279353541,0.30465378247263586,3.382291305559377,-1.580637293373545,1.159793603261312,1.6403956906292587,-3.3761865677920477,1.035013907732131,-0.7611908081049719,4.654557731886704,3.159597408814665
1.2682289522538588,-0.7618619731410096,0.18735028004149612,-0.27734068309639853,-0.3935563002924123,-1.0672889282914502,0.043405823203424336,3.455855833128095,-1.057877605944872,2.084207413794473,-0.07443809878329409,2.8435516076485317,4.666883627429605,0.7131258846720054,3.0982256975372624,3.712834387938182
0.6838849613939719,0.6260593999326232,0.25010013041893625,0.1455592150203887,0.5304790581266082,-0.7529081173737844,-0.1672959836026039,4.484782340515405,-0.38980480018630576,2.267826612229149,-0.1993007911493375,0.8878817770841214,0.7508938227097189,1.3589928782929979,5.1512778599758935,9.223720450217524
1.9154738248202487,-4.274804291320344,-0.4532140048705041,-2.1760351111876464,2.167428285275275,6.073724979809175,0.21097360387390154,4.716350523937494,1.387494661499436,3.100271093260496,1.4558798179129755,-1.056187158584517,-4.678288162536608,1.8353824397722882,2.9860303300395614,1.0022579629831794
1.8215192610708373,-0.5328382039268811,-0.015273930830259392,0.9072888096645476,-0.10733104625592643,-0.8601478768338756,0.1177701678598916,0.8577627930641177,0.47318334079037055,5.508402647575986,2.289225789579253,-1.143801027973493,1.6356623287672787,2.4153439647393924,2.287041019345324,10.81881654601172
-3.7166803088312355,-2.4001119289050497,0.29231001084173697,0.37949447588622554,-0.5701378699193397,-1.4062944753542543,0.06514942423502586,3.6597681546366467,0.7822409845416741,2.0238390901746848,2.0423739803787324,1.585898835676412,1.2307018566938737,4.7100456245740245,1.752774986961236,1.1982894760432339
-8.421461972825986,-7.410785752612204,0.12684680802530285,-3.016237792940966,-2.769376998110053,7.1485660148953905,0.13568501460428015,5.593011369101703,2.9088324780743573,1.8163421338001884,1.9000505316408043,4.2082545609840505,-3.9450244833615926,1.1731150836090862,2.6988065257407725,1.785572900402049
-2.9644355293037377,-3.088569309614599,0.22487027351309835,0.28631520854805886,-2.891576719818831,-1.0525831560318673,0.19629565149545639,6.660994028101055,0.5109027496458344,1.2306027047142465,1.188408858940626,3.4456123784314836,4.339707877295092,0.6991679599219935,4.176970649884393,1.525157784318552
2.6602168453099826,0.6972778328584965,-0.12301366065690912,0.3684267968373991,2.516313406653702,-0.7019897239059204,0.275198008896162,2.492355820907902,-0.6805388970598575,4.073664730884134,1.4628885465162653,-3.018402057209363,1.9452673748383924,1.1100832890160386,4.102210133170088,7.635672269624966
1.0355622259817707,-0.13449746326776157,-0.6353115585520867,0.4034361536080643,-0.4937053188274928,6.455985603549225,-0.34761640193127147,3.7866915757162505,1.1413234246956807,5.8268246094621725,0.960713961161033,-0.6265679159841187,-4.609029725275314,1.340539344475294,2.9187013002994173,5.833348571248353
-8.679471221168587,-7.664100008687626,-0.5669864537852507,-5.599290214927246,-0.857062886099952,6.7980048320471935,-1.5826970484048748,6.84574229573831,1.8906432355434324,2.0255552575094624,3.8592322227293243,0.6131236838001447,-4.3145106831043565,1.524122097287948,1.7260949990736942,2.649017222594217
-2.5277656996597853,-2.6012852558071407,0.2233221569359302,0.13464072158498055,-6.124527550622433,6.608334335605922,-0.02184400243777794,7.3623456423331515,0.9907311291644972,2.7177354713802537,-0.2157074560707749,6.899455039119658,-4.248668312917152,2.496742285748323,4.582248603625378,3.550718793024619
0.19470633184909864,-2.6168514729365717,-0.18091582961132116,-0.1652878950561084,2.1611335545073573,5.881144404743486,-0.06646821651359382,3.713422219339758,1.9691989951413134,6.625823930029447,0.08951023397843103,-2.656420094267776,-4.176413992484954,2.0002856815831422,3.4984532532412564,4.556501385599453
1.5167125127452117,-0.019123473185425035,-0.7019930015479529,0.2682902400965489,-0.7431170713125418,3.3713155466814846,0.3791128068224837,2.873887312155217,1.437148679852485,2.7120228032171725,0.2815424958765513,2.9556285190274925,-3.061118300150459,0.38387629362878717,1.660799338147044,7.185117144998473
0.21169564987098183,-4.118629237163191,0.06936416312803803,0.8808939313255254,-3.8785422455047565,-1.178331547719737,-0.8950162225204209,7.108738315874633,-0.640242095687737,3.0257274726545442,-0.07248525290866362,3.033212276304761,1.2498490269680815,1.035224821084489,5.725171101775022,4.517005701411825
-0.13293486323952666,-1.7749633585109066,-0.11018235216476018,-0.057598508070533565,-4.5863750739060345,-1.2670655097874504,0.3217558560520409,2.782139321183785,1.3772099576570715,2.5570215563885865,0.32977882289886495,0.609590091080094,1.2077070994774506,1.7868945579743014,2.1469024494116504,0.7572223041479786
-6.681187299795372,-4.678629685311191,0.18979203407963155,-0.789838423252106,-4.35221789654709,-1.0273852292969818,0.04821787172680107,6.547574462055849,2.3490236525194104,3.3973322673166795,0.15676190554505862,4.843783026311545,4.046588236511607,2.867972544390709,4.624868808277572,3.692350815440373
-2.6049061466647165,-1.3582875075427197,0.13238089110819684,0.35139446209371145,-3.236485157414185,6.423770879176369,0.2723322850006318,9.25603870557497,0.7530031211369984,0.7882075272841225,-0.8210114379664881,4.702198261569874,-3.0500172074513974,1.619167029029534,1.0005807837763858,2.3211757422524197
-2.254562445460896,-4.116104108074681,-0.10049373358736441,0.7031978165966772,-3.537212319301131,6.241927566481134,0.3641496130091445,7.444852851532711,1.8613427805022027,1.3462418031819785,0.14039074645036245,4.36139454026652,-2.7833497663160474,1.0152401070085666,2.195039203462346,1.5581278340012454
1.694329757759969,-0.2951591039694417,-0.37173025860761627,0.4191549651380626,-0.14574682566771885,6.599998689110081,0.02803198010598666,3.8353124921346704,0.1515329782497138,5.249106156098346,0.5907247015054845,-0.1408777119144803,-4.02818365102634,0.7785820081631339,5.171452717407916,4.481894943531603
-2.8025906016041224,-3.6693593698072573,-0.16637280726805345,0.43475868587320066,-4.791169310148806,-0.8997169695040204,0.356434428305055,5.740642110699477,4.229467293707945,2.5978645072001956,0.8487511885218936,5.251093078754841,3.481363981297862,1.5337023510144405,3.412271142124528,8.78713175458461
1.5356034147653261,-3.6104260243948074,-0.3992352697787182,1.0007277505211534,-6.344773971714082,-1.0210799293989932,-0.48188957944388205,7.003531752986214,1.4376755864229052,4.060842911619693,0.3687583384880171,7.574975353711595,3.4599530737524233,-1.2208195257733263,4.474966886705408,1.3741015949410693
2.039871045967419,-1.8299495257015035,-0.12680576768455398,0.1676693814750763,4.750310324317156,-0.8648487344148253,-0.4886202056153367,-0.583154036121443,-0.36094470123372313,3.477551330473894,-2.271962837989287,-6.461026780510486,1.6627645911173896,2.4595010374955213,3.441337414881835,11.61472347380345
0.7857871904919546,-1.0237324099317187,-0.3858156527504329,0.249229761044185,2.4311560008525857,-0.9199900754193462,0.30296730732917787,4.61777912653385,0.981282786267499,4.9488576396688995,-0.626215918160975,-2.680277464069426,2.544039693986375,1.6239359228735168,2.956331378857296,9.832576312897107
-0.14321971974521894,-4.4120036500530935,-0.1325975332036611,-0.9621546763156845,5.423762474889558,-1.0445970728433067,0.3031643901194137,5.361232908890893,2.788669671552721,5.446796798152229,3.2284035604478167,-6.598953998206804,1.4856633183335262,3.135868725135301,3.9051576788065336,3.356613530418525
2.301560673753421,-1.9635627560894942,-0.5380235369621469,-0.10530955868835239,-0.47428586877509926,-0.9289261107137426,0.2633805465027695,3.905469223259637,0.929262464739382,6.193366411278646,0.6194700274669258,2.549013831903538,4.685033423406382,2.069741451948882,2.722057614265631,4.366649236806978
-0.15479575515072727,-3.129894324312607,0.2300723438818632,1.1633561308284603,-4.516116098800986,-1.0057261851510655,-1.024222765708963,6.210993024991206,0.9973679823639495,1.6718888116333015,0.8072508456831176,0.9609893411956726,1.3384240814757848,1.9582605079344158,6.532062474435818,4.198539438955486
-4.595638908154331,-0.24364418740446384,0.10836211760900927,0.582147063412703,-4.28031615198427,6.828433237663159,0.008853645509729979,6.347511798068183,0.9920441546503762,2.4039815055231255,-0.7773769135226805,10.366800209206993,-4.201058860204804,1.2193650265662002,5.659417103258273,2.1729263291209944
-5.176211065557476,-3.0561664877956876,0.350606638946881,0.0405014605050282,-4.425546450157185,6.7332355898167,0.21730971351972167,8.800568335405861,0.7521491755291353,3.299229434981322,1.1803031157981598,4.629752748095742,-3.483503470685955,0.35466830493851337,3.5532237495370214,5.146742452490221
1.7082997954510313,0.5118371117142184,-0.5767219865173095,-0.2423761405684057,2.624931120811884,-1.0496372249809405,0.5530668759718537,2.524493320304901,-0.6329077728619641,2.2712071470953523,0.94648188470304,-2.6763837945920725,5.397309250596909,2.115439277909696,2.5460861296455084,2.5384918517585224
-6.217453725367164,-5.687920937511449,-1.0715227963261613,-0.6397842529748257,-6.239890794061124,6.501898219637726,-1.6913983853198586,8.623637788827065,-0.4979587418794785,4.73068622419797,1.1284347452673436,2.8097465783978497,-4.412675514027475,1.8244031199982857,3.6585754946187756,3.7849930364657194
-7.351985353243226,-4.676646345741427,0.13240731447717813,-0.11309412913055479,-6.17380225455016,-1.3597955100644996,0.5184401951553298,6.204736745139584,3.1849462910589446,1.5092791224835862,-0.45804310341489796,7.6955629469677795,5.046189348673448,-0.34286739590857124,2.868695093834152,-3.0729363164380006
1.5988398992816606,1.7131751952854295,0.3586260932063063,-0.12389026153956838,2.3123539715272687,4.652642614789307,-0.7573687681679149,5.043274980724168,-1.3440180022132888,5.6564832037910815,-0.8456868870618443,-0.8645071653750876,-2.7814097711793146,0.38607677340507507,4.897032610207797,3.3355226484574367
-0.3526830688218275,-2.2179653431872524,0.11819337809706684,0.9145547489101695,-3.134802864370246,6.799846206458907,-0.05679327943548535,4.143937778202817,0.6223321587483706,3.6337960855898754,0.02720758370775762,2.859648823025325,-4.040608323022102,3.4440734703565643,3.968857071381063,4.40975097775211
1.7368861668842537,0.9748185178836184,0.3563436860566338,-0.2737652706330016,-0.5017723493253196,2.888564043055598,-0.917738465152681,5.4362756868973365,-1.0321501730167069,4.486636979366963,0.5309315169025212,1.2219157641778393,-1.8952103035063872,0.4854842964013416,3.456433275510868,10.66056895894813
-0.9535519947232679,0.5331271934093286,-0.07258901884034244,0.6665460990527642,4.347613593215743,2.6271249216500054,0.1143632808228336,5.606966723959892,-3.758851359980802,4.685186676080648,1.9744932512799278,-2.901461087261947,-3.0567141841109846,-1.1055933535546065,-4.101968003996649,7.444393637637918
1.1822751918191399,0.6816342876075452,0.09957467891524227,0.38996291595697397,0.09335541794697401,-1.1948589234650138,0.1302575167442363,5.132711855915686,-0.779229954751053,2.829078819457442,-0.8741835307547198,-0.9694279243511453,5.939014455580463,0.29867975837364874,4.010386397410183,5.1522736251254875
-6.766660749653275,-6.599446696597927,-0.6129281405732034,0.5787047904903687,-2.904201770908432,4.686387369882314,0.26762997695741514,4.473631581995713,2.6073441263021278,4.189168291772405,1.3846564251134799,2.141544342988171,-3.6258296816452247,0.9237034431071954,2.499317561211065,2.2056855603506165
0.8270210987627505,-0.4963960727639493,0.2457494566241906,0.1257560045445959,3.3538052445389335,6.982245881131538,0.26764129841079326,3.935090679605801,-0.7875020234752445,2.169710183958212,0.7635413441297911,-1.3976825360177705,-4.125246883995212,2.7370205827895555,3.4016596432613824,6.086139331045249
3.053747052480778,2.080835854450861,0.1171288099813585,0.34097998697217535,3.5962719739558326,-0.7138309725709254,0.12513715587990953,6.799297454145427,-3.2507232039389873,3.835084909549526,-0.004745907322504373,-9.000046736920726,0.6418124726812046,0.249581610510747,6.427975385753437,9.955902794657355
1.3979819375053053,-0.210677575940887,-0.5541129799361026,0.5904782760851085,-0.2360568237484742,-0.7388502370609593,0.17638043025384273,1.8628029769932226,0.13994561055054308,6.347064342722296,1.221508033053328,-0.7708724473572024,4.478204815903056,3.7331585661321887,2.497536360671123,3.591622981880482
1.5332383279142276,-4.456353468174736,-0.6292760539849599,0.31397975925604504,2.7877998186089097,-1.0984141311375428,0.36870501065750905,4.487576447530339,0.49544083282475665,6.731107629378636,-0.5106012737751006,-3.776671639782298,1.1985300562890868,1.3376691287382663,2.7402541375507914,4.981511796408642
-6.165718989004071,-5.499817551413704,-0.3495445325328036,0.4628656493943804,-3.4778964675020747,-1.2408467361827695,0.0006474021101995427,9.109736692933053,3.7784852893298178,1.5397476115125852,-0.6886223237148175,8.439814948766026,1.0557939096465707,2.0011097798862805,2.3833473395669524,4.368889610023549
-6.473085640876864,-3.7919887681596447,0.24912832200876445,-0.10170460693103577,-0.05897615171053164,-1.2535201866825418,0.26045312662174336,6.09259256226321,2.024626892174284,0.8056040952044227,5.317838908798993,-1.4775129706251127,4.749385332737737,0.9101323578081407,2.644882014535367,0.9013760459696256
-4.959522041936405,-3.3274217391970238,0.3386986161259318,-0.367011432740197,-4.749578589034578,-1.2367255752558504,0.2191328157422439,11.335455078902964,0.3228335957253973,1.5068635939623543,0.7457273099223385,4.472112066245658,3.194273914908059,2.8712099205932273,3.095502515335878,2.1429371737291416
-1.875727341567787,-4.768643474607107,-0.4457909193038942,-0.8904080374985938,0.05183349298437475,-0.9559343654066321,0.36534037705759187,6.281812864465327,3.7634592387968056,3.7186411821761474,2.076065888355177,2.3037929697055373,3.387215107399039,1.903655942241351,5.410262411981821,8.027187643085918
-0.3680380058934284,-2.1041026546483237,-0.6432310869619248,-0.13588237297410732,-6.02715483419597,5.945490622830887,-0.18639162333806425,5.808905822147539,1.6845349664577909,6.12053363733242,0.6706349228546024,6.620780594362569,-3.3102956409104327,1.2045554766124114,2.8316623841266457,4.497104613615201
-5.43623132394751,-1.573424691275072,-0.11244338992858965,-0.0671615666026871,-3.9278673249837,4.2231541480571035,-0.08254769390076303,13.133448732389757,2.9283720548722005,5.228720851726502,-1.1370525086038579,5.862066191161674,-3.5226610061386614,0.9375837102221941,4.348584990524375,10.138074284319455
1.3883470179438595,-0.1776902464007333,0.23346775072813078,0.11290053739026161,2.110424453288317,-1.2815897743602591,0.044499716291824025,5.228835824380318,0.9420941618246339,2.5948679054180777,0.25878788729508706,-3.11791298548753,4.3203542912056045,1.0148173422180113,5.048873357156912,3.157553203130761
-0.4222718014977868,-2.17090025648661,0.1820832422618596,0.9038456826371454,-3.792028249215335,6.136136032942488,-1.5222812091894453,6.5789031301935506,0.2890244899733609,4.625922088863056,0.8700733719679211,2.9328584809482567,-3.328406638367256,1.678125139643749,1.6577658736562977,3.835138500825812
-5.175880600235115,-1.2513963482479256,0.5937570387168482,-0.7049775243364276,-5.789140854910482,6.858004502709336,0.311179174722483,5.365713381271189,2.527018544970702,6.168269910136238,1.953038057209458,6.884836791852489,-4.035172847368444,0.08817488723791475,2.72385953063642,1.099252299977932
-5.233453557868885,-2.738984545168778,0.5582538116713988,-0.2159183792301143,-3.268964196460709,-1.4211251168015104,0.27149289043084707,10.670273116069533,1.567886323401704,3.303918702600525,-0.185777223305156,6.550338311432862,1.1250590681284673,1.1018279882525093,3.4737920414971497,3.385490485937887
-0.026507882352297507,-1.4807346966862676,-0.36969141698877006,0.9936853872102993,-3.18801032549562,6.206516137181162,-0.08791796505451245,5.262022361725569,2.1955590781339756,7.539441132519395,0.9220317576018469,1.8667715083944298,-4.2097641084700195,2.1813211738305784,3.7046890514095634,4.764982646280743
-0.03127580990269732,-4.696211175632665,-0.3288551610708239,-0.10558588672739773,0.00922305811817458,6.702062628823953,0.3336157174209753,6.361127962134778,1.5044414692136145,3.9747448212169103,0.23555739810814444,2.7684027212411166,-4.789931916210024,0.9799023156021722,4.199745648154988,3.419209833905101
2.4338027598510195,1.3689787319898612,0.2529895137989274,0.3411367105642959,-4.218366095110774,-0.9267924877877038,0.1377093778712048,2.7916582713785263,0.059300736603017094,3.754162867778291,1.2128283589432636,4.798976191412655,5.300221315736573,0.19825591318060956,3.1416705920236807,5.320247708203892
1.6047153554490454,-2.0584235415334495,-0.5835775827268765,0.37085618190063746,-0.24715327723448446,-0.9076513144870599,-0.9609396689161663,3.0006840488910678,1.4914450362073253,2.992900676127524,-0.293177641333391,1.8621388237948224,2.8974833766818042,1.5752455694874137,1.2125297563274702,7.005050737137596
0.23302073214327265,-0.1671514897954961,0.4187266193957377,1.3919550238586962,3.1272035620113217,-1.1906767410890509,-0.168907739243159,2.3369205185224615,-0.554915974773466,5.834134146716446,-0.0016453508256624616,-5.353625806530938,4.446646570255358,1.0498817659867932,3.539117070343344,3.8779118294812123
1.900155550391724,1.7009449332629638,0.350266461779053,-0.2521288139313299,3.828173852995037,4.968572427375862,0.2330711890508729,3.1660594366304573,-1.799068184930521,2.116242493102949,0.8072105796436475,-0.08295286194607658,-4.275756774908008,0.8141319206788518,3.04252788053453,6.205586480222953
-3.104795215770603,-1.5540098481237268,0.14006454671880528,0.6347202028200652,-3.9861982748686966,6.53175337582454,-0.4589299372136594,7.219214851994379,1.243701007672275,1.7714825159025698,0.2255162407954532,10.078464560008607,-4.046713783633041,2.295287199035927,3.433444421244164,3.0349895415302797
1.382328414390485,-0.42101455392936826,-0.5143768142759804,0.2517153742797667,-2.9937082285235324,-0.8371932329454762,-0.6003348791614794,2.334124261992673,0.8835715572535996,6.1279794726911945,0.6697944692028679,2.961178225856274,2.5991737470030785,1.118961438159148,3.0186699395077303,7.9352330217625315
1.629166111117229,0.6120009285062554,0.2138794334307321,0.22491151704080395,-3.31047324532022,4.446364459875039,0.001345903098583682,4.866991668969392,-0.2787333233971149,1.855924072692792,0.7524298248123374,4.547475921866795,-3.6386484709794953,2.2789863803610206,4.394808295966437,9.526818426140894
0.6268622900663564,0.6272894725826729,0.22729235903546163,1.6426212376517555,3.2094140566291753,6.436611690438042,0.08838197822806712,2.9781629743442566,-0.03913773322602139,3.961908274630704,-0.28280201250563114,-7.722051540387484,-4.250107687537868,1.9718866696022457,4.490465991041778,4.804254143841875
-4.467569523542809,-1.4017995532403382,-0.5711197187999882,-0.0019849100072561873,-4.222914045256872,5.261468924862643,-0.6051121415284768,3.1793812491025313,1.7145480722254134,5.059532510632338,0.043285373862910544,6.687728987159829,-4.01706424499567,1.0266514210787918,4.119353219963609,3.539033257396271
3.035246424039206,2.0362871510864546,0.20626366937905588,0.601154965062936,3.056339942197625,-0.8066562984498841,0.11628638588264587,3.7603854520122217,-2.261300041490545,5.481414476371681,0.19987403973129894,-0.5216107610495141,0.6777012477125974,1.6797802578608199,3.550832342187563,8.912578455114113
1.9920791278493897,1.1129527235950039,0.2681101396208007,0.616713305639724,4.374535694000622,-1.147557381567856,0.18535381752004243,2.370803148540979,-2.4728581999316805,5.973840625748039,-0.15615796813617144,-6.0428499632794415,1.217968476717671,3.486095297461996,2.1871668058012923,4.944112038536618
1.2732279146264,-0.34798978062005126,0.034099887450536076,0.48699982042828005,2.9774914590592183,-1.290306248314679,-0.012251282552877878,3.7051059015815455,2.1106892884022086,1.5989083593143936,1.6854222326446326,-2.1855146434480948,1.3972300894757113,0.7826330513929326,5.745680793238182,2.3826348127238455
-0.18057428737787998,-2.882095843778303,0.16364162389685763,0.6448047243990003,-3.1662478352996217,-1.046636555011074,0.20036192243670398,4.885380336845915,2.325313496716321,4.382252507333954,0.5422694893404844,5.334946581450603,0.8138301770438747,1.2382524638722334,6.309531298056827,9.089128296198943
0.6841408268908657,-1.239938862137496,-0.06422427297880293,0.7837230358694992,3.44460971622169,-1.100049678277224,-0.08481035248019429,4.261991720727335,2.848800404592271,3.4586270248095192,-0.4096646718207342,-9.817217902000555,4.462565303628642,1.9838332035690547,2.776370530892328,3.846484140469227
1.7164011071436103,0.6866092257797718,0.10968384786198569,0.2952887366811438,2.2431754825912265,4.373181868543226,0.20860681150356933,3.5471126390894256,-1.0425024718431135,4.456462680647769,-0.5914508101145427,-2.9651104879168173,-3.6138227121457462,2.7094920226258683,6.484678077008576,5.582815391364196
1.1765996939900019,-0.27157094823817457,-0.0707511516374842,0.8646142909917974,-7.095274344639106,2.947790435398093,-0.05083758314947276,2.619913802663485,0.6883725304324183,3.5713144086506223,1.6571414436740748,5.701663355176646,-3.120821201354265,1.6258884225090349,2.0229188961572957,11.367382807902214
2.9207601061960045,2.123107282131911,0.08767192128300666,0.24610411301379403,3.892791590685646,3.142621290250138,0.09633761328707155,4.484904253880182,-2.876705826279397,1.1549878581861663,-0.12246605156098163,-5.712601024734479,-2.4949723515720876,1.2108948134370152,5.811478409262993,7.584279188696916
1.9669485780224205,1.7050429780023795,0.04546654563397136,1.3914414678824454,6.3220021779326085,5.735466184367736,-0.1205477684436486,3.441513288694201,-2.0999407398196444,6.675338304754193,-0.8944702450819312,-3.6936042714502353,-4.1252565976124425,1.0064521922978265,3.8192537500206383,4.302889831197759
1.703958256978542,-0.5848756564883514,-0.5156014093309634,0.7851370967756957,2.6222614138076703,6.52380081586136,0.19779542382511692,4.060631362870336,-0.43076109179792355,2.144714314768246,-0.599898369570573,-1.2054813454101483,-4.351611323121315,0.5664039242301757,2.4182813411075625,6.37535380641433
-0.7471284943085635,-3.5162305742986484,-0.7112028163174782,0.8838061178022377,-2.9227250606973354,6.709751445129205,0.3873062548876432,5.7323474198092415,3.385052330145614,5.435401125478248,-0.44071353663775753,5.819761293642226,-3.758884073268621,0.38025175755261453,2.348376609003482,4.151513470028915
1.8890954401791091,-0.4145381791765496,-0.05867852964748934,0.43480971561496434,-0.03169574872342202,-1.2466283986518776,0.1515099768241246,5.08686562647236,-0.5565238760560752,3.970684716214736,-0.05330760456125005,-1.106069760823001,1.3908199619352823,3.8613295611279708,3.5099182666552564,5.831751402324686
0.16315795197368851,-3.3958542967603234,-0.49131651196877163,0.3704868562802056,-5.5275245075300345,-1.3654678566157814,-0.06883412515868725,6.806979980099948,0.736470638973017,3.1069527160829558,0.13111220924307876,7.828503718293583,1.2472171645214165,-0.07815301981723545,2.799719998081525,2.9085564489321176
-0.2888257628895808,1.249701731837665,0.261526497468042,0.06423476701726548,-5.098721854916462,5.858916706113765,0.07654999562601233,2.508089872573192,0.15168719771659583,4.454942678697407,0.24190567453290981,10.641349112429655,-3.7680425406669564,1.009512721115102,4.3259339360917615,4.094174213671436
2.006268258353385,-0.5433870904967186,-0.03474486110576702,0.7061025597850477,-5.482012020447602,-0.857031629410883,0.24425043430427767,3.4306003293817247,0.39087825787067376,6.141457770874103,1.813942759642688,5.150385695806394,4.727716468542814,2.678674758295218,3.9650471530851585,3.6587333980798733
1.4688256156916417,-1.5627911989216996,0.1762858537084732,0.28548939590404426,0.09376374632275303,-0.989636681228565,0.17663176450381657,4.7918826210076615,-0.05961214533944859,2.930394476125637,-1.4907516849202418,-1.118415029024085,3.560873343830308,0.8742165245261657,6.1576049076840285,7.449599217797318
-9.385118255142395,-9.651661379000076,-0.5775023460681549,-1.1498516698127887,-4.987646661288727,-1.406132187647124,0.11776157056167724,7.630145947999632,4.39936081799694,3.5715614719418425,3.538925600757143,2.390096682845305,1.0992876750839253,-0.4494368561767044,2.3346149271080896,4.369854680501408
0.6388674095176781,0.6038124531035624,0.4612321949315564,0.7640187497312829,3.4379439034288137,3.8677609652323484,-0.025195413259789638,-2.198913093917771,-2.839028384454548,5.84566034141315,1.041445718859012,-4.309371428410445,-3.403538356584187,1.6591573672549178,1.4032065812982617,7.31433243546635
1.7798184941336512,-1.2218910497240716,-0.22867992436016565,0.29537377506121903,-3.5308424905476463,-0.8882911648601293,0.18905750520527367,4.345107300348579,0.703387484620015,5.4278185568476705,0.49389224567388484,1.1410561772945027,3.223792841183643,3.1313197751417756,2.7028716510931643,7.239655396503707
-6.367580737760369,-9.43424301738455,-2.1734598682833215,-0.382991851739585,-3.8812185275969098,-1.3828734413655472,0.34246658415456,10.874160689195927,8.107756752683935,6.431837732290229,-1.3762247027590246,6.399860135137724,1.1303034765087063,0.790865889583714,2.3619085455394044,3.1278268066455297
1.289183517669638,-2.127636415354907,-0.5255635484332839,0.07710500010848058,-0.7050614048702023,2.8308536813656486,0.24336847961445643,3.9028378552671064,-0.21956090653563567,2.132721736258517,-0.6943891074297327,-0.14728392585242786,-2.489159378787037,2.468715213208226,2.708159779369831,9.057946738983192
1.9019956169451275,2.35334247571975,0.06561298172214762,0.049762153726070936,2.314585936823238,-0.8276494671454031,-0.17843162981979527,1.8409168972335759,-1.4305551373105658,2.1523788083754485,0.2365844913603116,-2.9868945931134117,2.373330006122589,2.547420086997872,4.6992296157100535,10.483337495307127
-0.7967276501966026,-4.630820739772479,-0.4314075896392265,1.2625511778596168,1.6605025468505918,-1.0043210425227886,0.137675637793417,2.632252845333269,3.430568275178472,4.7816643231688065,0.330958265467236,-5.044455460227715,3.747343856142214,0.5038559767268603,2.9642243189699955,9.833148269250989
1.0119121017806856,1.1075552201513201,0.18726546181738404,0.9750474860556425,3.4231189205298818,3.702240171829239,-0.13856698414559182,1.9289891265034675,-2.099789315500529,2.1346181754350355,-0.5966783681462212,-6.623220113083642,-2.4232005937498373,1.2678146370860441,3.3907252017743885,8.99848653902781
-3.2544747576536612,-1.634302041486527,1.0464226576263709,0.7083475153573479,-3.2613179899305114,-1.3064101214831079,0.3809192549859485,3.952528571868005,2.3086886920792375,3.2594731516999693,0.5632179388329192,2.5427710281560816,1.145074107664327,3.2845444957812626,3.1368676296006894,5.578612691127074
-6.424581659927574,-2.7192358236783187,0.29995000944069256,-0.7425230743195862,-3.7563828680341445,-1.1004691655728962,-0.5525375005218857,10.730770424030416,0.3791540276075249,1.5962680415393848,0.9546432920768081,5.855083394177879,1.2905284509304915,2.7227786133137504,5.908728554874966,2.7133970255242508
1.5208898727523632,2.2479020817764104,0.2648673362123469,0.2783731063584179,2.147366515719642,6.296303919704011,-0.6722658388516867,5.657018139811544,-1.5023171790428451,5.595798162858931,-0.6072997731206318,0.789924374495012,-4.183670591822515,2.698509609661764,6.76521578273767,3.5625599667181578
0.8157335826214402,-2.190335343506827,0.02133796340475508,0.6572718856800152,-7.897384671078373,-1.0359180794652396,-0.8509110951336724,1.384324078205352,1.2335777060094602,2.8002900936473356,2.1612741853479336,5.929153550184642,1.1272042056657379,2.022611153179702,2.3594181764241466,3.476790088190387
1.4512492903101568,0.73746959455808,0.25287115842103897,1.3155096454881134,1.5917867377325905,-0.843283467243115,-0.008095002808917921,4.187923889088133,-1.1616285012175025,6.12359180868945,0.9585275711848706,-5.5342687494195975,2.7572568345256143,0.9075540838915234,1.6341904039941733,6.232595963920465
0.6513866274797669,1.7948163252345202,0.5149685541285827,-0.2659991659219375,1.7751535111864407,3.4366090555886424,0.16851843684663423,3.137971328554054,-1.4981715259023476,3.211993274107576,-1.9075643507285664,-3.484677507602648,-3.460252353382607,0.864718280535191,6.140100198358297,9.114283447389337
1.7572866757040224,0.9032213645130397,0.23314519371092354,1.1665230815658967,-3.372183497606156,5.293636463299392,0.10953360995774487,1.033874030154198,-0.9186350500223536,3.2350454477102795,1.5132346114640431,5.172368663901153,-4.13931781410488,2.5301232022636877,3.390385873736814,5.789686376302813
1.008406553685665,-1.57227440865462,-0.08837997610370309,-0.5709119560718535,3.8049340617855396,6.596030947200022,0.2090837941964467,0.7284991137354321,0.5032681845016778,7.413519884342095,1.808320639773815,-5.019652916664877,-4.209562031501593,-0.2556304015268882,1.6313268828938408,3.4280919660621647
-5.953821050321682,-1.8495280559983416,0.27265488875796995,0.38043948627635793,-3.128153763846495,-0.9753867111938695,0.1072324334097403,5.894562065619974,2.589563408747315,3.2611373436103253,0.8660580833447168,2.1431115804680934,0.7934804435670376,1.1942033975670738,3.779150628497359,10.92323015756067
1.351399426897367,-0.31804782057801895,-0.6324931941583052,0.4033707751147454,2.8845317350924007,-1.2440212644723558,-0.08031450748816085,4.281601954088857,0.7099340472072367,4.014402547466259,-0.9443609904001161,-0.05623103044430362,4.522981476629773,4.019940015053997,3.767265534865359,5.6313385157129945
1.2124217295497652,1.5145392757511382,0.1478858242146673,0.3935860855132349,2.7176087808379283,-1.1236700357347724,0.20482650087773788,3.0037938840140894,-0.07668331061738254,4.456161413371564,0.2515810124526421,-1.9153749505498752,4.347144044506053,2.4670580127413073,5.361722234709811,4.772025118608027
-5.58317769368241,-0.8143553108138344,0.8967423771508042,-0.6779360177336883,-4.790568555394498,-1.0191560908947137,0.17148740165929083,5.15172801024591,2.294158243834041,3.488450866860027,3.1838578512482343,6.44448840219869,4.447953798900358,2.138105724028001,3.6528914765696965,3.6418428008649495
2.3437968961956606,1.767412534750377,0.08452665719265719,0.22802275756001494,2.509530005171895,5.723999981965248,0.1746820594693231,3.0514710320141174,-4.4234433499348045,6.2967617469523125,-0.7517005865021293,-2.99477140585209,-4.225438018879232,1.6113133045925447,5.077282844483852,3.4650136947575967
1.6342375213131313,1.3829323659141857,0.14346571740205363,0.5048464278007555,6.109115607616804,-1.0477983041936538,0.10824901835620385,2.121459354395823,-0.7940257659692628,3.2998320320865613,0.3151969588602275,-10.098441485812735,6.292098939824848,0.3356743383146821,3.5094202718536063,3.6450738956760604
2.191476852510125,-1.8643854987137016,0.4197808460071683,0.9054541114866732,-6.260175873985825,-0.7666969172706206,0.1634073585793373,3.71963840696464,1.1973845096093911,2.5046949667284895,1.9193635402421156,6.129020977268307,0.4297615824565289,3.2658905361195414,4.324225471794606,12.951603842246037
2.1086837381385264,-0.005865727098037965,-0.4129066878749683,0.879530845317989,-0.30489321562989274,-0.8615703131599972,-0.19481803279121698,4.022441093591351,1.866715313543876,6.758112358384455,-0.5919565327788398,-0.4742443332125742,1.245922640143894,1.7001201237359391,4.243818754052124,4.210239880551274
3.6367759204308197,1.8417601146871845,0.20974472325822943,0.520197449410955,5.7669031120228285,-0.9128878006407374,-0.047360796920333986,7.231227366056293,-1.493839320282141,0.926971722885966,1.3722051380127673,-6.250192000972417,4.354956463513275,4.606042550582748,4.772862716446631,1.6360334692733987
3.466975652702154,0.8111751563331732,-0.13277879855160932,-0.11675069499543582,5.658866195526286,-0.8833723529825603,-0.2778941431554658,6.002087229107815,-3.6063114791572253,3.4064613310645018,1.4828933574743566,-8.170885704322407,1.1405428411178282,2.258118316950898,6.588414230841289,3.8035986119310063
-5.868509201500779,-3.499077792592346,0.2056185577434179,0.5200482845107716,-2.9206769032079216,5.746957019545447,-0.22661332618289917,5.422544834951251,1.1384022884573008,3.011574583241871,0.6668455338936767,3.8814820668328136,-3.929850417770446,-3.2711088006890683,3.608459880833825,2.363610799288396
1.5904936932086327,1.0968908921616773,-0.34773065669710446,0.5565704602189369,-3.184903988605442,5.622362358764123,0.4393154151289879,2.394981178295177,-3.007665282038972,9.070675094486836,-0.906881401245793,5.085806392585857,-3.856185019334002,3.5266683175986016,1.906056494678061,1.662020547993482
-1.8023204577413068,-3.5928624455519023,0.181138526596129,0.38777411663314987,-3.1831110925519215,-1.2641361120256287,-0.16425786114484117,7.168006170578301,2.630370826872066,8.5426682559823,-0.049738454176966464,6.542170621588206,1.1583926975578067,3.125036649146118,1.4403804346428568,4.737397679388446
0.3835305529149868,-3.688390079208339,-0.4325089672158161,0.24820245233054028,-4.792120164920887,-0.98633989045769,0.04233763971800594,6.017818634147136,2.0440227015179886,5.313081238706908,-0.12029543183247267,6.084262892480008,4.1664073801841575,2.239127554913362,3.759071648390344,3.403377907796453
1.9268657590659957,2.8848344678353555,-0.16668762579855204,-1.000742985358171,-8.237067727312446,5.220252008934816,-1.2499153389382793,3.8549502464163425,-5.820091557203501,9.286916740589424,-0.48705734635160003,5.789319616059152,-3.7307922083562777,2.3505327584616222,4.408263736578656,3.459153504578474
-3.2643818550415653,-3.640367052050929,-0.47230577965825765,-0.024774244121896594,-3.267338045209335,-1.182477139249444,-0.4982899256596963,4.589026384868968,1.3920110021941368,3.1408409426130053,1.479297073694567,2.042943751826262,3.143673102385985,0.9912997892157486,2.255670033021519,2.5419736373250688
0.3560272813489045,-2.38912708646059,0.4097418298758573,0.8969155345571537,-2.469217449665379,-0.9434994162594277,-0.7952971676749493,5.492760407121231,1.524119038326045,3.876222612003484,0.07057355056454728,4.501610828014711,5.818669567879599,0.4069078893947104,2.729279273770749,4.589431175984443
1.3390662532001734,-1.965409863583743,-0.30397199034504574,0.4394129538104557,-0.5199064232210315,-0.8934253020249309,-0.04520949059973125,2.037548158127814,1.6383203279087326,6.510831524744006,0.7855449673502399,-7.426884518982841,0.7768691434065501,2.042539853124568,4.087804504431784,8.530048989695807
0.8996319108406698,0.7074994565894205,0.03906506495674496,0.15035816424836715,0.04834576031814066,-1.10200299996386,-0.3104257539411382,1.7222525947118805,-0.8256591355440519,0.883338587143769,0.3297591292684276,-0.6879891970306634,1.3762739631334937,2.9730647948284945,3.9973874933893483,4.093847323551774
-4.268351784513798,-5.39490211324254,-0.9651402177419516,-0.31481707913925244,-4.400885198718557,-0.9940717144667487,-0.12676250659767554,7.848095923221356,3.012517274708488,4.872025343740377,0.4897225748129233,5.39893366564562,3.3465766620803814,1.2836457189105959,3.773372137971999,8.024657778301279
1.4035117052762458,2.706719975236182,0.2338718730999778,-0.0307486517230668,-3.0443433830548696,6.527524406015252,0.015318404177824322,4.745450183363322,-2.323518326760192,8.243881609680985,0.5717206147894413,5.852712649251023,-4.079401563551043,2.6793205118464933,5.336014967467635,4.991046364124866
2.7707527745130154,2.140302047416568,0.14659585116555277,-0.07089065319423886,4.646888667989523,5.614088836749395,-0.09380006978412464,5.6412643100321285,-2.4011700354168806,1.5706958344727755,0.88565978574877,-3.6756539331575246,-3.378049151202043,1.8902753574276963,7.804199812353899,2.5968101487544684
1.9537600413722294,-0.3858412738380329,0.17988535759846352,0.04737746936703762,-3.678269821184378,-0.8195622935288895,0.2636821525692936,1.4124509341592597,1.660375707723822,1.4202039679611722,1.5608801205077518,3.7604442752289273,2.5394771706660584,1.1330449903998523,4.937285724218935,7.26135965537404
1.952717280823117,-0.6537354539111252,0.23025754872461188,0.13006591879824783,-4.507919754182262,-0.8639823731668296,0.29157388771697856,1.4528075074777007,-0.04108119439768228,1.3956757328733416,1.9766575156319888,2.431742707045749,0.6887783057019115,1.9224841703325515,3.262764293623466,9.11823728228112
-6.986519039163986,-9.623861193239382,-1.3332346735075118,-0.8124801733276492,-2.783554407254481,-1.3970840452797713,-0.7763493104556888,7.5662268141570195,2.731752754356091,2.2834557158897315,-0.4777362553464869,3.2189344933542117,3.8899643271644595,1.865245987153301,1.5983720446924365,2.1267267271718007
1.7502488070502884,0.08195794771611667,0.7556683538183565,0.08985564515988086,-3.5834727460270126,-1.2696767444995538,0.15879221131404198,4.974548963485907,1.633628495900581,3.2857804895105462,0.7499326518525685,4.911426330207536,1.2470129658567406,0.5650571890696888,3.2524772646104294,5.3068714988330985
-1.4228753957810503,-1.6830379351255642,0.22342376198867964,-2.384353864281496,4.818154757949214,-1.2823105915958684,0.05142230321280638,1.0139575674449246,0.07782097771329172,0.06550248589615038,1.2301003803436958,-4.32704702353229,1.158797229286904,1.7755178892593837,3.784329297776023,6.314772043240935
2.712696177805463,1.3532853903706805,-0.04304037829240155,0.0782479706679787,5.279480876136572,-1.0358732585776598,0.06385479938735543,5.792573547322614,-0.8552848261973511,5.389543058943468,1.0948360729155446,-7.528049717902204,1.3068950397744779,0.5037555812702823,6.041125718144389,2.9667604461622736
0.4694256946494184,-1.1291523446689047,0.27545875864227626,-0.006332929508450243,4.990582006687609,-0.7034715675283228,0.19505570824102816,3.7562751973403303,2.6821512029785652,1.7848284304213398,2.3406530286272362,-2.9815998487516002,3.9142711837869144,1.7493437653904158,3.3803842039480814,6.973521165878668
1.721181569363922,1.865542188253254,0.11107476613887908,0.600083742334197,5.798632405730898,6.57000585214297,0.09057000084718012,2.989603448378544,-2.939079811396698,5.778797493529819,-0.3656887064340218,-4.573216922311733,-4.2108388080572094,2.633843306660652,4.0676105734109855,5.61122925309961
-2.503434884819512,-8.067255035394181,-0.6732182476526748,0.6862302357448884,-0.774274474043089,-1.2236866790254908,0.24299218306209242,3.212561972662806,3.4996644744435326,6.777979708567263,0.8367539037712842,-1.8075798179147147,3.910477440511187,-0.8948647583369164,2.2981294788978994,4.002319980611403
0.37851464255650796,-5.252767725364539,-0.767954609015103,0.27935276320856023,3.149889607135208,6.789613836792608,0.3019410473005848,2.349178531462638,2.322622679278254,5.678751440849001,0.6802738394004604,-6.6359867580949015,-4.138117520336215,0.9641041767643767,1.2985186089550458,1.4761659281278654
1.128084189018545,1.1380718563139287,0.17266502942331166,0.36828207223427756,2.1989118126248943,-1.1797879529123503,0.17120368639131395,1.8904084312254565,-0.20138210097102782,5.169146396111696,0.8133825759800776,-3.0087808561244356,6.886657259874045,3.0503416726781696,3.6732654074231763,1.1157903572634476
-0.7127898605751494,-0.3153189045861369,0.32458472574005504,0.3351252652506033,-3.2924565412066866,-1.0018780461971952,0.1669914833443863,4.286083216138184,-0.6734158939346675,4.067042466670275,0.40309587477644165,1.4297347321348892,0.7737805797581875,3.0507506775483497,4.46483097823461,10.685628868614632
0.26120728486279654,-0.28342164949576026,0.22416246452807212,-0.09114284584919587,0.26093055754217,-0.7270841247079268,0.1779821466704209,5.550010168784609,1.398284273122747,2.5224859069287775,1.0123971934088236,0.7346018071571989,3.8985589118599906,2.003339165101448,6.032666784877577,7.1948740158838715
1.45201936973383,-1.2363097467406958,-0.41842563193043175,-0.05494159951930241,-3.102778222988049,-1.0014663057935738,-0.17194423066452108,6.371323870010053,0.647199057823668,5.773565272134418,0.3401134433929492,5.792155964470158,3.1148344517350193,1.4825712999304137,3.060077845553558,6.453621444719533
2.0441436595320703,1.4503558017453178,0.09661365563670768,0.4452413498970365,6.306902965322138,6.195980757232135,-0.34720697925488175,1.8038543300765255,-3.297081900179386,3.940660092259758,-0.46433238260882603,-4.319470548096422,-4.301740334451197,2.952447017560402,3.58683143094927,4.400536201695602
-6.825855512751885,-2.0855074166698992,0.4640072636157273,-0.5778940415494147,-0.3336806541401892,-0.9769997892749186,-0.0772682499960066,4.006032984565945,1.597849440674608,4.376980800207084,4.797605766560882,-0.8568204139747345,4.79779526956007,0.9537255253673841,3.2640353163952622,4.21647679930739
-0.5410244752137606,-0.0860229641894497,0.36199984288712356,1.9482258583207932,0.5093490604435409,-1.2768650145083669,0.7386112714707852,1.1968010559392466,0.7714751500574251,1.3785382533868153,1.010614636371533,-4.364260713066285,4.343720864236356,2.9789867493423325,3.3428918768403437,2.379717865437269
1.7068947883391132,-0.31788176332662504,-0.5236100659618778,0.08766526835411755,-0.8707187634029739,6.439768301405635,-0.1339031943126266,3.539022064979499,1.2027314174746475,2.0165396133288747,0.15919205953987986,-0.04603844843804842,-3.999304593748103,0.25910480527828167,1.252365907186642,4.812102422768248
1.7044398902530475,-0.650435496439536,0.09873248708682786,1.824362123311808,3.438944007894646,-1.120216237944862,-0.28830251292387604,3.29431151440988,-0.8683512839150307,5.65267001407221,-0.6433102390073863,-3.356263839149227,4.680131456583739,2.8486205683449897,3.595918917946518,6.2870117924467985
1.4405245292365436,-0.5407072687003525,0.26969511099656446,0.575164335258305,-3.615006865925389,3.9891450098777814,-0.50611948130435,2.8295545241242888,-0.9383364378288384,4.032879909581195,0.3113261109127202,3.8356637954165533,-3.7193892754116096,0.6730509701776705,4.050118273298703,12.04627655289943
1.3813069969986878,0.7165861259898324,-0.19107903112967797,0.4207866774412485,-0.339761892028152,3.3089934211447827,0.15800729248517478,3.4712353295615572,-0.5160207685951612,2.6703169224162897,-0.072574151060233,2.3243411265785494,-3.248847620962731,-0.1388790222157256,4.679834170845026,10.561925758108494
1.435270793543507,0.6083889406646291,-0.6279858807933828,-0.16941396206865691,2.5868394432974373,-1.2001164149567485,0.27118351203824115,0.6991329065132887,-1.3639048857390887,1.9773820117910692,0.31247190375129363,0.0409219457954169,1.3383374158317842,3.520043762833501,3.1140745610247063,3.5870648743361233
3.1192797625016735,1.2509922962201143,-0.23879211254417906,0.15464406021436028,2.8851114681313432,-0.999754657184084,-0.18908497881889363,2.438490913632016,-0.7810673632522424,3.975192946963013,1.2223647853427873,-4.823839416570961,1.8183670581198916,-0.8180460048019887,-0.17291534129654346,-0.38962201088791076
-5.477888561986076,-1.8279449089029807,0.12383042581495844,-0.07836998490182058,-3.988488344462278,-1.4243523157065114,0.49121371270467784,8.893104460369175,0.03124741472428051,3.2328219667859375,0.09008926872784938,5.5647570243664095,1.083564662774404,1.2070402771806306,1.4777134126251719,4.032909958642849
-6.188403281905145,-0.9562649116949764,0.4872228016772614,0.18967086190606133,-4.525098913393527,7.204678315103055,0.4458613225345808,10.457871679420117,1.23344511757015,4.320080896679778,-0.686871742562391,8.47051614095643,-4.134701545077939,3.3014335529909773,2.6130656520185687,4.695074691112775
-6.270618990287029,-3.8165108629644378,0.1551031837595312,0.4565480588429294,-3.58385646123796,6.248572823450357,0.3526758060017602,4.751811906170954,1.2959118116362174,0.9127460673698223,-0.09245225698950982,8.268565337252026,-2.9132032080707138,-0.23737629074603278,2.034178797004123,1.946175300054873
-6.680956545768928,-5.300944580539403,-0.3834457739821327,-0.7800700676918495,-2.705007915170553,5.938924606524409,0.23770760440391794,4.444557837197558,3.0332642449022584,2.6013417507093393,2.9786637166294194,5.318267171933315,-4.590947884534562,0.9325367999648052,3.3330659821263207,1.2411926145820569
-2.607713614302687,-6.950043126205312,-1.668757710037132,-0.4249051370266817,-2.4254932531349755,-1.0435627475846558,0.44632051775449266,7.717142318623759,6.140575742843107,6.339624033831063,0.37953483498748414,6.47142634652291,3.8517307022091516,1.1836924043943473,2.494863219734591,2.7223648547263197
2.0294691024137057,-1.4374416867134472,0.2344803531517586,0.1309026269763706,-0.5437585715427997,-1.0471660528977715,0.29140678292885425,4.483700132201117,0.9360599217973647,2.900093940132608,0.6055202185710271,1.9210418678969143,5.3111030691129475,2.544222435218593,3.629893889945001,4.506690456043929
-2.27050253395224,-0.20485233691396806,0.3941480650703114,-0.11461325580316283,-4.787580195995902,4.710277594982336,-0.17333265409269374,7.010516647257686,-0.9288833388049776,1.9590098853850109,0.18982175419301137,6.945499153443922,-1.737270921613633,-0.32729901722694427,2.710660439650218,2.734371564769497
1.621828977644444,0.9265773611428845,0.24829793293028998,0.23169593264038343,2.3206475959531967,-0.7915176422825705,-0.09593520844231022,4.365683156508952,-0.014713822742302322,4.3604919388014824,0.5055931246553855,-2.32158640921861,3.0845750752612937,2.4186295804219933,2.185856631517411,8.662374533881742
-0.5132127683199939,-0.10500251617034326,-0.42175570564468656,0.11892231644876364,-6.312736309506233,5.486935355074703,-0.4506187675322089,4.3900543420364455,-1.5629011265315735,6.376736776958221,1.121693218268454,8.821731231816191,-2.537965085711174,1.4390376933105287,2.1399485662411895,4.356036384126793
-6.007612042877824,-3.232240219004763,-0.2135121486991799,-0.549173931787877,-4.019818556805919,6.190417170224477,0.05435809506351728,8.96791609611921,2.773173484019625,2.3368084234750524,-0.44219955360330643,5.1463767197205845,-3.9018464724715636,0.8659080852002374,3.4375375145171625,3.7532270184357954
3.2669248528989656,-0.7208154040165243,-0.027396367142597633,0.45516678305467,2.3760514189700284,-0.6970403817047672,-1.3712526215743277,2.437748817591617,-0.5768778767262899,2.8587242665955177,0.4635660985310875,-2.8628373084614678,1.552893149672697,1.2552544662182532,4.350333674645672,7.120138957058388
1.3837253102225557,-1.9078339220347498,-0.2855074824156852,-0.08317897590436064,-0.12003868334864531,3.060886610622207,0.26760958629210146,4.702812987696379,1.4998366596152386,5.313181274676074,-0.33123942839457093,-2.1292118702928233,-2.4342173679204624,0.16003565882767237,2.1573948032166808,11.808117804359027
-0.653075549375266,0.4930725010285778,0.300611252553761,0.6120296490018566,-2.7485264063862465,6.128042714660366,0.0380223097602526,4.001399867538671,3.408796205022683,8.29874932942788,0.9673175794528796,5.9104036666136235,-4.055108495465789,3.029942385027806,2.682024637460708,5.110676934129248
-2.0589934850679708,-3.398510435995646,0.06820536989718648,0.295811405422787,-3.3353838431512317,-1.2105319215046866,0.24508288346976062,8.342837539774676,1.2331601470764726,3.734360132224858,-0.04219031442763909,7.282562493205691,1.1277763443129758,1.6894360619432605,2.7104878691413137,3.999161919334282
1.7250714002756866,-1.5047872082889076,-0.47049103631203376,-0.37565935046970816,-0.6533942176438874,-0.884758896136035,-0.14674575777227694,2.429735721203187,1.712775634753207,4.11987665247172,-1.1737101962591212,-1.5283345088718923,0.7097150982668,-2.1265029730300102,0.4932261883281174,11.079976714994757
-7.857363877827921,-6.94549093569598,-1.0324752984112127,-0.01744711080907552,-4.51939644433946,-1.3734459526746845,0.4517465053901539,9.87479309726165,3.4677318065521927,4.251376657758606,-0.17530867637197167,8.28975098391374,1.2072870220666134,2.635453681567373,2.3800174555554983,3.601489876476427
3.4381650801673533,2.2384239824935794,0.1771821388266974,0.7537531330114386,1.8749788785353305,2.713754089881976,0.2676447888799016,4.659100338724753,-2.313508071086059,3.1037945882876707,0.5185523574563363,-3.5171710708973314,-2.131367485242508,1.3715815188448566,5.005720572377243,10.578419125931958
1.589684666544199,-0.47921685546264037,-0.09343695346762751,0.9922909052173293,-5.674763481003541,-0.8250447626709939,0.10992135241130956,3.67376939915369,0.2682848612771679,3.87059297589461,2.191652038165058,7.8274159832199395,3.002576955964168,-0.20220445249477983,3.555735272238652,9.500075845142208
-6.940545502083532,-3.751366887139001,-0.9033271514823035,0.6694088489810627,-3.6341218626828242,-1.509358632502457,0.3894688256308438,7.6697181192437816,4.798658095072567,4.009962941643161,2.6433882076022366,2.5073564008381224,1.1013426776031656,-0.7831044410293304,2.994306516129525,3.373329271549824
-2.7901860797204825,-2.70675244445868,0.26759378132099904,0.1652871084264285,-0.3678590639218064,-1.3497052275596262,-0.1666564157294726,3.243724059085051,1.3842522963897015,1.5358790451817912,0.6300608936951808,0.812233161975319,1.2838148352789378,3.388127140015365,2.884572441219042,3.0213368145120514
1.4926060831857226,2.0601988002446787,0.1262094385800883,0.4589996521870297,-0.025628653238216614,2.8990847615425777,0.31078051686286934,2.0284120736438784,-3.5832178519417854,5.106471089022233,0.8188849993459882,0.6508106755117578,-2.6696673705261977,3.218855230160057,5.697346103515475,8.244680725225946
-2.5069735762421033,-2.7951602790166317,0.05306437890573117,0.2164978789361194,-5.109445114882974,-1.0849582723059374,-1.9142908323570924,9.387670593160205,1.6212332700376868,2.3508515835329886,1.1613871442612724,7.8423030259242905,6.130887649952124,0.4899932826345321,3.0207411575878496,4.198277343399125
0.455421307044725,-5.483075184916148,-0.3982489987822872,0.7932069713075961,-2.9384319069342073,-1.3190974500129613,0.397186645961056,6.183670606009661,4.44189394703166,5.590484059337525,-1.991007614268611,4.174920103611426,4.91721596452842,0.08596686329102769,2.423035284006347,3.0324168772787488
2.555859132206843,0.6615277519424759,0.23810474111946936,-0.0648268633161979,0.2161097259704638,4.6134453037257,0.17687099957217806,4.250435276450589,-0.10988278979745948,3.5675500286345683,2.218569059445988,-1.425741610350708,-3.804454922258854,1.270179066472997,6.783132944868256,8.448885165696343
-2.3900539073655382,-1.2023369310358538,0.18806581291556376,-0.6068657650513342,-3.3358602792459227,6.424833698499948,0.1584108358981708,6.365366036152157,2.684784807676449,3.5269670516146965,0.29135824177173564,5.90945069658508,-3.0775018727131727,-0.7323145709347453,2.7568388974902533,4.489146777900557
1.4440436625679334,1.0583534959008298,-0.6321260834746065,0.8375389802915355,-3.1503110133701315,3.793446348436177,-0.1473934648934323,2.919548997406538,-0.3456326887582735,5.643791434101759,1.9600098171082019,4.157589255589079,-3.8173747539573037,2.1083074474980434,3.3843993089037636,5.400592347598946
-5.520707524993767,-2.1001993674679347,0.8313318222897745,0.04371035850855195,-5.314072474280604,6.488560584702839,0.2682497852121793,7.679915711560208,1.5109579776351654,3.295249880189696,0.34443286785359184,5.21951802072255,-3.3856883200550603,1.1583855515488735,4.336010788311563,2.871807864392099
-7.077893300904271,-7.4279126435428235,0.19059335121916007,-0.6933049620157111,-7.37471557031174,-1.5404114308053005,0.2384540047856669,7.222326492923156,2.795817992817921,2.0560936138136316,1.6980342867444274,5.038330612826858,1.0874364563773073,2.3281120018518218,1.6600103907709132,2.2093421136119087
1.8920412025103972,0.7447053087304034,0.6694304874253766,-0.27296066996455165,-1.1168293052961429,6.26382513537444,-0.03735277224083718,2.972848981992652,-1.1498416894674302,5.2915484194159506,0.5835003062697751,-0.3410743134828905,-3.400178939277306,0.9840615586539109,2.455016032740474,4.034039715973039
1.5321787074816722,-1.402356579403083,0.07488816214725383,1.8947318802649775,3.670826284501702,-1.1636608582908912,0.6437748409075046,4.285126042698821,1.1367701364656295,5.071427917322144,0.4309390885134542,-4.208923284156869,1.1317207754204672,0.9510446312526862,4.503121789503221,8.249334597580136
0.33819789709833714,-5.877375344615119,-2.3373035920845964,0.27839107236390315,-3.1409604359741015,-1.427495231095701,-0.3081752250293886,6.192037242922,3.756742647998966,5.814273417794455,0.02768514329994396,1.5668777027823189,1.221250556545953,-1.026078678845117,2.2074576289802783,1.6920321840705972
-6.599221863657316,-4.371228627496708,-0.6953358217844114,-0.7958363062593463,-0.2518923279335722,6.475125903944487,0.17186000821366884,3.7224122338387726,4.197946704988678,5.373139130226026,4.967830595429366,-2.6165624487785,-4.016047772572259,1.0499180641220107,3.019195659898222,2.4433436214896687
1.099093064119728,0.7532896364402651,0.076999897450597,0.47846597111721806,-6.35701008666237,-1.1545681832244148,0.019362815072138655,4.096174642338417,-2.4651248762446145,5.919620161704175,-0.17167959148489198,8.528624683290719,0.9402440187831721,0.8746624287061865,2.525797606964907,3.197740997792668
-3.2178785847947,-1.4722645417588456,0.2503191208218541,0.7417665765956047,-0.39148312478698793,6.913063080914318,0.07018318335215205,4.336635728006873,0.890670809083929,4.815797514508167,1.3486676009083165,2.3951927784758933,-3.9785412517205496,1.1358313241265714,2.5193109202689175,5.38859258438895
1.9218658020502573,1.4603161280912658,0.2597146107042984,0.42585802119411525,0.014491684046884324,3.495103446807712,0.08854996647561571,3.8873219832119834,-1.9383971749827427,2.5349422857935227,0.5226482220289764,-1.0826814996208214,-2.2282104157508984,0.9845575229412254,3.794026255994881,12.633531690195204
3.2239639091243357,1.7959010554080979,0.0937137253979838,0.8098370108927287,2.2285691799807057,5.636976372877756,0.19178240162134183,5.421104801237584,-2.708119478344917,4.067265162340055,-0.2605463008408745,-2.7709307775323593,-2.9811653014478114,0.7212595892598234,7.751556171795352,3.260280455653868
1.0529825475017236,-0.17202981877575318,-0.16549033744509062,-0.5859281087505318,2.0823369150658455,6.219807878791664,-0.1548895241146286,-1.2008344326230391,2.19965522010314,6.194939782838024,1.2780409036638838,-2.8448417059431477,-4.348164529030211,3.510781119809796,1.3354535483519239,2.7734475640005742
1.1655831452621308,-1.375498295240027,-0.4698030571130411,-0.7686779245343057,-0.7449743550668158,6.248190938404452,0.5347935957970719,2.933287536373362,2.024911381406166,7.063594024293123,0.08648433392370686,1.6897160437405105,-3.384297960394606,1.1839268282813324,2.476593627894918,1.9841029471593596
3.980150212997883,2.627394952795158,-0.20860259928430047,0.5752714661763358,5.281939712631517,-0.5978887724379697,-0.09672816344102214,7.688090451661808,-3.5301944858618075,2.664883338804667,-0.3577781535253552,-7.28568442800579,0.5501852557305249,1.7045392383361861,3.4847583858097595,10.877515373629828
-6.5189743233388295,-8.40279332808933,-0.44233555860972634,-1.955492151384553,-2.4027165844378375,-1.1574191182252642,0.2830474984378863,7.527269385428789,2.5633232183487453,3.7982240069036677,0.5691910057924685,5.3477279650227505,3.8565763979265464,2.879306589728533,2.4130545965383456,3.7153487124644844
-2.2323509899203975,-3.011509593120465,-0.4205533351749186,-0.3749418960834545,-2.905013318449569,-1.1314470966272054,0.008720050465315588,4.269998626201104,0.4721568649833402,2.8824990638804935,1.3304078541696072,2.9822337592480084,4.0294007303963095,1.735574448391795,5.964583326980782,1.8299545577665175
1.7837278214544052,0.7690549856474003,-0.26253455080091925,0.8397335168197753,-0.6886586870737373,6.17964759014795,-0.28164679123088715,2.3216327966713965,0.2060820626641316,3.7399942795247774,0.00920191623146387,0.6924306946185725,-4.312007968926181,-0.26696833361188504,4.3574063752417755,3.935747457423558
-2.2081800114260983,-1.7420348561977343,-0.45385489110648564,-0.8412575335322567,-2.5958546308383026,4.16068917658894,-0.3180185432831449,4.4209558769334105,1.8154409316275266,4.6798055780828,1.276361466288256,6.337733521160979,-3.553420053056752,-3.403388626094752,2.8417398962213967,9.104723962188698
1.217885443076492,-1.564493106854458,0.12174737023934708,0.10197952121371971,-3.93478994297112,3.147116994333764,0.26461723885064276,5.366125842778632,0.8120687873699551,3.6346855932511377,0.44144883719335026,6.147970062157758,-2.462394012173172,1.339497127771378,1.8013549801819027,10.162338453162539
-0.5723150322698055,-0.34660242441793293,0.1390525968310738,0.3013026655651627,-3.786337209374954,-0.9190148683066168,0.07965720857183124,5.349985927860875,0.5285586230795211,4.26018642519042,-1.5636876568496227,2.7663662220835685,0.7361443511545652,1.7864290653988717,3.955664330652606,8.476110242488485
1.5409194082816442,0.8137360459350368,-0.038948050022126424,0.2977387752557792,-3.3187658468037835,-0.7107319799313936,-0.10382249247220623,4.358142559381823,-0.432949889100157,3.7399681972016907,1.3623543131972349,4.601872602448646,2.9218892331545545,0.66588451448083,2.8051417370035012,8.759952229539554
-0.5733197769466791,-1.4326025011315948,-0.5734527258500458,1.0816719701290127,-0.6720280007707574,5.900980120887359,-0.6254278527945286,4.517890514334042,1.6632057470834511,4.2693341969313705,-0.5064639732979707,2.081899075278391,-3.7826974852433564,0.5517435195396345,2.1243131879468757,3.6838685445804136
0.8242463205593327,0.7747301976270974,0.09538579569136137,0.8950434712966288,3.356740829154849,-1.1630499064748487,0.0911263700177269,0.9304411389405532,-1.741267843812705,5.873623361426095,-0.5042670558492341,-4.848473646343996,3.674054324664176,-0.15562600035468707,2.688341382245222,2.9599514694710574
2.373440336410577,1.9417097920613988,-0.12541449970131105,1.3590195735991002,0.3063271115521591,-0.6047877710809313,0.17950158592934423,3.8323924278095367,-2.937681268793841,3.832642788287252,1.7838043460324404,-1.341186329591399,0.5067553005193675,0.3092930178468417,4.487649831830213,12.244916701753931
2.265114971687396,-1.0905953545893226,-0.323839560806751,0.23802456143622575,-0.18117832640682655,-1.1175794876168175,0.2322496989145876,4.086046438165009,1.249566393884287,2.802661839348808,0.4969701411575079,0.5388078424769145,1.2479188372020922,2.7185852444780365,3.659904989560447,4.858271712643403
-0.48764255901177733,-1.2084712519682947,-0.09431854997326926,0.039595260069394615,-4.621160927109187,3.1556162460084702,-0.1022730824872852,6.9117220730669775,1.3989615160971889,4.03555006583656,0.5621144845159726,9.094667629608574,-2.4318350271260525,2.5354102669910836,4.422722672120979,8.141638770159336
-1.5422042987303184,-1.6882028651336831,0.14044720642765363,0.7321914271675044,-3.163076906121337,-0.8849483792937053,0.34952332852284085,7.352016848299651,1.8418750267367192,1.350977181202111,0.2676963582110278,5.96013126877447,3.1935985137463243,2.9024851756322505,4.298670266290505,9.050325351326418
-6.118865259556412,-2.650426888936433,-0.3803299613719194,-0.8303074040574336,-3.85014642010536,5.964724281015494,0.28219123945385216,10.060002419370846,2.3989917217853556,6.698633106843568,0.10922164671429642,7.512852968338878,-3.3642427788317035,1.4078937439294534,5.093925027594048,4.1043350823562745
-7.3223806687258195,-3.328887488084534,0.2598541218554598,-1.7692482181073477,-2.5356148523495836,-1.0536301385412614,-0.10037980536619827,6.742283288879942,1.480458675698688,0.44122255567523355,3.121911093405448,3.260520064946265,1.935343099289884,2.8986070065389695,3.9343068902520457,7.04153074683187
-2.2930589711818223,-2.5045637050261726,-0.4735898901323478,0.27898543361946987,-3.7519282525535678,-0.9498921435102823,0.3617873812085019,8.153473116887422,3.0220015356031555,2.55455694690471,-0.07828671193526479,3.6315067946476245,3.8697233142086,0.9664085917243117,2.6831114760003985,10.30401396427924
-2.0028382246328302,-2.274909573534193,0.6600434386798496,0.6321923807193532,-0.6334302373006943,-1.1892445466282469,0.21076563896859632,5.574753177918185,1.5872878688565977,3.1813489466488054,1.3100230638901802,2.304801210289821,5.260806782359878,3.0790534530383007,2.6678759014556808,2.515903315835011
-0.17268792336930763,-2.2092121340439963,-0.2514114778737229,-0.04994852493330839,-5.540435025160666,4.963506705338755,0.42160762982194594,5.32924741394073,2.1815752986073496,2.886361932503682,-0.2779591938381391,7.526211668546,-2.588327774122358,0.5279096929679318,4.404651771898071,4.679784186671953
2.0460244250211392,2.402374457676274,0.23308050449153683,0.1861953313363098,3.865372540647785,3.4397732567066956,0.10570476992242003,2.4182080252585005,-2.5486557675376527,4.966139487148572,0.782172384971132,-8.85267674870665,-2.731382444352532,-0.39887220657523703,6.251155924196046,7.702816550647063
1.4757510335246729,0.812071539334642,-0.5373780981985232,0.1011799511338273,1.6982463209480052,3.5789988548370695,-0.9557262748077043,3.731361995688018,-3.083418421857135,6.600657239021813,-0.05283476060628895,-3.1431897303878022,-3.5794964047365356,1.6328762002550063,2.7940291874942687,9.00676523811432
-0.5582898534697797,-0.030565689790547818,-0.04272011598323768,1.6889353694816427,2.31753454705452,6.326626720140374,-0.570248800049226,3.4916062983535237,0.09899621691104686,4.302043243861448,1.5965860379437606,-0.8369119750161971,-4.3357452487510955,-0.23306289027382857,2.8834601056442484,8.290358094618965
1.1593660884077353,-0.00026856561998555385,0.007456846643549886,-0.9185910775233062,5.924523736736426,-1.1780958703421056,-1.7649888327686731,3.4692284274511023,0.3062458633854987,3.272242459441847,0.4182202747153739,-4.303078315970489,1.267393469522397,2.1595046404475964,4.77406621394679,3.901213570487996
1.2605594402949023,-1.5906112343991798,-0.4402619237080211,-0.3099526977526647,-0.6897348246934516,-0.7550151003037268,-0.20383807512496896,3.693817522754271,1.2920812088822318,4.565377338614003,0.5579777956269681,1.9459279776215566,2.9115497001980732,0.5924914097910127,3.5650659070735187,7.622985578447581
1.2093151316940784,-0.4537624113745982,-0.19972256443152883,1.0124095696968334,4.655804300352932,-1.0178839813781282,-0.5009087633329132,1.999081225541731,-1.0852235915642234,1.5230083218645307,-1.6393317838944497,-4.658791849733642,0.7493812058866023,2.3145465446511895,4.9079365003009645,9.079671696630617
1.275794552562137,-2.2773672363000603,-0.38002699371675674,-0.8982741062591475,4.843986139614134,-1.3207423281768953,-0.4875696679353716,2.16429480534792,1.5363878577027938,4.6126269429357105,0.19569810813789512,-2.5744506999707473,3.6979234395194798,0.05718943410366825,2.3025712646805525,2.1836227585133163
-6.509233011039284,-4.038294873563573,-0.2596884309072047,-0.3073125601733723,-0.42795683055929834,6.449814232562747,-1.6551711806418998,9.883178962971396,0.32347924765412833,3.328717023723506,4.491794922665886,2.0483333987669905,-4.3901097582176645,1.906972773673634,2.1757892936865493,3.192828034643395
1.3525477429211603,-0.8956072533528012,0.5979270574247543,0.49129808971285827,0.11611316929881746,-0.8772894559297709,0.22249069996302395,4.238527847714723,-1.7064025166688566,1.8861429625432948,2.3039328688960534,-1.3395363395952156,5.252211849410705,0.34044581197334145,6.854384558722377,2.545170308217329
2.019302367709577,-0.2815511290505528,0.29146443238233477,0.023863355665777537,-3.53224946429953,-1.0923740139305584,0.17255418478449142,2.661163934949786,1.7807297235230606,3.8234405411394943,1.5112874919095385,6.3835147236982985,1.0830029068583003,1.8153741479683663,5.785263551915687,4.063234403351944
1.1777484456642218,-0.07730030598305164,-0.2574948489939176,0.12005650781467588,2.096454198857148,-0.9221729623600842,0.20425623850027683,2.794907455133895,0.8245120600461964,3.397452801123261,1.0292880213235827,-2.091955855334798,2.229430717666944,1.7320849022592109,6.196059288322928,6.844062170316773
0.5793337301791956,-0.2797244232461476,0.31389184063672976,0.26218031093726585,-0.27124666645315787,-1.0165543156142036,0.35282605499029174,2.2821796408891677,0.2354831583897274,2.201533286955208,0.5296197330215945,-2.829107499148077,4.6470105627663445,1.715825071866314,3.139613041520118,2.0966823653827107
-2.403584217199745,-2.0168918067576986,0.5272546970794602,0.6262976648385321,-4.903344920419934,6.644170792385936,0.30817549469073563,10.608142597039542,1.2996364985456845,1.4628786056110006,0.17371615562378426,5.568884103875452,-3.2469315350802304,1.433084317985923,3.154111894483678,4.471410684037954
-3.361260565023558,-2.873132536372325,0.2764919125499827,0.09268509768446315,-5.881960227405906,-1.3098694919931388,0.3121348395943639,5.68915569298466,0.8603003925476219,3.213710534836787,0.8494456670486061,7.866868518844245,1.1630786291162172,1.8494527571070938,2.4340047206236046,2.8523420810573152
1.0215551213175058,0.8317902128541222,0.22618782570709772,0.2001384615140655,0.15500480551055312,5.655668653779043,-0.6230389144038779,6.3124648744706064,-0.5624944570058333,0.8077774650057156,-1.2930268072041993,-1.7804228720360744,-2.629023716603716,1.6505406865080199,4.045898399849734,3.015635635621845
3.267776066622385,2.010044670961798,0.061639202941208636,-0.4797357972984512,6.121008466387169,-0.9358837855483095,0.11233498514692,6.260503643008567,-2.43242517075773,6.62604559390247,2.0052953901886164,-5.013978938930669,5.140538483971108,1.8481984174164636,3.035363770450157,4.3477764152412615
1.8902002471387385,2.5485124095877008,0.12833930615211517,0.09306982014824948,-0.6934524124090867,3.3906404848893477,0.12867590297386042,3.560390419206891,-2.9459140807638566,4.992854622126945,0.561398737882574,1.8901030132770544,-2.2826501995518327,1.7816079749464995,4.975229173277815,10.340128105415655
1.606256826603164,1.0815059341068072,0.7196854693156978,0.5733332367738085,5.7745266489610065,-0.9811375623792407,-0.025966208875178864,4.011093050313492,-0.2676969249711056,5.7597931521747565,-0.5365115533918142,-6.347295860978928,5.303020341410612,1.8336276588837308,3.516928376241276,2.908058372971913
1.6852279208848875,-0.5737321699460346,-0.15537278754822853,0.41614390438298404,-3.5516943050287675,3.46822751221247,-0.22267793109267883,3.45409998667799,-1.1405426440389512,1.8003784553793574,-0.09302889588847751,2.490690451542536,-3.4333731205576727,2.2050705698095263,4.4355166772369605,11.23477195227472
1.9757787141862013,-0.23619211210248364,0.23096890151003907,0.38389698267107236,-6.028718580685555,6.703288481911644,0.23466213686019285,5.697694582719976,0.22362959224482395,7.428437128902723,-0.3276169442242631,5.141053352752079,-4.213112315715601,1.3841120480860893,4.836793729498672,4.0942156687006355
0.017477412586100242,-0.7974568452166858,0.18594247777575715,0.12313177918425441,-0.07043038920375204,3.5001183257314077,0.041816361636932226,4.923047340974211,1.0291710617493373,2.145715814253936,0.5646308710202382,-0.8774235325592254,-2.776900303542381,0.7382217635137496,3.3980739193186937,6.797676666294844
-3.877858625240401,-3.0711797070093456,-0.7017766891684442,0.7026164616663008,-6.3006206296744445,6.228807614792448,0.2897421567495913,5.222619317315829,1.157362650523059,1.7528261872281634,0.3315189557248375,5.9876782358372775,-4.279001452830309,1.1661343231273353,5.349389053899485,1.0262800292674408
2.1799176029091076,1.0946379930948216,-0.4922075790544817,0.38661303958296794,2.73219820649239,5.676734532768527,-0.26661434775280546,2.3290686666439293,-0.44718351405858964,8.171029239756521,0.6290095301046965,-1.8825592109759632,-3.0450927016530955,-1.1244027815386652,5.896606385687988,1.7137689041858544
1.55991892627875,-2.582374259776726,-0.3466336843644579,-0.3162630344430605,2.3853791286796326,-1.0155303145969912,-0.25894344045718487,5.974724479496479,0.5431694333652656,4.847399397319803,-0.619548580375888,-2.062953330588799,0.7412812085847068,2.65990946749101,4.4226839800998565,6.764209679812835
-2.0191302865805723,-3.232645209666343,1.705337254596254,-0.6586077040626358,-1.880120859124852,6.335875011138617,-0.5616532763565583,5.84576359963386,1.8698445632671938,1.4453949043778707,1.272517762736417,3.5811684895058487,-3.970091967344208,-0.31447757314851815,4.970791323816713,3.3278768268367265
-0.2087206119274096,-2.406914742824932,-0.6404144538367788,0.997012508773555,-2.5742711158407228,-1.0339809304873149,0.03363284791136802,3.5202264322141805,2.063147616745283,2.03705577316011,0.6470311340081188,6.084713049858809,4.959001292309412,1.3096031469864158,3.02796171656996,3.3580223338231443
1.8311781306918713,-1.510033812069566,-0.23470576753219022,0.3184602948663135,-3.364306595608593,-0.6873258943644662,-0.013970019963259795,4.45774095718811,1.4791138131320474,5.572818602862458,0.2825167679662508,2.497038130563994,3.142800669709841,2.1953520255461334,4.60382888757096,7.399074263670408
-9.208891119955963,-14.188535833599357,-1.3374840370776753,-3.6847209857313437,-4.965522112404462,-1.306081243252071,-1.8232100818011292,6.165740339298732,3.749721755637166,4.851859905719834,1.9275414274744695,3.481586471582297,1.1577450611476474,0.21658868407395987,2.5979117270483014,3.541306028601635
-3.400311832008883,-1.6845066390037533,-0.07565350268284513,0.8735499997418377,-2.942040292948562,-1.135493393957615,-0.8621680442243036,4.67901107450823,1.0577715533835195,3.6711998950916653,2.08258688767006,3.026723447679232,6.465126352149992,0.41486361912110237,3.1643705115380385,2.7655627810632186
1.6865398539702086,2.3602666917443287,0.03061272571608414,0.6082955652934808,-0.35116222886244475,-0.991384927655259,0.04454929146294777,4.082679142195732,-1.925323616678515,5.226973163264492,0.9877402586651346,4.234922194930413,3.095592099209627,0.8225940248481936,3.8821193786735333,2.7892366372570376
-8.414117007275305,-3.0768592868666156,-0.720902682828407,0.6899438465045923,-2.4547778761492416,5.862471463004749,-0.6287590852243203,3.277230743756208,0.9633914579343206,5.188777019423742,2.355441005315011,1.9848464863723296,-3.8402765064729607,0.8521623948657261,2.4621337731182584,0.8853271165891393
1.613776265973846,-2.6798719496664907,0.19677715936924034,0.06877958755816031,-0.01130031638716673,-1.2079451320171353,-0.33208071133121814,4.471451534593478,0.2752973639760168,4.381714000311371,-2.4891090389043096,-1.4241730228786669,1.1230867350300153,4.029337604350721,5.869332223871101,2.9347698386137684
1.927597896790753,1.789756903740267,0.09626851142818728,0.30246125196044654,-0.4212836614598822,3.561335525691509,-0.0054315939098602325,2.357883839911547,-2.343225192133337,5.729200271312224,0.1027648624430095,-1.7989998013972466,-2.967986737740769,2.999220298396424,6.559473494406788,8.774876707592979
0.31167963554461814,-1.3669739117647217,-0.5758118857716519,-0.7324727919896442,2.159496251744528,-1.1120914355590938,0.16247834343214856,3.6267915139545996,1.3594949415201942,1.5296089741587644,-0.689861087704698,-1.6447920849919322,4.2600104705492665,2.2584885575671985,3.356048857629298,4.011741934768856
1.3506247693455473,1.0448657009700943,0.10079303926974532,0.19469097675010516,-0.5206340699990597,6.053130270581692,0.29599533262476296,5.459399159654975,-2.593171604848156,5.126182515296462,-0.6251570803727181,2.609897773511709,-3.2651784234594845,0.8438958342274031,4.84092571926311,4.285601272615293
0.953833993434906,-0.22094876482089365,-0.28796261753141883,1.5559147482315698,-2.8110238432124413,5.355956841908395,0.2867760064179704,1.7543156837192366,1.380557683333134,5.706937628091314,2.1493970504372073,6.073557357793676,-3.757591925629494,1.437953961955073,5.584696158177531,4.356095837383531
2.2659195630289615,-0.8695404049046337,-0.9243241722583766,0.22672919523653903,4.6631910637080045,-1.1219307734508381,-0.3638797831659519,5.175833575743561,-1.577389571006099,4.172214046029375,2.371734456973617,-8.701476628810475,1.2748892724278071,1.302611015649202,3.555494878364106,5.127094442345202
0.6840166015624998,-0.3460275901407002,-0.4752559186592698,0.2577959327697752,0.8204575505101626,-0.8764071273232499,0.5470909537146217,4.3992347054034475,0.3131632089534345,2.6031955355120204,1.1745027907290502,-4.374909991043309,1.235476913730303,2.690873646762862,1.9215919651960336,6.57648484405751
-5.413662017673255,-4.727923983154819,0.30809121321390087,-0.18254616748758867,-4.228779024571723,6.635776927620172,0.34825133151188503,10.255236797984377,1.3969253503565364,1.6486430868087338,0.9231255219926437,4.315074627813574,-4.50421997669409,1.2205156079142667,2.442848576945253,0.11671621873540197
-0.45536140255195384,-1.2752832536424195,0.16723535442352275,0.8913812504671517,-3.5437540659103552,5.884755208762362,0.20485139801368785,4.179384557758148,2.8559329354880987,4.389515228660234,3.514070321282993,3.233639092460275,-3.7380511319534078,2.316367749044051,4.163625183911374,5.264520166444282
1.315207602438206,1.6344068400611484,0.4524846577942377,0.29407064139594663,-0.1547354295891719,2.897180579636866,-0.08209254289666816,1.7941719145051513,-4.055532181083533,3.861326769199532,-1.8894080212134872,1.1978829266068844,-2.100993120419793,1.2915185369799536,5.814071123577967,7.8225482334089484
1.3684659064772224,-4.602590394532929,-0.45525010527670406,-0.01541020223374107,-0.5207417919809617,-1.237841367278248,-0.2443881906742852,6.255395612491915,3.436630300571521,6.563502027548774,0.26258938518546837,2.2889581349504495,3.8601523183124757,1.8206869703084227,0.6227814227019752,2.544416001389424
-4.150099763396974,-5.71722549803462,-0.14828563045710286,-0.30096845341512685,-3.104260940620676,-0.985923868070046,-0.17426002704103796,11.58510725135853,2.980184235943637,5.291417826826374,-0.6615206840657631,6.1207294108457875,0.5878376674354072,0.48710028626917207,2.304456703700126,9.415445898134262
1.8373627707908544,0.42557342692596584,0.19468876440947344,0.49620074052115265,-0.5103111837618047,3.2071579342956347,0.359715909769138,4.72158066040526,-0.9240968350109184,5.5855545520832175,0.48738459320863053,2.222520959122727,-2.9510219520952856,0.41007414637630113,5.604168588583668,8.8705322614188
-0.13152806371202075,-2.4577007817849514,0.1466384408275287,0.30624743999913395,-0.48828017151479924,-1.2405645303924875,0.08179340417310606,4.703967893743267,1.467399139044186,2.495539373721927,-0.6309502255742747,1.0324691934337218,1.2131540869548914,-0.7184342573210597,4.76680772572135,0.8143639499967298
-2.448331466771352,-1.2836082629909114,0.4948501505752405,0.4240492805801335,-4.574001419751827,-1.066431365291278,0.21234808062141142,10.563416988079744,0.4796871114919584,4.086172743855665,-0.6426161873983215,7.548424048196524,1.0327845648924512,2.489926847766697,5.271727268673478,3.8678153724819424
-1.0861750284234688,0.07092564991993579,0.11999661446983621,1.4513027497962272,-5.369166415789476,5.65476972871367,-0.17037547431389508,4.059096026140265,1.1950987256995091,5.635649079748119,-0.03726879416250961,8.2003764609977,-3.7116316192223837,1.3126969730314637,5.5686596170465155,2.8204839486647395
0.25381552485904374,-2.846929731745893,0.3640871202318622,0.8175664841967323,-3.426848976047088,-0.9772918140031398,-0.33358105150726686,7.2436313692529986,0.2777256239987913,4.020753028857212,0.39628517400473345,4.067041493810091,0.9199825687358769,2.7151006121700623,7.213206908116738,7.6551652086550215
-2.403043445686188,-1.3135598492075993,0.07763413154551113,-0.14328075403471813,-0.26010424033800794,6.315918634265661,0.21927786651998768,5.559340232470694,0.7012374603860078,2.7388811904576915,1.1848312853462994,2.342596133963516,-3.6258552842106813,2.0377450171100597,5.191457128745814,2.7639129363982167
1.7366102098263803,-3.1811196488663565,-0.5954577967493482,0.05804020397116763,-3.75746468600755,-0.7608940031031772,0.39412577299276974,3.89501967060566,0.012566663006941663,7.196869379469505,1.6150647845460724,4.098751731988043,0.4957898783882453,1.0710312876477839,4.65462909177939,8.85269500824064
-1.1440583245319627,-3.355764566243316,-0.691456855441133,-0.13667099864097948,-4.944077134375381,-1.0835556731993952,-0.18729117728273073,2.413460219115018,3.631069795487449,4.896317661125833,-0.08689078170433616,5.093830180843671,6.496802177419267,1.0347455423101792,2.2090474778190248,5.47035892227129
-7.190368020239285,-6.69066117912888,-0.7548801195948424,-2.110149366874616,-4.200631989247166,-1.5525911721875891,0.44710493859990186,9.06879609625538,3.320705627836908,2.6703722680611537,1.6405271130617083,3.8361439337662113,1.2484190224884084,1.9887855149855216,1.4364870756684491,-1.4713972656003516
-9.735334582124857,-13.118234116497375,0.26136545716489995,-7.305524268422899,-4.100816105154653,-1.2342222707929709,0.022238195314693156,6.365850103303635,3.0342073223606576,2.0975142126899833,4.138610441705834,2.275745870658196,2.4805991038717337,2.293208565680931,3.4120178252243596,5.256278191679777
2.0106729934584973,0.944176781459401,-0.5723033433606225,-0.061644820382818315,7.317641524651709,-1.25103934786593,-0.2768695231278737,4.2201600785395135,-1.1147878942533083,4.868325488083685,0.533012940195699,-4.583569137202887,1.3351365716941652,2.614261428016549,2.8214036340167117,4.847173948227739
1.8002703955754795,1.6057372328899804,0.3894268086825811,0.6661584265753625,-5.0037825912634535,3.488162283093668,-0.9819215931990765,3.291665509694799,-4.2188295453724765,7.030906756175061,2.2614666392604508,5.643511297429912,-1.7788333289189424,-3.2845297488815466,3.663870702486932,1.4639891982828275
0.021242714593807874,-5.7363130083655305,-0.4274811200083543,0.10407106139821379,-4.088079642049512,-0.9943346919020015,0.3925102720359961,8.034569697583402,4.040693420676515,7.281658278932174,-0.7004185011160253,2.541705636426807,0.7292446882128717,0.40813316155845913,3.3606791251798476,7.087316426503324
1.8242059598962466,0.6545346345690395,-0.38883311589558983,0.2974257320562998,-0.027879238369564577,-1.0612574383914464,-0.26956108935674017,6.394502001042168,1.1040272011371959,3.442276197957495,-0.36506662607565576,1.910901939064264,1.3826418236394729,1.3262041289707025,4.928895410920185,3.117615026572098
-2.6534633086081603,-1.1028102532504118,0.5006748476289214,-0.19874635348158634,-2.5583956875127436,-0.9743777313480779,-0.012651963949203805,6.0646905207413555,2.3929157559912038,4.827340662849447,-0.5037848936663936,6.652616356642295,0.6581396367040769,1.2720905644126863,2.8349100360522668,11.565865309458228
-7.496036965785392,-8.251594928859733,-0.6123496750034391,-0.9368986531009437,-2.847077122589107,-1.1891346347356833,0.3877455875488623,8.521222391736462,-0.23156184707605287,5.579424764840554,3.580509620250901,0.9990488720952224,3.7884739707700588,1.0878738733351543,2.4565726065426134,2.4735191494366147
1.6346904199173058,1.3115377586940302,0.09929045303041745,0.5306261986097476,4.106991418778587,6.680958688778181,-0.8548728536566099,2.091047917283761,-2.6095186634773078,5.424130830721463,-0.872958606192532,-7.687995089593655,-5.036421012696266,1.7634946093559265,2.2474214040810865,5.947452375493635
2.3316748617713663,2.337159836374224,0.11827074733159222,0.038200017049908414,2.2600147877869516,-0.6818749633568023,0.09261646652966728,6.240589290902017,-3.0518216922270742,2.239305909701933,-0.8742616710886364,-6.954341735465761,3.1681428436134005,1.379521854830285,6.25553357936442,9.9713210547554
-0.7807341986497248,-0.2850555006066955,0.09920674917288151,0.6716354018718704,-0.37851203716212617,6.76136948170637,0.18516016730914533,5.2884224022825554,2.254265198987909,3.341813101060689,0.1747454757442077,-0.37056712619618815,-4.467713464475355,3.6561244054461515,2.6865967328970637,4.994441706833742
1.3991542935051648,-0.5260307207703591,0.21528915635558438,0.7755165663594373,-7.379634775022043,-1.031330001946538,-0.010515697022279665,5.779053314048487,0.6593293261919172,1.4710904000997538,1.3309640301459775,6.772013172137241,0.9113579645107192,0.6153563655922188,4.644646471113587,4.203473787173628
-2.304460394385271,-2.437592910224572,-0.11432134932279565,0.5311084806894264,-0.6192870351100961,7.041031652828599,-0.0705478014051914,6.488304384662458,1.5838128079250453,3.376657678014289,0.7670810121794545,2.5287135387285002,-4.1355203419542725,1.2728079013197369,2.6492119146001842,4.959169813389889
1.8720944310426713,0.860722695200394,0.2643060587197538,0.9774922003100319,-0.43062507268406164,5.483725146924456,0.24502209841087488,4.903033603142947,0.302945332188159,3.702434957132985,0.9427364030890167,2.0694800866085576,-3.33175837916648,-0.1288781333391866,2.159778625721733,5.836004421924551
-7.485290062449873,-8.903806224783727,0.20941977813250087,-2.250300776144179,-4.6629994113589435,-1.3686477223181477,0.132293977726872,6.802217287674063,2.5162172471371784,2.0136901781558993,1.3387043844908475,4.451683803146394,1.1829787923023107,2.1947061509493127,2.0820926497858023,1.1744269890032397
-2.276226647101032,-0.12405934597179313,0.2818861063998193,0.5405409191961709,-5.184839899371068,4.044390991792082,-0.39326409480844865,5.358577598940582,0.40509633052721605,3.1872886966827014,0.24287050489243053,6.566577709370604,-3.93047932950221,0.543466461658478,2.901575946004441,11.335219795803539
1.7779022338129578,1.571170643130938,-0.00887681662291282,0.7225725897302231,-0.14909897981925577,3.143365784984083,-0.2846137161031366,1.5024634353456399,-2.523506671195228,5.109450678121298,0.8078659142019855,-0.16949185185010263,-3.4031582427673666,1.264038931097835,4.2902081916779276,13.521287994792067
1.7912700154781342,1.5666100759841504,0.19655640289808307,0.9459784797508429,-0.7270600304726978,5.120974883727729,-0.1125957857494553,3.4790571994607644,-0.099290772072971,3.4588542223880068,1.4502719858859976,3.888019326664508,-3.1878809479128867,0.5201314110358556,4.495524653691799,3.574577790503701
0.629348782700797,-0.24499101818197672,0.2109513644390581,0.9162385384648418,6.166869983304911,6.470342169304686,-0.051553335256874146,1.4498628225872916,-0.18714196483294174,2.7965909274021787,0.7231607241121426,-6.014402955671151,-3.7745873712458033,2.8039340697465613,3.409409956698617,0.7567457281872633
3.245821015016486,2.3271919731746116,0.1637412021237738,0.23275872802610204,6.831276793545735,-0.7458836302421978,-0.14938608214880109,6.374104528266937,-2.318538351685429,3.084003108387192,0.2959828174995882,-7.2993041292334295,2.2619800337430402,1.6664724210637312,4.757060474441699,9.159894461919244
-5.3219539217961325,-4.3170596760767515,-0.7746330716681352,-0.25301733540091637,-4.03990160215677,6.699948077370724,0.26198865837852103,9.037543693409614,2.803349442763875,6.322937330024938,0.8291459484181055,6.506790839057727,-4.102085431069134,1.188176388442827,3.0870056739842204,2.9193666807819776
1.507622736036778,-1.5200769916276142,-0.22131574647376945,1.3518765812503797,-3.5864186013173316,-0.9607110826571784,-0.07030506575604303,4.23414236086607,1.1903521547516192,3.4898126135878256,1.6544426933353145,5.536976137673483,3.50859732765456,0.710721226749321,2.70063746021688,2.3366592671275144
2.5143312265016147,1.502541124371191,0.2623923811763521,0.29116403849795436,2.507587717235709,-0.6088668501178428,-0.6477252548933029,2.535844859304527,-1.9718893165774642,0.9051918479603096,-0.09158424880852258,-2.442338663500423,3.4889519659851995,1.3260686036944391,5.906665434972538,10.958160719043263
1.7992636626114444,1.0647270154083768,-0.13804188172643392,0.3972904238303509,-0.0918831420658782,4.851832818955183,0.20729615282081065,1.5769291979720186,-0.6953946462919315,6.676585930086672,1.249128944866359,1.0000125722431894,-2.7909419925846146,-0.8726426190262035,4.5008755405656995,3.580558406741048
-6.660339794108797,-3.5233523700893854,-0.8349765567419432,-0.21028184240326925,-0.3668811390499276,-1.2538036109789583,0.06297003944218173,7.849580412496658,-0.5823808411701273,0.8816414853339084,4.3208942085603095,0.20304642803594478,1.1549646131793656,0.6887813433526703,2.8279140592045926,2.5705164062520485
-2.395456818722013,-3.7090063874101418,-0.5757887602167316,-0.20310634211388717,-2.7376613916462915,-1.0589256529721125,-1.1069606376588343,9.496771534803012,-1.1714846345198653,6.820411392877499,0.678417245294899,3.113968221884222,2.6290922370205325,0.012076685444490328,3.541189805361132,10.005417278337601
-0.6858640021818379,-0.1325284806887313,0.2888315804352353,0.419006808536748,-3.1221300992947074,-0.7161952201634023,0.22233193412795646,4.452292678647985,0.7773692774536712,0.9968153983559466,0.6945823044177762,3.755884296869238,0.8365766602878781,0.5668061463367198,4.6681506770843,10.93497425499186
-3.182116586032789,-2.3195776220097524,0.8776153928761679,0.5367224422916764,-3.837103728910908,-1.0031513273976738,0.363202865190804,7.3575823686545085,2.3639666696460915,2.5311546358028423,-0.1004481191039074,6.043463150976847,6.267392212371031,0.9744848963273689,2.8611689465865493,4.471914778201688
1.3886991310790184,-0.5672749471614756,-0.36212171772929536,0.46162227711950693,-0.5333184694771963,-0.859243513577928,0.31180214329312245,1.8868681043547888,0.8226267650375766,4.814753880304594,2.264885404144724,-0.2958878513115147,3.6252119994405656,1.5757574712733435,3.802998828125496,2.9310901094712305
1.8269267752853524,1.784821490501209,-0.2495199611913411,0.3453988633708406,3.1263915527643014,5.174230497948826,0.12135686454425262,6.378467597530844,-2.449362196775774,4.6348526855800305,-1.6887115662985792,-5.069346460388275,-2.9351811863353947,2.3678110983502116,2.485890078196302,3.218238342143596
2.1892486982258665,-0.45636382921660895,-0.3697389269669859,0.76738988133582,2.6233595731779924,-0.8887791478704506,0.3577866394681239,4.7694033965133125,1.8303284135522946,3.9067487818188975,2.5937148227377325,-2.3866401512573168,2.92334668970729,2.443709711774562,3.59978069066753,4.0271998223786545
-2.7726477586794633,-3.223703623949549,-0.2532117195328078,0.1119640430537981,-4.5542066160374475,3.7896867402670913,0.42860423414191856,5.4270805712513,1.8771223920525517,4.276260178350531,-0.4587357126524046,8.503140024845411,-3.2050906781897264,1.3391431738163808,1.941489854512425,9.142190966214676
3.5132467831547056,2.5026680533302326,-0.0024165721287328227,0.1483222179949906,5.468343775515134,-0.7581264649899676,-0.14743613605697997,6.8721877151752535,-3.877510077706228,3.561519358147556,0.6868689455961187,-7.383506875368455,0.6694363327982524,2.2177113552093517,4.961050626549871,11.17579792457757
1.0458391180435813,-0.25005179893846335,-0.6191233974446853,0.3508836020939059,-0.8494322035995625,-0.6576540159732105,-0.5519992313161498,4.416103245616579,-2.1212227749079466,4.399040560834108,-0.14064691806708793,1.8269227580452962,0.6598443493942424,1.6691065660119055,2.327087619415175,8.625245218674964
1.6485334909583125,-0.47037733229497997,0.06321805019180017,0.4292867971084398,-5.045890371609478,-1.0494413626243666,-0.23249675514673196,5.107724028542638,1.1866457617857173,4.304036720693111,1.4322006452654792,7.116009432566662,4.673207062517604,0.690199929323047,2.9077881066252784,3.424184358237931
-5.637685040913541,-5.076735236636675,0.30476789812992056,-0.33590811046212876,-4.425589501546365,-1.2374179420818885,0.08023162393271879,7.429991197122261,1.982976086505068,0.5163259930126368,-0.26458998376441495,4.510927987989037,3.432420872818679,3.195013025719051,4.204006810709832,2.737618302748848
-0.28232580778592553,-3.8042209740261708,-0.14366695128629595,0.09387774491837882,3.0867983301797266,-1.132900437264393,-0.38353891746203145,4.919902420338243,1.4424692004518584,5.088323209375144,0.18194616664573526,-5.39480272686233,0.7099492079565921,1.6789398497442405,3.8238269090354446,8.40636477202014
1.5816770437359813,1.991921826480888,0.171339569906394,0.1350196544627352,4.0521492075920085,6.738857408622899,-0.10326671477034731,2.3927975194205833,-2.7693537191913142,5.001964655452719,0.47736652117315737,-5.442956918607155,-4.021127481687191,2.186240753423732,4.407216347336148,4.07055265197282
1.4465940899029368,1.1657675409050037,-0.29808981062968604,0.4675391230185829,-3.8109027266254016,-1.1135109472349283,0.22375911672537477,1.8018742071343588,-0.910825170323563,6.84615426915077,1.2697544873915614,5.607907557343444,1.0845578808200853,2.0163614538684493,4.118085940917334,2.807761602266381
-0.4865898823104799,-3.2276940891041117,0.34513776782030875,0.649748661601295,-2.938948987553827,-1.5097525353332353,-1.1389906420999134,7.288482672564994,0.7126268345622423,1.372698547383149,0.403389538244965,6.225144423872232,1.1709017934401833,2.0797088684632126,2.254148251471809,6.6377905141664675
-1.4133647821854496,2.032790555385872,-0.04298001910683995,0.6104805713097256,-3.282600598073254,3.8522645632742587,-0.48128108527402697,3.8890223102346066,-2.1411492847464983,4.319223649551471,-0.812422023147344,3.0194811511337765,-3.325149411775172,-2.8788442466643955,4.939598314416907,8.671428285624211
2.747864933172239,1.050794653660619,-0.1109665164078273,0.6847959414958026,-0.0011566031090914919,-0.7085236032453062,0.08928251529578084,2.9817451328312368,-1.0872933927830308,3.947483591010172,1.4097404470220203,-0.9562574518299662,0.48316944815715174,1.895902267483063,4.87113555268695,7.5335845776088535
-2.7720910642845547,-4.1695571735509045,-0.7224623372020818,0.4789539268851902,-6.131414044399125,6.390382512471326,0.4346829598999272,6.413733338510851,2.2726513590090325,0.8047480831493942,-0.2069979122381193,8.199118617757845,-4.043818513999616,0.09192750586848711,2.791845994376889,2.428333973826356
2.724729746595024,1.2895380140244965,-0.11329174391925351,0.7548528093298277,0.23454202678520203,-0.7695778691098094,-0.36219901052613995,3.218989398714776,-2.5440644530784335,4.7145996821224685,1.113896392427385,-0.5711174507588157,2.3155743222559484,2.3190592441024886,6.23934930303724,6.009817840079466
1.7008360083450875,-0.5054361804388465,-0.3419153233071161,0.3841998239060241,-4.065660511261783,5.565009032411501,-0.08587374947468421,2.892829525741128,0.24662054898279406,5.81333066471697,1.7514635323062542,3.0566366039815667,-4.041218485082809,1.2449659155930086,3.0798105355526006,3.866122710012521
-2.3622794115189456,-5.334259897215371,-0.551573756137553,-0.24911880927618277,-3.564325547743899,-1.1693298387130102,0.31649198707317316,6.860323190537903,4.421975802758088,5.254454368884366,1.5261527519011868,5.143653060003803,1.2742785482803982,-0.19360085754717382,3.3508027894962575,4.175547279501954
1.8690973611027004,-0.2472894737245514,0.2192518687943619,0.974607194423055,-0.45283208700641914,-1.0174321809212368,0.13280646596352289,3.7519500127832095,1.3642112544576332,1.7829113749104237,0.25284138668887274,2.804176912873983,4.736949818540054,1.8486981201668578,5.692580432691922,0.9969583035210766
1.8146749591808766,1.0146199038277073,-0.18618247087796516,0.6719833194526535,-0.37362418177351314,6.2929795999030285,0.1748751613299048,3.856059074723473,-0.68520030766159,4.652084173243494,0.056161337742854034,0.3231332510809105,-4.080883247163147,3.721473444040244,3.4363600938208396,3.477919981055854
-7.635559068407707,-1.801296541227028,0.11288554820418355,-0.024605364749052772,-3.9597342579636514,5.589418404487272,0.07377420737540039,6.312572412224001,1.4537153608822742,4.476198641354218,0.612005297971889,9.325261946093429,-2.191893962066776,-0.16279042968526444,2.4475554598631963,3.0561230928426766
4.661641521412879,2.696931102648378,0.07828213418275093,0.321652388586352,6.266791364928086,-0.9028699963279067,-0.14735192819684753,6.665393359147013,-3.033300629581014,1.2160297292837252,1.5872502232256038,-7.4686515096742685,0.641390498923759,1.363165333579605,6.945390185657887,7.679040594891335
-9.036020620096789,-8.914880685310887,-0.3397892956392215,-0.6885052404406793,-6.33621900504455,-1.1256216276387179,-0.09129076300002632,6.515891620452052,2.4989072812076008,1.988836797192382,-0.2492124222687758,3.5828588541879625,5.387410348343352,0.8993453839079789,2.106939012806863,-0.5189680568037243
1.9702767389929694,0.6057017758985358,-0.11414681403587253,0.25911171935250293,2.158123940219482,-0.9287479107500007,0.1823344826636218,3.6584090026724736,-2.9596410813077036,3.492055121787746,1.311552924660345,-2.4003814188751083,4.619773851627485,1.1977618956069152,5.419194811001419,2.689783140789716
-2.205750247628738,-1.2388121654962498,0.23449772617469236,0.6373008606660486,-2.6995275883565975,-1.365233851184448,-0.13233985791355352,6.3489664843917515,0.348726763444332,1.8522629369487986,1.1514580882837373,2.4978421039779986,1.1133862913583095,1.1690363130395613,2.2499678258250158,1.9129844701625411
1.0784936125890041,1.513033028249008,-0.33329292045533665,0.068386855610957,-6.696962746652151,-0.8758528778105978,-0.7879646226484333,3.791411755558414,-4.362156651922813,7.9838477010751765,0.8945949280193691,5.626575048867924,4.436924958489836,0.6814118056576696,2.037696487668281,5.177723947891034
1.9390969958702724,1.8187655268994476,0.18472359812259634,0.8779180344964067,-0.07028640214602219,-0.7588647862126429,0.137117231298239,3.566436327596504,0.4998044573844528,3.433425503929456,2.5106527180857956,3.5631289014083647,0.677435229886323,2.197492141445477,4.482969143962507,11.55763112761329
1.876622314112883,-0.2399011587450905,-0.1329893976797658,0.4161477162831774,-0.22745507803559312,4.145028744439284,0.17276170278092226,4.2760594675391905,1.3524193056803193,2.3218961969949317,0.20145786514381492,2.297915038079024,-4.144780625290469,3.329417445768834,4.950632566755638,12.128723808166885
-0.777373651205252,-7.591015972194572,-0.3375117932210364,-0.09958958449152586,-5.595819584783168,-0.8104392770392196,-0.24368240965344018,3.747490947194397,5.082010152872962,2.2610847167428583,0.10310449576767854,6.674772002032646,2.7942734920556345,2.0425869071335954,4.387249763915937,5.251805178302029
1.5199030139247582,0.9636795275906721,0.045896309065322306,-0.532169738603135,2.6156665735195093,-1.1412515322516361,0.17647214564184358,2.5248638013725477,-0.8547630631973343,4.234296950255833,-1.031699329249561,0.021534602304299356,2.499179189121971,0.36622942264750585,4.492327296858033,2.5971996327638633
0.1522646959017336,-4.211458875536299,-0.37772700802485165,0.5339769077524539,-2.946568653829706,-1.0306076178972916,-0.03423934114103482,6.8753135623813915,2.3133714325620494,1.484115498110342,-0.9245485846673448,6.027880024460144,3.63004355241917,2.313638860087221,5.721214654070635,3.260050019456694
-7.23697450593114,-8.070395935456736,-0.31075325616340455,0.020426953852177004,-4.626292717454024,-1.2361727274016787,-0.6818057116636385,6.240093178671162,1.6563943393938243,3.2688185186988363,0.006823323952034055,7.346168575352059,4.636010249719799,0.4438662873848806,1.9764917765515087,-3.015500364452601
-2.600332751285284,-4.7025736582089825,-0.4502207232480863,-0.03608815383849055,-5.54580779568758,-1.0272177989768483,-0.2004400349135202,5.354264810711144,4.6224749565872685,4.011065986175401,0.22837479899008736,7.576702261208555,4.511611751508588,0.5127259485426675,3.800833476831904,2.380220334545398
2.227000221531838,0.6613822452028593,-0.4474385730102659,1.163984865559886,6.608563424598426,-1.3143561274843911,-0.47652311521365015,3.980994759390752,0.29213097225253754,4.045234376731019,-0.6510033302667234,-5.4052957081658155,1.1003606240153314,0.4547536634340262,2.624051898598671,8.132633872778465
1.6499768764370435,1.147080279727233,-0.07527702141677288,0.32108331895122955,-0.04037672280644333,5.703006060647467,0.14729620720446104,1.8742837912775583,-2.227971547141051,5.366226948223387,0.9058292552704613,-0.02920015606905036,-2.848804105687033,3.380722032842537,6.341230665172139,4.287313011538548
-2.347864506257697,-0.9001385504410915,0.1892325615783533,0.6555522306888207,-6.4988289558386105,3.2018142666127525,-0.16791478916195537,3.2462026932289985,-1.372581391733761,1.5734134563149418,-0.4938385584507297,6.660591830914218,-2.1910061244631645,-2.095344476819116,5.5287112629674375,9.455818854456144
1.856370870557924,0.8835852459715684,0.16137454607617122,0.5585580368886395,-7.583546877478869,5.6282332961733115,0.13302067468439496,4.26824175339192,-1.0047460221129783,3.844958212501059,0.8796727390388649,6.546381463942426,-4.080919406174372,2.3035657522265494,4.222668319128454,4.830158675587114
1.9058621007204057,-0.5437471394017345,0.26643822829301217,-0.009279808769002636,-3.7324200885768897,6.4343344158827085,0.21628635807832064,4.012275463568669,-0.18583206112931214,4.9049877622351055,0.209851179063631,5.727758637114738,-4.198381392553139,3.100577655797436,3.2492536318600185,5.020642611655717
-0.3371321785350637,-1.5740340584667862,-0.3090714879805848,-0.25335889477531126,-0.048118216003601715,6.278315429607716,-0.04653431193530538,4.171524807685365,1.5045311282412925,3.1618477496855575,0.42909949767962124,-0.8515418016177908,-4.967978265418359,0.8485685071970023,7.946316223443795,2.5981132748856526
-7.241566487856828,-2.49229674925625,-0.41413943810512677,0.15465170609826837,-3.2695170598986256,5.873964438287463,0.2513647083093724,5.103499554782465,1.4372015052894132,5.9865133156736166,2.348598458099489,1.6591371998575828,-4.076373247991083,-0.7205894215251126,3.7712439009795586,4.028384287306419
-3.3504739831018573,-3.2482185232577225,-1.1267350544296206,0.8639978162376213,-2.9484462220874073,-1.3136590599690876,-0.12763370397686977,4.9880805439058085,1.9302176227448515,5.928402652393483,0.7216531953879165,2.8642224791360777,1.1567673300070065,3.0748294278140347,1.9182433626453081,5.357210363139165
-4.776643370633325,-4.164327717413505,0.1792981351036577,-1.0261679969880884,-2.9430371090794987,-1.3094827963436637,0.10008619680007283,8.043247822067702,5.209293073988209,1.4375064603074763,2.5013723362055997,5.184716068716876,1.1825718447659166,2.0336464091795494,3.2984413840969413,2.0001273709270952
-1.0567606962755474,0.9181879479487743,0.375618315103793,1.110042583966628,-0.197540549638371,3.503281218462332,-0.6172840455348294,2.130567701184501,-3.101899232633411,1.226578521100183,1.3106768983726311,-1.832206602975338,-3.505244191478317,-0.678607840410123,2.3667035502990093,7.667096469633903
-1.0819031692147254,-0.1723952798371511,0.1190588371778531,0.6664840795484683,-3.088619945276529,-1.1398089379432295,0.3808798482980732,1.9080919171770412,0.773402936935425,4.010589143922784,0.6202914819593229,2.2074173229920366,3.6173093633639324,-1.5507460282146934,2.890550157546997,3.606115032557398
1.8304667580531295,-0.6720089442928627,-0.031100927424927368,0.6170071758478882,-3.86416390370888,-1.039486185371876,0.19898565991346995,4.352274985632548,-1.4444446865754819,2.102964980448286,1.0972253328816348,4.959874419326427,1.1370846143327655,3.3979301288719284,4.580226963815589,2.654664919883013
0.17485023560623283,-0.06984269122282658,0.2579645831882957,0.461735623200734,-0.4259587373795605,-0.9546707820246615,-0.09598080788056086,3.975052571927508,0.16141487589478487,3.273299985426169,1.3684941909189026,1.249099923404555,4.852636082341273,1.6741108334710206,2.0032178698952,2.1805240375511357
-0.6138962901495393,-6.7389625391066055,-0.43645907024542524,0.22523557263612753,-3.299674494059446,-0.7247392081941167,0.20938007027438535,5.661415968054905,3.1788046771427623,3.4850746108405297,-1.1895603565772368,4.368446361139416,0.567108460088571,1.5635200610458846,4.229904120693605,5.560135312160166
0.9015412627160553,1.036589330851411,0.49709561525781953,0.4381976344181464,-0.3680707276929173,-1.1328890375526002,-0.5691810050209363,3.9560792772571243,-1.737884837071179,4.801152181371504,0.8231374535629293,-0.7753093091038366,1.2387222620695828,2.996356859159967,3.029698017582299,8.492235796249162
1.2938459474692745,-1.5077684523612258,-0.39348857535794396,0.09656901382654866,-0.4692709326570226,-0.6493283955765271,-0.5027029656991362,6.057116323677201,0.981930093968908,5.656485452480613,0.10847795502344788,-0.12868999394277683,1.2660852016136053,2.1362117063403123,4.963295835036785,6.060766464021058
1.0296600521033012,-1.3431918459440741,-0.7610381745119424,0.2094685291703787,3.0258005447983747,5.172230940913159,-0.5149561036303644,1.8006873041333942,1.4183445132180743,5.8764844962524565,0.4354822423287165,-7.783032694198327,-3.2149404407336064,0.19721485503514558,3.4260356432572014,7.636398096921234
1.7345368028146533,1.1794141563971838,0.14697985982273984,0.3180232487296063,5.29606892051612,6.813483080121377,0.18577951359252165,1.334794776834548,-1.133208691596985,5.017141648667553,0.9260343483343989,-2.353352325135822,-4.140720808386494,2.067403261027629,4.540334299921989,5.770571975850539
-7.042003482448618,-6.479663776369241,0.034308627091348146,0.08328321479501508,-3.6970237485750497,-1.2942077852748335,0.3564252078332937,11.471062245732176,1.7685434244492408,4.921135879553834,-0.8105687987276469,7.292896583736292,1.0988550546271731,-0.9580744532650953,1.7716018299988163,2.6696280153021226
0.609321407198324,-1.5705304623351741,0.2416869724377369,0.8739396805781875,-0.44135550736387597,-1.1799754283192256,0.18989270528157487,5.238448295866449,1.049844219673425,1.4151113663638635,0.18440133104783818,1.2718824363863097,5.171615166713795,0.38963344809164613,2.1347367133857924,2.8429544764111436
1.6142623977313448,-0.044007010931770195,-0.4896130263805386,-0.2892037354993325,-3.149849902787556,-1.0712353819981213,-0.44205406172076833,3.5049337163604792,1.1787348595460252,6.405219292901458,0.8791551489134629,3.2770294563546787,3.5197812819083527,1.2774529656693348,3.5010335064964995,4.995656706944107
1.2990092347661657,1.34425816446046,-0.05034156641488335,-0.005837525043636601,3.763849449376265,-0.8967003705451895,0.1897771119723725,2.657903955205031,-0.343836285750071,6.245464383812004,1.6176873563627405,-1.2140218724297969,4.446045938727755,1.050797664046598,3.966172248018284,3.8789744548732403
2.0409456687914216,1.6505138321270545,0.13303468746443664,-0.3468015358134482,2.8175002321961027,-0.7308844227381045,-0.011060963665445615,2.447586443348477,-2.520226817494879,4.000678437262773,-0.48592828284700756,-5.46164708590259,1.8188452009161309,1.5072971553765244,4.143782865812381,9.436770234708982
1.6522477058768275,-0.7124406052008275,-0.40429896371563223,0.8583513617006446,-0.6588661542534832,-0.853255977402131,0.3346596191450958,6.982566832674048,0.5794860558497409,2.208037460237741,0.4195031556983786,2.593910233408212,5.0044497351745765,1.1022432047625381,3.715934096224606,6.601413655964037
1.3986125124196216,-0.28302629936238155,0.25556208132952435,-0.31579580266525353,3.5530649885168923,-1.256000342017661,0.044225896661480434,1.721701371636241,1.4104595724443598,2.4895168681989115,0.5944459277937814,-6.372237893975651,1.2130758255322776,2.7222391181699934,2.5611943181380634,2.7700598590175303
-4.224475674215317,-0.2624606031583007,0.3879442826416345,0.8800133586662509,-0.13890888331706328,5.484375711981751,-0.39707747662245907,3.191356909728027,1.8527158025639754,1.8835367841317014,1.788069898237164,-3.225373268540716,-4.271484360657983,-3.1496218101477713,2.930390831436962,3.459317507410655
1.3636574211746142,1.2779490519737209,-0.1051256703212856,0.6719869827395305,-4.792403300507536,5.11573978485167,0.04686940501040512,1.6507817010729724,-3.0219396942872545,6.786063586402684,0.47961220054390535,2.06145719979331,-3.787636394830266,1.471841669814661,2.6250708714326225,4.339522826866558
-2.727054763991075,-1.7646908659273766,0.2727738606383402,0.22824114607895407,-5.178707959778219,6.319491836756933,-0.003846600001056899,7.2022542170972255,1.9347869331206506,2.5203973355491955,0.06801072169219508,6.866780794719389,-4.144623286173136,2.351128939448856,5.312058711105025,4.08018273589636
0.3820333113844974,-1.7242179960279422,-0.3228433882171908,0.5664321534745392,-2.776550305197637,5.723640342948531,-0.1367921331524852,5.920401806211021,1.6328338852648934,4.033790157312836,-0.18832274657045484,1.6038130653674405,-3.512488096582666,1.7764950444387895,4.586394169519034,3.82828195432077
1.7888606915039322,-1.5792791743911798,-0.056281866567830005,1.1020069224076972,-3.162894766143524,-0.9388192668085299,-0.16835471412725772,3.7438910532100134,1.915231915178399,5.150313019989058,2.4544397621030614,5.3700653427088,4.091526468443373,2.918497582839801,3.1421966892381517,3.684783577849466
0.026881349900116844,-3.442543480384474,-0.6224923317457238,0.6790060045955083,-3.1319334846871594,-1.2713245803875233,0.2892727048819264,6.871704960378198,1.5007641544882204,6.281357452764484,-0.20816793878748976,4.829798916882836,1.207824508110682,1.558114801883697,2.2326855735629794,3.127150824707622
0.6972675606111685,-0.1672895722705872,0.24479478694001788,-0.34246896034230795,-0.5107268826961516,6.275591744025549,0.14030346461385493,4.5118581250905985,1.380203999586404,2.5684795479836566,0.6132861893804122,3.647450115861449,-3.019839620418381,-0.14767951642597718,4.992499476292559,3.8300669149433584
-3.1246895736441176,-1.280166228436243,0.16453218069672662,-0.09985289548523757,-4.607338963740505,7.030975981641558,-0.33236946656803334,6.858693101645757,0.44246573726437044,3.0776357901226734,-0.5974139997527624,12.884774747034223,-4.172689554092785,1.8969895316803198,4.297102534792696,3.577314435124398
3.662953777516882,1.530672360191742,0.1431292775546513,0.7813446319863815,4.186903346513165,2.519137670482199,-0.25998997067908475,5.455544561017926,-0.8231835584690171,3.6442773179170525,0.9861032085828486,-5.299649833106746,-2.1955519110025685,3.5059215483566133,3.101136040111383,7.057809526319384
-3.217513834806936,-1.9578568977255686,0.2052597101529442,1.5723687780424953,-6.898637906253396,5.545835548931111,-0.5532002446676295,4.783542459267966,1.6533418933888313,6.736286742031571,0.0874604975392578,7.820918530008446,-3.7294486124309287,1.193908368833984,1.9525533561408521,2.0214146689267176
1.3713009289080895,1.9294066968957586,0.1488026003725824,0.6460100519520542,2.1193692119233307,6.770487553390363,0.21462458808223422,1.758724588998904,-2.2892902170320357,3.7023189884188272,0.14861017597466694,-2.6280817361027005,-4.032031867308851,2.2622236206183834,3.214905045812018,1.8618163884878156
1.69548049478978,-0.2633985196302334,-0.21807263315717376,0.7162345171670121,-3.1784077944426476,-0.9320628794878727,-0.2526375175168113,4.057610951937735,1.4938944983494777,5.137034406997261,1.6031329522257054,6.012879750043154,0.6922679320424788,1.235633560673023,2.8664985821886604,9.767073237255834
0.8325705998167379,-0.19701536652942503,-0.3156402209761244,1.0496631392861404,2.8009708608401302,-1.074023637274901,-0.323744046101967,4.361491026973974,1.3309487400588889,6.9219165399757525,1.032605086348952,-9.74292126877109,5.852766810915123,1.8774136046891408,5.073075782625627,4.632439508896321
3.263528586022633,1.7687130212672064,0.15355472434312117,-0.22241400083123397,5.064402322502188,3.190975483260428,0.23919454366286882,3.788017366173017,-1.2935421568629872,6.065018083366875,1.6601645010232458,-6.20405963801647,-2.8558372661471365,-0.12341690510076783,1.5720540988687424,13.189032439233733
-0.6148559598438438,-4.944500584411125,-0.6829207097583763,1.2066711969849047,-2.770932037333027,-1.1070280987285073,0.11212224994072037,4.893988573656729,2.94373875375806,5.993451029838218,0.7229042982412504,3.7077209797697153,1.163236619535833,3.099838993245737,3.44404551373298,4.995790889263152
1.5417408293653283,1.179264082983136,0.34992605000734367,0.1302337621012702,-3.049367472882071,6.117716180843612,-0.37016952926541397,6.1884318706070385,0.4169515419776244,5.889494510294247,0.5529512095799054,5.909613506807326,-4.38096863807117,1.2405136090169349,3.6459508205950266,3.385244592438141
0.9998592804865915,1.7185592678847417,0.2105041608928588,-0.23444159674427162,6.092829469311983,-1.1017844727523627,-0.035110235365418324,2.7259474311793848,-1.538639705020934,4.320794118451575,0.2840081090883468,-7.215984549079398,4.1865219408534475,2.5472582731178646,3.5208853952450054,3.138817597442617
-2.4380244191664584,-3.2147978922510516,-0.027425349627931854,0.4444548488932967,-2.800679461236733,-1.1971393024967985,0.021095284043501028,5.426725993579333,2.6318925178432835,1.519997751901858,-0.14320172601938227,6.873717760174535,5.140450935286779,1.1813462473656202,3.228154791235924,1.5723143851049244
0.804296036347747,-0.6519815915524961,-0.17096830499296356,0.04445149518176888,4.562778130377333,4.124826865322889,0.021595797048881888,4.049943889786956,0.08864989995583915,5.733563585321107,-0.7496818657304778,-4.893355309844326,-3.5494762239176776,0.5888758394854762,3.294994580877324,11.199696933541446
1.188946402722349,-0.45811832022418575,-0.13464639848967394,-0.6438534637962775,-0.5375582595815266,-0.9174632709349193,0.11923118093858141,3.0919587164397044,-0.22646695082386342,6.111688361900549,-0.6304336824603377,1.6666606826167556,4.2756728355214,0.3217170777345697,4.110837306032578,-1.3644757050157836
-7.072285120166219,-2.4334789371252215,0.18328179542751372,-0.18070796334378703,-4.667928622075901,6.7399004303136225,-0.3746483408013979,7.431674595200769,3.7921195073528997,2.7796919264268563,0.2873347335606814,2.366253710556853,-4.240818129925426,0.2867657036085925,2.0877234184630216,-0.3844789325638361
2.9563677666932353,1.6005543310095862,0.04790515057991004,0.23089772183013443,4.205946590493123,-0.9625601307563484,-0.2862856795831269,6.506095250951125,-2.8226828858032826,3.688670098385464,-0.835851893054942,-6.4319946572128694,2.399752669959019,1.4473958096926414,5.830135205637664,3.5643635233777267
1.4976341260944797,-0.9217730493222666,-0.5184431068902685,0.5352817366728554,0.19511109181866035,-0.8084468861954905,0.15001846483225556,3.489829436180492,-1.7771678569448013,4.448785974113581,1.465569914833954,-2.0647867402258173,4.542003524529823,0.8938898465422294,5.245061407998205,3.6819429901142917
3.151908927215883,-1.7249811347164217,-0.2965518775110445,0.3700509836549564,2.7075671150746445,-1.022222565412521,0.12063062886707462,4.0013038562722505,-1.7564364154152572,2.978251677268495,0.8640988983425001,-6.881263291505475,1.9848946109631416,2.7705968636249496,6.591823013716066,2.458129988986378
1.1257281459048392,0.9312636850581816,0.22678625484307616,-0.6883636090954145,1.8003967123307134,7.030333026333791,0.14024072348823174,1.1738313302372891,-0.16633154546717782,4.082463858823602,-1.5454514678139237,-3.316467851904532,-4.12480172234339,0.9194562362184127,3.6131611375305797,4.975253707200289
-3.943545334376395,-3.113847079300633,0.19182088276837064,-1.0122854362438283,-4.381204840689588,-1.052605573338767,0.20628969881062797,11.028508768921094,1.91616836630553,5.034974690700568,1.2461724838763477,4.213776841628055,4.746303233745197,1.9257914139941954,3.6137371980157527,2.2833935476169
-5.737941806546102,-5.125746964114407,-0.184079531975866,-1.0059126153805604,-4.527119838115835,-1.2220823896182706,0.15434192702919267,9.733621330708347,4.0811550364683695,3.1014954073343746,-0.220919445954263,6.107943463532719,1.2240047241598366,2.6519909355019524,4.779983013258628,2.9142926882888807
1.3554995582687364,0.8766727028371729,0.11408815685907961,0.9866064859336092,-5.016393551921163,-0.9616825374253097,-0.22922318215947587,4.849392697403886,-0.16523035615244142,2.6937512738679845,1.4518011685945102,4.679528792162736,3.296592098222656,1.34132403943222,3.777816529505266,5.991759967472715
1.6029272594948603,-0.4751288051944773,-0.9030233558937909,0.22940466617090452,-0.8643199575468893,-0.8178998194746668,-0.1982138562016186,2.0142462202447153,0.5889593911990522,5.817418853285413,3.3921010067885127,0.8329023992021879,1.2470024414770302,4.566600046974917,3.5381011742862567,3.013740979115168
-5.905441083298102,-8.529601332844896,-0.9213873001913497,-0.132154958082984,-4.434886860259615,-1.3810385151356457,0.3020841044783594,7.443648446684393,4.11744248086511,6.541750952711639,1.4724715653590392,3.8345513173122896,1.1503769920518,0.24774601590322934,2.529615272432255,4.002672322919592
0.2423725771307942,-4.971151021926956,-0.5387282605816918,0.9843973151036576,2.9960289714938653,-1.2196202714890239,0.22925285797069522,5.5333553774543125,1.0774052048431082,3.816968287092943,0.7493240796538306,-2.374191194746954,3.886177448858816,2.330563153980533,3.3682038395007448,3.9671322461416327
1.7293140138015153,2.403150503612435,-0.01914443656429606,-0.1949063376107567,3.7941207922020306,3.716357428163291,-0.2872196019031105,4.6882807727543,-3.151866583545382,6.328060984129706,1.457394550289959,-4.8955812172641355,-3.153712510057415,2.241937464910249,4.748381160331268,10.028152051302916
-3.2313671808686717,-2.0293386291985716,0.2056702578552069,0.38709516512354286,-3.884487904430678,-1.2100247385849547,-0.12678620209172387,8.73980388426936,1.6522775209993128,3.866851890892101,-0.6966592608798917,6.389898865702253,1.1388353802350655,0.20741964675113544,4.462072304014117,4.158881588231774
-8.321550949320741,-2.566345208531556,0.28016746422151717,-1.2098432376993205,-0.4579554967908189,-1.4784557085766759,0.0038024904498211204,3.5153456995421246,2.0320058368158835,1.7844237782110774,3.5278754354726205,1.7104841101871178,1.1341459226949762,-1.7086891986958994,3.367298749230802,6.061971780202971
-5.148009616050247,-2.1209323186812297,0.14359231206402143,-1.7037987823026872,-3.2283365101612485,6.1579839257361995,0.28619578451166566,6.745038406332645,1.5074397143300156,3.941960550669037,0.5121064920478189,5.573969467166191,-2.9119056586969325,0.1179263069269556,3.8656553663133337,2.6699307012806335
2.0679288339742152,-1.9086111343915888,-0.20784161747495336,0.7515576103292793,-7.237353408561552,-1.135660463216404,0.20031162331098057,1.4676615125334358,0.4945183663380256,5.84272387255604,2.1175218159966174,6.600667767096543,1.1896268289089198,2.6347695027813316,3.500300046749646,3.305570625424773
-7.335653761632819,-4.761181175662826,-0.6932120719893524,-1.5956621332676921,-3.8847223184356303,-1.0899745564097534,-0.7512524668984114,5.302569304202374,2.0436394707781735,3.144830502038201,1.234489561502511,3.862026326865191,1.3228071173044544,0.2991160030358781,2.831218082187077,2.9552354493360817
-0.9469346548294032,0.7339276045337317,0.28492871173222867,1.0584243312031034,-2.9799489660856002,6.637561523058762,-0.7290999288012581,5.846859300354184,-0.009056021232778495,1.4804349123835565,-0.4477265299484133,4.576600854004423,-3.8655344720973317,3.175975135510166,3.8693997709682852,7.9419872672657155
1.5654106445414944,1.6337401187531653,-0.3304555935909351,0.13845977880681604,-0.7498070780585212,5.468314368391408,-0.4574466795045881,2.502280710268765,-2.0304624025647837,3.18348332961866,1.5085373483287787,1.229904229113212,-3.907865132261689,3.2330696316491814,1.3239356480638178,3.9831237140720086
1.614884935100875,-0.25933593184749326,-0.6358919325073564,0.11874160240590635,-2.724011627373596,-0.9298413436378662,0.0925660369048512,3.3595868267888807,1.358825543722759,4.944481250006706,0.8009175549795232,4.536843127451836,3.0859783032486843,1.454875947619478,3.439441581566197,4.325364404996236
2.1905525313938656,-1.5630919492927693,0.20327352873360144,-0.04285025842984451,-4.237725235601887,-0.7608875390142203,0.23920725918809596,3.6321807347709933,-0.6833564110994337,3.569804573742051,0.8992653355225915,4.423924188664184,0.7755813969969749,1.4582632913614313,4.608697245779137,8.639405488322177
-7.553496033194166,-8.491965512293644,0.11116747853066768,-1.2727240822965777,-5.316028364539107,-1.656580773987497,0.195104118310536,7.060635287641779,2.9164951111173925,1.7188750013076548,2.460819694063626,4.159501425351461,1.0741318615411093,-0.3668953657969831,1.3147206811703127,1.7894878350185848
-2.560278507779974,-3.854747897509797,-0.6604076005679863,1.0106170269468175,-0.551527120073637,6.3226870529267485,0.3427988310866058,4.644325209766317,1.011160288813757,1.5337239631464081,1.0527966870941843,2.552029406563689,-3.3402115730121733,1.7856852695855001,2.34822925555706,1.8074506804856165
-9.263444476060569,-12.18803074743071,-0.5654745004323004,-2.7645272893516233,-4.750779121672792,-1.2933782743637758,0.23892667795810812,7.745187119852985,4.936403281496527,5.671279162378671,0.03665763113802883,5.114937713233443,5.41023738827991,1.3822835404941192,1.9743380346456545,-1.0388481706765789
1.5348225576927264,1.247540984480797,0.5390735898544077,1.4698803363467259,3.6755815903767948,-0.8141530043655855,-0.16732451559727396,2.9573565342562884,-0.15715584944444777,4.43243529196006,0.5331949970722207,-7.092183156460677,0.7599680625746656,-1.1034729907022163,3.532480883695185,11.070471604892989
1.0309604582091176,-2.3439312010139703,-0.15069016613562883,1.065984993207579,-6.751262231227552,2.930056928252026,-0.7694368319603769,4.43390317221731,1.5755285930080956,5.115324671249836,0.6043768645975115,5.239773707864184,-3.2532959214054653,0.6265029072829054,4.146007270544767,10.236977709510677
1.0340109531451789,-3.3432944389345733,-0.429521659180522,0.593575778477438,-0.6620318316891787,-1.4714926112815738,0.2955598193357385,4.635597478729052,1.15989892432404,3.652581314166542,-0.40300639543371913,-1.3128259245174314,1.1881791107753912,2.600599325196197,1.9950357413335396,2.2440841019619246
2.0724745591708147,0.8961120054690788,-0.5716476713965335,0.2939279041516902,2.7770928681585945,4.361138588981701,-0.7218373102322215,1.4735540241769827,-2.437582665419206,8.080092323807381,0.441011818667602,-1.198752675213269,-4.397707703069473,-3.091187187040536,0.45460247151553634,0.7184229220822453
-3.086470760729164,-1.510713156318913,0.5662341636021931,0.14411361106236764,-2.833347554275145,-0.8743927646093073,-0.08458212255158734,3.100838845619622,1.065877343798677,1.7671560957301409,0.6591480415165419,3.656231905577083,1.2085666589550674,3.0621734775854277,2.3892891437808688,5.67407742905089
-0.11513851079717305,-2.221351825580001,-0.08155341394121424,1.164756445681055,-3.349604793379703,-1.1042611570432774,0.04211580074330179,7.7567167635113,1.3998909559318176,2.652208537107955,-0.611537440488193,5.1128899838849895,4.442217904927829,3.0762818607737614,4.5195407179022835,4.489739618647922
-2.865700780150171,-1.2780246424352135,-0.7749876518715174,-1.3290556560717521,-0.4288230722347898,-1.2020008166047433,-0.5886661507089929,3.9487189693339166,1.0843882447356976,2.2872325185751547,1.1561025529491402,-1.6298957306879265,4.505004184375517,0.6281494387018809,1.5246186915440485,2.880436385663847
-1.1003007797030733,-2.351439034586831,-0.04071299664179442,0.02418563857115791,-2.943651029069597,6.436095224838083,0.29014611685345865,0.35761677529352426,2.245122609520331,3.151856975080446,0.5186909827397513,4.269158067874611,-3.6609703496179424,0.15425201900800042,1.4520060270726687,-0.06594861709916332
0.40977366797750164,-1.5425792003454022,-0.4287533718248209,0.6717347741276024,-0.026935588583971003,-0.6932752014895276,-0.7293553049564366,5.2585250206335115,1.0316258468541004,1.9023830090966074,-0.11188586799924512,-2.197465946637094,0.6385465758318709,3.1274267568190894,1.8144782133822637,11.46183411113918
-6.0185097903710165,-1.3534236569050695,0.7973990435693413,0.8347639960572122,-3.2591866533199787,6.3939944594167155,-5.619811142651443,3.757961793474465,0.8427576162651337,4.868829840312401,1.2614858423201367,2.9232162836566573,-4.152086008365886,2.0749073735579544,3.377911051850766,5.622003614591436
-6.66887765223471,-1.179648066309902,0.6129601758938905,1.6077067767555515,-2.548933450742159,-1.096418235532939,0.34935976706072697,4.950850377171148,1.7619804557723302,11.183482687080897,3.2619585002614175,2.236658186230188,3.715598454792052,1.6803487919121978,3.132202483798068,5.300105078053971
0.060613426491617634,-0.047905306743690715,-0.6604342280514535,0.18889635160875784,-6.0375856882901875,5.977041399922844,-0.7760227976329621,6.35029159920787,-0.3897610753253099,5.342657049401353,0.6574816375910298,8.998922618323318,-3.407710665990832,1.6741281299420327,2.51504339750732,3.5630939177920427
2.058781581776837,1.967012538785736,0.09568982123956099,-0.2209175967673459,3.9611918791308987,-0.9620573523702725,-0.11394123509650521,2.412222122477988,-2.163157214442889,3.0768775150527574,0.858173073865473,-5.719153785785038,2.8837270045528816,2.309189004349212,5.385310510839026,6.767970996045817
-0.12046600763616079,-3.7606281302101765,-0.9387086753464141,0.6183531078373397,-0.4085622382846976,6.50140638806919,-0.3692939369082454,7.957346439030021,1.3812425043433905,6.280854632541538,1.7166148614649814,-1.7785613096049058,-3.69363069540336,0.9719305469480655,1.357104780872663,5.125362946038562
-3.5789662333480843,-2.85754611123105,0.23505270445843562,0.39094365049029345,-5.038966888718307,-1.0617956577713292,-0.03958890737352617,5.128666518026342,1.469800789341331,3.355694848722467,1.4198650776073336,6.523857479024679,4.978154051749656,0.8368805516821637,2.9646508770637836,3.908893329506119
0.4088385223057126,-1.6654057488838832,-0.40412364462018047,0.6609798971430094,-0.5023142650114992,6.163803445687362,0.12492241824449372,6.9921176488075885,1.551204615872819,2.9534221193349612,1.5034181588509432,2.517898085133483,-4.1148647106615055,3.247565942547595,3.500808106406281,4.743647356969615
-0.8948826951322456,-0.03767209947357566,0.13806415374328695,-0.030190707328418873,-0.3068275237195197,6.343926897098,0.1605237654708326,2.214458551950753,0.027605946061511885,1.5809625426797818,0.8504032952090103,-1.797802701204471,-4.160851852553898,0.23852838210583022,2.8437859001324197,4.407868835397064
1.483892450132408,1.2361891003027554,0.200263249014815,0.32204779418224155,-3.4191314943970648,-0.9661807609970364,0.17371257350407518,1.276682559298041,-0.08128212839116701,4.3894386731733865,3.6814945794517793,3.6746639034772914,4.317946154320613,0.5499295382301007,5.046001697428524,5.9500662825405595
0.2752970343921337,-2.797188134352366,-0.32328612398938233,-0.7539080829322337,-0.3005650026227039,-1.1715218068845568,0.12021566095699843,4.501852081487575,0.9222332133352757,2.842216683650389,1.1689858880843966,-1.0750945277257515,1.2423898992637794,0.1228744106789429,5.55406814541171,2.284552451535671
2.286175160276392,0.8143834217488765,-0.039530853042999796,0.32891763510803396,0.3320853722045816,-0.6994665379847089,0.15092384438713424,2.5951917480106155,-1.3346738206818698,5.4636641283320895,-0.3728909084101514,-2.879341216327001,3.2268551347528893,1.5401662368389464,4.242197998701284,8.925747695277133
1.7033868518074349,1.588223907244703,0.06876853886857846,0.16463784484875726,2.569593846502404,6.079231197039285,0.08205695189038892,2.7093563074171536,-2.637358839796236,9.69922090941171,0.5209302133018497,-2.6678647577663264,-2.948787341521433,1.955110099929074,5.483835675908875,5.434497533030808
2.8222997794869977,-2.409192405709997,-0.4149698527405663,0.04377465118064275,3.995650985878272,3.744533553477377,-0.04282767398352747,2.3891801676312463,1.6582246305989112,7.823541042768707,1.656970998331904,-5.175675459343629,-4.19362483960817,2.3905109581543744,3.1905137538815223,4.422898252605151
1.6313379706939053,-0.2477468308328342,0.18512257968386017,0.2107294493503868,-0.5977234871350233,-0.9539772498458614,0.20491570091620054,4.1945999814150845,0.8992086074563368,2.1563966047928362,0.7869758872104189,3.061906781927993,5.471990949134033,-0.0411100974455481,3.546221783642968,3.6202624629139906
1.1594877490649627,-1.2702315077142179,-0.19428182063003388,0.8108262496776881,3.547892412520945,-0.6942211136315007,0.2896317366175351,3.9132884885376935,1.8368588556808723,5.884111078875139,-0.300804875043531,-3.984807870807747,2.7441225765819346,2.324519320008656,2.1666524605241912,7.751314851174753
-3.8046074727841965,-4.8441393627362945,-0.37138903219004465,0.1409994491171097,-5.265855925969782,-1.3038683022161328,-0.5334736337903884,4.173459081456064,2.1711226268066097,4.799038240286521,-0.3791692746905613,6.757231116468088,1.3193781134386857,1.4062188567612324,2.5535783265916008,4.4220365752941
-7.170648407822938,-4.046376405117722,-0.8942599300108849,0.36948130554767933,-0.48745521900337185,-1.3441704280854512,0.201134719310949,5.190727684658486,4.431486789211631,4.3040668761294025,3.3851931595583453,1.8036828901525588,1.0786917379926892,0.17694683107671622,2.3255717788214487,3.9246418221769854
1.3332791074439887,-0.026382762748748158,0.29760620701188817,0.055560333934302084,-3.5878687845443684,-1.1047760755183793,-0.04283798512940559,5.363749638656776,0.837848341209193,0.9759339435920124,0.5345751165176433,0.9313597929347309,4.827783690303563,3.7426707482288277,3.689008507410685,3.102046831216663
1.6362119764722882,0.8851831826433381,-0.1109469045102595,0.0731146284850937,2.361103205216428,-0.885864327933639,0.005709723075231447,3.4426839797161524,-0.423052807144821,4.025068009665623,1.0972144041943055,-2.835326869306465,0.6131998877711597,-0.3091737689251696,3.991568154727418,7.160402933696903
2.629636218670755,2.27405889531225,0.14544590106109823,-0.38560313617313824,2.4698038519651933,-1.1712016652723145,0.09396302227427546,5.070501608595252,-2.0068421328465145,4.251168845663468,2.4207497756704686,-2.4256323113068934,1.0842672675177454,0.5462375013437117,2.862142991264661,8.227045166925839
3.232198992677654,2.0694274790597467,0.16352162386973715,0.9410743024883168,2.5123076688498265,-0.6598686653152104,0.25565692836170395,4.573954807380681,-3.71530834411333,1.810902941415707,1.0433236170026166,-3.727121419711038,0.771338401601339,1.8365849645584829,5.7138492363442985,10.440031468343765
1.5266454231441018,-1.5818344449230162,-0.4016849556739133,0.6525495747514072,-6.074410487512669,-1.0698182172995674,-0.2956036568321284,5.414442954104392,0.8422773635822033,7.557701247416438,0.03495987716813871,4.948887383494449,5.165090589587887,1.3811522269596652,2.225004959096511,4.933664586892973
-6.209387240835156,-1.6518331696831927,0.09735485323859994,-0.4056475760225825,-3.6270574992698004,-1.1273744811912378,-0.003974906185642261,8.549690411899238,0.3131260812836699,1.5182746597435337,-0.05620230749249438,4.303590218047302,0.7462645142873124,1.6213731435618053,2.2843110725702713,9.112922289653682
-0.10352237984444972,-2.03598823971798,-0.15422673965245468,0.3809778842867043,-5.81852296750364,-1.307486366798481,0.14522413831452485,7.330018041541181,2.7139239772858565,4.570659609357515,0.403784467958535,7.209591146792286,1.252449038418631,3.2914461898195246,4.000523846302181,2.535137224418422
1.5587124632100262,0.6528421443564972,0.2556276723941169,1.0389243467698492,5.928599073084693,6.3228692586421955,0.46928034246588735,1.6705698023947577,-2.3088960962568716,4.986340010474126,-0.16338711103176096,-2.474349597511115,-3.3414711515048205,1.5653562121149156,3.231814418682208,3.8543212977815435
1.6595069294103302,1.8020140424789666,-0.13174302779200164,0.6004229835718872,0.5483036763581135,-0.9025028636331355,0.13277975845336917,1.9244870687086746,-2.518005038686718,4.874522682835658,0.6832096147177116,1.3106546656067166,2.0662477830847115,-0.0037372469749910784,2.253632981309047,7.9933910285222005
1.6438585139041142,0.7424790087180833,0.3030731416059034,0.18661254924411547,-3.479447143121311,-1.0411905740735432,-0.36817330621927913,3.684250480717668,-0.8126491626575593,3.404935628836354,-0.2699497202411289,3.648787117122363,4.9360681549608705,2.1095971549811465,3.6531926345253996,1.7828372088372697
-0.5119731252615651,-1.971067372837414,0.6105663022076084,0.5353693274830789,-3.5136190786076096,-0.8532528116852044,0.2966182347014546,6.069032692617737,1.0772841662500676,3.3247075333520777,-0.3434860727675263,4.995183827131986,0.598034925023714,-1.4103769759871057,3.157683821781228,9.534271789343409
0.22342836587379356,-2.967070547504972,-0.32505702574054457,-0.015265445460875366,2.2654620027616628,-0.9246957491934297,-0.3313568774110946,3.8937768109763664,-1.0742962263512112,1.2614395921217896,-0.8269397052051494,-1.8239293768666678,3.091850855307653,0.9956556584189337,3.339159189093857,8.179385180968792
2.7258165245940895,2.041166256620238,0.05820999594591593,0.5443131804782891,0.026373252596085184,5.270136175364254,0.09628941663727154,4.346119029322019,-2.411479682369778,3.077417179497037,-1.1921660856297243,-0.353662091381266,-4.042968593948288,2.4739559853617106,7.866323200973371,2.0460850378057995
-4.844047001336701,-3.7985847200204934,-0.7917694409353035,-0.4314260839258007,-5.241139639540887,6.363469924363306,0.42498340767249515,10.142276035197392,1.6746377007142486,6.429798487268698,-0.07057572093109267,6.565517498671387,-3.1253955132775784,-0.07192396022938226,2.9651080305737754,2.2904426792142916
-6.56610220256696,-4.828148846021233,-0.052364480848113466,-0.7175971787846066,-6.50628764513228,6.493907334791186,-0.2245099725484231,8.859563423189647,3.6631805407879883,5.50114874582303,-0.01038926216835779,7.335858708009435,-4.206669439968653,4.138841928483704,1.7786364208087329,1.3051584527629116
3.176047354589449,0.9997086221578065,-0.12180711916461592,0.34512333265265205,2.0735017181901108,-0.6738882692359228,0.08369531155129248,4.811204416675493,-1.667207493205943,3.228102572032794,1.2799111058806691,-7.9248300219538335,0.4774232654019733,1.3437636614466706,6.364468441618298,10.64544052092545
1.7398274912660328,0.8342680888858941,0.4332522559662658,-0.5596376680582762,-2.829302349040751,-1.137778240154187,0.3510188456376391,2.549190946752827,-0.9636766919046647,1.4207280462135874,1.8133823819706838,5.395261342386405,4.441732084864129,-0.5148917902931568,3.057720288261771,3.013261117276891
-2.1893478514536593,-2.9969835082810987,-0.630442116322617,0.02052878828346708,-2.3037470414464667,-0.7800919069399433,0.33493217632174516,7.0527929644081935,1.6383015052381282,2.8070500505715605,0.41082431626440175,6.243093478653289,3.3373710141175734,0.8430949982727571,1.6917376333003247,11.63191492785203
0.006289370834827442,-5.297350957444249,-0.6716695549512902,0.5166202801093457,-3.487234667745729,-1.162622572147598,0.29061739675203957,5.373536102050296,1.7770770866426948,7.4038735857804605,0.3457619465788211,6.176675774059104,1.3048003744880357,0.499268400343135,2.5759664169947314,4.225213293174749
1.3881113524412116,-0.18231924324731003,-0.690150883340587,0.42202783500899876,1.1069340059086679,-1.183250460630904,-0.4325248405436669,4.305755420863628,0.3672602338492869,7.267777485692252,-1.8528593304927143,-3.734992773103218,1.2807135053376357,2.107373974408955,1.9049498227834694,6.190083416067065
-0.11913946491076256,-2.8324090833428017,0.3353515289463098,0.014677170792594386,-5.246692724340905,-1.315924388838621,-0.2785387049267693,4.96235353358028,1.423006059324059,5.419865055950359,-0.30287782484261944,7.426366361849632,1.1963678761584062,2.4190498761093857,2.4566684653398894,3.3958393467764054
-6.764871054039025,-2.2608614561026914,-0.6666936505883932,1.1137448037328823,-2.671280646925171,-1.5796613641083241,-0.04983084449668767,6.721766534473124,1.2137758612347151,5.763260017619781,2.3526367266184343,2.048233544512962,1.1116022453159091,1.4326069674765072,2.3099786722067126,3.3047257177829747
0.6443494530046979,-2.959942270922163,-0.559198324235777,0.06393072625001335,-0.4872427051824827,-1.1213836543401705,-0.06724950570613182,7.060687129061669,3.182155083580873,6.208998910880336,1.2415572873211156,-2.046088205971755,1.207162705174647,0.09132333125174069,4.793339835583852,2.3611549626790604
3.734300949528504,0.5866485174832242,0.16496545515706154,0.3126032452608147,4.158707240391522,2.540923827639781,-0.21128432768583238,7.368478696870383,-2.1596717482221632,5.06953790986732,0.3920972917651132,-6.028626531028499,-2.004430184183797,2.1459607242631416,7.746957064722974,8.102683928846073
1.3135608737878504,-1.7693817245326937,-0.5299949096788967,-0.7408140576531489,-1.145200566293051,5.612422029425777,0.21672082994381647,3.180371760934591,1.3954784731669347,1.7634862949016972,-0.5338093918881686,0.08510547462975003,-3.327363326973747,0.681755939053993,1.2989277476916712,1.2270010733877617
1.2712431483628852,-0.4536579011181987,-0.6184004439326624,0.6282015560468037,1.3856213154929382,-1.1111193170150127,-0.25708518745501857,3.1067228069069484,-0.6188411786109211,2.4185316171857223,-0.49313971858471645,-3.3054500695591185,1.2345205535963182,2.075186653510978,3.157653481108447,5.305593657093742
3.40257614787668,1.8651338771476105,0.2791044278809175,-0.033943987388163746,3.9649368523140436,-0.4155227955157556,-0.3175088033098719,5.159487000568459,-1.1291857417883975,4.619383487844218,1.4422626826328524,-6.573015023548621,0.7272685404295723,1.6380338096519311,6.593379946003977,7.1455893864582
-0.047894415095448416,-1.676564898765335,0.38650865067541634,0.6888807747575141,-3.270797587460935,4.286288789632419,-0.11201017931476229,5.210828641790509,2.299734959062189,3.943315018141428,-0.6283646857601898,2.9129432755689293,-3.3618587719048367,1.2295863242612681,2.8534581435931217,7.863844743906444
1.842522169912855,1.4349220855943856,0.25224243433401,0.24888687114417507,4.561730810147973,-0.6774089641844239,-0.025776894992838528,2.919808231479178,-4.470363461415544,3.491469043423421,0.9974085366576912,-8.281081543199715,2.898162069849359,0.38800072277585673,4.103434883590788,8.15975943018248
0.9072169655760135,-2.6251723793838164,-0.2976536161340776,0.030739335667342143,0.4707193138996756,3.739515111617744,-0.4555553569284572,5.210083476884909,1.0248240530962742,5.202682194622854,1.1402994803351656,2.2342015090783436,-3.911026835024357,1.5561999283296368,3.802372631859035,12.220335598985974
-5.989641930550879,-1.2183735111076388,-0.8091348868099353,-2.350669232528113,-0.030448130402092842,-1.0665222792228062,-1.189847106676549,7.774853653503582,-0.6465484880091003,5.644083348558592,2.8582311312323427,1.0389537404409301,0.8176574543726942,1.5099109637588264,2.789650488177935,9.30002594750033
-0.9857610915874441,0.6764265830939019,0.3066624335497617,0.9150869895480572,-3.5698151190389558,3.312328213539906,-0.849929228161772,4.909691322109351,-0.6975472563753525,1.4459530084691943,0.5262847120501102,2.4181653308173017,-3.6845373755651534,1.173196748638836,4.07967772706598,14.325747779562919
-1.8657481242793923,-0.3004294304947059,0.19492203012698628,-0.21331183565904674,-6.984522355688735,4.5316905746658644,0.11316404590134796,2.9962637463413793,0.029146469469492568,1.9294703637400341,-0.2385932657370962,5.6141987172892724,-3.880245090527771,1.0255966960233824,4.722590342956284,8.802089993198713
1.5139395608752968,-0.4506048488883918,0.48719309263800553,0.34473590427388795,-0.6856818733438848,6.618189993222555,-0.7037884629095603,4.898472771952547,1.5930514420780042,3.1611449654599038,-0.524533417002608,3.542732396073019,-3.5355600317257156,1.6340937337651853,2.1631486222743996,4.326559789081416
0.7888804589981835,-1.062657233965894,-0.20471277364715904,0.7066172189054388,3.489575909430783,-1.2796425153575834,0.24984140563011165,2.8197383460626004,0.3842640692976609,4.654588881688814,-0.6805009548030788,-5.284996443691354,1.1488664249666027,2.541653660899649,4.3591314149498945,4.670050214870522
0.5580110544587181,-2.2167942575911685,0.19519261023122816,0.2993168104005362,-0.5936912831639253,-1.4154636190086605,-1.5820285020762634,4.833156787858656,1.4742989335718255,2.291105801763634,-0.9072804864334564,-0.7030440749078987,1.123751333574454,1.8423055688903354,2.2809319586952532,7.926752964817627
1.6095953776383154,-2.3254944909984867,0.274353013520439,0.3093945741777618,-0.5494682054060197,-1.2336672459971163,0.15971353630224872,3.6643178307426476,0.1763589129311343,2.221661631595343,-1.914493939941128,0.7291835184668503,1.2391375386143726,1.8341670485660433,1.3588839890249076,3.5569075950955362
0.027990411683606928,-1.093382015111546,-0.6185168760617571,1.0804681435438492,-2.62736094634235,-0.9246450226580103,-1.0713752691925813,4.88330269093501,1.0460246310078847,0.6849021860342471,-0.19892832262317348,3.4830082959284385,4.445235236972569,-1.5339679095993446,1.9752604715848965,2.4417313741051276
-2.446348886053389,-1.9834664883756394,0.3373749618828295,0.6044947213099021,-0.10711263692689421,-1.230953449177245,0.22520055958659727,5.386805636517703,2.2181161101538067,0.6183322078958156,2.5630203881611426,0.15681916865209747,5.296668060978564,0.5604086768863098,2.5884817117179435,4.275691889975841
1.5192166596023993,0.5188687543173628,0.20906503646572433,0.20737608006348193,2.745881511947141,3.8999972956366844,0.17085277625173373,2.6677597098698214,-0.25078537069695706,4.019759489754835,0.10222302273622083,-3.1453980577898517,-3.6942453471117958,1.7128738839760587,5.027463697051009,12.44530156117988
1.3468447787438829,0.7192447517094361,0.18885653211673117,0.35718507862215254,2.28571225649553,6.250164145320652,0.2716763031532371,5.013629419511882,-0.5283011352955367,2.0422455631097147,0.25174218556036565,-3.029489255816365,-2.6272897181383645,1.0426587839239128,5.2154299617218,1.348893453637758
-5.97209921437634,-1.369475444112594,0.3149823940160376,1.6194762254425636,-2.200734562146788,6.651293185090024,0.07265341152374999,8.399086338081087,2.173278007498709,1.466507223400908,1.2648686649290224,2.403432467161368,-3.6599854770827416,3.1167469750909755,3.13960499255235,4.22557392927135
2.0470517895619076,1.1749975204865144,0.2852363502184549,0.595286814142019,-0.24413347573081676,-0.868401982588073,0.16130447802940986,0.7869482286820809,-2.44724887696902,3.8680068792949127,1.3954913506774858,3.036266526220987,2.3407858709481855,2.2776484866477555,5.8320675768163035,8.553399565741419
1.424723693833687,1.0913132708730806,0.20640845745801986,0.22776565027143753,2.22142964956661,-1.0778437121535345,0.15646667858709867,3.5950403486428155,0.6318677967687445,3.377349696258703,0.8322329147833712,-2.1509537354409702,3.030426470576165,1.2744287086365131,5.056297050709525,6.573100537319977
1.890895264728615,1.2940198006307084,0.19765689856062302,0.31379246240605935,3.278559272653112,-0.9600970273731895,0.014690869132677342,3.3544552914400896,-3.0029071331433954,5.2502411040216685,1.085363973580611,-0.12207681852299691,4.571907171192269,1.2213378608884915,3.8708147849713748,2.577713635850698
-0.7779539044865719,-2.819239361546313,0.00684344157328205,-0.05036285746252738,-4.3471611247754955,-1.156250497731691,0.3416301147391399,5.026380425849931,0.6234970050410676,2.871780729411171,-0.7987330389457442,7.090784356332073,1.1394886815001566,-1.0132410355216512,4.2565700359667344,2.978660211451973
-7.78221488209317,-3.46299563771983,-0.8835586969380579,-0.3368453903660802,-2.948260977454484,-1.551779317684472,0.11420734485425063,3.710407089214771,3.5451268251371224,0.8242352177664681,3.5713281232739487,1.3346227246665707,1.0719860635915148,0.44886690610026314,2.916092618082962,3.7518895128903273
1.5131455531517664,1.7067891991275053,0.3717561539212865,0.6236956510705254,-0.2724146869679294,4.784499314991137,-0.3139628329252212,2.328828913922111,-2.6258883616738022,5.114983944676118,1.4183847435856387,3.5216384914697456,-3.522947908559814,2.9325682401110726,3.59594973690187,2.9023718063111112
1.8711276120742164,-0.010851103726774565,-0.46485008243098835,-0.19282973526480304,-0.6610666969890395,-1.433219442038486,-0.07178350262157647,4.990913267216957,0.5848294957565764,0.9397722395143158,-0.19204063446136785,-0.8661619546245783,1.134750381536782,0.3576020856276154,2.3690317868615187,6.63162777967006
-0.2516918973632472,-1.650932471685733,0.18444230704506281,-0.0686667278721576,-5.848963702631204,-1.2910846559206646,0.31240762652745835,5.670123314499856,1.8268325585602048,2.497841217482463,1.0494678813763507,7.9219277950941285,1.085178209088743,2.0497227603018597,3.0411100279471532,3.1471388863405836
1.4537162669363128,2.8746628648601473,0.25652795679991486,-0.321090574941288,3.0490464215477306,-1.0684404236997167,0.1311531513432659,3.6666102220515406,-1.3204111491193369,7.853544293383757,0.5199070143525794,-4.01421997836108,3.3624185644984235,0.927527506676814,4.040301546725134,3.826324512875327
1.3871828841592644,-0.36805816809429487,-0.16637495175624875,-0.04704916199133722,2.77700406849881,5.5093152418981015,-0.37494939435265706,1.2769036440697192,-0.09424050815030972,7.033541326865555,0.37883480777839856,-1.743852341127892,-3.7720868714118834,2.6442097882553943,3.3828785826861862,3.469983311102725
1.532488247851531,-0.5253526272823412,0.19469373935461048,0.009829305296143905,-3.67744619297143,-0.9634545470625168,0.043422305693229114,4.877001448402492,1.3003515892146784,2.6903824561163776,0.23557198463287132,4.072607355395954,0.8304897786875565,1.7888350439469012,4.60113469372162,11.957297815371305
1.6942809834852819,-0.15707366749520096,-0.27753076393405546,-0.02612154049798884,-0.6997171045641102,5.9267329165240135,0.3216463648721107,4.133906238531072,-0.2536822725844885,3.2014910727801418,0.4759224732518197,0.7790079734157774,-3.8095161102216997,2.495873771194369,3.8773053100407116,3.557249816756774
1.0240377652943136,0.6067230927913914,-0.4237224897344908,0.10877859818066185,2.885228354459008,3.3887137970658188,-0.28333489339302,3.012680256552373,-0.36104657417559083,5.185909983034013,-0.9919899988708395,-4.064686047079818,-2.634329754539611,0.7635795315559956,3.6990783269979683,10.09121483958823
1.043477176895986,1.268545983829846,0.020383660839560076,0.5481945590091247,-3.6994736144778626,-0.9634171175633864,0.22583049113800086,2.275061272726394,-2.914497348094979,6.544152752468985,0.3790857801449797,6.167627461967369,0.9983771711289877,1.7218746008810895,5.21808716714258,3.7202395724045734
-0.8779777278440694,-1.2712530616732933,0.4738404776627823,0.8308967184250553,-3.0593332111934814,-0.9951209544092419,0.2529094774723052,4.018814822708567,1.9721012503206736,4.266394677750765,0.7082374876849357,5.266317486992728,1.212252298382421,0.6423096210534377,2.774874206920465,5.884165364200871
0.057181102062264934,-1.635490978521527,-0.04506834785267708,0.5970053555136551,-3.8996718887624637,6.828883073255963,0.03941623687495772,4.780885338264516,1.3325888509154318,2.5533078713864086,-0.02156292460486299,3.3139919720357285,-4.268469729992561,0.746539246141911,1.8571057002147033,3.072043276029328
0.6760928853552327,-1.4880484400242573,0.27372533556073847,0.6100084847950683,-0.34405856337522445,6.5391986775416875,0.24686370582381917,6.7177963249087345,1.7044667837830885,3.4043746192728483,-0.0668904432566683,1.084987409565676,-3.4275026778438287,2.9934296788225576,3.1967551950203883,3.7593121118253716
-4.025118716222853,-5.77553457247652,0.14706636100945383,-1.7706058910774682,-3.1559459647089243,-1.1337865465159216,0.26219084133207776,6.68571737222839,5.235052549512435,-0.08837849379020403,2.425631939950088,6.3339776926223825,3.8916468280274423,3.509071475136716,3.629936012037099,0.7367241423614322
-6.9148687024377296,-6.81903701219174,-0.20117718799443304,-2.317154573311912,-2.9528067532722306,6.320838711580511,0.24322896267411648,5.788245081328168,4.921008582572395,6.413905865087172,1.1697245807410996,4.226445803849956,-4.7108355117899094,1.7921397859370336,3.077997930611795,0.709785532325506
1.6730671542224784,-1.5059353282786911,-0.6567436661198737,0.043249309138705234,-1.015709508312866,6.0244058334678385,0.329968011573578,5.3162453938238325,0.9397545708914602,6.22129606434268,0.029877395498877548,2.7309377034623177,-4.574177053026235,0.5795673834159968,2.5574554770868274,2.68344909341447
-6.719936271492373,-4.804708775262658,0.2783411132820765,-0.16365075268720583,-2.659093282184253,-1.3775819599156585,-0.5300376669904217,6.584978691546267,2.401710732230917,1.2569396513731532,2.681277216688497,6.657411212836082,1.1188242557402697,2.8900168580766965,2.7540267494317763,5.862285520912613
1.4777804355869686,-0.11443731037030638,0.2166120689809326,0.13025173342476257,-0.7397405925908432,-1.1189547156294188,0.14095247154931237,4.438661703086149,-0.2742566867023706,3.9921374371051797,0.6332830572600171,-0.8150853919492412,1.2851435344914595,4.707475752573461,3.459049777951092,4.078054744160424
1.859653080503146,1.2246493168820942,0.4986414912939069,1.4266795004072288,6.592867547272395,-1.300952417204777,0.1553867681895696,3.682812594679494,-1.0339432820404564,7.494640196801473,0.9770055254101752,-7.202051371570677,1.1191912912850577,0.6546215917666754,2.995511467059454,5.214252376884221
-1.099629895755633,-2.5019192678562066,0.27277130119533594,0.5173469939629234,-6.053820671848952,-1.1687598065162699,0.2579531144661207,0.2406890143634908,1.2216472547485027,3.4889838172414662,0.38639415298060814,5.224212923597777,1.1422466670076055,1.2552018731798358,1.683542186143498,2.4513822200496995
3.6679368491979933,2.133567096628559,-0.05530604193918431,0.20734824792668208,4.925931658154976,5.188467352321372,0.13021540673760038,8.215678476603703,-2.7915789750659212,4.739158932365475,2.1557424803987764,-7.944605930586035,-3.7209072455186396,1.5364389187420409,5.362654862068593,4.100578936262678
-4.661846849842928,-2.1347314467554295,0.07620771435275667,0.3616302920114249,-4.485538475576478,-1.4774208656139671,-0.05927530848886856,7.620996777852375,1.3811137981352706,2.2312632751412074,0.4114838334512123,6.524714406086052,0.990860091526061,1.2658210045173761,2.201105793641259,3.6089653041738403
4.2929657991031815,2.245418764974921,0.10848618385195803,0.1066629163076478,4.68908470694224,-0.8109740280273054,0.07517831689181426,4.542590734967963,-3.0089983817835653,3.0064824987823773,1.77136394931376,-5.525487475067999,2.152394811740765,1.3201300936136398,5.642180563127003,7.061418931620817
1.7320666111980871,1.696721743016193,-0.20709178794291738,0.1053863922196129,-0.06707717212995809,5.3157663594385,0.14542595830016497,2.33390931136161,-2.0437373710588242,6.63221282633394,2.6493325252061095,2.1685949331771117,-4.157435138022062,3.6214041992568715,4.52474354809026,6.3563783898090485
1.4058895007570582,-1.9437598383106904,-0.5961208493672314,-0.16616054650768644,-0.4251334339093103,3.088918218334515,0.23157661627675394,6.130448152442775,1.8187735199828952,2.5058347829990084,-1.0234714976431953,-0.3520592577283584,-2.613785970484061,2.6227788295385737,4.136482976817837,11.618622791070495
-0.24092290110016876,0.9280808016049367,0.25626502809052637,0.5944959291480482,-3.3413852678189673,-1.1463214297120767,0.5231240904045601,2.021226799998433,0.09719015980015187,5.295446885014574,-1.5100877768447,3.684194477587939,4.075837526205928,2.1008045007387794,2.056840344617764,4.56354555895552
-0.03609339081744375,-4.2097340425408145,-0.4095826069662962,0.06041659941400136,-4.985676750962002,-1.0985055577581122,-0.18345014886775435,4.722464296878005,1.8688918143790219,5.414766166750342,1.1816865414983284,7.372918878761431,4.144350129468988,1.2955481139471137,3.0699557153036197,0.9871839303610223
-1.0144040928855538,-2.3562012017108507,-0.4816432552213472,0.7323317246437073,-0.8673029135695349,-1.3545924337469037,0.11939780089259161,5.217508564406385,1.3599268838676308,5.408729421737294,-0.6355199867300689,-0.7039354974670956,1.145126508080711,0.3536445829222598,3.1852039367544154,3.53206770595784
0.1100732129265866,-6.13225694288453,-0.9637871590244277,0.93524570282083,4.623215520902227,3.6055175041308005,-0.906989894245751,3.3012322052922096,1.8711533214392442,4.838751223493366,-0.710717937729632,-7.1260205241073855,-3.885263287112427,3.206835214436054,4.79526038279136,7.863035646453343
-5.816411706309223,-7.531725068165961,-0.10930627565892982,-0.35569261051000434,-3.279353801046809,6.41541680252614,0.06256586177957549,7.5296806683683135,5.1732932185591585,4.847345844423961,0.6682917566048364,4.45739263888008,-3.955401541921931,1.4658358672472336,3.3054183891989903,2.1201749750742067
1.7893969800174243,0.6563915099824468,-0.38689040214506304,0.005617867642393115,0.42058745659515206,-1.109807261290649,-0.2557675158133101,3.206952957549442,0.45798735459707685,2.833733431806167,0.5332447456493974,-1.5426841264379523,1.3269302880130702,3.5695636903792627,6.526545974954963,4.41816614408791
3.502005835133295,2.2022075725855923,0.16618358241518377,-0.13732519475494798,5.514947830997406,-0.9957376988256975,0.06279639300083109,7.261732747167348,-3.690004311711839,5.484608735484924,1.749161769848938,-7.215288615013707,0.986440401206414,1.1236590501740575,1.3033376047778873,4.036375686803211
2.760391191431709,-0.02652746838827884,0.02002546509727831,0.3614872708960127,2.803006123065949,2.4181184965819114,0.04622149677077943,5.3487565253824,0.2047906361812111,8.036476985851923,1.5201837692397333,-4.023978977274227,-2.4724848774653703,3.3842991069139288,6.661407288254626,8.924081005675099
-0.25500997917105794,-1.5393352916290366,-0.6164907522602007,0.9329616345154748,-3.1802566391682867,-0.9953359188772739,-0.9529787064095337,4.62999077878582,1.4513479063501582,1.9914686585068704,-1.7122813361619285,2.018103426142285,0.9700494374657664,1.0315448530747868,2.3298870488392818,9.018409764769176
1.4877427205732094,1.68711936143289,0.11103372994856904,0.9165798198251679,5.155243216236898,4.224377284401717,0.15279747083348552,2.2162019013964254,-1.2740259428432523,1.540933483668914,0.5732056646402928,-9.197924116060138,-3.565707371868193,0.6277244633502949,6.65325143744424,9.342343706982211
0.25951419104853063,-1.2858877797670043,-0.02584141340362874,0.7402792652342468,-5.127647385651246,-0.9328815351302423,0.24154018868505964,7.101211669584115,1.7558549597052235,2.15365597321714,-0.7601086945421991,9.535834745251885,3.1030264969194925,-2.4901548371643307,3.389231725408387,1.6941054422079276
0.3476585217372827,-2.420736904446657,0.23202037913538548,0.7619690070326132,-0.9615653740509108,-1.3269880886587009,0.19522917226205236,3.956161223536668,1.9008008522018784,2.294232673670476,0.9885481694698485,-0.5670555185278255,1.1559358631999548,2.487789453264869,2.7159422980050247,6.293829095050693
-2.2099327673579876,-1.7297233240557834,-0.24705933816731024,0.5816245946685472,-2.930779478095782,-1.2873581673353909,0.07285565928618108,6.262252605011998,0.35009733985892205,2.8691548630135753,1.1360763521513444,1.6293296418276924,1.1348421297023694,2.0541868670427545,3.890264868417832,4.863663998275995
2.118594116300344,0.8637066581702482,0.18283283890845853,0.7283473187902314,-0.5864850979447365,-1.0119548248561716,0.19454686229551915,3.3176935507617884,-0.1364018832296131,6.31833728550126,0.288420409558962,-0.9177512288217742,5.235530842488009,-0.27413708926861485,2.511906878054142,3.0018380008718624
1.4185456736013293,1.014461961980909,0.17090162192533434,0.635036192270617,2.205153156269341,-1.0113378395674126,0.08087327379609176,4.033246018966038,-1.290911350150263,4.830003407555321,-0.944716809894889,-3.621908049029608,5.147886804792719,0.5967311126608207,4.212889381063792,3.305363227091729
-8.012138427586683,-4.615943740479338,-0.8455096060683331,-1.496686222454921,-0.2285621868284654,-1.3776417898759248,-0.03338966065645247,4.72047627670023,3.6819630798822813,3.710039857712885,4.8377709203983335,1.5917796885794187,3.911446190735015,2.950856874749996,2.4085941870212566,1.5149857820543309
-8.14739800527071,-2.6239148839485513,-0.5410604784153398,-0.6802166499008117,-0.24723633403230139,6.400863556466995,0.3291360143870116,2.625338153605971,3.562822231626835,3.381635968453329,4.038849850018199,0.9882154727838935,-4.459420336329302,-0.20080433033554185,2.699526690351466,3.923897679056274
-1.0081336306482553,-1.5443405998100839,-0.5876466264141098,0.4232363023546831,-4.020750876369575,3.6010558397546406,0.07191403742879592,4.088032016659778,1.2774038726432864,3.352711837043364,-0.05961155365097005,2.229686497867107,-2.5042666770258606,2.1834757010664325,2.3733848187228825,8.330888677347453
1.623850011952221,1.7199476307369763,0.1943573601320384,-0.09181186374897746,2.977587882141271,6.180429521183172,0.10839238576715242,2.8633629782875847,-2.0239989304691552,4.592437365806351,-0.20145820000519318,-3.8010066264122733,-4.610788455300576,3.350806064116458,2.2877094440460213,4.655507294200361
0.8942945087011906,0.042827354780320716,0.1664452041735254,-0.8893847710561628,2.770781826661861,6.526311189214387,0.010816680334546998,0.3946733419247129,1.413288621853416,4.271016509120665,0.8499027605280282,-10.248046092727376,-3.3459930274408927,-0.9636514021344479,5.500178155317749,2.6338664821858204
-0.2307273264651494,-1.8261608305027086,-0.3455914590458073,0.2316261115471526,-0.33940334705635966,3.529791808591534,-0.029639033344884484,4.075899771981951,1.0901621378858883,4.246259916793245,0.23516106820106514,-1.0474232102381065,-2.4766778907624527,0.3619934510588643,3.6624349793021875,8.128016884408893
-0.12794767673965535,-3.943839903323602,0.1687945399619636,1.348481814244142,-3.5420792299993336,-0.9679295479720457,-1.265574654803922,7.311895262826857,0.1570691003960871,3.688330099083483,-0.22560394192238645,3.6950363008764886,5.061406657368565,2.0163706998887165,6.204981401981786,4.113906268203011
-7.400705166435801,-3.083104642843208,0.2565016124782464,0.004024273317307259,2.6714031748948615,7.095962024948248,0.060317187167703824,5.236416068196296,0.05440607980762948,2.8512697697331517,3.9867360725610057,-3.954015330083669,-3.8912831959524965,1.9678273190374798,4.050886172028879,5.416797983128576
2.58846107968913,0.7783718506379516,-0.08385729049208293,0.327517844037463,3.917291211612989,5.280655459376363,-0.7207641367794321,2.340844777813181,-1.0884438992755796,5.359809251254426,0.7949867520313713,-4.513088431168968,-4.220162763237952,1.7656960885658237,4.585238276631881,4.942580413807182
-8.195469588381162,-8.963782708793802,-0.8863322824218004,-2.86494499417115,-3.5733152824677528,-1.2574075730169805,-0.45572068931891907,6.612627163703396,5.04002541660044,3.8928953031295297,0.42267112744498686,1.6713149597318848,2.908841189488148,-0.14551757351371128,2.2046113063006976,2.7445657513886696
-4.223961379154431,-4.231278459778677,0.263670070836942,-0.482929980143905,-3.9950741393277416,6.363523496543059,0.24796774760129264,9.078821698234725,-0.14005704970712202,2.2842181821854317,0.8978497001603247,4.919149189145925,-3.868158107601339,1.118971548537724,3.4706717236979547,3.8610753633907695
1.7123042555768047,0.6678099049413575,0.24152660622944502,0.22630111105119186,-3.7134807516845565,6.5739782858987645,-0.09967372946317023,4.5439016841451325,-1.3320234432009361,2.348019530290738,0.26829882211145,4.813707181336979,-4.063500649665483,1.5250917232179395,2.4414044936820876,0.0678628327166661
2.014959559659163,0.8641364232599736,-0.26735323532422356,-0.05093517258996171,-4.080368239515965,5.853901921538637,-0.8020778696810211,6.021876235897341,-2.204362557231565,4.6244845828855565,-0.2506933269302049,3.6021117252088155,-3.716304467974619,1.9408414032322665,2.5630511281664172,5.0541425438250105
4.299546328090131,1.5240948691219098,0.10459557740894715,0.4240526246090104,6.1478087765283425,5.106384188798642,-0.20509531577428158,5.853306326669641,-2.1837926238626237,1.3511600793472802,0.3333650923036819,-6.564982142947614,-3.7601430831353633,3.667823916041059,6.6457811032229435,3.227830041763682
2.068535027600826,1.5619422463923707,0.26255385798215924,0.3303799653078117,-4.276122659392654,-0.8364683707803493,-0.4631389893610036,1.9364334224673614,-1.3788440871102112,3.7664027869647843,0.6422858027679228,-0.5451811880456908,3.16312824189663,1.9340589375518416,4.926551316135873,8.808281337456158
-5.046690787733533,-4.749073098975854,-0.042838808322946495,-0.256023357598887,-2.9801146716786704,-1.0901851555605728,0.10051764417005123,8.06598510328463,1.388534881790479,0.8490170148937033,0.5266416048482062,3.966501510743906,2.432026791903191,2.2980198189305763,4.163225278333761,7.614784823630005
0.5756617288837828,-1.2178633570869764,0.7295851947963234,1.1501250822519267,8.24510514405595,6.413410629246229,-0.9600767877200466,4.633166988444825,-0.898832375088998,4.593611633409438,1.1333076655088414,-11.04895439427967,-3.274452086506722,0.23342036533107374,2.779021468183647,1.5523594392001006
1.4399236789527352,-1.931756538865467,-0.45369438541432205,0.2767559419975925,-4.409342248048633,-1.3338308002375223,0.6739431322614351,4.5373315887691765,1.397071143344045,2.150494253747786,0.40322030195221326,1.8561169883025193,1.1901982433026037,0.7666492704451087,2.7709701135133704,5.0658142703297395
-7.8591034894668645,-8.095119512853389,-1.884133175072571,-1.0982689669361958,-0.41343625746170687,-1.3797779154305656,0.4150251819789409,7.027887918460356,2.9684005070840938,5.9068551609423,3.3982676396039304,3.0057293301169605,1.3964547081453105,3.8281471252016104,2.3078709587122628,1.4433526370798553
1.1944749165910764,-0.210886335805058,-0.6843083446652932,0.07696466627592802,2.4535854357282316,3.1943391290903094,-0.032583880056937235,3.775555097887912,-0.4100788838316997,4.522052760402361,-0.6666010932109008,-0.9056222464417413,-2.6564359140483815,2.986397161235412,3.912116721754273,8.823454738666614
1.7475015095770359,1.6350062421138083,0.46044119640936493,1.357254525572062,1.9323173760796588,3.703733528054009,-0.26528630338112447,3.523804439115028,-1.8277838247505325,12.790238151771327,-0.8768868465883043,-3.605884158353011,-4.347561471348009,-1.7125400567812221,3.0155610069048904,4.392267526309937
-5.850198549418399,-7.772524129999957,0.27420611849054694,-1.462049088192793,-4.422068056178279,-1.478235864782085,0.3367615509455402,8.848659484852805,0.5233065764598236,1.606671273285834,0.09199921693777086,4.151107094780541,1.0412030077303447,-0.022359595978632373,1.9601227446707592,3.320435526400416
0.7071099952844281,0.799963930306335,0.2617858363588649,0.42011919620384786,-0.7126380793899297,7.238337178207934,0.16667845865090652,4.96738158678512,-1.2266592471345017,1.960283055360119,0.23138940358782822,4.217678301791971,-4.278983606045445,3.6672238686184087,2.675809698154529,9.649968339648096
-2.797954000103268,0.904373557165265,0.5026853845181563,0.14959125899275147,-3.9860388934944444,4.2793058696824575,-1.0869205575486023,2.170438937705011,-0.6741726935704553,4.166017233405261,1.4843900525392764,0.6414178032105168,-4.9545322011995605,1.069702815827293,2.7978756637011353,2.8642179419053715
0.13789270991304306,0.8097944670319556,0.2792968813227488,0.7130119979071122,-3.3524228032234427,3.735675965668013,0.10181531647344408,3.289237931519748,-0.6715431490205229,2.316385149120353,0.5065224527033673,3.651078027073294,-2.611835549717148,1.0097403682240595,3.434951643070827,8.878932140645878
1.4966018059048802,-3.673755862784882,-0.23032859629082209,-0.27510993968943753,3.122747892823071,-0.9487327361566322,0.13785621829827643,2.4746566409586617,0.3497423573968313,1.770493038519906,-1.3940796535735331,-5.064266599326392,3.863690077471238,-2.6737210934857525,3.7578363995837667,6.734693104068438
-7.995015422028645,-10.56857049547384,-0.018900284435910533,-1.6560231936350458,-3.471248957157368,-1.0432602297201135,0.04845102652193374,8.65135912141134,8.233101732892528,3.851842222776963,0.2321043771649714,7.938962481712301,3.179585785028448,3.9956523474576726,3.3413531534044703,1.881120549907286
1.9523049811944366,0.8541942174304279,0.1547934391448889,-0.18335104906434813,-0.09340695367132602,-0.920502896015842,0.011980675899888205,3.4389602960671,-1.536909090259422,2.684355770456295,-1.2194520150646566,-0.7545260482355953,3.0842853341996657,3.03217371445025,2.4959723203647886,8.562717156747823
-7.455710705950741,-4.899729433909873,-0.12638795671115327,0.2659070476287361,-3.330963205868767,-1.4087934396266937,0.17485273762047296,5.373994703333825,0.60127168240988,4.57912468755579,-0.15759172356617643,7.503409395950768,1.1438875130290782,1.1529721628905591,3.4551764368740843,4.405211257526573
1.28579934808053,0.8790560329221966,0.36937878576914474,1.3037619480292002,1.0256931025025746,2.302349498958093,-0.19342052423154585,4.238350577537046,-2.4302943966401123,4.742235310658892,-0.9794218661201494,-3.43778289988699,-1.308136966350411,0.15099133046592322,4.273584746201834,12.345676325015724
0.08926847696552707,-1.3535615441290039,0.3740349619363742,1.2954015330417703,2.187207516894986,-1.0884838816846412,0.05500969732056043,0.9596547463834286,2.1457493906312934,5.027204644082735,1.3144214435281854,-3.406658435409268,5.076203348065418,2.933897380625208,2.545975846368819,3.2665906872749333
-2.5710176212340587,-3.1852343494504067,-0.5920957812381288,-0.11382053050088364,-2.7853849069038414,6.120873084960193,-0.20398739750186562,5.500892594640453,1.8301257899349246,5.349064452233413,0.11019219757275031,6.459706173183785,-5.261428328862492,2.978250239332517,2.7776960781464974,-0.11738318283157453
1.3227323157402373,2.1759181729766226,0.22415076467239597,0.1378693519867959,5.726078618723589,-0.7306884348699817,-0.40501113158712754,1.3986119229644534,-2.5116456595261893,7.329555925081795,-1.0359345028288662,-4.447705155752288,1.3507508274614808,0.5484057157722613,4.613379737261372,3.686480211251415
-0.4224048165325078,-0.17817594189383087,-0.016023812594513298,0.9992899745378339,2.4620866449177266,6.205565412029625,-0.17246577810247724,2.13939847810675,-3.494915723950214,-3.654398456416402,1.299225435518349,-3.8508298492066872,-4.791640390768959,0.952922006291648,3.1471723569550862,0.7204110161079249
1.7996631448070215,-0.4582988928556439,0.17441627691686173,0.2305510552885634,0.0248439957716822,-0.8509079825257262,0.3418219559590019,3.8686759923299148,-0.992992143398772,4.945111201070248,0.6913724478085836,-0.476860448814308,0.7958120299503211,0.7663339450359345,6.112936129743855,10.008179628002146
0.5574484184146087,-0.44142949891059285,-0.09511496535688657,1.1252674273476198,-5.309868044884254,5.327135136025647,0.07786683640629072,2.8759804656772565,1.7705445570200689,3.4471097469044225,0.2681548611906664,6.882475372791912,-2.5516004322073425,2.3822685248106725,3.230824073582888,3.05978985652085
2.108655573115219,2.4631072123174875,0.12956775849064198,0.559568624849431,0.14360053225854977,-0.9902096576591328,0.055688852758457405,2.5389508087150747,-2.96281785898904,4.112272432359091,2.080099920618038,1.6487787186444431,1.1359520687119409,1.3977328572571284,2.3775453555732966,4.370332708090543
-0.07449695724497236,-4.1614958121272885,0.306325851994877,0.07683961596029523,-5.2410507401203885,-1.2898756580402462,0.27668514771526626,5.8919821526611535,1.4350305502203606,4.732873856431493,1.5266908745442829,7.611879412026457,1.2013675579975052,-1.1532664217452206,2.465650205324094,1.1559866865525643
1.9269134702285133,-1.4276817004214195,-0.28304350871716955,0.15121947062636412,-0.28883613789578355,7.027545929999401,0.34858341606085497,6.268994976851781,1.8699446429647506,4.532686020027847,0.21619175996398568,1.9640804293092027,-4.551195136146,1.774216357883066,5.142921120608149,2.31966431236919
-2.535121682448932,-1.7821693949711817,0.23130215770999588,0.1204173404785497,-4.5811938933708385,-1.1483001806835333,0.30554188891251866,6.051817774678581,0.9646621712520717,2.4615079159351683,1.249614032973846,1.0479340897463267,5.109508908929925,1.8253088841500376,4.234113811060786,4.995065707025429
1.5670112064306942,-0.08645920837173886,-0.28391869196792496,0.021624087460339027,2.86522995412598,-0.9395787302466725,-0.09313600946962831,5.222699950774512,1.046397430111964,3.8211721735025446,-0.9798097579653068,-0.4889763991398109,0.7884123748739562,0.5211087538165354,2.9308891354389486,10.56355557279537
1.8369651061172294,1.5143926134711747,-0.00846109185864563,0.08780378473363903,3.112364084498336,-1.0619088956825427,-0.15957679806401365,3.505156809086911,-0.23079342804724984,3.207267445118476,0.9445557495243851,-4.31285052946148,0.7219862784482537,1.4390885376557712,3.182074203799169,10.733596510428004
-4.729162522394037,-6.093097089128006,-0.28308342658138513,0.4400099895335733,-4.101069529241882,-1.209937666827192,0.43581737881433236,9.259934314674696,-0.07362832440884085,3.999755256490937,1.8011525227193288,4.854961669982724,5.711998204457264,1.451265609631936,2.9267591934235146,3.128411464880221
0.9300373728536072,0.578355192652593,0.1786585620380935,1.3923040100491293,3.3622601601400723,-1.1340265812315045,-0.28929869564622646,1.827007493257834,-0.14648179141028486,1.4382163093189395,-0.5607819604650142,-6.595197295457746,1.1592950296790032,1.5575916375583034,4.321082827183729,3.6306462269226705
-0.7753328849769499,0.6124605622428162,0.15814844251982854,0.4182540640023848,-3.1411431466092647,6.206922756236046,0.2982258196671802,4.53026808099759,-0.4899672756455845,6.0950966034779945,-0.8577154300346351,6.245864659740279,-4.089693750126288,1.0979238070348898,4.800465417257199,4.329670434745649
-2.028858482651103,-1.6379887077895305,0.2457999717965724,-0.09592267300902577,-3.081124705728764,-0.9188423071255287,-0.3888111722090599,5.363541763444119,1.6419429381148272,2.2129661893099546,1.0952206247585512,3.7724866745111836,0.8813968333800634,1.7657166285614174,5.7265680720632295,9.482017127115903
-0.6827606233010683,-1.783374596285323,0.24772609189028535,0.3541100900589172,-0.46534892859806637,-0.7141522755424182,0.19282857224345218,4.3865478375479565,1.4963111153145643,1.5481776083658139,-0.43852006433097085,-0.6778346631266177,4.1285472942739725,0.8134838532805446,1.4128564606234435,9.939053360526762
1.9989098568968484,1.449339432335148,-0.2504347904324536,0.5304946516056858,-0.1883246233028676,-0.6233956964835525,0.5687559613088766,3.8054999698350827,-1.0254156506086385,3.6836288443729277,1.3969491874774296,2.3874048670170205,0.518058261742194,1.4097473887304466,3.4767979492371293,12.463427484879894
-8.44161608765088,-11.381631281811742,-1.8317935090530468,-0.8690358341528721,-4.046095976925766,6.604966352383916,-1.8398055091480883,7.084974869712566,8.67212835106657,5.8311816578103075,0.9790092125149681,4.368514823076626,-4.070251922445662,2.297139260366637,3.1889846054514255,2.453478612224804
0.19066351654628946,-2.870910005809739,-0.4147028382048015,0.02408303383924088,-0.2075571774827935,-0.765874613900979,0.23816209973891578,6.086752926914642,2.449005477239688,3.1101661519855255,-0.20100352440960728,3.0530599105656155,3.5991140042487526,-1.67478820725282,5.458259210841108,6.576630897086116
1.7957807193274304,0.6071595280468467,-0.2814325651265672,0.2875626497889554,-3.889694538639237,-1.0969272648418948,0.12231448798378312,4.632093639403581,-0.31225253529846675,5.080908063848813,-0.13087773495167532,2.863826554393395,1.2794270157168308,2.0782761542052035,2.56147760484616,4.258142441396291
-2.346345993919918,-2.873372137245722,0.2765464080100258,0.9787671363030875,-0.33107232432439976,-1.3557728063141306,-1.8001149891515573,5.533567878646155,0.677704619075016,2.036487131825338,1.0547726651132112,-0.32817086293222364,1.2762114551104604,0.44896755711951586,2.5140147458948197,4.135152956250122
-0.6825136086717244,1.140595679263274,0.022903312675654774,0.5466244647850597,-3.67311175258248,3.5761051027253266,-0.733873204325636,4.102855149173489,-1.40059736853838,3.010773101824414,-0.9422830545157196,0.6597211563549933,-3.6013030560752397,-3.7226353892010335,2.1901902065724133,4.860927764692653
-1.0060072964138036,-1.9550243997070942,0.20805646451686802,0.6871406049169605,0.09613091546917978,-0.9939591813627623,-0.507099527421097,7.083151422961922,0.13561879356019155,0.8555976403194169,-0.09055411213263873,1.6624043398589516,0.9729330904682474,1.9768995156213645,3.3199691404604037,10.982548293358336
1.174987209608468,-0.2835505360166237,0.20955867828925445,0.2085668854117392,-0.04738019228478194,6.9326605864688755,0.21920613105098408,5.289190122279027,0.7479462891807391,3.4925272622915604,-0.04593164857508007,1.3235684566994508,-4.482015861966027,2.3507212534323334,5.295388053078866,3.950318185203398
3.0602095363140105,2.5200141975871135,-0.0188465744306649,0.08791740817328338,6.758161330485716,5.804419999727669,0.07175685807193358,4.542570209195528,-3.044496139597148,5.3803126506327335,1.9178978234119723,-7.6892328117598465,-4.025659397811396,0.0027065673209730077,5.076775614768886,4.891371857676655
-3.122003729351001,0.7346251531789698,0.6991834485804039,-0.021451193768142456,-2.0029349479669083,6.147891702909645,-0.34814602727691313,3.485493561985902,0.4952859807222466,5.496432151096253,1.7404176035401373,4.395779816292227,-4.572253953215744,0.6156424418576061,3.1099908147106565,2.1402934634545043
2.153762940666018,0.5303727689542199,0.29373797894020875,-0.005901639497683912,2.219778069794799,5.752366873592137,0.4510975774719063,4.065206169234899,-1.88369978990398,8.194341222985337,0.7847297480438526,-3.0345485915263026,-4.352389455698896,3.5985938976184313,3.3099919110213714,6.482987787914849
-5.681616461194665,-4.844913968680503,0.533227010771632,-0.31298326883457295,-4.340799893162059,-1.286662484993537,0.3979299852065746,6.165130907523833,1.5278978517015929,3.858477331272792,0.5234430677803855,6.611861988028511,5.259637298182508,1.7337714780667643,2.690428208891924,2.324170196393737
1.0130762236341835,-0.2854257130175834,-0.2979035263822104,0.5733981530314393,-3.3790158501764145,-0.9583020219852524,0.2011677723204091,-1.2607683470497524,2.1428762602051723,5.510185452640058,3.477911808264248,3.901069430424211,4.4278035374231015,3.6183963392128535,2.6841854598472525,2.0829315488366413
-2.472859800583915,-1.4051052536936475,0.04330729861557459,0.936701620990663,-0.10321308019439122,6.515291689748566,-0.09066018665830265,3.771716671443855,2.457694431818401,2.9380013708552966,3.3699032750340803,-1.4839024005954458,-3.095147146296319,4.34488996794424,2.4718123197654878,4.471001665782262
0.763351735574504,-1.1204898644052457,0.28013910360325855,-0.037130757232506896,2.979413437668875,-1.0541368824566406,-0.52953119734178,3.2037465007702517,0.808211171999575,5.948830938196432,-0.6376318015767034,-1.3221842224113645,4.549356758600722,1.5396448316127063,3.7596759196259084,4.244213829853883
-2.523052350675688,-3.356449141031751,-0.15116833838758342,0.7076417798368885,-5.823261062420906,-1.2633002059546616,0.39231622625887386,9.709022909941774,1.2702501966606359,5.54465327777116,-1.248176991629104,6.507416285089218,1.1915319178650776,1.08970021023415,2.2569094100026414,4.346652898052397
1.8089942362507185,1.8508356150261436,-0.24967300625766273,-0.0019953763602921742,2.713073862211158,3.3415546548664565,0.20646001362800542,2.9645657717188185,-3.1386881921548246,9.492343578588219,0.8164824123183885,-1.7152881692287818,-2.7167420033538567,0.8882025332166035,2.8089492195950205,11.696270227261893
-2.8762277002927545,-1.7570581310540445,-1.0668520568360889,-0.6822705345063778,-3.2082395708796883,6.7050051458266875,-0.012831036323060508,4.252113106331479,1.8004747232658167,3.6698295134929944,2.127468312914483,3.0409263076841215,-4.509873663437087,0.5132253934952118,4.8810681280208135,2.110318625536592
1.3475112074685747,0.37690026124411596,-0.2633805277446901,0.9025105768023055,-6.346231565658857,2.618118536636233,-0.04756972483297168,2.537924492675811,-0.3032033120701865,6.872991425550621,1.7536345210808797,6.46850652398914,-2.1099691642563942,1.3347056544704046,1.1604000425847874,11.080156951847178
-7.05636454313,-2.615573844040434,0.2222799607415996,-0.28934168841068936,-3.1010884160716086,5.981207396865512,0.18301261212428424,6.63018935031925,1.490355368696774,0.2582419033579061,1.799295093142893,2.1985141223453297,-4.330434456894409,2.0668237333440524,4.604123908411614,4.229670519834482
1.6238887286794683,1.7340568401143344,-0.19367158188298347,0.8294107496803628,-5.97369408342568,5.878508413009656,0.1288183555627859,2.597151837389607,-1.6284978388751237,7.0939890161976225,-1.0717000553483764,7.635510539900514,-3.9767635595534627,3.3604961650501557,2.296382076611121,1.296114315231641
1.1287689508696397,-0.2365076684150066,-0.3885976953109104,-0.9363187280818823,1.7817471308857207,6.023088836272557,0.06528676308691513,3.2429251155431844,0.45537394012138194,5.703963998984624,0.8256001578631499,-3.1026874473517143,-3.8188465716467084,1.9895674160023533,2.284519117630864,3.845417764607197
-0.7446099119581437,-1.538444108773178,0.1652347959626152,-1.165688134439134,-0.39176110704988215,6.019914025922617,0.17491456928476717,2.736588527848322,1.0686440252251928,1.540736237501105,-0.15198210769767523,-0.5820381669687732,-3.7844078467645064,0.8399458753690122,5.265595368100407,2.9448005800259613
-1.8361367168112968,-2.594436647464211,0.16105205222715965,0.9267125783216128,-5.122382437330671,-1.1596525880799935,0.36588343208488844,6.884680308906984,1.1201290970373279,2.260682201652166,0.2171316925479718,6.967481547647466,5.0629150118157265,0.9815216898036501,8.140442610864836,5.043492534092627
-0.5599319734284651,-1.7723604774028066,0.2816755416691304,0.35777944094315217,-3.5163333555981904,6.2554240329687785,0.20607436079842284,4.623624154121926,1.2392432319615427,4.907373212518791,0.9687593492331602,4.883784621143404,-4.479972451012581,2.7626987872024387,2.4091927828130624,3.351722169931357
1.8593736900339521,-1.4757854632933938,-0.04262063897276924,0.06505470962325723,-2.676030374051383,-0.8886029665172107,-0.2902119963963822,5.510498088784516,1.067509201822182,3.537412073632081,-0.09316710698790848,2.787644315669934,2.8418660357991854,1.424745823388298,4.710107623559732,6.23026766274559
1.090343985117972,0.6775588055451707,-0.2614273356137177,0.9867773140569531,2.157394554513196,-1.322770589015136,-0.06268181635936093,2.975247189826022,0.5920155133406324,5.538611597233763,-0.6285715642074743,-4.483467498376966,3.800178732983768,2.734457424001147,4.969393317659696,3.3707931318742537
-3.9488307990278875,-1.4153740179572873,0.3602193305188169,0.23045664700648444,-5.714367407664038,5.720859777068097,0.24447589881376738,3.1041617396945758,2.2356595075055954,7.701461084452769,1.0072556343101122,7.361716709277281,-2.5303927375876807,0.5379849704926988,2.5300003073566284,3.150300432284828
1.246217052827279,1.964734159476124,0.25205011307324027,0.0005586531553418854,-0.5729708897781869,3.545185778933267,0.15616763802369427,-0.48682729469519087,-1.5097770331799987,1.5543109344529604,3.8093469783365714,2.5136099228889988,-3.7070750358741114,1.8163419137898207,5.3583442124463625,12.53971643873304
-3.3051769250833134,-2.065488525336221,0.10251253438058043,0.5490911359085395,-3.8340224949927832,6.133707887761295,0.22195241184098086,6.35594951941857,1.0078974235355853,2.946711574923789,0.19841085593511038,5.991951685151319,-3.1472171795187363,0.3788011945336279,3.3152037418882827,5.1165795494305595
1.0301105840690434,-1.7186815121428618,-0.5087260245184099,-0.2526950868666175,-0.39419926589300575,2.723156377147262,-0.2919027715589232,4.28292897264543,1.1698599222178256,3.4850491521637883,0.5778982778290912,0.9606809605490424,-3.0009222755841725,2.4103639924616247,2.6160955273211006,9.286790736206497
1.4718391277256115,0.7192675527775039,0.3089726708264397,0.1487121320519756,-3.3785192406252023,5.984454814788032,0.22359778899893504,3.573915107077918,-0.6232428319212049,5.016884957346444,0.3960315647112821,4.050936472226633,-3.6882705387057118,-0.0002947598366689637,3.2315210908794154,4.9902297766217965
-2.5183513457290823,1.0140236150423685,0.15915194130813168,0.2119492458744592,5.099103357827911,2.895552746677538,0.0018131282969065484,5.715201061909397,-3.607753686377157,3.6492815378333145,-1.5927721516620366,-8.780093908731207,-3.6287804969888335,3.34110588663444,6.758579946010682,9.752815074960703
-2.2797882665789992,-3.7095360439981637,-0.23985292688757137,0.5608669100621093,-5.753186661756385,5.9477587848206355,-0.6748269962149988,7.572711074331853,1.2962262835683258,4.857347177969526,0.10853038939647411,8.76552017795799,-2.778995302815611,0.6499537332141967,3.110987438069268,5.283140989244003
1.473735429637134,0.6258332850784067,0.11004958955943535,0.6906800186398124,3.5608582913515465,-1.103198654490212,0.0321491820042333,4.1065644553403065,-0.5924208962793147,4.993336781897892,-0.6189163275162382,-6.114646726192286,1.3501583486944437,2.276879078884919,4.3267568222334,4.164849238765737
-2.1974269277888054,-3.077141286730457,0.14099230043838365,0.17012021489938173,-2.615641821643649,-1.2691173178454243,0.06167024022340749,7.2579494478963325,2.039674926436196,0.47862130291139093,-0.29318748254422045,6.573944426401207,1.2509487269818786,4.3463143761157985,4.652997567641548,5.141175908786554
2.376090664657453,2.2932275897193075,-0.01569002506323199,0.02366740924616651,2.6560545488155127,-1.0398255388448006,0.08110697143276517,3.3009021204203983,-3.715707655260339,6.1213858336508284,1.32754689852645,-2.7855108672035858,1.303917210701853,3.2053047631320855,1.4778023688172304,2.9000872752517464
1.8843310541361566,1.327966085682313,0.24968297774593082,0.12699537352969248,-0.9703139295478667,6.138629605946442,0.08076776608824734,4.378457693165789,-0.21847491374735975,4.643896904909363,0.41044043090815313,2.3759399772696193,-3.6878574036757144,1.0339319474796465,3.6985152690994245,3.0996035915588345
-7.6765162216771055,-1.0179331662518283,0.3872201980476574,0.6316462358584016,-0.35254375232756163,6.218999096314578,0.41360716985414475,4.250173220466667,3.409409551161652,5.879695474680591,3.0260954708968044,1.9065682667916803,-4.74734344290833,2.9977709179909833,3.238810980504535,3.653783125725885
-5.552006029961632,-2.755482241528419,0.1590246704285966,-0.4713536402320023,-2.8586359995770043,-0.8025071680856245,0.316730866609762,14.047935309799387,0.9745535716513399,1.2064289448743228,1.204683291883441,3.2567521500959993,0.7170801069438457,2.814420241023103,4.592874767745534,10.78668033692489
4.202062985219682,1.3258182844523494,0.1435403737568608,-0.09163685585853412,6.6084700792487725,3.2303079668283456,-0.6728175452313538,2.6795099762417376,-1.786161219879984,3.502277501426637,1.1698403283556307,-6.028455624695555,-3.145587293470046,1.5329706369023768,4.135809126945832,10.075687703225837
1.8102466625372566,1.2627409465909003,0.1873141205857192,0.31081321224073566,-0.16740518921613645,-0.7325125304249419,0.028849053628742814,1.5945980642065405,-1.1317934493223831,4.179903332419694,0.590036120238404,-1.6432821566574278,3.3379371166477605,0.4587199074874322,4.148697769050797,6.845439062351985
2.593206781299785,0.8773500890557967,-0.11676984426813804,0.456144286836187,-0.6825703386565053,5.927124192891643,0.2280535660559932,3.5913092217482623,-0.5590888660264512,4.35823617539741,-0.689245205758139,-0.059037221536040366,-4.5268566585903365,1.9432890492913628,1.9856161180877434,1.1625773328890403
-2.9232694481207675,-3.5657622435580323,-0.7973230859637263,-0.5782720033296693,-3.109242069187885,6.147758121272548,-1.3472692643223954,8.06242764191081,2.5846796394065015,5.115306470574189,0.029170389005604196,3.6268676319217,-4.23042883273121,1.2404251296694084,2.631683073133075,3.8041027267913647
-3.1232057344469553,-5.432901022505637,-0.049912502831468746,-0.10693800737212093,-3.499226469195992,-1.0440547818529107,0.3476352420970799,6.688715455141538,3.2886350691063178,4.126761174622923,0.28514269070699816,8.009437072729073,4.594426714136265,-0.7149216342183453,2.2938950790502135,2.6649845498592275
-6.9682307294120545,-5.093876254862796,-0.5758991843822104,-1.1467091500488267,-3.871152119003701,6.126179054115279,0.250002867421756,8.08841580072418,2.4094577302485707,2.927349889487028,4.087607055899997,3.0007279881015423,-4.287923764084777,3.680979403690435,3.300222290756181,2.3273149820738483
-3.0025098958959173,-1.0770091481382653,0.5274246043097613,-0.16858841369638705,-5.113492006348291,6.195474125245586,0.21604860293709988,5.5782438864726585,2.4613126411003368,4.795458034309246,-0.046667880274354916,8.532943139463589,-3.255084828237228,0.417271898081527,2.968871349068978,3.8855020216132203
-7.243990086851174,-4.010247501870694,-0.45506208869318165,-0.7204014161058389,-2.691541517237513,-1.3372823172381227,-0.008518954159071246,10.716482139676419,1.1065797739012249,5.442460305701942,1.3784465642004895,6.088016766896782,1.110868549904475,1.050796565053519,4.074302919891042,1.6275853172000498
0.5919916947086649,0.8819745377215249,0.10531000695253384,0.3605437106713651,-0.5997078132480382,5.4774555858764815,0.16407206590970358,3.8182495679222828,-0.34343307578066945,3.9765427749679265,0.1329074128500655,3.276727476619183,-3.0849775090182656,-0.3998927753381434,4.142438973450412,4.483770672748487
1.3248438070863486,-1.040825179119905,-0.16983911998569942,-0.872277933059881,1.7332880357969562,2.9457275847693283,0.16609238457555583,4.805698547926421,1.3742823481950899,4.26051559465006,-0.5962552469968794,-2.1870097671833357,-2.551941941989663,2.333321598177155,3.031907678147158,12.802223114266992
-6.283320843253905,-3.374726456456506,0.30075527697235055,-0.36474328171772247,-5.039104941684443,-1.3688535364146037,0.29296456436440305,10.212517201895436,2.3314483969127755,2.6562237891027083,0.16422048114798973,4.040960883806149,1.1349348934739827,1.6078217426481032,3.352261788738272,3.509009801335943
1.4135500750622405,1.1940967034995553,0.19591587570278596,0.2244979756313069,2.157671413742006,4.556682260183618,0.19537394090679727,3.6404572419179595,-1.0894496419588104,4.454760643399321,-1.9450972580959396,-2.510362970460206,-3.6404632685870544,0.26118792515713685,6.25648734413522,8.170182533349841
-6.987819467361395,-2.8680486368797715,-0.7388958848963184,1.1363000204892209,-2.67041945701923,5.955350925709817,0.2831930625786381,7.959100965992704,0.716917965851336,3.1416143015635507,2.2758814864183465,2.4526989991652473,-3.9202348833624283,4.611014286383987,3.7860456165472676,3.4158968848608584
1.5569848294059434,2.3397195664976422,0.6533567039283618,1.268940782229106,3.6796722045168284,4.054598426416516,-0.11894968309253381,3.952451737780123,-2.5182374196173622,6.1210959474371425,0.899586400091648,-6.342024003296315,-3.579005437942534,1.4949624938294295,3.9727361367742215,12.15939748826623
-2.9559697983215245,-4.389771644917628,-0.6657761397659778,0.23150001883879318,-4.898723810163636,-0.7457540505193168,0.22492936896408627,3.6217253314492606,0.996724844440818,3.577596189538638,-0.9210264488806322,6.061812205987673,2.0727052132512127,0.310488027755171,3.482688300064454,9.203628815136849
1.8280555242275194,-0.3619418739620599,-0.3201039473426836,0.37458383819127206,0.10198474055404443,3.7432817712500697,0.27551917525877523,4.299279920597872,1.0410635642670096,3.8602466559100437,-0.07896642206174595,1.743223215873974,-3.005399071419146,-0.38798312011609565,4.973277499310053,8.227411162646488
3.0035107432175434,1.9092023717761033,0.05346833634252401,0.7703699793256822,0.1688127437569206,-0.8112640559387702,0.12989968823641612,3.698673494589826,-1.4656096529513603,1.8855519963807121,-1.9925459963430965,-1.1341328629714746,2.6031505634586,3.991327872190625,4.55989413614571,6.31461075765888
1.7912207994051275,0.7424473955929284,0.25925194577376054,0.026637598730623678,2.4799031596394894,-0.8421795229489606,0.23646045617262465,3.5494367750262215,-0.9855404537307723,4.751617878397307,0.9078025007049236,-2.8145002075048784,2.8297600806988785,0.5254341930001973,3.930340313916406,8.11463344589745
1.9633909578931823,1.850415199580292,0.0003542972219494918,0.2604089307847125,0.07373009739319555,3.2792285163141783,-0.5336918867255249,3.721526784688234,-1.9776556459156178,3.3881863075991476,0.9724816865995524,2.3732595256790527,-3.4229058821834637,-1.8274196942696963,1.616646635229389,9.071224233716727
3.8426055249708395,1.7767450554867579,-0.2073617956042287,0.4145418078092237,3.2016035319902008,-0.7666609038189055,0.19893887521947426,5.468488150984048,-1.7700687506869426,3.1569459137866898,-0.7142370099176958,-5.781524936226196,3.460040101627508,4.312863865772881,5.243825116365838,7.92552236887316
-1.2113310692744947,-2.2803908055070794,0.19091446664556794,0.6798450716907782,-4.619434239495857,2.6728003818206494,0.3572100214362141,3.8492205474600185,0.8027030881665026,2.931508616783967,1.4681343825852968,6.014658041950314,-1.6604431505107002,0.36855780516976194,2.800672929186374,9.195900563632762
3.7382329693324863,1.7018369359783834,-0.6172768003170689,0.1415717020835722,5.489074667438943,5.060184275507926,-0.5502930133218566,5.488541499079516,-3.8139984992822473,5.888657240878713,0.8269180085187159,-4.676263150651474,-2.8573410282832725,2.266480398324629,3.5768602237186093,4.011408300371219
-0.022065202509363266,0.9804272999527552,0.43931906896208667,0.8262296213905019,-0.3356610515008996,-1.350798916507512,0.2725626127136253,2.4086684392880415,0.08209388285689036,11.206297784666221,0.814807290542948,-1.7450473535675555,1.1210686489964525,2.2888314947665207,1.7657388620065757,2.3936941232960676
2.2788432672743983,1.559010597684266,0.4707781005396967,-0.0394551878046865,-2.8150222706180847,5.36434853555852,0.19849233946080033,4.530076947094252,-2.9946581738988547,5.967927477523686,0.6860934987304116,5.970740531769892,-4.15144757129578,3.042621959040564,3.664993422781427,5.6938099174015235
2.4931238669243942,1.1071365212065483,-0.36228428052614187,1.5151165281633538,-0.9371989670501399,4.896225333650906,-0.35482437090948227,2.5169248335324226,-1.4841801571461062,5.96698274121682,2.73663780208677,0.670370258535569,-4.196742431981487,1.314861183453352,2.3796107417220878,2.4590987749354296
2.237939263621345,0.8585710282910152,0.1894813589354351,-0.15954472666633507,-0.3970805438974635,2.969534877325098,0.26655005085468264,3.4777820438258353,-1.2822311827586186,6.230152891168992,1.643126474062602,2.372557690689961,-2.528531563038783,0.18518827035526428,5.924564927021661,8.215852632769696
1.217917605926593,-0.43594430570612963,0.19499445866733217,-0.49011258768658944,2.6332612311045334,-0.8577344522736965,-0.1479258684006829,4.478000110298396,1.1810722638865314,3.38909708125769,-0.46056756816631744,-4.011172809221452,0.6979450706007578,0.9274556884070245,3.584769582137464,9.175725575957449
1.3703474728005625,-0.5301061114420496,-0.30057383651162234,-0.07656738303477585,-4.855933849838872,2.8750398298725495,0.28172762076929253,1.6640062867229188,-1.7381330878166485,2.032307735566128,0.7939956565179551,0.17548826994871086,-2.234880224906063,3.371381329774857,3.621874664044628,8.059669939794967
-0.2760260026019536,-1.5452677584153907,-0.34157066520055135,0.5309890521299097,-3.4252708820705493,2.8964818308570925,0.11429795079926655,3.8374440867155792,1.7196092864864818,2.9021438932640793,0.4203187749038142,2.2415036348235637,-2.152642553611581,1.4636602348393453,4.633654261779117,7.423743163535992
1.589834370046854,-0.6217275506158674,-0.2938115466535087,0.29266132265701966,-0.39675475887457445,6.509419276316962,0.22252134002031074,3.0423482470723493,0.4370090605812144,6.125558138895781,-0.23960505191112566,2.635905907334838,-3.6279653270631105,1.9691714723930533,2.6162425851070634,3.2085364576925826
2.998834149951736,2.220094744178157,0.10446224370102157,0.39920773610410565,4.157313203101356,2.5683707091212282,0.1522873136053479,5.639344688115407,-3.8611482654189073,1.9281386579920843,1.2946081456939378,-6.429105793790192,-1.8925169337007683,0.030282972159096772,5.291605878783389,9.91216974852979
-2.925126164691522,-7.133698214267322,-1.0396116328026597,0.25966101345394654,-5.088442008357049,-1.3523470745862776,0.34674679331357283,4.842722312465485,3.828248682438086,5.942471089517057,0.5189937135204671,5.257707265457915,1.21781264139091,0.02415358096768608,3.2231949070304013,0.012002149233128782
-5.516271851484044,-2.2195543282479044,-0.0036934314168369418,0.05542725202813698,-3.181345276662071,-1.166563066276722,0.20035138189792648,7.859300693737264,4.637545544745634,4.034101566023194,-0.6688677202481,4.105772708920141,3.828155310861766,1.6469542368128898,3.0487535938620556,3.112862380936742
2.0483515809575716,-1.8217879947038995,-0.20232392629422263,0.21600067705909407,-0.6740464793102193,-0.7798523136551181,0.3652913276627669,3.9460424134495367,0.5620840867372853,0.7359182997929548,0.4947203690869119,3.5977832595780503,2.9526373453537618,2.4820110606141395,3.367899185828863,11.736022429992754
1.998471520543098,1.1621531509160998,0.30117102375129856,-0.45295248996342236,-0.8037455921471126,5.538497407051423,-0.02214613312482895,2.881922302683195,-0.6921497852454584,3.6659057216693958,2.607319581841429,2.406512961365593,-3.910053192990522,3.978001881191817,3.6035646880070376,5.134570940175406
-3.164316542608664,-4.505733375598677,-0.6289265751739342,0.18789338796958352,-0.6793157409044606,6.240056676589262,0.2741174419416737,3.518541353687643,1.8532100434079766,4.33328714656147,1.8148714877093832,-1.8722472774224976,-4.067275314469201,-1.9609945975455145,3.146410796043773,5.509979342504406
0.04525512353330878,-3.584383736188834,-0.6009082769403854,-0.06519939296809017,-5.635626002295019,6.69600765438246,-1.245150993430522,6.8824320378825075,1.6597116707880053,3.932174684182353,0.4695477214495186,6.968764140257302,-4.276444571653692,0.4574448253836017,2.7347583831014726,3.0529733860871437
-3.238423036730149,-1.211488126997448,0.042273987506826524,0.594795508057811,-4.397807752485699,5.926287431685564,0.11452055046583197,6.297557071303018,2.005026059092953,4.3353494500805,-0.5891993790656946,5.844078469960638,-3.8312746395464825,1.68280972757369,1.979766704389826,5.273279620345371
3.307670147274621,2.4918656994163366,0.10226464277412735,0.24950691420584853,5.379201799821108,-0.8218141382945084,0.038038811985403535,6.489071149878823,-3.502285790422001,4.167096335599549,1.0532610859023406,-9.140100375444627,2.8307061973015455,1.8645030917574572,5.739578847804107,8.652526959963145
-8.975997924486254,-14.39276332717606,-2.2022919415353486,-2.5424449083410825,-3.2635110385389323,7.447055329231702,-0.13145845602506082,6.780215208961626,7.702052719019975,6.640499240417228,0.5372065271727043,3.204388372914244,-3.8116718816862747,0.6181390185461691,2.0592732886824914,-0.7751595776143172
-3.3279768777362393,-1.9097418672597652,0.16648439266036003,0.793894847897192,-4.892291106717041,-1.0853523780762524,0.19774892162283245,5.973743620202255,1.7314135196286562,4.231615064849766,0.9765823525289695,6.303745701322954,4.311419831681064,2.1155248388176155,4.341616538697234,3.105548958651721
-2.645490794888387,-3.1237767749782264,-0.3876588010368679,-0.2821798235559838,-2.6320005077347153,-0.9519884979203345,-0.1699509758204222,5.385209618002487,2.791347189693402,3.366142784162737,0.8996093365680233,6.785142450731247,3.6518022349181893,3.0891802531778807,4.228286986732235,3.20505677715561
0.13390780883034056,-1.43941298700124,-0.057022823696335344,0.6368546180327733,-0.3978190936843556,-1.2498618132993582,0.41384778633216995,4.946519233119983,1.242492137707771,2.279045363576461,0.34646271479129853,1.833239693015814,6.167069165803492,1.1935387403654554,1.9382896540636816,4.510094440842668
1.1143475978374482,-1.5341211045359566,-0.48193590612399106,0.07039097973455988,-0.07538282990952301,-0.7048803957874571,-0.6421625228747736,3.162165267563115,1.6365016795918341,3.437520120202253,-0.6298347343988718,-0.366254291979596,3.709514235757291,1.7810937011440602,3.756896732676775,7.112957337930799
-3.031043750255679,-3.9317067793893306,-0.6782795328659321,0.2339754489123202,-2.8786077073323537,-1.4176848733822502,-0.09376862447957217,9.340521470866632,3.6423297809595243,6.173045850629609,0.22361762362516788,3.6765312252249562,1.1255584854520855,0.791723109429702,2.2571224364174225,2.093132963391642
-3.6230849436285397,-0.3718148096675668,0.6265504334562962,-0.8462475681956856,-3.2485198463294456,-1.3059857477731995,-0.023782582702735942,6.634786806325119,0.4552744439269099,9.553503495837873,2.6226255775810565,2.5297706980804606,1.1763265136356158,-3.383120432691959,4.882510227722427,2.032277599054078
-0.3191695478036998,-1.8916780308180798,-0.531474056791514,0.815804553456605,-0.4524513789353271,6.255241979246337,-0.2909231902509928,3.750406149802109,2.034765787186722,5.225138735833888,-1.9933933476569747,1.080161679729819,-4.160349227388701,1.1401055509895088,2.1387727239876986,4.489228305332362
1.5966694654741636,2.113017361351599,0.18350919412573152,0.8131917490502825,-5.021878891265642,2.945926610894502,0.17810733517383562,3.480905590576429,-2.3507023716997355,4.643022995404899,-0.03287699888149902,1.0271469999998808,-3.2267499156917143,1.187845061746736,4.5384261507627865,11.533813513204144
-0.8172497741933911,-1.4810273464775334,0.15802199347813975,0.23134888149797975,-5.735996143807968,3.4607898939090456,0.24364647367596592,5.118371617429657,0.9730079133560264,1.903861541587238,-0.2672659772485495,5.966354074639657,-1.9051463487198734,0.37954158876153327,6.507468301536516,8.549172826085163
0.9433604660729564,-0.2584617696602946,-0.3294199953451747,0.003696577291936265,0.12250478572336346,-0.7532943349753817,-1.1379265041848414,4.580805104604612,1.0367937493513844,4.361840419540802,0.29633479207505814,0.187386713062723,3.443234642792494,-1.3590034898876522,4.214921816070874,6.116971513679872
2.2898732751607893,2.3936294853016733,-0.08056848867858511,0.17257976220423982,5.059199986234308,3.98424807592233,0.09056575770055278,3.491240833723296,-2.899642695434392,4.653333277401513,0.7568007398893439,-6.894993337152838,-3.7989055706585457,3.281714715953917,5.231063754054409,11.01388927738369
0.1745773596018548,-1.4551095596098649,0.21467129044979807,0.8139333269204945,-0.5287822450523572,-1.2568708051828044,-0.05386597947279619,5.806473091226384,1.8022963314205411,1.764636687576771,0.5392578147373471,1.4849644375015056,1.2599225503206255,3.026956163886935,1.8715168008897456,3.9493696440942587
2.8329971625128136,1.9130167702523377,0.1455646260281401,0.41815550829346004,2.572760189299783,-1.0036057151922342,-0.21002443879656466,6.232926434811206,-2.0063445119274146,5.390394746596615,2.400986533232654,-2.3050836275213706,1.1790836955197155,5.981732919699823,4.266586704750855,4.990225479375569
-2.3184497726786257,-2.522940130231902,0.27776585005169424,0.20016046837624193,-4.4839005486940335,-1.175374878705789,0.5671760825393721,6.672725616277506,2.3735217538677773,3.3735672814426167,0.5499453818049909,7.566616598484106,5.567878980450332,1.7622115294747052,3.1709701615584396,2.5746186168339715
-3.7609474912947034,-3.399349295372765,-0.26266420126333884,0.5432982670404016,-5.73769903450211,-0.9512631421394951,0.26950245787948346,2.568863798355839,2.0843435773368304,1.588128215586146,0.38607350386927514,4.474069716857125,4.674941527381538,-0.2857782163508234,2.5945806343903146,3.8847626376772935
0.08775754583533878,-1.8373390570059418,0.22099695095419847,0.19700535658436502,-5.511853734037684,-0.942928847527752,0.2783746768683194,6.678581319287885,0.9592104849914714,4.630243543813472,0.7018253874288255,7.893581736815471,6.132351318506211,0.950447841819221,2.7342087764174994,0.5344218409794067
-3.3556544058810305,-3.0930936199116204,0.1948340322077277,0.18843542003755734,-5.577235015449424,3.8222346614369513,0.33558878245204643,5.05354318860049,0.5516241252347825,2.557458711074354,0.42874926355512205,7.039340928615379,-3.199464995221545,1.8934157326500867,4.977876203499736,11.27360102531407
0.5985882163457574,-1.3308199597094206,-0.5521321458220484,0.2628563447271778,3.1870534398742034,-1.277449281315009,-0.19589445933947952,2.7686391674528523,2.587470700442792,5.063690859779716,0.042993238818521226,-4.797786885986723,5.414419508976861,3.459098163735742,2.2146570140495907,1.811851408908764
1.6879855851922183,-0.4265352917859951,-0.6513366522391638,-0.36920180518118034,3.5693285856644317,-0.665831581821044,-0.3284131513858838,3.6629629055354744,0.016112844924131824,7.0943125695722795,1.2108957006484267,-5.603716213662178,0.6600923060942443,4.985784215786804,4.607508528977632,9.121469066113233
1.0693390484564012,1.2863847919727367,0.3297501381238309,0.3310114529207348,-0.1832522865273064,-0.9905780431913833,-0.0213881198465824,5.722748617799332,-1.579713686875379,2.9585625006941454,-1.1724818372502928,0.9514225161864113,3.442409947093575,1.7958773093422258,2.81526238556703,3.2175597651749848
3.262668547704816,-0.2881056963826224,0.24366147851198966,-0.17429275473828157,1.719089027995865,-0.6992947604830062,0.020885943765441617,7.25665966951234,-1.6717679438989148,4.804087775692346,1.5419876120587188,-3.3694529241534577,1.2308486939941843,3.7024797848376143,4.015446675327917,7.021571872092783
1.1504494122769673,0.7063076382602264,0.26489489373564723,0.2695065784566109,-3.5694157213171307,4.063041794886191,0.07370371776384577,3.963000039604803,0.4259630191959432,3.8553742020117743,0.35887691793094073,4.53212030284976,-3.640734858505427,1.0217137626198431,3.8063047250360267,12.3182004393364
-6.869670523419044,-2.5261851656235126,-0.003332230959087686,-0.01293763139223058,-3.7206211614037557,-1.3374619025190673,0.05753452900300418,6.760522968857859,1.5364818657962607,3.5082886139452456,0.5872852607123399,9.741848407679239,0.9921748495511713,2.4155022776263455,2.7779110538735994,2.3289666900117107
1.3658014478512734,-0.5431795215966804,0.13357159299155144,0.29522766731927763,-3.7016736981316156,6.488190527532251,0.14264362619817247,4.7121686350737395,-0.26006090318473724,2.585632701527948,0.8116174252647904,5.292932952701425,-4.176237176488775,1.0335362804889054,4.2232625576884795,6.16758295398454
-2.4777558012620235,-3.4590671317530792,-0.5530388251927995,0.33319312376063304,-3.971763138762985,-1.5120060242339972,0.4809607287334894,4.2728663370339195,1.1275628071955093,1.914179752732627,0.77449516051511,3.501755199116344,1.2282761530863737,1.6944667227951191,2.0044754126531377,3.6577310001517955
-7.406366592192401,-0.528629140557411,0.46208291855376854,-0.01220492922809604,-4.700056189952419,6.305354842544067,0.160215554042719,-0.04084264680619046,0.5764400058792286,5.254378024546741,2.1491399236992,4.3572060610395855,-3.629466237297282,1.2223778442763724,2.6719076586347077,-0.055682000007945716
-6.173482820470216,-3.325437063009168,-0.5994497276730834,0.5796859225858161,-4.782137868468786,6.5905518111577255,0.4609305009848901,5.03253352727741,1.5557156604304911,4.706103430622801,1.1182203880064185,3.6893105052584616,-3.2607466991321803,1.15231745330221,2.600801658440381,4.205729906508932
1.421886427382628,0.965232341453433,0.2907976953685282,0.10184980212772855,-0.052146205753087864,-0.6838181537513931,-0.6569256227910514,6.042311004833008,-0.4891808985030896,5.02043944688638,-0.8015258004429443,0.9605457148278745,5.622872472130384,1.156272604477902,4.663207448111848,5.1113449415440355
1.4939695999785323,0.8710889863893393,-0.049861580486098976,0.09203619451805316,4.341734209788342,3.5756246178448214,-0.12316492218275901,4.369164253828426,-0.29704223189114853,4.6036544769884395,-0.9485827182174738,-2.547569062961885,-3.585182079329273,2.6052858907307184,4.609781445329388,7.223413881715387
1.456711070522045,-0.3884663794866452,0.19952853943655877,0.2330657185601695,-4.809916113144408,-1.3176554013291997,0.15944350970288118,3.273144982205703,-1.215520811399445,2.4927703362902007,-0.02201728748530183,-0.15130788443485887,1.1223373442975177,0.37488342460927904,4.06553073263727,6.468238172149908
1.0054915383060776,1.6539292035500985,0.4151182774880438,0.6340967686625664,2.755804308977987,5.885002897721405,0.027344478120406353,3.32960368313392,-3.08804012114446,7.995339546330274,-0.7208884216560976,-6.4331217377313115,-3.196304171969803,1.3579382444633328,3.3802066136884195,3.9993360491703105
1.5526320537154872,-0.22862742849873965,-0.29210431981645535,0.6614250960598386,-0.08774306920605361,-0.8083814287980396,0.263638759046793,2.181881303389247,1.3268353373395905,5.223597487801066,1.0951896696339054,0.2534973844960334,2.4445949552878736,0.6593452722430229,4.441912653759122,7.535194070306917
2.019501797343294,0.8376668123736354,-0.29516652606986354,0.8684756139619272,-7.247126445376623,-0.5749924685023724,0.27157802380155704,4.103131727385024,-0.40200150495643516,8.47393408953608,0.6850619738031334,7.3299981175561735,0.6412242501464982,2.2582118315547706,5.787431819631719,7.78985318530351
-2.824540249473725,-3.38298542788749,-0.6005571659704049,-0.02916232044218686,-0.5089311313026894,-1.3288041850229102,-0.17294144731139138,5.770509425396719,1.492541436395919,3.982188868389776,0.8242843247968702,1.4269578153671076,1.3717010136644043,4.118867574255915,1.6913981529722617,3.8758091414958864
1.3713372919062778,-0.1650059429531297,0.20517623300136348,0.278536487215509,-0.49739616192380603,-1.001313253449897,0.1792131761809193,2.2412895458576583,0.4788238260795674,5.277266388317881,0.13130102885918143,-0.6824779365723955,4.190206829249859,2.5602419568846626,2.966040130898356,5.823910282168538
1.4195228850059214,-1.3371464956675962,0.24741162683566387,0.32086177722488857,-0.4713394148821631,-0.9631542733820774,-0.7806113082493347,5.177550720979769,1.263625486078982,3.3919678174157957,1.2382324794332187,2.673414270669222,5.224654419668017,0.47675574480059224,2.7218720913678407,2.298812510964772
1.5327060268670316,1.5556932438587154,-0.0005304874132075218,0.5924525087339185,5.008880020603537,-1.0910354869266348,-0.17701848886658786,2.0232019844104854,-2.8822158317677684,3.441222492624074,-0.7020511615996555,-5.523606499652066,2.719807031096269,0.9327507878442607,3.163934519889454,3.9326693813204754
1.5653559938184927,-0.11448132426105459,0.17400599397470534,0.22878290984096641,-3.6364257156314945,-1.0763829303582506,0.011700086732705136,4.407626647402841,1.8414430172840757,4.145525209662816,0.345931378291299,3.4399047446449607,6.0117189841109,0.7042739401658376,6.0128561677237355,3.930797566403945
2.325583109560733,-2.123319144929137,-0.2666512302296859,0.32097809627031293,-0.11041126610680228,-1.2438608629604173,0.28527493037531765,6.757456401447456,1.3244836407576996,2.2369739441213516,0.054831090554594945,1.79269565584759,1.134303697855522,2.2820474930014454,5.752026973269257,3.742585711039603
-5.655004637178654,-7.94713993955427,-1.2177623649984597,-0.21979073935225207,-3.594991665151902,-1.3089588699638843,0.3789045908587676,12.012880039932266,5.66041490224749,7.812452512689867,0.2351444077555407,3.5750690212904774,4.895305639617146,-0.09248776141189333,2.645727909200048,-0.08584062702829627
0.8541751061876621,-0.1298454870246348,-0.4430614653825757,-0.04951172131796676,0.5033343233255823,6.013129421253998,-0.016593418046832533,5.392232948962599,0.8933303707738715,5.771354963087864,-0.5086343307780721,0.7074824567561347,-4.134520836873834,1.3053757213552792,4.55481701518471,4.7457922727528485
3.558996911418935,2.2976605232556664,-0.007532669484615498,0.5491088918223975,2.1072678823928195,-0.7183276492183412,-0.026326313878099583,3.4680811446414643,-3.0011296200756137,0.5455719474082195,1.4101087600911661,-1.1110907730882364,2.8789799470839403,2.4139556177705526,5.263851299762724,6.09860996814569
0.7707600949406623,1.2807760759343696,0.6257743954956531,2.4173700280984236,3.8981967161980777,-0.8746008014803129,0.17901138569414587,3.750842549522718,-1.4860603580375509,11.07601069969932,0.7650504160722097,-6.763467604481614,5.2176671926664815,0.28984680835747406,4.608923293396831,2.7665763333936533
